3dc.6f88: \SystemRoot\System32\ntdll.dll:
3dc.6f88:     CreationTime:    2026-04-15T08:55:17.136847900Z
3dc.6f88:     LastWriteTime:   2026-04-15T08:55:17.205708100Z
3dc.6f88:     ChangeTime:      2026-04-16T19:25:28.835746100Z
3dc.6f88:     FileAttributes:  0x20
3dc.6f88:     Size:            0x267be8
3dc.6f88:     NT Headers:      0xe0
3dc.6f88:     Timestamp:       0xf7576e9e
3dc.6f88:     Machine:         0x8664 - amd64
3dc.6f88:     Timestamp:       0xf7576e9e
3dc.6f88:     Image Version:   10.0
3dc.6f88:     SizeOfImage:     0x267000 (2519040)
3dc.6f88:     Resource Dir:    0x1eb000 LB 0x7a1b8
3dc.6f88:     [Version info resource found at 0xd8! (ID/Name: 0x1; SubID/SubName: 0x409)]
3dc.6f88:     [Raw version resource data: 0x1eb0f0 LB 0x380, codepage 0x0 (reserved 0x0)]
3dc.6f88:     ProductName:     Microsoft® Windows® Operating System
3dc.6f88:     ProductVersion:  10.0.26100.8246
3dc.6f88:     FileVersion:     10.0.26100.8246 (WinBuild.160101.0800)
3dc.6f88:     FileDescription: NT Layer DLL
3dc.6f88: \SystemRoot\System32\kernel32.dll:
3dc.6f88:     CreationTime:    2026-04-15T08:55:15.494388500Z
3dc.6f88:     LastWriteTime:   2026-04-15T08:55:15.519387500Z
3dc.6f88:     ChangeTime:      2026-04-16T19:26:18.569518100Z
3dc.6f88:     FileAttributes:  0x20
3dc.6f88:     Size:            0xcc298
3dc.6f88:     NT Headers:      0xf8
3dc.6f88:     Timestamp:       0x7635528f
3dc.6f88:     Machine:         0x8664 - amd64
3dc.6f88:     Timestamp:       0x7635528f
3dc.6f88:     Image Version:   10.0
3dc.6f88:     SizeOfImage:     0xc9000 (823296)
3dc.6f88:     Resource Dir:    0xc7000 LB 0x520
3dc.6f88:     [Version info resource found at 0x90! (ID/Name: 0x1; SubID/SubName: 0x409)]
3dc.6f88:     [Raw version resource data: 0xc70b0 LB 0x3a4, codepage 0x0 (reserved 0x0)]
3dc.6f88:     ProductName:     Microsoft® Windows® Operating System
3dc.6f88:     ProductVersion:  10.0.26100.8246
3dc.6f88:     FileVersion:     10.0.26100.8246 (WinBuild.160101.0800)
3dc.6f88:     FileDescription: Windows NT BASE API Client DLL
3dc.6f88: \SystemRoot\System32\KernelBase.dll:
3dc.6f88:     CreationTime:    2026-04-15T08:55:15.503999200Z
3dc.6f88:     LastWriteTime:   2026-04-15T08:55:15.723734700Z
3dc.6f88:     ChangeTime:      2026-04-16T19:26:18.628595200Z
3dc.6f88:     FileAttributes:  0x20
3dc.6f88:     Size:            0x3f6388
3dc.6f88:     NT Headers:      0x108
3dc.6f88:     Timestamp:       0x208e0cb7
3dc.6f88:     Machine:         0x8664 - amd64
3dc.6f88:     Timestamp:       0x208e0cb7
3dc.6f88:     Image Version:   10.0
3dc.6f88:     SizeOfImage:     0x3f4000 (4145152)
3dc.6f88:     Resource Dir:    0x3ba000 LB 0x548
3dc.6f88:     [Version info resource found at 0x90! (ID/Name: 0x1; SubID/SubName: 0x409)]
3dc.6f88:     [Raw version resource data: 0x3ba0b0 LB 0x3bc, codepage 0x0 (reserved 0x0)]
3dc.6f88:     ProductName:     Microsoft® Windows® Operating System
3dc.6f88:     ProductVersion:  10.0.26100.8246
3dc.6f88:     FileVersion:     10.0.26100.8246 (WinBuild.160101.0800)
3dc.6f88:     FileDescription: Windows NT BASE API Client DLL
3dc.6f88: \SystemRoot\System32\apisetschema.dll:
3dc.6f88:     CreationTime:    2026-04-15T08:55:09.521767400Z
3dc.6f88:     LastWriteTime:   2026-04-15T08:55:09.529796200Z
3dc.6f88:     ChangeTime:      2026-04-16T19:25:18.785071600Z
3dc.6f88:     FileAttributes:  0x20
3dc.6f88:     Size:            0x2f600
3dc.6f88:     NT Headers:      0xd8
3dc.6f88:     Timestamp:       0xfb040896
3dc.6f88:     Machine:         0x8664 - amd64
3dc.6f88:     Timestamp:       0xfb040896
3dc.6f88:     Image Version:   10.0
3dc.6f88:     SizeOfImage:     0x2e000 (188416)
3dc.6f88:     Resource Dir:    0x2d000 LB 0x408
3dc.6f88:     [Version info resource found at 0x48! (ID/Name: 0x1; SubID/SubName: 0x409)]
3dc.6f88:     [Raw version resource data: 0x2d060 LB 0x3a8, codepage 0x0 (reserved 0x0)]
3dc.6f88:     ProductName:     Microsoft® Windows® Operating System
3dc.6f88:     ProductVersion:  10.0.26100.8115
3dc.6f88:     FileVersion:     10.0.26100.8115 (WinBuild.160101.0800)
3dc.6f88:     FileDescription: ApiSet Schema DLL
3dc.6f88: NtOpenDirectoryObject failed on \Driver: 0xc0000022
3dc.6f88: supR3HardenedWinFindAdversaries: 0x0
3dc.6f88: supR3HardenedWinInitAppBin(0x0): '\Device\HarddiskVolume2\Program Files\Oracle\VirtualBox'
3dc.6f88: Calling main()
3dc.6f88: SUPR3HardenedMain: pszProgName=VirtualBoxVM fFlags=0x2
3dc.6f88: supR3HardenedWinInitAppBin(0x2): '\Device\HarddiskVolume2\Program Files\Oracle\VirtualBox'
3dc.6f88: SUPR3HardenedMain: Respawn #1
3dc.6f88: System32:  \Device\HarddiskVolume2\Windows\System32
3dc.6f88: WinSxS:    \Device\HarddiskVolume2\Windows\WinSxS
3dc.6f88: KnownDllPath: C:\WINDOWS\System32
3dc.6f88: supR3HardenedWinInit: Performing a limited self purification...
3dc.6f88: supHardNtVpScanVirtualMemory: enmKind=SELF_PURIFICATION
3dc.6f88:  *0000000000000000-000000007ffdffff 0x0001/0x0000 0x0000000
3dc.6f88:  *000000007ffe0000-000000007ffe0fff 0x0002/0x0002 0x0020000
3dc.6f88:   000000007ffe1000-000000007ffedfff 0x0001/0x0000 0x0000000
3dc.6f88:  *000000007ffee000-000000007ffeefff 0x0002/0x0002 0x0020000
3dc.6f88:   000000007ffef000-0000001cdb9fffff 0x0001/0x0000 0x0000000
3dc.6f88:  *0000001cdba00000-0000001cdbaeefff 0x0000/0x0004 0x0020000
3dc.6f88:   0000001cdbaef000-0000001cdbaf1fff 0x0004/0x0004 0x0020000
3dc.6f88:   0000001cdbaf2000-0000001cdbbfffff 0x0000/0x0004 0x0020000
3dc.6f88:  *0000001cdbc00000-0000001cdbcb8fff 0x0000/0x0004 0x0020000
3dc.6f88:   0000001cdbcb9000-0000001cdbcbbfff 0x0104/0x0004 0x0020000
3dc.6f88:   0000001cdbcbc000-0000001cdbcfffff 0x0004/0x0004 0x0020000
3dc.6f88:   0000001cdbd00000-00000163884cffff 0x0001/0x0000 0x0000000
3dc.6f88:  *00000163884d0000-00000163884d0fff 0x0004/0x0004 0x0040000
3dc.6f88:   00000163884d1000-00000163884d1fff 0x0000/0x0004 0x0040000
3dc.6f88:   00000163884d2000-00000163884dffff 0x0001/0x0000 0x0000000
3dc.6f88:  *00000163884e0000-00000163884effff 0x0004/0x0004 0x0040000
3dc.6f88:  *00000163884f0000-0000016388519fff 0x0002/0x0002 0x0040000
3dc.6f88:   000001638851a000-000001638851ffff 0x0001/0x0000 0x0000000
3dc.6f88:  *0000016388520000-0000016388523fff 0x0002/0x0002 0x0040000
3dc.6f88:   0000016388524000-000001638852ffff 0x0001/0x0000 0x0000000
3dc.6f88:  *0000016388530000-0000016388530fff 0x0002/0x0002 0x0040000
3dc.6f88:   0000016388531000-000001638853ffff 0x0001/0x0000 0x0000000
3dc.6f88:  *0000016388540000-0000016388541fff 0x0004/0x0004 0x0020000
3dc.6f88:   0000016388542000-000001638854ffff 0x0001/0x0000 0x0000000
3dc.6f88:  *0000016388550000-0000016388552fff 0x0002/0x0002 0x0040000
3dc.6f88:   0000016388553000-000001638855ffff 0x0001/0x0000 0x0000000
3dc.6f88:  *0000016388560000-0000016388568fff 0x0002/0x0002 0x0040000
3dc.6f88:   0000016388569000-000001638856ffff 0x0001/0x0000 0x0000000
3dc.6f88:  *0000016388570000-0000016388578fff 0x0002/0x0002 0x0040000
3dc.6f88:   0000016388579000-000001638857ffff 0x0001/0x0000 0x0000000
3dc.6f88:  *0000016388580000-0000016388583fff 0x0002/0x0002 0x0040000
3dc.6f88:   0000016388584000-000001638858ffff 0x0001/0x0000 0x0000000
3dc.6f88:  *0000016388590000-0000016388594fff 0x0002/0x0002 0x0040000
3dc.6f88:   0000016388595000-000001638859ffff 0x0001/0x0000 0x0000000
3dc.6f88:  *00000163885a0000-00000163885a2fff 0x0002/0x0002 0x0040000
3dc.6f88:   00000163885a3000-00000163885affff 0x0001/0x0000 0x0000000
3dc.6f88:  *00000163885b0000-0000016388682fff 0x0002/0x0002 0x0040000
3dc.6f88:   0000016388683000-0000016388ffffff 0x0001/0x0000 0x0000000
3dc.6f88:  *0000016389000000-0000016389001fff 0x0004/0x0004 0x0020000
3dc.6f88:   0000016389002000-00000163890fffff 0x0000/0x0004 0x0020000
3dc.6f88:   0000016389100000-0000016389108fff 0x0004/0x0004 0x0020000
3dc.6f88:   0000016389109000-0000016389112fff 0x0000/0x0004 0x0020000
3dc.6f88:   0000016389113000-0000016389113fff 0x0004/0x0004 0x0020000
3dc.6f88:   0000016389114000-00000163891fffff 0x0000/0x0004 0x0020000
3dc.6f88:   0000016389200000-0000016389200fff 0x0004/0x0004 0x0020000
3dc.6f88:   0000016389201000-00000163892fffff 0x0000/0x0004 0x0020000
3dc.6f88:   0000016389300000-0000016389302fff 0x0004/0x0004 0x0020000
3dc.6f88:   0000016389303000-00000163893fffff 0x0000/0x0004 0x0020000
3dc.6f88:   0000016389400000-0000016389401fff 0x0004/0x0004 0x0020000
3dc.6f88:   0000016389402000-00000163894fffff 0x0000/0x0004 0x0020000
3dc.6f88:   0000016389500000-0000016389511fff 0x0004/0x0004 0x0020000
3dc.6f88:   0000016389512000-0000016389512fff 0x0000/0x0004 0x0020000
3dc.6f88:   0000016389513000-000001638952dfff 0x0004/0x0004 0x0020000
3dc.6f88:   000001638952e000-000001638952efff 0x0000/0x0004 0x0020000
3dc.6f88:   000001638952f000-000001638953efff 0x0004/0x0004 0x0020000
3dc.6f88:   000001638953f000-0000016389547fff 0x0000/0x0004 0x0020000
3dc.6f88:   0000016389548000-0000016389548fff 0x0004/0x0004 0x0020000
3dc.6f88:   0000016389549000-0000016389ffffff 0x0000/0x0004 0x0020000
3dc.6f88:  *000001638a000000-000001638a001fff 0x0004/0x0004 0x0020000
3dc.6f88:   000001638a002000-000001638a00ffff 0x0000/0x0004 0x0020000
3dc.6f88:   000001638a010000-000001638a276fff 0x0004/0x0004 0x0020000
3dc.6f88:   000001638a277000-000001638affffff 0x0000/0x0004 0x0020000
3dc.6f88:   000001638b000000-00007df40638ffff 0x0001/0x0000 0x0000000
3dc.6f88:  *00007df406390000-00007df409000fff 0x0000/0x0004 0x0020000
3dc.6f88:   00007df409001000-00007df409001fff 0x0004/0x0004 0x0020000
3dc.6f88:   00007df409002000-00007df50638ffff 0x0000/0x0004 0x0020000
3dc.6f88:   00007df506390000-00007df506390fff 0x0004/0x0004 0x0020000
3dc.6f88:   00007df506391000-00007df5063affff 0x0000/0x0004 0x0020000
3dc.6f88:  *00007df5063b0000-00007df507a97fff 0x0000/0x0001 0x0040000
3dc.6f88:   00007df507a98000-00007df507b74fff 0x0001/0x0001 0x0040000
3dc.6f88:   00007df507b75000-00007df5081a6fff 0x0000/0x0001 0x0040000
3dc.6f88:   00007df5081a7000-00007df5081a7fff 0x0001/0x0001 0x0040000
3dc.6f88:   00007df5081a8000-00007ff4e4a32fff 0x0000/0x0001 0x0040000
3dc.6f88:   00007ff4e4a33000-00007ff4e4a37fff 0x0002/0x0001 0x0040000
3dc.6f88:   00007ff4e4a38000-00007ff4fe5fcfff 0x0000/0x0001 0x0040000
3dc.6f88:   00007ff4fe5fd000-00007ff502894fff 0x0001/0x0001 0x0040000
3dc.6f88:   00007ff502895000-00007ff5028a5fff 0x0002/0x0001 0x0040000
3dc.6f88:   00007ff5028a6000-00007ff502939fff 0x0001/0x0001 0x0040000
3dc.6f88:   00007ff50293a000-00007ff50293dfff 0x0002/0x0001 0x0040000
3dc.6f88:   00007ff50293e000-00007ff502971fff 0x0001/0x0001 0x0040000
3dc.6f88:   00007ff502972000-00007ff50297bfff 0x0002/0x0001 0x0040000
3dc.6f88:   00007ff50297c000-00007ff5063affff 0x0000/0x0001 0x0040000
3dc.6f88:   00007ff5063b0000-00007ff56cf1ffff 0x0001/0x0000 0x0000000
3dc.6f88:  *00007ff56cf20000-00007ff56cf24fff 0x0002/0x0002 0x0040000
3dc.6f88:   00007ff56cf25000-00007ff56d01ffff 0x0000/0x0002 0x0040000
3dc.6f88:  *00007ff56d020000-00007ff56d077fff 0x0000/0x0004 0x0020000
3dc.6f88:   00007ff56d078000-00007ff56d078fff 0x0004/0x0004 0x0020000
3dc.6f88:   00007ff56d079000-00007ff56f01ffff 0x0000/0x0004 0x0020000
3dc.6f88:   00007ff56f020000-00007ff56f020fff 0x0004/0x0004 0x0020000
3dc.6f88:   00007ff56f021000-00007ff56f02ffff 0x0001/0x0000 0x0000000
3dc.6f88:  *00007ff56f030000-00007ff56f030fff 0x0002/0x0002 0x0040000
3dc.6f88:   00007ff56f031000-00007ff79a0cffff 0x0001/0x0000 0x0000000
3dc.6f88:  *00007ff79a0d0000-00007ff79a0d0fff 0x0002/0x0080 0x1000000  \Device\HarddiskVolume2\Program Files\Oracle\VirtualBox\VirtualBoxVM.exe
3dc.6f88:   00007ff79a0d1000-00007ff79a13bfff 0x0020/0x0080 0x1000000  \Device\HarddiskVolume2\Program Files\Oracle\VirtualBox\VirtualBoxVM.exe
3dc.6f88:   00007ff79a13c000-00007ff79a13cfff 0x0080/0x0080 0x1000000  \Device\HarddiskVolume2\Program Files\Oracle\VirtualBox\VirtualBoxVM.exe
3dc.6f88:   00007ff79a13d000-00007ff79a191fff 0x0002/0x0080 0x1000000  \Device\HarddiskVolume2\Program Files\Oracle\VirtualBox\VirtualBoxVM.exe
3dc.6f88:   00007ff79a192000-00007ff79a194fff 0x0004/0x0080 0x1000000  \Device\HarddiskVolume2\Program Files\Oracle\VirtualBox\VirtualBoxVM.exe
3dc.6f88:   00007ff79a195000-00007ff79a198fff 0x0008/0x0080 0x1000000  \Device\HarddiskVolume2\Program Files\Oracle\VirtualBox\VirtualBoxVM.exe
3dc.6f88:   00007ff79a199000-00007ff79a19dfff 0x0004/0x0080 0x1000000  \Device\HarddiskVolume2\Program Files\Oracle\VirtualBox\VirtualBoxVM.exe
3dc.6f88:   00007ff79a19e000-00007ff79a19efff 0x0008/0x0080 0x1000000  \Device\HarddiskVolume2\Program Files\Oracle\VirtualBox\VirtualBoxVM.exe
3dc.6f88:   00007ff79a19f000-00007ff79a1d9fff 0x0002/0x0080 0x1000000  \Device\HarddiskVolume2\Program Files\Oracle\VirtualBox\VirtualBoxVM.exe
3dc.6f88:   00007ff79a1da000-00007fff1394ffff 0x0001/0x0000 0x0000000
3dc.6f88:  *00007fff13950000-00007fff13950fff 0x0002/0x0080 0x1000000  \Device\HarddiskVolume2\Windows\System32\KernelBase.dll
3dc.6f88:   00007fff13951000-00007fff13af5fff 0x0020/0x0080 0x1000000  \Device\HarddiskVolume2\Windows\System32\KernelBase.dll
3dc.6f88:   00007fff13af6000-00007fff13ceafff 0x0002/0x0080 0x1000000  \Device\HarddiskVolume2\Windows\System32\KernelBase.dll
3dc.6f88:   00007fff13ceb000-00007fff13ceefff 0x0004/0x0080 0x1000000  \Device\HarddiskVolume2\Windows\System32\KernelBase.dll
3dc.6f88:   00007fff13cef000-00007fff13ceffff 0x0008/0x0080 0x1000000  \Device\HarddiskVolume2\Windows\System32\KernelBase.dll
3dc.6f88:   00007fff13cf0000-00007fff13cf3fff 0x0004/0x0080 0x1000000  \Device\HarddiskVolume2\Windows\System32\KernelBase.dll
3dc.6f88:   00007fff13cf4000-00007fff13cf5fff 0x0008/0x0080 0x1000000  \Device\HarddiskVolume2\Windows\System32\KernelBase.dll
3dc.6f88:   00007fff13cf6000-00007fff13d43fff 0x0002/0x0080 0x1000000  \Device\HarddiskVolume2\Windows\System32\KernelBase.dll
3dc.6f88:   00007fff13d44000-00007fff1628ffff 0x0001/0x0000 0x0000000
3dc.6f88:  *00007fff16290000-00007fff16290fff 0x0002/0x0080 0x1000000  \Device\HarddiskVolume2\Windows\System32\kernel32.dll
3dc.6f88:   00007fff16291000-00007fff16316fff 0x0020/0x0080 0x1000000  \Device\HarddiskVolume2\Windows\System32\kernel32.dll
3dc.6f88:   00007fff16317000-00007fff1634efff 0x0002/0x0080 0x1000000  \Device\HarddiskVolume2\Windows\System32\kernel32.dll
3dc.6f88:   00007fff1634f000-00007fff16350fff 0x0004/0x0080 0x1000000  \Device\HarddiskVolume2\Windows\System32\kernel32.dll
3dc.6f88:   00007fff16351000-00007fff16358fff 0x0002/0x0080 0x1000000  \Device\HarddiskVolume2\Windows\System32\kernel32.dll
3dc.6f88:   00007fff16359000-00007fff1707ffff 0x0001/0x0000 0x0000000
3dc.6f88:  *00007fff17080000-00007fff17080fff 0x0002/0x0080 0x1000000  \Device\HarddiskVolume2\Windows\System32\ntdll.dll
3dc.6f88:   00007fff17081000-00007fff171f2fff 0x0020/0x0080 0x1000000  \Device\HarddiskVolume2\Windows\System32\ntdll.dll
3dc.6f88:   00007fff171f3000-00007fff1724bfff 0x0002/0x0080 0x1000000  \Device\HarddiskVolume2\Windows\System32\ntdll.dll
3dc.6f88:   00007fff1724c000-00007fff17254fff 0x0004/0x0080 0x1000000  \Device\HarddiskVolume2\Windows\System32\ntdll.dll
3dc.6f88:   00007fff17255000-00007fff172e6fff 0x0002/0x0080 0x1000000  \Device\HarddiskVolume2\Windows\System32\ntdll.dll
3dc.6f88:   00007fff172e7000-00007ffffffeffff 0x0001/0x0000 0x0000000
3dc.6f88: kernel32.dll: timestamp 0x7635528f (rc=VINF_SUCCESS)
3dc.6f88: kernelbase.dll: timestamp 0x208e0cb7 (rc=VINF_SUCCESS)
3dc.6f88: VirtualBoxVM.exe: timestamp 0x68f21b4f (rc=VINF_SUCCESS)
3dc.6f88: '\Device\HarddiskVolume2\Program Files\Oracle\VirtualBox\VirtualBoxVM.exe' has no imports
3dc.6f88: VirtualBoxVM.exe: Differences in section #7 (.00cfg) between file and memory:
3dc.6f88:   00007ff79a1a6000 / 0x00d6000: 50 != f0
3dc.6f88:   00007ff79a1a6001 / 0x00d6001: e9 != 14
3dc.6f88:   00007ff79a1a6002 / 0x00d6002: 0e != 1a
3dc.6f88:   00007ff79a1a6003 / 0x00d6003: 9a != 17
3dc.6f88:   00007ff79a1a6004 / 0x00d6004: f7 != ff
3dc.6f88:   00007ff79a1a6008 / 0x00d6008: 50 != f0
3dc.6f88:   00007ff79a1a6009 / 0x00d6009: e9 != 14
3dc.6f88:   00007ff79a1a600a / 0x00d600a: 0e != 1a
3dc.6f88:   00007ff79a1a600b / 0x00d600b: 9a != 17
3dc.6f88:   00007ff79a1a600c / 0x00d600c: f7 != ff
3dc.6f88:   00007ff79a1a6010 / 0x00d6010: a0 != 90
3dc.6f88:   00007ff79a1a6011 / 0x00d6011: bc != 15
3dc.6f88:   00007ff79a1a6012 / 0x00d6012: 13 != 1a
3dc.6f88:   00007ff79a1a6013 / 0x00d6013: 9a != 17
3dc.6f88:   00007ff79a1a6014 / 0x00d6014: f7 != ff
3dc.6f88:   00007ff79a1a6018 / 0x00d6018: c0 != 90
3dc.6f88:   00007ff79a1a6019 / 0x00d6019: bc != 15
3dc.6f88:   00007ff79a1a601a / 0x00d601a: 13 != 1a
3dc.6f88:   00007ff79a1a601b / 0x00d601b: 9a != 17
3dc.6f88:   00007ff79a1a601c / 0x00d601c: f7 != ff
3dc.6f88:   00007ff79a1a6020 / 0x00d6020: c0 != 90
3dc.6f88:   00007ff79a1a6021 / 0x00d6021: bc != 15
3dc.6f88:   00007ff79a1a6022 / 0x00d6022: 13 != 1a
3dc.6f88:   00007ff79a1a6023 / 0x00d6023: 9a != 17
3dc.6f88:   00007ff79a1a6024 / 0x00d6024: f7 != ff
3dc.6f88:   Restored 0x30 bytes of original file content at 00007ff79a1a6000
3dc.6f88: VirtualBoxVM.exe: Differences in section #8 (.rsrc) between file and memory:
3dc.6f88:   00007ff79a1d7b70 / 0x0107b70: 00 != 50
3dc.6f88:   00007ff79a1d7b71 / 0x0107b71: 00 != 41
3dc.6f88:   00007ff79a1d7b72 / 0x0107b72: 00 != 44
3dc.6f88:   00007ff79a1d7b73 / 0x0107b73: 00 != 44
3dc.6f88:   00007ff79a1d7b74 / 0x0107b74: 00 != 49
3dc.6f88:   00007ff79a1d7b75 / 0x0107b75: 00 != 4e
3dc.6f88:   00007ff79a1d7b76 / 0x0107b76: 00 != 47
3dc.6f88:   00007ff79a1d7b77 / 0x0107b77: 00 != 58
3dc.6f88:   00007ff79a1d7b78 / 0x0107b78: 00 != 58
3dc.6f88:   00007ff79a1d7b79 / 0x0107b79: 00 != 50
3dc.6f88:   00007ff79a1d7b7a / 0x0107b7a: 00 != 41
3dc.6f88:   00007ff79a1d7b7b / 0x0107b7b: 00 != 44
3dc.6f88:   00007ff79a1d7b7c / 0x0107b7c: 00 != 44
3dc.6f88:   00007ff79a1d7b7d / 0x0107b7d: 00 != 49
3dc.6f88:   00007ff79a1d7b7e / 0x0107b7e: 00 != 4e
3dc.6f88:   00007ff79a1d7b7f / 0x0107b7f: 00 != 47
3dc.6f88:   00007ff79a1d7b80 / 0x0107b80: 00 != 50
3dc.6f88:   00007ff79a1d7b81 / 0x0107b81: 00 != 41
3dc.6f88:   00007ff79a1d7b82 / 0x0107b82: 00 != 44
3dc.6f88:   00007ff79a1d7b83 / 0x0107b83: 00 != 44
3dc.6f88:   00007ff79a1d7b84 / 0x0107b84: 00 != 49
3dc.6f88:   00007ff79a1d7b85 / 0x0107b85: 00 != 4e
3dc.6f88:   00007ff79a1d7b86 / 0x0107b86: 00 != 47
3dc.6f88:   00007ff79a1d7b87 / 0x0107b87: 00 != 58
3dc.6f88:   00007ff79a1d7b88 / 0x0107b88: 00 != 58
3dc.6f88:   00007ff79a1d7b89 / 0x0107b89: 00 != 50
3dc.6f88:   00007ff79a1d7b8a / 0x0107b8a: 00 != 41
3dc.6f88:   00007ff79a1d7b8b / 0x0107b8b: 00 != 44
3dc.6f88:   00007ff79a1d7b8c / 0x0107b8c: 00 != 44
3dc.6f88:   00007ff79a1d7b8d / 0x0107b8d: 00 != 49
3dc.6f88:   00007ff79a1d7b8e / 0x0107b8e: 00 != 4e
3dc.6f88:   00007ff79a1d7b8f / 0x0107b8f: 00 != 47
3dc.6f88:   00007ff79a1d7b90 / 0x0107b90: 00 != 50
3dc.6f88:   00007ff79a1d7b91 / 0x0107b91: 00 != 41
3dc.6f88:   00007ff79a1d7b92 / 0x0107b92: 00 != 44
3dc.6f88:   00007ff79a1d7b93 / 0x0107b93: 00 != 44
3dc.6f88:   00007ff79a1d7b94 / 0x0107b94: 00 != 49
3dc.6f88:   00007ff79a1d7b95 / 0x0107b95: 00 != 4e
3dc.6f88:   00007ff79a1d7b96 / 0x0107b96: 00 != 47
3dc.6f88:   00007ff79a1d7b97 / 0x0107b97: 00 != 58
3dc.6f88:   00007ff79a1d7b98 / 0x0107b98: 00 != 58
3dc.6f88:   00007ff79a1d7b99 / 0x0107b99: 00 != 50
3dc.6f88:   00007ff79a1d7b9a / 0x0107b9a: 00 != 41
3dc.6f88:   00007ff79a1d7b9b / 0x0107b9b: 00 != 44
3dc.6f88:   00007ff79a1d7b9c / 0x0107b9c: 00 != 44
3dc.6f88:   00007ff79a1d7b9d / 0x0107b9d: 00 != 49
3dc.6f88:   00007ff79a1d7b9e / 0x0107b9e: 00 != 4e
3dc.6f88:   00007ff79a1d7b9f / 0x0107b9f: 00 != 47
3dc.6f88:   00007ff79a1d7ba0 / 0x0107ba0: 00 != 50
3dc.6f88:   00007ff79a1d7ba1 / 0x0107ba1: 00 != 41
3dc.6f88:   00007ff79a1d7ba2 / 0x0107ba2: 00 != 44
3dc.6f88:   00007ff79a1d7ba3 / 0x0107ba3: 00 != 44
3dc.6f88:   00007ff79a1d7ba4 / 0x0107ba4: 00 != 49
3dc.6f88:   00007ff79a1d7ba5 / 0x0107ba5: 00 != 4e
3dc.6f88:   00007ff79a1d7ba6 / 0x0107ba6: 00 != 47
3dc.6f88:   00007ff79a1d7ba7 / 0x0107ba7: 00 != 58
3dc.6f88:   00007ff79a1d7ba8 / 0x0107ba8: 00 != 58
3dc.6f88:   00007ff79a1d7ba9 / 0x0107ba9: 00 != 50
3dc.6f88:   00007ff79a1d7baa / 0x0107baa: 00 != 41
3dc.6f88:   00007ff79a1d7bab / 0x0107bab: 00 != 44
3dc.6f88:   00007ff79a1d7bac / 0x0107bac: 00 != 44
3dc.6f88:   00007ff79a1d7bad / 0x0107bad: 00 != 49
3dc.6f88:   00007ff79a1d7bae / 0x0107bae: 00 != 4e
3dc.6f88:   00007ff79a1d7baf / 0x0107baf: 00 != 47
3dc.6f88:   00007ff79a1d7bb0 / 0x0107bb0: 00 != 50
3dc.6f88:   00007ff79a1d7bb1 / 0x0107bb1: 00 != 41
3dc.6f88:   00007ff79a1d7bb2 / 0x0107bb2: 00 != 44
3dc.6f88:   00007ff79a1d7bb3 / 0x0107bb3: 00 != 44
3dc.6f88:   00007ff79a1d7bb4 / 0x0107bb4: 00 != 49
3dc.6f88:   00007ff79a1d7bb5 / 0x0107bb5: 00 != 4e
3dc.6f88:   00007ff79a1d7bb6 / 0x0107bb6: 00 != 47
3dc.6f88:   00007ff79a1d7bb7 / 0x0107bb7: 00 != 58
3dc.6f88:   00007ff79a1d7bb8 / 0x0107bb8: 00 != 58
3dc.6f88:   00007ff79a1d7bb9 / 0x0107bb9: 00 != 50
3dc.6f88:   00007ff79a1d7bba / 0x0107bba: 00 != 41
3dc.6f88:   00007ff79a1d7bbb / 0x0107bbb: 00 != 44
3dc.6f88:   00007ff79a1d7bbc / 0x0107bbc: 00 != 44
3dc.6f88:   00007ff79a1d7bbd / 0x0107bbd: 00 != 49
3dc.6f88:   00007ff79a1d7bbe / 0x0107bbe: 00 != 4e
3dc.6f88:   00007ff79a1d7bbf / 0x0107bbf: 00 != 47
3dc.6f88:   00007ff79a1d7bc0 / 0x0107bc0: 00 != 50
3dc.6f88:   00007ff79a1d7bc1 / 0x0107bc1: 00 != 41
3dc.6f88:   00007ff79a1d7bc2 / 0x0107bc2: 00 != 44
3dc.6f88:   00007ff79a1d7bc3 / 0x0107bc3: 00 != 44
3dc.6f88:   00007ff79a1d7bc4 / 0x0107bc4: 00 != 49
3dc.6f88:   00007ff79a1d7bc5 / 0x0107bc5: 00 != 4e
3dc.6f88:   00007ff79a1d7bc6 / 0x0107bc6: 00 != 47
3dc.6f88:   00007ff79a1d7bc7 / 0x0107bc7: 00 != 58
3dc.6f88:   00007ff79a1d7bc8 / 0x0107bc8: 00 != 58
3dc.6f88:   00007ff79a1d7bc9 / 0x0107bc9: 00 != 50
3dc.6f88:   00007ff79a1d7bca / 0x0107bca: 00 != 41
3dc.6f88:   00007ff79a1d7bcb / 0x0107bcb: 00 != 44
3dc.6f88:   00007ff79a1d7bcc / 0x0107bcc: 00 != 44
3dc.6f88:   00007ff79a1d7bcd / 0x0107bcd: 00 != 49
3dc.6f88:   00007ff79a1d7bce / 0x0107bce: 00 != 4e
3dc.6f88:   00007ff79a1d7bcf / 0x0107bcf: 00 != 47
3dc.6f88:   00007ff79a1d7bd0 / 0x0107bd0: 00 != 50
3dc.6f88:   00007ff79a1d7bd1 / 0x0107bd1: 00 != 41
3dc.6f88:   00007ff79a1d7bd2 / 0x0107bd2: 00 != 44
3dc.6f88:   00007ff79a1d7bd3 / 0x0107bd3: 00 != 44
3dc.6f88:   00007ff79a1d7bd4 / 0x0107bd4: 00 != 49
3dc.6f88:   00007ff79a1d7bd5 / 0x0107bd5: 00 != 4e
3dc.6f88:   00007ff79a1d7bd6 / 0x0107bd6: 00 != 47
3dc.6f88:   00007ff79a1d7bd7 / 0x0107bd7: 00 != 58
3dc.6f88:   00007ff79a1d7bd8 / 0x0107bd8: 00 != 58
3dc.6f88:   00007ff79a1d7bd9 / 0x0107bd9: 00 != 50
3dc.6f88:   00007ff79a1d7bda / 0x0107bda: 00 != 41
3dc.6f88:   00007ff79a1d7bdb / 0x0107bdb: 00 != 44
3dc.6f88:   00007ff79a1d7bdc / 0x0107bdc: 00 != 44
3dc.6f88:   00007ff79a1d7bdd / 0x0107bdd: 00 != 49
3dc.6f88:   00007ff79a1d7bde / 0x0107bde: 00 != 4e
3dc.6f88:   00007ff79a1d7bdf / 0x0107bdf: 00 != 47
3dc.6f88:   00007ff79a1d7be0 / 0x0107be0: 00 != 50
3dc.6f88:   00007ff79a1d7be1 / 0x0107be1: 00 != 41
3dc.6f88:   00007ff79a1d7be2 / 0x0107be2: 00 != 44
3dc.6f88:   00007ff79a1d7be3 / 0x0107be3: 00 != 44
3dc.6f88:   00007ff79a1d7be4 / 0x0107be4: 00 != 49
3dc.6f88:   00007ff79a1d7be5 / 0x0107be5: 00 != 4e
3dc.6f88:   00007ff79a1d7be6 / 0x0107be6: 00 != 47
3dc.6f88:   00007ff79a1d7be7 / 0x0107be7: 00 != 58
3dc.6f88:   00007ff79a1d7be8 / 0x0107be8: 00 != 58
3dc.6f88:   00007ff79a1d7be9 / 0x0107be9: 00 != 50
3dc.6f88:   00007ff79a1d7bea / 0x0107bea: 00 != 41
3dc.6f88:   00007ff79a1d7beb / 0x0107beb: 00 != 44
3dc.6f88:   00007ff79a1d7bec / 0x0107bec: 00 != 44
3dc.6f88:   00007ff79a1d7bed / 0x0107bed: 00 != 49
3dc.6f88:   00007ff79a1d7bee / 0x0107bee: 00 != 4e
3dc.6f88:   00007ff79a1d7bef / 0x0107bef: 00 != 47
3dc.6f88:   00007ff79a1d7bf0 / 0x0107bf0: 00 != 50
3dc.6f88:   00007ff79a1d7bf1 / 0x0107bf1: 00 != 41
3dc.6f88:   00007ff79a1d7bf2 / 0x0107bf2: 00 != 44
3dc.6f88:   00007ff79a1d7bf3 / 0x0107bf3: 00 != 44
3dc.6f88:   00007ff79a1d7bf4 / 0x0107bf4: 00 != 49
3dc.6f88:   00007ff79a1d7bf5 / 0x0107bf5: 00 != 4e
3dc.6f88:   00007ff79a1d7bf6 / 0x0107bf6: 00 != 47
3dc.6f88:   00007ff79a1d7bf7 / 0x0107bf7: 00 != 58
3dc.6f88:   00007ff79a1d7bf8 / 0x0107bf8: 00 != 58
3dc.6f88:   00007ff79a1d7bf9 / 0x0107bf9: 00 != 50
3dc.6f88:   00007ff79a1d7bfa / 0x0107bfa: 00 != 41
3dc.6f88:   00007ff79a1d7bfb / 0x0107bfb: 00 != 44
3dc.6f88:   00007ff79a1d7bfc / 0x0107bfc: 00 != 44
3dc.6f88:   00007ff79a1d7bfd / 0x0107bfd: 00 != 49
3dc.6f88:   00007ff79a1d7bfe / 0x0107bfe: 00 != 4e
3dc.6f88:   00007ff79a1d7bff / 0x0107bff: 00 != 47
3dc.6f88:   Restored 0x490 bytes of original file content at 00007ff79a1d7b70
3dc.6f88: '\Device\HarddiskVolume2\Windows\System32\ntdll.dll' has no imports
3dc.6f88: ntdll.dll: Differences in section #12 (.00cfg) between file and memory:
3dc.6f88:   00007fff17266000 / 0x01e6000: c0 != 90
3dc.6f88:   00007fff17266001 / 0x01e6001: 71 != 15
3dc.6f88:   00007fff17266002 / 0x01e6002: 1e != 1a
3dc.6f88:   00007fff17266008 / 0x01e6008: 50 != f0
3dc.6f88:   00007fff17266009 / 0x01e6009: c2 != 14
3dc.6f88:   00007fff1726600a / 0x01e600a: 17 != 1a
3dc.6f88:   00007fff17266010 / 0x01e6010: f0 != 90
3dc.6f88:   00007fff17266011 / 0x01e6011: 71 != 15
3dc.6f88:   00007fff17266012 / 0x01e6012: 1e != 1a
3dc.6f88:   00007fff17266018 / 0x01e6018: f0 != 90
3dc.6f88:   00007fff17266019 / 0x01e6019: 71 != 15
3dc.6f88:   00007fff1726601a / 0x01e601a: 1e != 1a
3dc.6f88:   Restored 0x28 bytes of original file content at 00007fff17266000
3dc.6f88: kernel32.dll: Differences in section #3 (.rdata) between file and memory:
3dc.6f88:   00007fff1631bb60 / 0x008bb60: d0 != f0
3dc.6f88:   00007fff1631bb61 / 0x008bb61: 85 != 14
3dc.6f88:   00007fff1631bb62 / 0x008bb62: 2e != 1a
3dc.6f88:   00007fff1631bb63 / 0x008bb63: 16 != 17
3dc.6f88:   00007fff1631bb68 / 0x008bb68: a0 != 90
3dc.6f88:   00007fff1631bb69 / 0x008bb69: 43 != 15
3dc.6f88:   00007fff1631bb6a / 0x008bb6a: 31 != 1a
3dc.6f88:   00007fff1631bb6b / 0x008bb6b: 16 != 17
3dc.6f88:   00007fff1631bb70 / 0x008bb70: d0 != f0
3dc.6f88:   00007fff1631bb71 / 0x008bb71: 85 != 14
3dc.6f88:   00007fff1631bb72 / 0x008bb72: 2e != 1a
3dc.6f88:   00007fff1631bb73 / 0x008bb73: 16 != 17
3dc.6f88:   00007fff1631bb78 / 0x008bb78: d0 != 90
3dc.6f88:   00007fff1631bb79 / 0x008bb79: 43 != 15
3dc.6f88:   00007fff1631bb7a / 0x008bb7a: 31 != 1a
3dc.6f88:   00007fff1631bb7b / 0x008bb7b: 16 != 17
3dc.6f88:   00007fff1631bb80 / 0x008bb80: d0 != 90
3dc.6f88:   00007fff1631bb81 / 0x008bb81: 43 != 15
3dc.6f88:   00007fff1631bb82 / 0x008bb82: 31 != 1a
3dc.6f88:   00007fff1631bb83 / 0x008bb83: 16 != 17
3dc.6f88:   Restored 0x2000 bytes of original file content at 00007fff1631b000
3dc.6f88: kernelbase.dll: Differences in section #3 (.rdata) between file and memory:
3dc.6f88:   00007fff13be3fa0 / 0x0293fa0: 60 != f0
3dc.6f88:   00007fff13be3fa1 / 0x0293fa1: 56 != 14
3dc.6f88:   00007fff13be3fa2 / 0x0293fa2: a7 != 1a
3dc.6f88:   00007fff13be3fa3 / 0x0293fa3: 13 != 17
3dc.6f88:   00007fff13be3fa8 / 0x0293fa8: f0 != 90
3dc.6f88:   00007fff13be3fa9 / 0x0293fa9: 2e != 15
3dc.6f88:   00007fff13be3faa / 0x0293faa: ae != 1a
3dc.6f88:   00007fff13be3fab / 0x0293fab: 13 != 17
3dc.6f88:   00007fff13be3fb0 / 0x0293fb0: 60 != f0
3dc.6f88:   00007fff13be3fb1 / 0x0293fb1: 56 != 14
3dc.6f88:   00007fff13be3fb2 / 0x0293fb2: a7 != 1a
3dc.6f88:   00007fff13be3fb3 / 0x0293fb3: 13 != 17
3dc.6f88:   00007fff13be3fb8 / 0x0293fb8: 20 != 90
3dc.6f88:   00007fff13be3fb9 / 0x0293fb9: 2f != 15
3dc.6f88:   00007fff13be3fba / 0x0293fba: ae != 1a
3dc.6f88:   00007fff13be3fbb / 0x0293fbb: 13 != 17
3dc.6f88:   00007fff13be3fc0 / 0x0293fc0: 20 != 90
3dc.6f88:   00007fff13be3fc1 / 0x0293fc1: 2f != 15
3dc.6f88:   00007fff13be3fc2 / 0x0293fc2: ae != 1a
3dc.6f88:   00007fff13be3fc3 / 0x0293fc3: 13 != 17
3dc.6f88:   Restored 0x2000 bytes of original file content at 00007fff13be2000
3dc.6f88: supHardNtVpCheckHandles:
3dc.6f88: supHardNtVpCheckHandles: Marked Mutant handle non-inheritable: 00000000000018ec
3dc.6f88: supR3HardenedWinInit: SUPHARDNTVPKIND_SELF_PURIFICATION_LIMITED -> VINF_SUCCESS, cFixes=6
3dc.6f88: '\Device\HarddiskVolume2\Program Files\Oracle\VirtualBox\VirtualBoxVM.exe' has no imports
3dc.6f88: supHardenedWinVerifyImageByHandle: -> 0 (\Device\HarddiskVolume2\Program Files\Oracle\VirtualBox\VirtualBoxVM.exe)
3dc.6f88: supR3HardNtEnableThreadCreationEx:
3dc.6f88: supR3HardNtDisableThreadCreation: pvLdrInitThunk=00007fff1716b070 pvNtTerminateThread=00007fff171e2550 g_LdrInitThunkSelfBackup.cb=10
3dc.6f88: supR3HardenedWinDoReSpawn(1): New child 1b54.2948 [kernel32].
3dc.6f88: supR3HardNtChildGatherData: PebBaseAddress=0000007971538000 cbPeb=0x388
3dc.6f88: supR3HardNtPuChFindNtdll: uNtDllParentAddr=00007fff17080000 uNtDllChildAddr=00007fff17080000
3dc.6f88: supR3HardenedWinSetupChildInit: uLdrInitThunk=00007fff1716b070
3dc.6f88: supR3HardenedWinSetupChildInit: Initial context:
  rax=0000000000000000 rbx=0000000000000000 rcx=00007ff79a0db8e0 rdx=0000007971538000
  rsi=0000000000000000 rdi=0000000000000000 r8 =0000000000000000 r9 =0000000000000000
  r10=0000000000000000 r11=0000000000000000 r12=0000000000000000 r13=0000000000000000
  r14=0000000000000000 r15=0000000000000000  P1=0000000000000000  P2=0000000000000000
  rip=00007fff1710c3d0 rsp=00000079716ffd28 rbp=0000000000000000    ctxflags=0010001b
  cs=0033 ss=002b ds=0000 es=0000 fs=0000 gs=0000    eflags=00000200   mxcrx=00001f80
   P3=0000000000000000  P4=0000000000000000  P5=0000000000000000  P6=0000000000000000
  dr0=0000000000000000 dr1=0000000000000000 dr2=0000000000000000 dr3=0000000000000000
  dr6=0000000000000000 dr7=0000000000000000 vcr=0000000000000000 dcr=0000000000000000
  lbt=0000000000000000 lbf=0000000000000000 lxt=0000000000000000 lxf=0000000000000000
3dc.6f88: supR3HardenedWinSetupChildInit: Start child.
3dc.6f88: supR3HardNtChildWaitFor: Found expected request 0 (PurifyChildAndCloseHandles) after 0 ms.
3dc.6f88: supR3HardNtChildPurify: Startup delay kludge #1/0: 270 ms, 17 sleeps
3dc.6f88: supHardNtVpScanVirtualMemory: enmKind=CHILD_PURIFICATION
3dc.6f88:  *0000000000000000-000000007ffdffff 0x0001/0x0000 0x0000000
3dc.6f88:  *000000007ffe0000-000000007ffe0fff 0x0002/0x0002 0x0020000
3dc.6f88:   000000007ffe1000-000000007ffedfff 0x0001/0x0000 0x0000000
3dc.6f88:  *000000007ffee000-000000007ffeefff 0x0002/0x0002 0x0020000
3dc.6f88:   000000007ffef000-00000079713fffff 0x0001/0x0000 0x0000000
3dc.6f88:  *0000007971400000-0000007971537fff 0x0000/0x0004 0x0020000
3dc.6f88:   0000007971538000-000000797153afff 0x0004/0x0004 0x0020000
3dc.6f88:   000000797153b000-00000079715fffff 0x0000/0x0004 0x0020000
3dc.6f88:  *0000007971600000-00000079716fafff 0x0000/0x0004 0x0020000
3dc.6f88:   00000079716fb000-00000079716fdfff 0x0104/0x0004 0x0020000
3dc.6f88:   00000079716fe000-00000079716fffff 0x0004/0x0004 0x0020000
3dc.6f88:   0000007971700000-000001843517ffff 0x0001/0x0000 0x0000000
3dc.6f88:  *0000018435180000-000001843519ffff 0x0004/0x0004 0x0020000
3dc.6f88:  *00000184351a0000-00000184351c9fff 0x0002/0x0002 0x0040000
3dc.6f88:   00000184351ca000-00000184351cffff 0x0001/0x0000 0x0000000
3dc.6f88:  *00000184351d0000-00000184351d3fff 0x0002/0x0002 0x0040000
3dc.6f88:   00000184351d4000-00000184351dffff 0x0001/0x0000 0x0000000
3dc.6f88:  *00000184351e0000-00000184351e0fff 0x0002/0x0002 0x0040000
3dc.6f88:   00000184351e1000-00000184351effff 0x0001/0x0000 0x0000000
3dc.6f88:  *00000184351f0000-00000184351f1fff 0x0004/0x0004 0x0020000
3dc.6f88:   00000184351f2000-00007df5063affff 0x0001/0x0000 0x0000000
3dc.6f88:  *00007df5063b0000-00007df507a97fff 0x0000/0x0001 0x0040000
3dc.6f88:   00007df507a98000-00007df507b74fff 0x0001/0x0001 0x0040000
3dc.6f88:   00007df507b75000-00007df5081a6fff 0x0000/0x0001 0x0040000
3dc.6f88:   00007df5081a7000-00007df5081a7fff 0x0001/0x0001 0x0040000
3dc.6f88:   00007df5081a8000-00007ff4e4a32fff 0x0000/0x0001 0x0040000
3dc.6f88:   00007ff4e4a33000-00007ff4e4a37fff 0x0002/0x0001 0x0040000
3dc.6f88:   00007ff4e4a38000-00007ff4fe5fcfff 0x0000/0x0001 0x0040000
3dc.6f88:   00007ff4fe5fd000-00007ff502971fff 0x0001/0x0001 0x0040000
3dc.6f88:   00007ff502972000-00007ff50297bfff 0x0002/0x0001 0x0040000
3dc.6f88:   00007ff50297c000-00007ff5063affff 0x0000/0x0001 0x0040000
3dc.6f88:   00007ff5063b0000-00007ff5c047ffff 0x0001/0x0000 0x0000000
3dc.6f88:  *00007ff5c0480000-00007ff5c0480fff 0x0002/0x0002 0x0040000
3dc.6f88:   00007ff5c0481000-00007ff79a0cffff 0x0001/0x0000 0x0000000
3dc.6f88:  *00007ff79a0d0000-00007ff79a0d0fff 0x0002/0x0080 0x1000000  \Device\HarddiskVolume2\Program Files\Oracle\VirtualBox\VirtualBoxVM.exe
3dc.6f88:   00007ff79a0d1000-00007ff79a13bfff 0x0020/0x0080 0x1000000  \Device\HarddiskVolume2\Program Files\Oracle\VirtualBox\VirtualBoxVM.exe
3dc.6f88:   00007ff79a13c000-00007ff79a13cfff 0x0080/0x0080 0x1000000  \Device\HarddiskVolume2\Program Files\Oracle\VirtualBox\VirtualBoxVM.exe
3dc.6f88:   00007ff79a13d000-00007ff79a191fff 0x0002/0x0080 0x1000000  \Device\HarddiskVolume2\Program Files\Oracle\VirtualBox\VirtualBoxVM.exe
3dc.6f88:   00007ff79a192000-00007ff79a192fff 0x0004/0x0080 0x1000000  \Device\HarddiskVolume2\Program Files\Oracle\VirtualBox\VirtualBoxVM.exe
3dc.6f88:   00007ff79a193000-00007ff79a193fff 0x0008/0x0080 0x1000000  \Device\HarddiskVolume2\Program Files\Oracle\VirtualBox\VirtualBoxVM.exe
3dc.6f88:   00007ff79a194000-00007ff79a199fff 0x0004/0x0080 0x1000000  \Device\HarddiskVolume2\Program Files\Oracle\VirtualBox\VirtualBoxVM.exe
3dc.6f88:   00007ff79a19a000-00007ff79a19efff 0x0008/0x0080 0x1000000  \Device\HarddiskVolume2\Program Files\Oracle\VirtualBox\VirtualBoxVM.exe
3dc.6f88:   00007ff79a19f000-00007ff79a1d9fff 0x0002/0x0080 0x1000000  \Device\HarddiskVolume2\Program Files\Oracle\VirtualBox\VirtualBoxVM.exe
3dc.6f88:   00007ff79a1da000-00007fff1707ffff 0x0001/0x0000 0x0000000
3dc.6f88:  *00007fff17080000-00007fff17080fff 0x0002/0x0080 0x1000000  \Device\HarddiskVolume2\Windows\System32\ntdll.dll
3dc.6f88:   00007fff17081000-00007fff171f2fff 0x0020/0x0080 0x1000000  \Device\HarddiskVolume2\Windows\System32\ntdll.dll
3dc.6f88:   00007fff171f3000-00007fff1724bfff 0x0002/0x0080 0x1000000  \Device\HarddiskVolume2\Windows\System32\ntdll.dll
3dc.6f88:   00007fff1724c000-00007fff17254fff 0x0008/0x0080 0x1000000  \Device\HarddiskVolume2\Windows\System32\ntdll.dll
3dc.6f88:   00007fff17255000-00007fff17266fff 0x0002/0x0080 0x1000000  \Device\HarddiskVolume2\Windows\System32\ntdll.dll
3dc.6f88:   00007fff17267000-00007fff17269fff 0x0008/0x0080 0x1000000  \Device\HarddiskVolume2\Windows\System32\ntdll.dll
3dc.6f88:   00007fff1726a000-00007fff1726afff 0x0004/0x0080 0x1000000  \Device\HarddiskVolume2\Windows\System32\ntdll.dll
3dc.6f88:   00007fff1726b000-00007fff172e6fff 0x0002/0x0080 0x1000000  \Device\HarddiskVolume2\Windows\System32\ntdll.dll
3dc.6f88:   00007fff172e7000-00007ffffffeffff 0x0001/0x0000 0x0000000
3dc.6f88: VirtualBoxVM.exe: Differences in section #8 (.rsrc) between file and memory:
3dc.6f88:   00007ff79a1d7b70 / 0x0107b70: 00 != 50
3dc.6f88:   00007ff79a1d7b71 / 0x0107b71: 00 != 41
3dc.6f88:   00007ff79a1d7b72 / 0x0107b72: 00 != 44
3dc.6f88:   00007ff79a1d7b73 / 0x0107b73: 00 != 44
3dc.6f88:   00007ff79a1d7b74 / 0x0107b74: 00 != 49
3dc.6f88:   00007ff79a1d7b75 / 0x0107b75: 00 != 4e
3dc.6f88:   00007ff79a1d7b76 / 0x0107b76: 00 != 47
3dc.6f88:   00007ff79a1d7b77 / 0x0107b77: 00 != 58
3dc.6f88:   00007ff79a1d7b78 / 0x0107b78: 00 != 58
3dc.6f88:   00007ff79a1d7b79 / 0x0107b79: 00 != 50
3dc.6f88:   00007ff79a1d7b7a / 0x0107b7a: 00 != 41
3dc.6f88:   00007ff79a1d7b7b / 0x0107b7b: 00 != 44
3dc.6f88:   00007ff79a1d7b7c / 0x0107b7c: 00 != 44
3dc.6f88:   00007ff79a1d7b7d / 0x0107b7d: 00 != 49
3dc.6f88:   00007ff79a1d7b7e / 0x0107b7e: 00 != 4e
3dc.6f88:   00007ff79a1d7b7f / 0x0107b7f: 00 != 47
3dc.6f88:   00007ff79a1d7b80 / 0x0107b80: 00 != 50
3dc.6f88:   00007ff79a1d7b81 / 0x0107b81: 00 != 41
3dc.6f88:   00007ff79a1d7b82 / 0x0107b82: 00 != 44
3dc.6f88:   00007ff79a1d7b83 / 0x0107b83: 00 != 44
3dc.6f88:   00007ff79a1d7b84 / 0x0107b84: 00 != 49
3dc.6f88:   00007ff79a1d7b85 / 0x0107b85: 00 != 4e
3dc.6f88:   00007ff79a1d7b86 / 0x0107b86: 00 != 47
3dc.6f88:   00007ff79a1d7b87 / 0x0107b87: 00 != 58
3dc.6f88:   00007ff79a1d7b88 / 0x0107b88: 00 != 58
3dc.6f88:   00007ff79a1d7b89 / 0x0107b89: 00 != 50
3dc.6f88:   00007ff79a1d7b8a / 0x0107b8a: 00 != 41
3dc.6f88:   00007ff79a1d7b8b / 0x0107b8b: 00 != 44
3dc.6f88:   00007ff79a1d7b8c / 0x0107b8c: 00 != 44
3dc.6f88:   00007ff79a1d7b8d / 0x0107b8d: 00 != 49
3dc.6f88:   00007ff79a1d7b8e / 0x0107b8e: 00 != 4e
3dc.6f88:   00007ff79a1d7b8f / 0x0107b8f: 00 != 47
3dc.6f88:   00007ff79a1d7b90 / 0x0107b90: 00 != 50
3dc.6f88:   00007ff79a1d7b91 / 0x0107b91: 00 != 41
3dc.6f88:   00007ff79a1d7b92 / 0x0107b92: 00 != 44
3dc.6f88:   00007ff79a1d7b93 / 0x0107b93: 00 != 44
3dc.6f88:   00007ff79a1d7b94 / 0x0107b94: 00 != 49
3dc.6f88:   00007ff79a1d7b95 / 0x0107b95: 00 != 4e
3dc.6f88:   00007ff79a1d7b96 / 0x0107b96: 00 != 47
3dc.6f88:   00007ff79a1d7b97 / 0x0107b97: 00 != 58
3dc.6f88:   00007ff79a1d7b98 / 0x0107b98: 00 != 58
3dc.6f88:   00007ff79a1d7b99 / 0x0107b99: 00 != 50
3dc.6f88:   00007ff79a1d7b9a / 0x0107b9a: 00 != 41
3dc.6f88:   00007ff79a1d7b9b / 0x0107b9b: 00 != 44
3dc.6f88:   00007ff79a1d7b9c / 0x0107b9c: 00 != 44
3dc.6f88:   00007ff79a1d7b9d / 0x0107b9d: 00 != 49
3dc.6f88:   00007ff79a1d7b9e / 0x0107b9e: 00 != 4e
3dc.6f88:   00007ff79a1d7b9f / 0x0107b9f: 00 != 47
3dc.6f88:   00007ff79a1d7ba0 / 0x0107ba0: 00 != 50
3dc.6f88:   00007ff79a1d7ba1 / 0x0107ba1: 00 != 41
3dc.6f88:   00007ff79a1d7ba2 / 0x0107ba2: 00 != 44
3dc.6f88:   00007ff79a1d7ba3 / 0x0107ba3: 00 != 44
3dc.6f88:   00007ff79a1d7ba4 / 0x0107ba4: 00 != 49
3dc.6f88:   00007ff79a1d7ba5 / 0x0107ba5: 00 != 4e
3dc.6f88:   00007ff79a1d7ba6 / 0x0107ba6: 00 != 47
3dc.6f88:   00007ff79a1d7ba7 / 0x0107ba7: 00 != 58
3dc.6f88:   00007ff79a1d7ba8 / 0x0107ba8: 00 != 58
3dc.6f88:   00007ff79a1d7ba9 / 0x0107ba9: 00 != 50
3dc.6f88:   00007ff79a1d7baa / 0x0107baa: 00 != 41
3dc.6f88:   00007ff79a1d7bab / 0x0107bab: 00 != 44
3dc.6f88:   00007ff79a1d7bac / 0x0107bac: 00 != 44
3dc.6f88:   00007ff79a1d7bad / 0x0107bad: 00 != 49
3dc.6f88:   00007ff79a1d7bae / 0x0107bae: 00 != 4e
3dc.6f88:   00007ff79a1d7baf / 0x0107baf: 00 != 47
3dc.6f88:   00007ff79a1d7bb0 / 0x0107bb0: 00 != 50
3dc.6f88:   00007ff79a1d7bb1 / 0x0107bb1: 00 != 41
3dc.6f88:   00007ff79a1d7bb2 / 0x0107bb2: 00 != 44
3dc.6f88:   00007ff79a1d7bb3 / 0x0107bb3: 00 != 44
3dc.6f88:   00007ff79a1d7bb4 / 0x0107bb4: 00 != 49
3dc.6f88:   00007ff79a1d7bb5 / 0x0107bb5: 00 != 4e
3dc.6f88:   00007ff79a1d7bb6 / 0x0107bb6: 00 != 47
3dc.6f88:   00007ff79a1d7bb7 / 0x0107bb7: 00 != 58
3dc.6f88:   00007ff79a1d7bb8 / 0x0107bb8: 00 != 58
3dc.6f88:   00007ff79a1d7bb9 / 0x0107bb9: 00 != 50
3dc.6f88:   00007ff79a1d7bba / 0x0107bba: 00 != 41
3dc.6f88:   00007ff79a1d7bbb / 0x0107bbb: 00 != 44
3dc.6f88:   00007ff79a1d7bbc / 0x0107bbc: 00 != 44
3dc.6f88:   00007ff79a1d7bbd / 0x0107bbd: 00 != 49
3dc.6f88:   00007ff79a1d7bbe / 0x0107bbe: 00 != 4e
3dc.6f88:   00007ff79a1d7bbf / 0x0107bbf: 00 != 47
3dc.6f88:   00007ff79a1d7bc0 / 0x0107bc0: 00 != 50
3dc.6f88:   00007ff79a1d7bc1 / 0x0107bc1: 00 != 41
3dc.6f88:   00007ff79a1d7bc2 / 0x0107bc2: 00 != 44
3dc.6f88:   00007ff79a1d7bc3 / 0x0107bc3: 00 != 44
3dc.6f88:   00007ff79a1d7bc4 / 0x0107bc4: 00 != 49
3dc.6f88:   00007ff79a1d7bc5 / 0x0107bc5: 00 != 4e
3dc.6f88:   00007ff79a1d7bc6 / 0x0107bc6: 00 != 47
3dc.6f88:   00007ff79a1d7bc7 / 0x0107bc7: 00 != 58
3dc.6f88:   00007ff79a1d7bc8 / 0x0107bc8: 00 != 58
3dc.6f88:   00007ff79a1d7bc9 / 0x0107bc9: 00 != 50
3dc.6f88:   00007ff79a1d7bca / 0x0107bca: 00 != 41
3dc.6f88:   00007ff79a1d7bcb / 0x0107bcb: 00 != 44
3dc.6f88:   00007ff79a1d7bcc / 0x0107bcc: 00 != 44
3dc.6f88:   00007ff79a1d7bcd / 0x0107bcd: 00 != 49
3dc.6f88:   00007ff79a1d7bce / 0x0107bce: 00 != 4e
3dc.6f88:   00007ff79a1d7bcf / 0x0107bcf: 00 != 47
3dc.6f88:   00007ff79a1d7bd0 / 0x0107bd0: 00 != 50
3dc.6f88:   00007ff79a1d7bd1 / 0x0107bd1: 00 != 41
3dc.6f88:   00007ff79a1d7bd2 / 0x0107bd2: 00 != 44
3dc.6f88:   00007ff79a1d7bd3 / 0x0107bd3: 00 != 44
3dc.6f88:   00007ff79a1d7bd4 / 0x0107bd4: 00 != 49
3dc.6f88:   00007ff79a1d7bd5 / 0x0107bd5: 00 != 4e
3dc.6f88:   00007ff79a1d7bd6 / 0x0107bd6: 00 != 47
3dc.6f88:   00007ff79a1d7bd7 / 0x0107bd7: 00 != 58
3dc.6f88:   00007ff79a1d7bd8 / 0x0107bd8: 00 != 58
3dc.6f88:   00007ff79a1d7bd9 / 0x0107bd9: 00 != 50
3dc.6f88:   00007ff79a1d7bda / 0x0107bda: 00 != 41
3dc.6f88:   00007ff79a1d7bdb / 0x0107bdb: 00 != 44
3dc.6f88:   00007ff79a1d7bdc / 0x0107bdc: 00 != 44
3dc.6f88:   00007ff79a1d7bdd / 0x0107bdd: 00 != 49
3dc.6f88:   00007ff79a1d7bde / 0x0107bde: 00 != 4e
3dc.6f88:   00007ff79a1d7bdf / 0x0107bdf: 00 != 47
3dc.6f88:   00007ff79a1d7be0 / 0x0107be0: 00 != 50
3dc.6f88:   00007ff79a1d7be1 / 0x0107be1: 00 != 41
3dc.6f88:   00007ff79a1d7be2 / 0x0107be2: 00 != 44
3dc.6f88:   00007ff79a1d7be3 / 0x0107be3: 00 != 44
3dc.6f88:   00007ff79a1d7be4 / 0x0107be4: 00 != 49
3dc.6f88:   00007ff79a1d7be5 / 0x0107be5: 00 != 4e
3dc.6f88:   00007ff79a1d7be6 / 0x0107be6: 00 != 47
3dc.6f88:   00007ff79a1d7be7 / 0x0107be7: 00 != 58
3dc.6f88:   00007ff79a1d7be8 / 0x0107be8: 00 != 58
3dc.6f88:   00007ff79a1d7be9 / 0x0107be9: 00 != 50
3dc.6f88:   00007ff79a1d7bea / 0x0107bea: 00 != 41
3dc.6f88:   00007ff79a1d7beb / 0x0107beb: 00 != 44
3dc.6f88:   00007ff79a1d7bec / 0x0107bec: 00 != 44
3dc.6f88:   00007ff79a1d7bed / 0x0107bed: 00 != 49
3dc.6f88:   00007ff79a1d7bee / 0x0107bee: 00 != 4e
3dc.6f88:   00007ff79a1d7bef / 0x0107bef: 00 != 47
3dc.6f88:   00007ff79a1d7bf0 / 0x0107bf0: 00 != 50
3dc.6f88:   00007ff79a1d7bf1 / 0x0107bf1: 00 != 41
3dc.6f88:   00007ff79a1d7bf2 / 0x0107bf2: 00 != 44
3dc.6f88:   00007ff79a1d7bf3 / 0x0107bf3: 00 != 44
3dc.6f88:   00007ff79a1d7bf4 / 0x0107bf4: 00 != 49
3dc.6f88:   00007ff79a1d7bf5 / 0x0107bf5: 00 != 4e
3dc.6f88:   00007ff79a1d7bf6 / 0x0107bf6: 00 != 47
3dc.6f88:   00007ff79a1d7bf7 / 0x0107bf7: 00 != 58
3dc.6f88:   00007ff79a1d7bf8 / 0x0107bf8: 00 != 58
3dc.6f88:   00007ff79a1d7bf9 / 0x0107bf9: 00 != 50
3dc.6f88:   00007ff79a1d7bfa / 0x0107bfa: 00 != 41
3dc.6f88:   00007ff79a1d7bfb / 0x0107bfb: 00 != 44
3dc.6f88:   00007ff79a1d7bfc / 0x0107bfc: 00 != 44
3dc.6f88:   00007ff79a1d7bfd / 0x0107bfd: 00 != 49
3dc.6f88:   00007ff79a1d7bfe / 0x0107bfe: 00 != 4e
3dc.6f88:   00007ff79a1d7bff / 0x0107bff: 00 != 47
3dc.6f88:   Restored 0x490 bytes of original file content at 00007ff79a1d7b70
3dc.6f88: ntdll.dll: Differences in section #13 (.mrdata) between file and memory:
3dc.6f88:   00007fff1726a4a0 / 0x01ea4a0: 00 != a0
3dc.6f88:   00007fff1726a4a1 / 0x01ea4a1: 00 != d2
3dc.6f88:   00007fff1726a4a2 / 0x01ea4a2: 00 != f3
3dc.6f88:   00007fff1726a4a3 / 0x01ea4a3: 00 != 77
3dc.6f88:   00007fff1726a4a8 / 0x01ea4a8: 00 != a8
3dc.6f88:   00007fff1726a4a9 / 0x01ea4a9: 00 != 97
3dc.6f88:   00007fff1726a4aa / 0x01ea4aa: 00 != f3
3dc.6f88:   00007fff1726a4ab / 0x01ea4ab: 00 != 77
3dc.6f88:   00007fff1726a4e8 / 0x01ea4e8: 00 != 8f
3dc.6f88:   00007fff1726a4e9 / 0x01ea4e9: 00 != 25
3dc.6f88:   00007fff1726a4ea / 0x01ea4ea: 00 != 19
3dc.6f88:   00007fff1726a4eb / 0x01ea4eb: 00 != 5f
3dc.6f88:   00007fff1726a4f0 / 0x01ea4f0: 00 != 10
3dc.6f88:   00007fff1726a4f5 / 0x01ea4f5: 00 != 01
3dc.6f88:   00007fff1726a500 / 0x01ea500: 00 != 02
3dc.6f88:   00007fff1726a501 / 0x01ea501: 00 != 20
3dc.6f88:   00007fff1726a50a / 0x01ea50a: 00 != 3b
3dc.6f88:   00007fff1726a50b / 0x01ea50b: 00 != 06
3dc.6f88:   00007fff1726a50c / 0x01ea50c: 00 != f5
3dc.6f88:   00007fff1726a50d / 0x01ea50d: 00 != 7d
3dc.6f88:   00007fff1726a515 / 0x01ea515: 00 != 02
3dc.6f88:   Restored 0x118 bytes of original file content at 00007fff1726a4a0
3dc.6f88: supR3HardNtChildPurify: cFixes=2 g_fSupAdversaries=0x80000000
3dc.6f88: supR3HardNtChildPurify: Startup delay kludge #1/1: 521 ms, 34 sleeps
3dc.6f88: supHardNtVpScanVirtualMemory: enmKind=CHILD_PURIFICATION
3dc.6f88:  *0000000000000000-000000007ffdffff 0x0001/0x0000 0x0000000
3dc.6f88:  *000000007ffe0000-000000007ffe0fff 0x0002/0x0002 0x0020000
3dc.6f88:   000000007ffe1000-000000007ffedfff 0x0001/0x0000 0x0000000
3dc.6f88:  *000000007ffee000-000000007ffeefff 0x0002/0x0002 0x0020000
3dc.6f88:   000000007ffef000-00000079713fffff 0x0001/0x0000 0x0000000
3dc.6f88:  *0000007971400000-0000007971537fff 0x0000/0x0004 0x0020000
3dc.6f88:   0000007971538000-000000797153afff 0x0004/0x0004 0x0020000
3dc.6f88:   000000797153b000-00000079715fffff 0x0000/0x0004 0x0020000
3dc.6f88:  *0000007971600000-00000079716fafff 0x0000/0x0004 0x0020000
3dc.6f88:   00000079716fb000-00000079716fdfff 0x0104/0x0004 0x0020000
3dc.6f88:   00000079716fe000-00000079716fffff 0x0004/0x0004 0x0020000
3dc.6f88:   0000007971700000-000001843517ffff 0x0001/0x0000 0x0000000
3dc.6f88:  *0000018435180000-000001843519ffff 0x0004/0x0004 0x0020000
3dc.6f88:  *00000184351a0000-00000184351c9fff 0x0002/0x0002 0x0040000
3dc.6f88:   00000184351ca000-00000184351cffff 0x0001/0x0000 0x0000000
3dc.6f88:  *00000184351d0000-00000184351d3fff 0x0002/0x0002 0x0040000
3dc.6f88:   00000184351d4000-00000184351dffff 0x0001/0x0000 0x0000000
3dc.6f88:  *00000184351e0000-00000184351e0fff 0x0002/0x0002 0x0040000
3dc.6f88:   00000184351e1000-00000184351effff 0x0001/0x0000 0x0000000
3dc.6f88:  *00000184351f0000-00000184351f1fff 0x0004/0x0004 0x0020000
3dc.6f88:   00000184351f2000-00007df5063affff 0x0001/0x0000 0x0000000
3dc.6f88:  *00007df5063b0000-00007df507a97fff 0x0000/0x0001 0x0040000
3dc.6f88:   00007df507a98000-00007df507b74fff 0x0001/0x0001 0x0040000
3dc.6f88:   00007df507b75000-00007df5081a6fff 0x0000/0x0001 0x0040000
3dc.6f88:   00007df5081a7000-00007df5081a7fff 0x0001/0x0001 0x0040000
3dc.6f88:   00007df5081a8000-00007ff4e4a32fff 0x0000/0x0001 0x0040000
3dc.6f88:   00007ff4e4a33000-00007ff4e4a37fff 0x0002/0x0001 0x0040000
3dc.6f88:   00007ff4e4a38000-00007ff4fe5fcfff 0x0000/0x0001 0x0040000
3dc.6f88:   00007ff4fe5fd000-00007ff502971fff 0x0001/0x0001 0x0040000
3dc.6f88:   00007ff502972000-00007ff50297bfff 0x0002/0x0001 0x0040000
3dc.6f88:   00007ff50297c000-00007ff5063affff 0x0000/0x0001 0x0040000
3dc.6f88:   00007ff5063b0000-00007ff5c047ffff 0x0001/0x0000 0x0000000
3dc.6f88:  *00007ff5c0480000-00007ff5c0480fff 0x0002/0x0002 0x0040000
3dc.6f88:   00007ff5c0481000-00007ff79a0cffff 0x0001/0x0000 0x0000000
3dc.6f88:  *00007ff79a0d0000-00007ff79a0d0fff 0x0002/0x0080 0x1000000  \Device\HarddiskVolume2\Program Files\Oracle\VirtualBox\VirtualBoxVM.exe
3dc.6f88:   00007ff79a0d1000-00007ff79a13bfff 0x0020/0x0080 0x1000000  \Device\HarddiskVolume2\Program Files\Oracle\VirtualBox\VirtualBoxVM.exe
3dc.6f88:   00007ff79a13c000-00007ff79a13cfff 0x0040/0x0080 0x1000000  \Device\HarddiskVolume2\Program Files\Oracle\VirtualBox\VirtualBoxVM.exe
3dc.6f88:   00007ff79a13d000-00007ff79a191fff 0x0002/0x0080 0x1000000  \Device\HarddiskVolume2\Program Files\Oracle\VirtualBox\VirtualBoxVM.exe
3dc.6f88:   00007ff79a192000-00007ff79a19efff 0x0004/0x0080 0x1000000  \Device\HarddiskVolume2\Program Files\Oracle\VirtualBox\VirtualBoxVM.exe
3dc.6f88:   00007ff79a19f000-00007ff79a1d9fff 0x0002/0x0080 0x1000000  \Device\HarddiskVolume2\Program Files\Oracle\VirtualBox\VirtualBoxVM.exe
3dc.6f88:   00007ff79a1da000-00007fff1707ffff 0x0001/0x0000 0x0000000
3dc.6f88:  *00007fff17080000-00007fff17080fff 0x0002/0x0080 0x1000000  \Device\HarddiskVolume2\Windows\System32\ntdll.dll
3dc.6f88:   00007fff17081000-00007fff171f2fff 0x0020/0x0080 0x1000000  \Device\HarddiskVolume2\Windows\System32\ntdll.dll
3dc.6f88:   00007fff171f3000-00007fff1724bfff 0x0002/0x0080 0x1000000  \Device\HarddiskVolume2\Windows\System32\ntdll.dll
3dc.6f88:   00007fff1724c000-00007fff1724cfff 0x0004/0x0080 0x1000000  \Device\HarddiskVolume2\Windows\System32\ntdll.dll
3dc.6f88:   00007fff1724d000-00007fff1724dfff 0x0008/0x0080 0x1000000  \Device\HarddiskVolume2\Windows\System32\ntdll.dll
3dc.6f88:   00007fff1724e000-00007fff17254fff 0x0004/0x0080 0x1000000  \Device\HarddiskVolume2\Windows\System32\ntdll.dll
3dc.6f88:   00007fff17255000-00007fff17266fff 0x0002/0x0080 0x1000000  \Device\HarddiskVolume2\Windows\System32\ntdll.dll
3dc.6f88:   00007fff17267000-00007fff17267fff 0x0004/0x0080 0x1000000  \Device\HarddiskVolume2\Windows\System32\ntdll.dll
3dc.6f88:   00007fff17268000-00007fff17269fff 0x0008/0x0080 0x1000000  \Device\HarddiskVolume2\Windows\System32\ntdll.dll
3dc.6f88:   00007fff1726a000-00007fff1726afff 0x0004/0x0080 0x1000000  \Device\HarddiskVolume2\Windows\System32\ntdll.dll
3dc.6f88:   00007fff1726b000-00007fff172e6fff 0x0002/0x0080 0x1000000  \Device\HarddiskVolume2\Windows\System32\ntdll.dll
3dc.6f88:   00007fff172e7000-00007ffffffeffff 0x0001/0x0000 0x0000000
3dc.6f88: supR3HardNtChildPurify: Done after 796 ms and 2 fixes (loop #1).
1b54.2948: supR3HardenedVmProcessInit: uNtDllAddr=00007fff17080000 g_uNtVerCombined=0xa0665800 (stack ~00000079716feaf0)
1b54.2948: ntdll.dll: timestamp 0xf7576e9e (rc=VINF_SUCCESS)
1b54.2948: New simple heap: #1 0000018435300000 LB 0x800000 (for 2519040 allocation)
3dc.6f88: supR3HardNtEnableThreadCreationEx:
1b54.2948: supR3HardenedWinInitAppBin(0x0): '\Device\HarddiskVolume2\Program Files\Oracle\VirtualBox'
1b54.2948: System32:  \Device\HarddiskVolume2\Windows\System32
1b54.2948: WinSxS:    \Device\HarddiskVolume2\Windows\WinSxS
1b54.2948: KnownDllPath: C:\WINDOWS\System32
1b54.2948: supR3HardenedVmProcessInit: Opening vboxsup stub...
1b54.2948: supR3HardenedVmProcessInit: Restoring LdrInitializeThunk...
1b54.2948: supR3HardenedVmProcessInit: Returning to LdrInitializeThunk...
1b54.2948: Registered Dll notification callback with NTDLL.
1b54.2948: supHardenedWinVerifyImageByHandle: -> 0 (\Device\HarddiskVolume2\Windows\System32\kernel32.dll)
1b54.2948: supR3HardenedWinVerifyCacheInsert: \Device\HarddiskVolume2\Windows\System32\kernel32.dll
1b54.2948: supR3HardenedMonitor_LdrLoadDll: pName=C:\WINDOWS\System32\KERNEL32.DLL (Input=KERNEL32.DLL, rcNtResolve=0xc0150008) *pfFlags=0xffffffff pwszSearchPath=0000000000004001:<flags> [calling]
1b54.2948: supR3HardenedDllNotificationCallback: load   00007fff13950000 LB 0x003f4000 C:\WINDOWS\System32\KERNELBASE.dll [fFlags=0x0]
1b54.2948: supHardenedWinVerifyImageByHandle: -> 0 (\Device\HarddiskVolume2\Windows\System32\KernelBase.dll)
1b54.2948: supR3HardenedWinVerifyCacheInsert: \Device\HarddiskVolume2\Windows\System32\KernelBase.dll
1b54.2948: supR3HardenedDllNotificationCallback: load   00007fff16290000 LB 0x000c9000 C:\WINDOWS\System32\KERNEL32.DLL [fFlags=0x0]
1b54.2948: supR3HardenedScreenImage/LdrLoadDll: cache hit (VINF_SUCCESS) on \Device\HarddiskVolume2\Windows\System32\kernel32.dll [lacks WinVerifyTrust]
1b54.2948: supR3HardenedMonitor_LdrLoadDll: returns rcNt=0x0 hMod=00007fff16290000 'C:\WINDOWS\System32\KERNEL32.DLL'
1b54.2948: supR3HardenedScreenImage/LdrLoadDll: cache hit (VINF_SUCCESS) on \Device\HarddiskVolume2\Windows\System32\KernelBase.dll [lacks WinVerifyTrust]
1b54.2948: supR3HardenedMonitor_LdrLoadDll: pName=C:\WINDOWS\System32\KERNELBASE.dll (Input=KERNELBASE.dll, rcNtResolve=0xc0150008) *pfFlags=0xffffffff pwszSearchPath=0000000000004001:<flags> [calling]
1b54.2948: supR3HardenedMonitor_LdrLoadDll: returns rcNt=0x0 hMod=00007fff13950000 'C:\WINDOWS\System32\KERNELBASE.dll'
1b54.2948: supR3HardenedDllNotificationCallback: load   00007ff79a0d0000 LB 0x0010a000 C:\Program Files\Oracle\VirtualBox\VirtualBoxVM.exe [fFlags=0x0]
1b54.2948: '\Device\HarddiskVolume2\Program Files\Oracle\VirtualBox\VirtualBoxVM.exe' has no imports
1b54.2948: supHardenedWinVerifyImageByHandle: -> 0 (\Device\HarddiskVolume2\Program Files\Oracle\VirtualBox\VirtualBoxVM.exe)
1b54.2948: supR3HardenedWinVerifyCacheInsert: \Device\HarddiskVolume2\Program Files\Oracle\VirtualBox\VirtualBoxVM.exe
1b54.2948: supR3HardNtDisableThreadCreation: pvLdrInitThunk=00007fff1716b070 pvNtTerminateThread=00007fff171e2550 g_LdrInitThunkSelfBackup.cb=0
1b54.2948: supR3HardNtDisableThreadCreationEx: Backup=40 53 48 83 ec 20 48 8b d9 e8 1a 00 00 00 b2 01
3dc.6f88: supR3HardNtChildWaitFor: Found expected request 1 (CloseEvents) after 68 ms.
1b54.2948: \SystemRoot\System32\ntdll.dll:
1b54.2948:     CreationTime:    2026-04-15T08:55:17.136847900Z
1b54.2948:     LastWriteTime:   2026-04-15T08:55:17.205708100Z
1b54.2948:     ChangeTime:      2026-04-16T19:25:28.835746100Z
1b54.2948:     FileAttributes:  0x20
1b54.2948:     Size:            0x267be8
1b54.2948:     NT Headers:      0xe0
1b54.2948:     Timestamp:       0xf7576e9e
1b54.2948:     Machine:         0x8664 - amd64
1b54.2948:     Timestamp:       0xf7576e9e
1b54.2948:     Image Version:   10.0
1b54.2948:     SizeOfImage:     0x267000 (2519040)
1b54.2948:     Resource Dir:    0x1eb000 LB 0x7a1b8
1b54.2948:     [Version info resource found at 0xd8! (ID/Name: 0x1; SubID/SubName: 0x409)]
1b54.2948:     [Raw version resource data: 0x1eb0f0 LB 0x380, codepage 0x0 (reserved 0x0)]
1b54.2948:     ProductName:     Microsoft® Windows® Operating System
1b54.2948:     ProductVersion:  10.0.26100.8246
1b54.2948:     FileVersion:     10.0.26100.8246 (WinBuild.160101.0800)
1b54.2948:     FileDescription: NT Layer DLL
1b54.2948: \SystemRoot\System32\kernel32.dll:
1b54.2948:     CreationTime:    2026-04-15T08:55:15.494388500Z
1b54.2948:     LastWriteTime:   2026-04-15T08:55:15.519387500Z
1b54.2948:     ChangeTime:      2026-04-16T19:26:18.569518100Z
1b54.2948:     FileAttributes:  0x20
1b54.2948:     Size:            0xcc298
1b54.2948:     NT Headers:      0xf8
1b54.2948:     Timestamp:       0x7635528f
1b54.2948:     Machine:         0x8664 - amd64
1b54.2948:     Timestamp:       0x7635528f
1b54.2948:     Image Version:   10.0
1b54.2948:     SizeOfImage:     0xc9000 (823296)
1b54.2948:     Resource Dir:    0xc7000 LB 0x520
1b54.2948:     [Version info resource found at 0x90! (ID/Name: 0x1; SubID/SubName: 0x409)]
1b54.2948:     [Raw version resource data: 0xc70b0 LB 0x3a4, codepage 0x0 (reserved 0x0)]
1b54.2948:     ProductName:     Microsoft® Windows® Operating System
1b54.2948:     ProductVersion:  10.0.26100.8246
1b54.2948:     FileVersion:     10.0.26100.8246 (WinBuild.160101.0800)
1b54.2948:     FileDescription: Windows NT BASE API Client DLL
1b54.2948: \SystemRoot\System32\KernelBase.dll:
1b54.2948:     CreationTime:    2026-04-15T08:55:15.503999200Z
1b54.2948:     LastWriteTime:   2026-04-15T08:55:15.723734700Z
1b54.2948:     ChangeTime:      2026-04-16T19:26:18.628595200Z
1b54.2948:     FileAttributes:  0x20
1b54.2948:     Size:            0x3f6388
1b54.2948:     NT Headers:      0x108
1b54.2948:     Timestamp:       0x208e0cb7
1b54.2948:     Machine:         0x8664 - amd64
1b54.2948:     Timestamp:       0x208e0cb7
1b54.2948:     Image Version:   10.0
1b54.2948:     SizeOfImage:     0x3f4000 (4145152)
1b54.2948:     Resource Dir:    0x3ba000 LB 0x548
1b54.2948:     [Version info resource found at 0x90! (ID/Name: 0x1; SubID/SubName: 0x409)]
1b54.2948:     [Raw version resource data: 0x3ba0b0 LB 0x3bc, codepage 0x0 (reserved 0x0)]
1b54.2948:     ProductName:     Microsoft® Windows® Operating System
1b54.2948:     ProductVersion:  10.0.26100.8246
1b54.2948:     FileVersion:     10.0.26100.8246 (WinBuild.160101.0800)
1b54.2948:     FileDescription: Windows NT BASE API Client DLL
1b54.2948: \SystemRoot\System32\apisetschema.dll:
1b54.2948:     CreationTime:    2026-04-15T08:55:09.521767400Z
1b54.2948:     LastWriteTime:   2026-04-15T08:55:09.529796200Z
1b54.2948:     ChangeTime:      2026-04-16T19:25:18.785071600Z
1b54.2948:     FileAttributes:  0x20
1b54.2948:     Size:            0x2f600
1b54.2948:     NT Headers:      0xd8
1b54.2948:     Timestamp:       0xfb040896
1b54.2948:     Machine:         0x8664 - amd64
1b54.2948:     Timestamp:       0xfb040896
1b54.2948:     Image Version:   10.0
1b54.2948:     SizeOfImage:     0x2e000 (188416)
1b54.2948:     Resource Dir:    0x2d000 LB 0x408
1b54.2948:     [Version info resource found at 0x48! (ID/Name: 0x1; SubID/SubName: 0x409)]
1b54.2948:     [Raw version resource data: 0x2d060 LB 0x3a8, codepage 0x0 (reserved 0x0)]
1b54.2948:     ProductName:     Microsoft® Windows® Operating System
1b54.2948:     ProductVersion:  10.0.26100.8115
1b54.2948:     FileVersion:     10.0.26100.8115 (WinBuild.160101.0800)
1b54.2948:     FileDescription: ApiSet Schema DLL
1b54.2948: NtOpenDirectoryObject failed on \Driver: 0xc0000022
1b54.2948: supR3HardenedWinFindAdversaries: 0x0
1b54.2948: supR3HardenedWinInitAppBin(0x0): '\Device\HarddiskVolume2\Program Files\Oracle\VirtualBox'
1b54.2948: Calling main()
1b54.2948: SUPR3HardenedMain: pszProgName=VirtualBoxVM fFlags=0x2
1b54.2948: supR3HardenedWinInitAppBin(0x2): '\Device\HarddiskVolume2\Program Files\Oracle\VirtualBox'
1b54.2948: '\Device\HarddiskVolume2\Program Files\Oracle\VirtualBox\VirtualBoxVM.exe' has no imports
1b54.2948: supHardenedWinVerifyImageByHandle: -> 0 (\Device\HarddiskVolume2\Program Files\Oracle\VirtualBox\VirtualBoxVM.exe)
1b54.2948: SUPR3HardenedMain: Respawn #2
1b54.2948: supR3HardNtEnableThreadCreationEx:
1b54.2948: supR3HardenedDllNotificationCallback: load   00007fff16790000 LB 0x000a7000 C:\WINDOWS\System32\sechost.dll [fFlags=0x0]
1b54.2948: supHardenedWinVerifyImageByHandle: -> 0 (\Device\HarddiskVolume2\Windows\System32\sechost.dll)
1b54.2948: supR3HardenedWinVerifyCacheInsert: \Device\HarddiskVolume2\Windows\System32\sechost.dll
1b54.2948: '\Device\HarddiskVolume2\Windows\System32\ntdll.dll' has no imports
1b54.2948: supHardenedWinVerifyImageByHandle: -> 0 (\Device\HarddiskVolume2\Windows\System32\ntdll.dll)
1b54.2948: supR3HardenedWinVerifyCacheInsert: \Device\HarddiskVolume2\Windows\System32\ntdll.dll
1b54.2948: supR3HardenedMonitor_LdrLoadDll: pName=C:\WINDOWS\System32\ntdll.dll (Input=ntdll.dll, rcNtResolve=0xc0150008) *pfFlags=0x0 pwszSearchPath=0000000000000801:<flags> [calling]
1b54.2948: supR3HardenedMonitor_LdrLoadDll: returns rcNt=0x0 hMod=00007fff17080000 'C:\WINDOWS\System32\ntdll.dll'
1b54.2948: supR3HardenedScreenImage/LdrLoadDll: cache hit (VINF_SUCCESS) on \Device\HarddiskVolume2\Windows\System32\KernelBase.dll [lacks WinVerifyTrust]
1b54.2948: supR3HardenedMonitor_LdrLoadDll: pName=C:\WINDOWS\System32\KernelBase.dll (Input=KernelBase, rcNtResolve=0xc0150008) *pfFlags=0x0 pwszSearchPath=0000000000000801:<flags> [calling]
1b54.2948: supR3HardenedMonitor_LdrLoadDll: returns rcNt=0x0 hMod=00007fff13950000 'C:\WINDOWS\System32\KernelBase.dll'
1b54.2948: supR3HardNtDisableThreadCreation: pvLdrInitThunk=00007fff1716b070 pvNtTerminateThread=00007fff171e2550 g_LdrInitThunkSelfBackup.cb=10
1b54.2948: supR3HardenedWinDoReSpawn(2): New child 52dc.6d38 [kernel32].
1b54.2948: supR3HardenedWinReSpawn: NtSetInformationThread/ThreadHideFromDebugger failed: 0xc0000022 (harmless)
1b54.2948: supR3HardNtChildGatherData: PebBaseAddress=000000ba451b2000 cbPeb=0x388
1b54.2948: supR3HardNtPuChFindNtdll: uNtDllParentAddr=00007fff17080000 uNtDllChildAddr=00007fff17080000
1b54.2948: supR3HardenedWinSetupChildInit: uLdrInitThunk=00007fff1716b070
1b54.2948: supR3HardenedWinSetupChildInit: Initial context:
  rax=0000000000000000 rbx=0000000000000000 rcx=00007ff79a0db8e0 rdx=000000ba451b2000
  rsi=0000000000000000 rdi=0000000000000000 r8 =0000000000000000 r9 =0000000000000000
  r10=0000000000000000 r11=0000000000000000 r12=0000000000000000 r13=0000000000000000
  r14=0000000000000000 r15=0000000000000000  P1=0000000000000000  P2=0000000000000000
  rip=00007fff1710c3d0 rsp=000000ba452ffa88 rbp=0000000000000000    ctxflags=0010001b
  cs=0033 ss=002b ds=0000 es=0000 fs=0000 gs=0000    eflags=00000200   mxcrx=00001f80
   P3=0000000000000000  P4=0000000000000000  P5=0000000000000000  P6=0000000000000000
  dr0=0000000000000000 dr1=0000000000000000 dr2=0000000000000000 dr3=0000000000000000
  dr6=0000000000000000 dr7=0000000000000000 vcr=0000000000000000 dcr=0000000000000000
  lbt=0000000000000000 lbf=0000000000000000 lxt=0000000000000000 lxf=0000000000000000
1b54.2948: kernel32.dll: timestamp 0x7635528f (rc=VINF_SUCCESS)
1b54.2948: supR3HardenedWinSetupChildInit: Start child.
1b54.2948: supR3HardNtChildWaitFor: Found expected request 0 (PurifyChildAndCloseHandles) after 1 ms.
1b54.2948: supR3HardNtChildPurify: Startup delay kludge #1/0: 267 ms, 17 sleeps
1b54.2948: supHardNtVpScanVirtualMemory: enmKind=CHILD_PURIFICATION
1b54.2948:  *0000000000000000-000000007ffdffff 0x0001/0x0000 0x0000000
1b54.2948:  *000000007ffe0000-000000007ffe0fff 0x0002/0x0002 0x0020000
1b54.2948:   000000007ffe1000-000000007ffedfff 0x0001/0x0000 0x0000000
1b54.2948:  *000000007ffee000-000000007ffeefff 0x0002/0x0002 0x0020000
1b54.2948:   000000007ffef000-000000ba44ffffff 0x0001/0x0000 0x0000000
1b54.2948:  *000000ba45000000-000000ba451b1fff 0x0000/0x0004 0x0020000
1b54.2948:   000000ba451b2000-000000ba451b4fff 0x0004/0x0004 0x0020000
1b54.2948:   000000ba451b5000-000000ba451fffff 0x0000/0x0004 0x0020000
1b54.2948:  *000000ba45200000-000000ba452fafff 0x0000/0x0004 0x0020000
1b54.2948:   000000ba452fb000-000000ba452fdfff 0x0104/0x0004 0x0020000
1b54.2948:   000000ba452fe000-000000ba452fffff 0x0004/0x0004 0x0020000
1b54.2948:   000000ba45300000-00000209bc16ffff 0x0001/0x0000 0x0000000
1b54.2948:  *00000209bc170000-00000209bc18ffff 0x0004/0x0004 0x0020000
1b54.2948:  *00000209bc190000-00000209bc1b9fff 0x0002/0x0002 0x0040000
1b54.2948:   00000209bc1ba000-00000209bc1bffff 0x0001/0x0000 0x0000000
1b54.2948:  *00000209bc1c0000-00000209bc1c3fff 0x0002/0x0002 0x0040000
1b54.2948:   00000209bc1c4000-00000209bc1cffff 0x0001/0x0000 0x0000000
1b54.2948:  *00000209bc1d0000-00000209bc1d0fff 0x0002/0x0002 0x0040000
1b54.2948:   00000209bc1d1000-00000209bc1dffff 0x0001/0x0000 0x0000000
1b54.2948:  *00000209bc1e0000-00000209bc1e1fff 0x0004/0x0004 0x0020000
1b54.2948:   00000209bc1e2000-00007df5063affff 0x0001/0x0000 0x0000000
1b54.2948:  *00007df5063b0000-00007df507a97fff 0x0000/0x0001 0x0040000
1b54.2948:   00007df507a98000-00007df507b74fff 0x0001/0x0001 0x0040000
1b54.2948:   00007df507b75000-00007df5081a6fff 0x0000/0x0001 0x0040000
1b54.2948:   00007df5081a7000-00007df5081a7fff 0x0001/0x0001 0x0040000
1b54.2948:   00007df5081a8000-00007ff4e4a32fff 0x0000/0x0001 0x0040000
1b54.2948:   00007ff4e4a33000-00007ff4e4a37fff 0x0002/0x0001 0x0040000
1b54.2948:   00007ff4e4a38000-00007ff4fe5fcfff 0x0000/0x0001 0x0040000
1b54.2948:   00007ff4fe5fd000-00007ff502971fff 0x0001/0x0001 0x0040000
1b54.2948:   00007ff502972000-00007ff50297bfff 0x0002/0x0001 0x0040000
1b54.2948:   00007ff50297c000-00007ff5063affff 0x0000/0x0001 0x0040000
1b54.2948:   00007ff5063b0000-00007ff512aeffff 0x0001/0x0000 0x0000000
1b54.2948:  *00007ff512af0000-00007ff512af0fff 0x0002/0x0002 0x0040000
1b54.2948:   00007ff512af1000-00007ff79a0cffff 0x0001/0x0000 0x0000000
1b54.2948:  *00007ff79a0d0000-00007ff79a0d0fff 0x0002/0x0080 0x1000000  \Device\HarddiskVolume2\Program Files\Oracle\VirtualBox\VirtualBoxVM.exe
1b54.2948:   00007ff79a0d1000-00007ff79a13bfff 0x0020/0x0080 0x1000000  \Device\HarddiskVolume2\Program Files\Oracle\VirtualBox\VirtualBoxVM.exe
1b54.2948:   00007ff79a13c000-00007ff79a13cfff 0x0080/0x0080 0x1000000  \Device\HarddiskVolume2\Program Files\Oracle\VirtualBox\VirtualBoxVM.exe
1b54.2948:   00007ff79a13d000-00007ff79a191fff 0x0002/0x0080 0x1000000  \Device\HarddiskVolume2\Program Files\Oracle\VirtualBox\VirtualBoxVM.exe
1b54.2948:   00007ff79a192000-00007ff79a192fff 0x0004/0x0080 0x1000000  \Device\HarddiskVolume2\Program Files\Oracle\VirtualBox\VirtualBoxVM.exe
1b54.2948:   00007ff79a193000-00007ff79a193fff 0x0008/0x0080 0x1000000  \Device\HarddiskVolume2\Program Files\Oracle\VirtualBox\VirtualBoxVM.exe
1b54.2948:   00007ff79a194000-00007ff79a199fff 0x0004/0x0080 0x1000000  \Device\HarddiskVolume2\Program Files\Oracle\VirtualBox\VirtualBoxVM.exe
1b54.2948:   00007ff79a19a000-00007ff79a19efff 0x0008/0x0080 0x1000000  \Device\HarddiskVolume2\Program Files\Oracle\VirtualBox\VirtualBoxVM.exe
1b54.2948:   00007ff79a19f000-00007ff79a1d9fff 0x0002/0x0080 0x1000000  \Device\HarddiskVolume2\Program Files\Oracle\VirtualBox\VirtualBoxVM.exe
1b54.2948:   00007ff79a1da000-00007fff1707ffff 0x0001/0x0000 0x0000000
1b54.2948:  *00007fff17080000-00007fff17080fff 0x0002/0x0080 0x1000000  \Device\HarddiskVolume2\Windows\System32\ntdll.dll
1b54.2948:   00007fff17081000-00007fff171f2fff 0x0020/0x0080 0x1000000  \Device\HarddiskVolume2\Windows\System32\ntdll.dll
1b54.2948:   00007fff171f3000-00007fff1724bfff 0x0002/0x0080 0x1000000  \Device\HarddiskVolume2\Windows\System32\ntdll.dll
1b54.2948:   00007fff1724c000-00007fff17254fff 0x0008/0x0080 0x1000000  \Device\HarddiskVolume2\Windows\System32\ntdll.dll
1b54.2948:   00007fff17255000-00007fff17266fff 0x0002/0x0080 0x1000000  \Device\HarddiskVolume2\Windows\System32\ntdll.dll
1b54.2948:   00007fff17267000-00007fff17269fff 0x0008/0x0080 0x1000000  \Device\HarddiskVolume2\Windows\System32\ntdll.dll
1b54.2948:   00007fff1726a000-00007fff1726afff 0x0004/0x0080 0x1000000  \Device\HarddiskVolume2\Windows\System32\ntdll.dll
1b54.2948:   00007fff1726b000-00007fff172e6fff 0x0002/0x0080 0x1000000  \Device\HarddiskVolume2\Windows\System32\ntdll.dll
1b54.2948:   00007fff172e7000-00007ffffffeffff 0x0001/0x0000 0x0000000
1b54.2948: VirtualBoxVM.exe: timestamp 0x68f21b4f (rc=VINF_SUCCESS)
1b54.2948: '\Device\HarddiskVolume2\Program Files\Oracle\VirtualBox\VirtualBoxVM.exe' has no imports
1b54.2948: VirtualBoxVM.exe: Differences in section #8 (.rsrc) between file and memory:
1b54.2948:   00007ff79a1d7b70 / 0x0107b70: 00 != 50
1b54.2948:   00007ff79a1d7b71 / 0x0107b71: 00 != 41
1b54.2948:   00007ff79a1d7b72 / 0x0107b72: 00 != 44
1b54.2948:   00007ff79a1d7b73 / 0x0107b73: 00 != 44
1b54.2948:   00007ff79a1d7b74 / 0x0107b74: 00 != 49
1b54.2948:   00007ff79a1d7b75 / 0x0107b75: 00 != 4e
1b54.2948:   00007ff79a1d7b76 / 0x0107b76: 00 != 47
1b54.2948:   00007ff79a1d7b77 / 0x0107b77: 00 != 58
1b54.2948:   00007ff79a1d7b78 / 0x0107b78: 00 != 58
1b54.2948:   00007ff79a1d7b79 / 0x0107b79: 00 != 50
1b54.2948:   00007ff79a1d7b7a / 0x0107b7a: 00 != 41
1b54.2948:   00007ff79a1d7b7b / 0x0107b7b: 00 != 44
1b54.2948:   00007ff79a1d7b7c / 0x0107b7c: 00 != 44
1b54.2948:   00007ff79a1d7b7d / 0x0107b7d: 00 != 49
1b54.2948:   00007ff79a1d7b7e / 0x0107b7e: 00 != 4e
1b54.2948:   00007ff79a1d7b7f / 0x0107b7f: 00 != 47
1b54.2948:   00007ff79a1d7b80 / 0x0107b80: 00 != 50
1b54.2948:   00007ff79a1d7b81 / 0x0107b81: 00 != 41
1b54.2948:   00007ff79a1d7b82 / 0x0107b82: 00 != 44
1b54.2948:   00007ff79a1d7b83 / 0x0107b83: 00 != 44
1b54.2948:   00007ff79a1d7b84 / 0x0107b84: 00 != 49
1b54.2948:   00007ff79a1d7b85 / 0x0107b85: 00 != 4e
1b54.2948:   00007ff79a1d7b86 / 0x0107b86: 00 != 47
1b54.2948:   00007ff79a1d7b87 / 0x0107b87: 00 != 58
1b54.2948:   00007ff79a1d7b88 / 0x0107b88: 00 != 58
1b54.2948:   00007ff79a1d7b89 / 0x0107b89: 00 != 50
1b54.2948:   00007ff79a1d7b8a / 0x0107b8a: 00 != 41
1b54.2948:   00007ff79a1d7b8b / 0x0107b8b: 00 != 44
1b54.2948:   00007ff79a1d7b8c / 0x0107b8c: 00 != 44
1b54.2948:   00007ff79a1d7b8d / 0x0107b8d: 00 != 49
1b54.2948:   00007ff79a1d7b8e / 0x0107b8e: 00 != 4e
1b54.2948:   00007ff79a1d7b8f / 0x0107b8f: 00 != 47
1b54.2948:   00007ff79a1d7b90 / 0x0107b90: 00 != 50
1b54.2948:   00007ff79a1d7b91 / 0x0107b91: 00 != 41
1b54.2948:   00007ff79a1d7b92 / 0x0107b92: 00 != 44
1b54.2948:   00007ff79a1d7b93 / 0x0107b93: 00 != 44
1b54.2948:   00007ff79a1d7b94 / 0x0107b94: 00 != 49
1b54.2948:   00007ff79a1d7b95 / 0x0107b95: 00 != 4e
1b54.2948:   00007ff79a1d7b96 / 0x0107b96: 00 != 47
1b54.2948:   00007ff79a1d7b97 / 0x0107b97: 00 != 58
1b54.2948:   00007ff79a1d7b98 / 0x0107b98: 00 != 58
1b54.2948:   00007ff79a1d7b99 / 0x0107b99: 00 != 50
1b54.2948:   00007ff79a1d7b9a / 0x0107b9a: 00 != 41
1b54.2948:   00007ff79a1d7b9b / 0x0107b9b: 00 != 44
1b54.2948:   00007ff79a1d7b9c / 0x0107b9c: 00 != 44
1b54.2948:   00007ff79a1d7b9d / 0x0107b9d: 00 != 49
1b54.2948:   00007ff79a1d7b9e / 0x0107b9e: 00 != 4e
1b54.2948:   00007ff79a1d7b9f / 0x0107b9f: 00 != 47
1b54.2948:   00007ff79a1d7ba0 / 0x0107ba0: 00 != 50
1b54.2948:   00007ff79a1d7ba1 / 0x0107ba1: 00 != 41
1b54.2948:   00007ff79a1d7ba2 / 0x0107ba2: 00 != 44
1b54.2948:   00007ff79a1d7ba3 / 0x0107ba3: 00 != 44
1b54.2948:   00007ff79a1d7ba4 / 0x0107ba4: 00 != 49
1b54.2948:   00007ff79a1d7ba5 / 0x0107ba5: 00 != 4e
1b54.2948:   00007ff79a1d7ba6 / 0x0107ba6: 00 != 47
1b54.2948:   00007ff79a1d7ba7 / 0x0107ba7: 00 != 58
1b54.2948:   00007ff79a1d7ba8 / 0x0107ba8: 00 != 58
1b54.2948:   00007ff79a1d7ba9 / 0x0107ba9: 00 != 50
1b54.2948:   00007ff79a1d7baa / 0x0107baa: 00 != 41
1b54.2948:   00007ff79a1d7bab / 0x0107bab: 00 != 44
1b54.2948:   00007ff79a1d7bac / 0x0107bac: 00 != 44
1b54.2948:   00007ff79a1d7bad / 0x0107bad: 00 != 49
1b54.2948:   00007ff79a1d7bae / 0x0107bae: 00 != 4e
1b54.2948:   00007ff79a1d7baf / 0x0107baf: 00 != 47
1b54.2948:   00007ff79a1d7bb0 / 0x0107bb0: 00 != 50
1b54.2948:   00007ff79a1d7bb1 / 0x0107bb1: 00 != 41
1b54.2948:   00007ff79a1d7bb2 / 0x0107bb2: 00 != 44
1b54.2948:   00007ff79a1d7bb3 / 0x0107bb3: 00 != 44
1b54.2948:   00007ff79a1d7bb4 / 0x0107bb4: 00 != 49
1b54.2948:   00007ff79a1d7bb5 / 0x0107bb5: 00 != 4e
1b54.2948:   00007ff79a1d7bb6 / 0x0107bb6: 00 != 47
1b54.2948:   00007ff79a1d7bb7 / 0x0107bb7: 00 != 58
1b54.2948:   00007ff79a1d7bb8 / 0x0107bb8: 00 != 58
1b54.2948:   00007ff79a1d7bb9 / 0x0107bb9: 00 != 50
1b54.2948:   00007ff79a1d7bba / 0x0107bba: 00 != 41
1b54.2948:   00007ff79a1d7bbb / 0x0107bbb: 00 != 44
1b54.2948:   00007ff79a1d7bbc / 0x0107bbc: 00 != 44
1b54.2948:   00007ff79a1d7bbd / 0x0107bbd: 00 != 49
1b54.2948:   00007ff79a1d7bbe / 0x0107bbe: 00 != 4e
1b54.2948:   00007ff79a1d7bbf / 0x0107bbf: 00 != 47
1b54.2948:   00007ff79a1d7bc0 / 0x0107bc0: 00 != 50
1b54.2948:   00007ff79a1d7bc1 / 0x0107bc1: 00 != 41
1b54.2948:   00007ff79a1d7bc2 / 0x0107bc2: 00 != 44
1b54.2948:   00007ff79a1d7bc3 / 0x0107bc3: 00 != 44
1b54.2948:   00007ff79a1d7bc4 / 0x0107bc4: 00 != 49
1b54.2948:   00007ff79a1d7bc5 / 0x0107bc5: 00 != 4e
1b54.2948:   00007ff79a1d7bc6 / 0x0107bc6: 00 != 47
1b54.2948:   00007ff79a1d7bc7 / 0x0107bc7: 00 != 58
1b54.2948:   00007ff79a1d7bc8 / 0x0107bc8: 00 != 58
1b54.2948:   00007ff79a1d7bc9 / 0x0107bc9: 00 != 50
1b54.2948:   00007ff79a1d7bca / 0x0107bca: 00 != 41
1b54.2948:   00007ff79a1d7bcb / 0x0107bcb: 00 != 44
1b54.2948:   00007ff79a1d7bcc / 0x0107bcc: 00 != 44
1b54.2948:   00007ff79a1d7bcd / 0x0107bcd: 00 != 49
1b54.2948:   00007ff79a1d7bce / 0x0107bce: 00 != 4e
1b54.2948:   00007ff79a1d7bcf / 0x0107bcf: 00 != 47
1b54.2948:   00007ff79a1d7bd0 / 0x0107bd0: 00 != 50
1b54.2948:   00007ff79a1d7bd1 / 0x0107bd1: 00 != 41
1b54.2948:   00007ff79a1d7bd2 / 0x0107bd2: 00 != 44
1b54.2948:   00007ff79a1d7bd3 / 0x0107bd3: 00 != 44
1b54.2948:   00007ff79a1d7bd4 / 0x0107bd4: 00 != 49
1b54.2948:   00007ff79a1d7bd5 / 0x0107bd5: 00 != 4e
1b54.2948:   00007ff79a1d7bd6 / 0x0107bd6: 00 != 47
1b54.2948:   00007ff79a1d7bd7 / 0x0107bd7: 00 != 58
1b54.2948:   00007ff79a1d7bd8 / 0x0107bd8: 00 != 58
1b54.2948:   00007ff79a1d7bd9 / 0x0107bd9: 00 != 50
1b54.2948:   00007ff79a1d7bda / 0x0107bda: 00 != 41
1b54.2948:   00007ff79a1d7bdb / 0x0107bdb: 00 != 44
1b54.2948:   00007ff79a1d7bdc / 0x0107bdc: 00 != 44
1b54.2948:   00007ff79a1d7bdd / 0x0107bdd: 00 != 49
1b54.2948:   00007ff79a1d7bde / 0x0107bde: 00 != 4e
1b54.2948:   00007ff79a1d7bdf / 0x0107bdf: 00 != 47
1b54.2948:   00007ff79a1d7be0 / 0x0107be0: 00 != 50
1b54.2948:   00007ff79a1d7be1 / 0x0107be1: 00 != 41
1b54.2948:   00007ff79a1d7be2 / 0x0107be2: 00 != 44
1b54.2948:   00007ff79a1d7be3 / 0x0107be3: 00 != 44
1b54.2948:   00007ff79a1d7be4 / 0x0107be4: 00 != 49
1b54.2948:   00007ff79a1d7be5 / 0x0107be5: 00 != 4e
1b54.2948:   00007ff79a1d7be6 / 0x0107be6: 00 != 47
1b54.2948:   00007ff79a1d7be7 / 0x0107be7: 00 != 58
1b54.2948:   00007ff79a1d7be8 / 0x0107be8: 00 != 58
1b54.2948:   00007ff79a1d7be9 / 0x0107be9: 00 != 50
1b54.2948:   00007ff79a1d7bea / 0x0107bea: 00 != 41
1b54.2948:   00007ff79a1d7beb / 0x0107beb: 00 != 44
1b54.2948:   00007ff79a1d7bec / 0x0107bec: 00 != 44
1b54.2948:   00007ff79a1d7bed / 0x0107bed: 00 != 49
1b54.2948:   00007ff79a1d7bee / 0x0107bee: 00 != 4e
1b54.2948:   00007ff79a1d7bef / 0x0107bef: 00 != 47
1b54.2948:   00007ff79a1d7bf0 / 0x0107bf0: 00 != 50
1b54.2948:   00007ff79a1d7bf1 / 0x0107bf1: 00 != 41
1b54.2948:   00007ff79a1d7bf2 / 0x0107bf2: 00 != 44
1b54.2948:   00007ff79a1d7bf3 / 0x0107bf3: 00 != 44
1b54.2948:   00007ff79a1d7bf4 / 0x0107bf4: 00 != 49
1b54.2948:   00007ff79a1d7bf5 / 0x0107bf5: 00 != 4e
1b54.2948:   00007ff79a1d7bf6 / 0x0107bf6: 00 != 47
1b54.2948:   00007ff79a1d7bf7 / 0x0107bf7: 00 != 58
1b54.2948:   00007ff79a1d7bf8 / 0x0107bf8: 00 != 58
1b54.2948:   00007ff79a1d7bf9 / 0x0107bf9: 00 != 50
1b54.2948:   00007ff79a1d7bfa / 0x0107bfa: 00 != 41
1b54.2948:   00007ff79a1d7bfb / 0x0107bfb: 00 != 44
1b54.2948:   00007ff79a1d7bfc / 0x0107bfc: 00 != 44
1b54.2948:   00007ff79a1d7bfd / 0x0107bfd: 00 != 49
1b54.2948:   00007ff79a1d7bfe / 0x0107bfe: 00 != 4e
1b54.2948:   00007ff79a1d7bff / 0x0107bff: 00 != 47
1b54.2948:   Restored 0x490 bytes of original file content at 00007ff79a1d7b70
1b54.2948: '\Device\HarddiskVolume2\Windows\System32\ntdll.dll' has no imports
1b54.2948: ntdll.dll: Differences in section #13 (.mrdata) between file and memory:
1b54.2948:   00007fff1726a4a0 / 0x01ea4a0: 00 != a0
1b54.2948:   00007fff1726a4a1 / 0x01ea4a1: 00 != d2
1b54.2948:   00007fff1726a4a2 / 0x01ea4a2: 00 != f3
1b54.2948:   00007fff1726a4a3 / 0x01ea4a3: 00 != 77
1b54.2948:   00007fff1726a4a8 / 0x01ea4a8: 00 != a8
1b54.2948:   00007fff1726a4a9 / 0x01ea4a9: 00 != 97
1b54.2948:   00007fff1726a4aa / 0x01ea4aa: 00 != f3
1b54.2948:   00007fff1726a4ab / 0x01ea4ab: 00 != 77
1b54.2948:   00007fff1726a4e8 / 0x01ea4e8: 00 != 26
1b54.2948:   00007fff1726a4e9 / 0x01ea4e9: 00 != 1d
1b54.2948:   00007fff1726a4ea / 0x01ea4ea: 00 != 05
1b54.2948:   00007fff1726a4eb / 0x01ea4eb: 00 != f5
1b54.2948:   00007fff1726a4f0 / 0x01ea4f0: 00 != 10
1b54.2948:   00007fff1726a4f5 / 0x01ea4f5: 00 != 01
1b54.2948:   00007fff1726a500 / 0x01ea500: 00 != 02
1b54.2948:   00007fff1726a501 / 0x01ea501: 00 != 20
1b54.2948:   00007fff1726a50a / 0x01ea50a: 00 != 3b
1b54.2948:   00007fff1726a50b / 0x01ea50b: 00 != 06
1b54.2948:   00007fff1726a50c / 0x01ea50c: 00 != f5
1b54.2948:   00007fff1726a50d / 0x01ea50d: 00 != 7d
1b54.2948:   00007fff1726a515 / 0x01ea515: 00 != 02
1b54.2948:   Restored 0x118 bytes of original file content at 00007fff1726a4a0
1b54.2948: supR3HardNtChildPurify: cFixes=2 g_fSupAdversaries=0x80000000
1b54.2948: supR3HardNtChildPurify: Startup delay kludge #1/1: 518 ms, 33 sleeps
1b54.2948: supHardNtVpScanVirtualMemory: enmKind=CHILD_PURIFICATION
1b54.2948:  *0000000000000000-000000007ffdffff 0x0001/0x0000 0x0000000
1b54.2948:  *000000007ffe0000-000000007ffe0fff 0x0002/0x0002 0x0020000
1b54.2948:   000000007ffe1000-000000007ffedfff 0x0001/0x0000 0x0000000
1b54.2948:  *000000007ffee000-000000007ffeefff 0x0002/0x0002 0x0020000
1b54.2948:   000000007ffef000-000000ba44ffffff 0x0001/0x0000 0x0000000
1b54.2948:  *000000ba45000000-000000ba451b1fff 0x0000/0x0004 0x0020000
1b54.2948:   000000ba451b2000-000000ba451b4fff 0x0004/0x0004 0x0020000
1b54.2948:   000000ba451b5000-000000ba451fffff 0x0000/0x0004 0x0020000
1b54.2948:  *000000ba45200000-000000ba452fafff 0x0000/0x0004 0x0020000
1b54.2948:   000000ba452fb000-000000ba452fdfff 0x0104/0x0004 0x0020000
1b54.2948:   000000ba452fe000-000000ba452fffff 0x0004/0x0004 0x0020000
1b54.2948:   000000ba45300000-00000209bc16ffff 0x0001/0x0000 0x0000000
1b54.2948:  *00000209bc170000-00000209bc18ffff 0x0004/0x0004 0x0020000
1b54.2948:  *00000209bc190000-00000209bc1b9fff 0x0002/0x0002 0x0040000
1b54.2948:   00000209bc1ba000-00000209bc1bffff 0x0001/0x0000 0x0000000
1b54.2948:  *00000209bc1c0000-00000209bc1c3fff 0x0002/0x0002 0x0040000
1b54.2948:   00000209bc1c4000-00000209bc1cffff 0x0001/0x0000 0x0000000
1b54.2948:  *00000209bc1d0000-00000209bc1d0fff 0x0002/0x0002 0x0040000
1b54.2948:   00000209bc1d1000-00000209bc1dffff 0x0001/0x0000 0x0000000
1b54.2948:  *00000209bc1e0000-00000209bc1e1fff 0x0004/0x0004 0x0020000
1b54.2948:   00000209bc1e2000-00007df5063affff 0x0001/0x0000 0x0000000
1b54.2948:  *00007df5063b0000-00007df507a97fff 0x0000/0x0001 0x0040000
1b54.2948:   00007df507a98000-00007df507b74fff 0x0001/0x0001 0x0040000
1b54.2948:   00007df507b75000-00007df5081a6fff 0x0000/0x0001 0x0040000
1b54.2948:   00007df5081a7000-00007df5081a7fff 0x0001/0x0001 0x0040000
1b54.2948:   00007df5081a8000-00007ff4e4a32fff 0x0000/0x0001 0x0040000
1b54.2948:   00007ff4e4a33000-00007ff4e4a37fff 0x0002/0x0001 0x0040000
1b54.2948:   00007ff4e4a38000-00007ff4fe5fcfff 0x0000/0x0001 0x0040000
1b54.2948:   00007ff4fe5fd000-00007ff502971fff 0x0001/0x0001 0x0040000
1b54.2948:   00007ff502972000-00007ff50297bfff 0x0002/0x0001 0x0040000
1b54.2948:   00007ff50297c000-00007ff5063affff 0x0000/0x0001 0x0040000
1b54.2948:   00007ff5063b0000-00007ff512aeffff 0x0001/0x0000 0x0000000
1b54.2948:  *00007ff512af0000-00007ff512af0fff 0x0002/0x0002 0x0040000
1b54.2948:   00007ff512af1000-00007ff79a0cffff 0x0001/0x0000 0x0000000
1b54.2948:  *00007ff79a0d0000-00007ff79a0d0fff 0x0002/0x0080 0x1000000  \Device\HarddiskVolume2\Program Files\Oracle\VirtualBox\VirtualBoxVM.exe
1b54.2948:   00007ff79a0d1000-00007ff79a13bfff 0x0020/0x0080 0x1000000  \Device\HarddiskVolume2\Program Files\Oracle\VirtualBox\VirtualBoxVM.exe
1b54.2948:   00007ff79a13c000-00007ff79a13cfff 0x0040/0x0080 0x1000000  \Device\HarddiskVolume2\Program Files\Oracle\VirtualBox\VirtualBoxVM.exe
1b54.2948:   00007ff79a13d000-00007ff79a191fff 0x0002/0x0080 0x1000000  \Device\HarddiskVolume2\Program Files\Oracle\VirtualBox\VirtualBoxVM.exe
1b54.2948:   00007ff79a192000-00007ff79a19efff 0x0004/0x0080 0x1000000  \Device\HarddiskVolume2\Program Files\Oracle\VirtualBox\VirtualBoxVM.exe
1b54.2948:   00007ff79a19f000-00007ff79a1d9fff 0x0002/0x0080 0x1000000  \Device\HarddiskVolume2\Program Files\Oracle\VirtualBox\VirtualBoxVM.exe
1b54.2948:   00007ff79a1da000-00007fff1707ffff 0x0001/0x0000 0x0000000
1b54.2948:  *00007fff17080000-00007fff17080fff 0x0002/0x0080 0x1000000  \Device\HarddiskVolume2\Windows\System32\ntdll.dll
1b54.2948:   00007fff17081000-00007fff171f2fff 0x0020/0x0080 0x1000000  \Device\HarddiskVolume2\Windows\System32\ntdll.dll
1b54.2948:   00007fff171f3000-00007fff1724bfff 0x0002/0x0080 0x1000000  \Device\HarddiskVolume2\Windows\System32\ntdll.dll
1b54.2948:   00007fff1724c000-00007fff1724cfff 0x0004/0x0080 0x1000000  \Device\HarddiskVolume2\Windows\System32\ntdll.dll
1b54.2948:   00007fff1724d000-00007fff1724dfff 0x0008/0x0080 0x1000000  \Device\HarddiskVolume2\Windows\System32\ntdll.dll
1b54.2948:   00007fff1724e000-00007fff17254fff 0x0004/0x0080 0x1000000  \Device\HarddiskVolume2\Windows\System32\ntdll.dll
1b54.2948:   00007fff17255000-00007fff17266fff 0x0002/0x0080 0x1000000  \Device\HarddiskVolume2\Windows\System32\ntdll.dll
1b54.2948:   00007fff17267000-00007fff17267fff 0x0004/0x0080 0x1000000  \Device\HarddiskVolume2\Windows\System32\ntdll.dll
1b54.2948:   00007fff17268000-00007fff17269fff 0x0008/0x0080 0x1000000  \Device\HarddiskVolume2\Windows\System32\ntdll.dll
1b54.2948:   00007fff1726a000-00007fff1726afff 0x0004/0x0080 0x1000000  \Device\HarddiskVolume2\Windows\System32\ntdll.dll
1b54.2948:   00007fff1726b000-00007fff172e6fff 0x0002/0x0080 0x1000000  \Device\HarddiskVolume2\Windows\System32\ntdll.dll
1b54.2948:   00007fff172e7000-00007ffffffeffff 0x0001/0x0000 0x0000000
1b54.2948: supR3HardNtChildPurify: Done after 825 ms and 2 fixes (loop #1).
1b54.2948: supR3HardenedEarlyCompact: Removed heap 1 (0x00018435300000 LB 0x800000)
52dc.6d38: supR3HardenedVmProcessInit: uNtDllAddr=00007fff17080000 g_uNtVerCombined=0xa0665800 (stack ~000000ba452fe850)
52dc.6d38: ntdll.dll: timestamp 0xf7576e9e (rc=VINF_SUCCESS)
1b54.2948: supR3HardNtEnableThreadCreationEx:
52dc.6d38: New simple heap: #1 00000209bc2f0000 LB 0x800000 (for 2519040 allocation)
52dc.6d38: supR3HardenedWinInitAppBin(0x0): '\Device\HarddiskVolume2\Program Files\Oracle\VirtualBox'
52dc.6d38: System32:  \Device\HarddiskVolume2\Windows\System32
52dc.6d38: WinSxS:    \Device\HarddiskVolume2\Windows\WinSxS
52dc.6d38: KnownDllPath: C:\WINDOWS\System32
52dc.6d38: supR3HardenedVmProcessInit: Opening vboxsup...
52dc.6d38: supR3HardenedVmProcessInit: Restoring LdrInitializeThunk...
52dc.6d38: supR3HardenedVmProcessInit: Returning to LdrInitializeThunk...
52dc.6d38: Registered Dll notification callback with NTDLL.
52dc.6d38: supHardenedWinVerifyImageByHandle: -> 0 (\Device\HarddiskVolume2\Windows\System32\kernel32.dll)
52dc.6d38: supR3HardenedWinVerifyCacheInsert: \Device\HarddiskVolume2\Windows\System32\kernel32.dll
52dc.6d38: supR3HardenedMonitor_LdrLoadDll: pName=C:\WINDOWS\System32\KERNEL32.DLL (Input=KERNEL32.DLL, rcNtResolve=0xc0150008) *pfFlags=0xffffffff pwszSearchPath=0000000000004001:<flags> [calling]
52dc.6d38: supR3HardenedDllNotificationCallback: load   00007fff13950000 LB 0x003f4000 C:\WINDOWS\System32\KERNELBASE.dll [fFlags=0x0]
52dc.6d38: supHardenedWinVerifyImageByHandle: -> 0 (\Device\HarddiskVolume2\Windows\System32\KernelBase.dll)
52dc.6d38: supR3HardenedWinVerifyCacheInsert: \Device\HarddiskVolume2\Windows\System32\KernelBase.dll
52dc.6d38: supR3HardenedDllNotificationCallback: load   00007fff16290000 LB 0x000c9000 C:\WINDOWS\System32\KERNEL32.DLL [fFlags=0x0]
52dc.6d38: supR3HardenedScreenImage/LdrLoadDll: cache hit (VINF_SUCCESS) on \Device\HarddiskVolume2\Windows\System32\kernel32.dll [lacks WinVerifyTrust]
52dc.6d38: supR3HardenedMonitor_LdrLoadDll: returns rcNt=0x0 hMod=00007fff16290000 'C:\WINDOWS\System32\KERNEL32.DLL'
52dc.6d38: supR3HardenedScreenImage/LdrLoadDll: cache hit (VINF_SUCCESS) on \Device\HarddiskVolume2\Windows\System32\KernelBase.dll [lacks WinVerifyTrust]
52dc.6d38: supR3HardenedMonitor_LdrLoadDll: pName=C:\WINDOWS\System32\KERNELBASE.dll (Input=KERNELBASE.dll, rcNtResolve=0xc0150008) *pfFlags=0xffffffff pwszSearchPath=0000000000004001:<flags> [calling]
52dc.6d38: supR3HardenedMonitor_LdrLoadDll: returns rcNt=0x0 hMod=00007fff13950000 'C:\WINDOWS\System32\KERNELBASE.dll'
52dc.6d38: supR3HardenedDllNotificationCallback: load   00007ff79a0d0000 LB 0x0010a000 C:\Program Files\Oracle\VirtualBox\VirtualBoxVM.exe [fFlags=0x0]
52dc.6d38: '\Device\HarddiskVolume2\Program Files\Oracle\VirtualBox\VirtualBoxVM.exe' has no imports
52dc.6d38: supHardenedWinVerifyImageByHandle: -> 0 (\Device\HarddiskVolume2\Program Files\Oracle\VirtualBox\VirtualBoxVM.exe)
52dc.6d38: supR3HardenedWinVerifyCacheInsert: \Device\HarddiskVolume2\Program Files\Oracle\VirtualBox\VirtualBoxVM.exe
52dc.6d38: supR3HardNtDisableThreadCreation: pvLdrInitThunk=00007fff1716b070 pvNtTerminateThread=00007fff171e2550 g_LdrInitThunkSelfBackup.cb=0
52dc.6d38: supR3HardNtDisableThreadCreationEx: Backup=40 53 48 83 ec 20 48 8b d9 e8 1a 00 00 00 b2 01
1b54.2948: supR3HardNtChildWaitFor: Found expected request 1 (CloseEvents) after 82 ms.
52dc.6d38: \SystemRoot\System32\ntdll.dll:
52dc.6d38:     CreationTime:    2026-04-15T08:55:17.136847900Z
52dc.6d38:     LastWriteTime:   2026-04-15T08:55:17.205708100Z
52dc.6d38:     ChangeTime:      2026-04-16T19:25:28.835746100Z
52dc.6d38:     FileAttributes:  0x20
52dc.6d38:     Size:            0x267be8
52dc.6d38:     NT Headers:      0xe0
52dc.6d38:     Timestamp:       0xf7576e9e
52dc.6d38:     Machine:         0x8664 - amd64
52dc.6d38:     Timestamp:       0xf7576e9e
52dc.6d38:     Image Version:   10.0
52dc.6d38:     SizeOfImage:     0x267000 (2519040)
52dc.6d38:     Resource Dir:    0x1eb000 LB 0x7a1b8
52dc.6d38:     [Version info resource found at 0xd8! (ID/Name: 0x1; SubID/SubName: 0x409)]
52dc.6d38:     [Raw version resource data: 0x1eb0f0 LB 0x380, codepage 0x0 (reserved 0x0)]
52dc.6d38:     ProductName:     Microsoft® Windows® Operating System
52dc.6d38:     ProductVersion:  10.0.26100.8246
52dc.6d38:     FileVersion:     10.0.26100.8246 (WinBuild.160101.0800)
52dc.6d38:     FileDescription: NT Layer DLL
52dc.6d38: \SystemRoot\System32\kernel32.dll:
52dc.6d38:     CreationTime:    2026-04-15T08:55:15.494388500Z
52dc.6d38:     LastWriteTime:   2026-04-15T08:55:15.519387500Z
52dc.6d38:     ChangeTime:      2026-04-16T19:26:18.569518100Z
52dc.6d38:     FileAttributes:  0x20
52dc.6d38:     Size:            0xcc298
52dc.6d38:     NT Headers:      0xf8
52dc.6d38:     Timestamp:       0x7635528f
52dc.6d38:     Machine:         0x8664 - amd64
52dc.6d38:     Timestamp:       0x7635528f
52dc.6d38:     Image Version:   10.0
52dc.6d38:     SizeOfImage:     0xc9000 (823296)
52dc.6d38:     Resource Dir:    0xc7000 LB 0x520
52dc.6d38:     [Version info resource found at 0x90! (ID/Name: 0x1; SubID/SubName: 0x409)]
52dc.6d38:     [Raw version resource data: 0xc70b0 LB 0x3a4, codepage 0x0 (reserved 0x0)]
52dc.6d38:     ProductName:     Microsoft® Windows® Operating System
52dc.6d38:     ProductVersion:  10.0.26100.8246
52dc.6d38:     FileVersion:     10.0.26100.8246 (WinBuild.160101.0800)
52dc.6d38:     FileDescription: Windows NT BASE API Client DLL
52dc.6d38: \SystemRoot\System32\KernelBase.dll:
52dc.6d38:     CreationTime:    2026-04-15T08:55:15.503999200Z
52dc.6d38:     LastWriteTime:   2026-04-15T08:55:15.723734700Z
52dc.6d38:     ChangeTime:      2026-04-16T19:26:18.628595200Z
52dc.6d38:     FileAttributes:  0x20
52dc.6d38:     Size:            0x3f6388
52dc.6d38:     NT Headers:      0x108
52dc.6d38:     Timestamp:       0x208e0cb7
52dc.6d38:     Machine:         0x8664 - amd64
52dc.6d38:     Timestamp:       0x208e0cb7
52dc.6d38:     Image Version:   10.0
52dc.6d38:     SizeOfImage:     0x3f4000 (4145152)
52dc.6d38:     Resource Dir:    0x3ba000 LB 0x548
52dc.6d38:     [Version info resource found at 0x90! (ID/Name: 0x1; SubID/SubName: 0x409)]
52dc.6d38:     [Raw version resource data: 0x3ba0b0 LB 0x3bc, codepage 0x0 (reserved 0x0)]
52dc.6d38:     ProductName:     Microsoft® Windows® Operating System
52dc.6d38:     ProductVersion:  10.0.26100.8246
52dc.6d38:     FileVersion:     10.0.26100.8246 (WinBuild.160101.0800)
52dc.6d38:     FileDescription: Windows NT BASE API Client DLL
52dc.6d38: \SystemRoot\System32\apisetschema.dll:
52dc.6d38:     CreationTime:    2026-04-15T08:55:09.521767400Z
52dc.6d38:     LastWriteTime:   2026-04-15T08:55:09.529796200Z
52dc.6d38:     ChangeTime:      2026-04-16T19:25:18.785071600Z
52dc.6d38:     FileAttributes:  0x20
52dc.6d38:     Size:            0x2f600
52dc.6d38:     NT Headers:      0xd8
52dc.6d38:     Timestamp:       0xfb040896
52dc.6d38:     Machine:         0x8664 - amd64
52dc.6d38:     Timestamp:       0xfb040896
52dc.6d38:     Image Version:   10.0
52dc.6d38:     SizeOfImage:     0x2e000 (188416)
52dc.6d38:     Resource Dir:    0x2d000 LB 0x408
52dc.6d38:     [Version info resource found at 0x48! (ID/Name: 0x1; SubID/SubName: 0x409)]
52dc.6d38:     [Raw version resource data: 0x2d060 LB 0x3a8, codepage 0x0 (reserved 0x0)]
52dc.6d38:     ProductName:     Microsoft® Windows® Operating System
52dc.6d38:     ProductVersion:  10.0.26100.8115
52dc.6d38:     FileVersion:     10.0.26100.8115 (WinBuild.160101.0800)
52dc.6d38:     FileDescription: ApiSet Schema DLL
52dc.6d38: NtOpenDirectoryObject failed on \Driver: 0xc0000022
52dc.6d38: supR3HardenedWinFindAdversaries: 0x0
52dc.6d38: supR3HardenedWinInitAppBin(0x0): '\Device\HarddiskVolume2\Program Files\Oracle\VirtualBox'
52dc.6d38: Calling main()
52dc.6d38: SUPR3HardenedMain: pszProgName=VirtualBoxVM fFlags=0x2
52dc.6d38: supR3HardenedWinInitAppBin(0x2): '\Device\HarddiskVolume2\Program Files\Oracle\VirtualBox'
52dc.6d38: '\Device\HarddiskVolume2\Program Files\Oracle\VirtualBox\VirtualBoxVM.exe' has no imports
52dc.6d38: supHardenedWinVerifyImageByHandle: -> 0 (\Device\HarddiskVolume2\Program Files\Oracle\VirtualBox\VirtualBoxVM.exe)
52dc.6d38: SUPR3HardenedMain: Final process, opening VBoxDrv...
52dc.6d38: supR3HardenedEarlyCompact: Removed heap 1 (0x000209bc2f0000 LB 0x800000)
52dc.6d38: supR3HardNtEnableThreadCreationEx:
52dc.6d38: supHardenedWinVerifyImageByHandle: -> 0 (\Device\HarddiskVolume2\Program Files\Oracle\VirtualBox\VBoxSupLib.dll)
52dc.6d38: supR3HardenedWinVerifyCacheInsert: \Device\HarddiskVolume2\Program Files\Oracle\VirtualBox\VBoxSupLib.dll
52dc.6d38: supR3HardenedMonitor_LdrLoadDll: pName=C:\Program Files\Oracle\VirtualBox\VBoxSupLib.DLL (rcNtResolve=0xc0150008) *pfFlags=0x0 pwszSearchPath=0000000000000801:<flags> [calling]
52dc.6d38: supR3HardenedScreenImage/NtCreateSection: cache hit (VINF_SUCCESS) on \Device\HarddiskVolume2\Program Files\Oracle\VirtualBox\VBoxSupLib.dll [lacks WinVerifyTrust]
52dc.6d38: supR3HardenedDllNotificationCallback: load   00007fff0d130000 LB 0x00005000 C:\Program Files\Oracle\VirtualBox\VBoxSupLib.DLL [fFlags=0x0]
52dc.6d38: supR3HardenedScreenImage/LdrLoadDll: cache hit (VINF_SUCCESS) on \Device\HarddiskVolume2\Program Files\Oracle\VirtualBox\VBoxSupLib.dll [lacks WinVerifyTrust]
52dc.6d38: supR3HardenedScreenImage/LdrLoadDll: cache hit (VINF_SUCCESS) on \Device\HarddiskVolume2\Program Files\Oracle\VirtualBox\VBoxSupLib.dll [lacks WinVerifyTrust]
52dc.6d38: supR3HardenedMonitor_LdrLoadDll: pName=C:\Program Files\Oracle\VirtualBox\VBoxSupLib.DLL (rcNtResolve=0xc0150008) *pfFlags=0x0 pwszSearchPath=0000000000000001:<flags> [calling]
52dc.6d38: supR3HardenedMonitor_LdrLoadDll: returns rcNt=0x0 hMod=00007fff0d130000 'C:\Program Files\Oracle\VirtualBox\VBoxSupLib.DLL'
52dc.6d38: supR3HardenedScreenImage/LdrLoadDll: cache hit (VINF_SUCCESS) on \Device\HarddiskVolume2\Program Files\Oracle\VirtualBox\VBoxSupLib.dll [lacks WinVerifyTrust]
52dc.6d38: supR3HardenedMonitor_LdrLoadDll: pName=C:\Program Files\Oracle\VirtualBox\VBoxSupLib.DLL (rcNtResolve=0xc0150008) *pfFlags=0x0 pwszSearchPath=0000000000000001:<flags> [calling]
52dc.6d38: supR3HardenedMonitor_LdrLoadDll: returns rcNt=0x0 hMod=00007fff0d130000 'C:\Program Files\Oracle\VirtualBox\VBoxSupLib.DLL'
52dc.6d38: supR3HardenedMonitor_LdrLoadDll: returns rcNt=0x0 hMod=00007fff0d130000 'C:\Program Files\Oracle\VirtualBox\VBoxSupLib.DLL'
52dc.6d38: supR3HardenedWinVerifyCacheScheduleImports: Import todo: #0 'msvcrt.dll'.
52dc.6d38: supR3HardenedWinVerifyCacheScheduleImports: Import todo: #30 'rpcrt4.dll'.
52dc.6d38: supHardenedWinVerifyImageByHandle: -> 0 (\Device\HarddiskVolume2\Windows\System32\wintrust.dll)
52dc.6d38: supR3HardenedWinVerifyCacheInsert: \Device\HarddiskVolume2\Windows\System32\wintrust.dll
52dc.6d38: supR3HardenedWinVerifyCacheProcessImportTodos: Processing 'rpcrt4.dll'...
52dc.6d38: supR3HardenedWinVerifyCacheProcessImportTodos: 'rpcrt4.dll' -> '\Device\HarddiskVolume2\Windows\System32\rpcrt4.dll' [rcNtRedir=0xc0150008]
52dc.6d38: supHardenedWinVerifyImageByHandle: -> 0 (\Device\HarddiskVolume2\Windows\System32\rpcrt4.dll)
52dc.6d38: supR3HardenedWinVerifyCacheInsert: \Device\HarddiskVolume2\Windows\System32\rpcrt4.dll
52dc.6d38: supR3HardenedWinVerifyCacheProcessImportTodos: Processing 'msvcrt.dll'...
52dc.6d38: supR3HardenedWinVerifyCacheProcessImportTodos: 'msvcrt.dll' -> '\Device\HarddiskVolume2\Windows\System32\msvcrt.dll' [rcNtRedir=0xc0150008]
52dc.6d38: supHardenedWinVerifyImageByHandle: -> 0 (\Device\HarddiskVolume2\Windows\System32\msvcrt.dll)
52dc.6d38: supR3HardenedWinVerifyCacheInsert: \Device\HarddiskVolume2\Windows\System32\msvcrt.dll
52dc.6d38: supR3HardenedMonitor_LdrLoadDll: pName=C:\WINDOWS\system32\Wintrust.dll (rcNtResolve=0xc0150008) *pfFlags=0x0 pwszSearchPath=0000000000000801:<flags> [calling]
52dc.6d38: supR3HardenedDllNotificationCallback: load   00007fff16140000 LB 0x000a9000 C:\WINDOWS\System32\msvcrt.dll [fFlags=0x0]
52dc.6d38: supR3HardenedScreenImage/LdrLoadDll: cache hit (VINF_SUCCESS) on \Device\HarddiskVolume2\Windows\System32\msvcrt.dll [lacks WinVerifyTrust]
52dc.6d38: supR3HardenedDllNotificationCallback: load   00007fff15f70000 LB 0x00118000 C:\WINDOWS\System32\RPCRT4.dll [fFlags=0x0]
52dc.6d38: supR3HardenedScreenImage/LdrLoadDll: cache hit (VINF_SUCCESS) on \Device\HarddiskVolume2\Windows\System32\rpcrt4.dll [lacks WinVerifyTrust]
52dc.6d38: supR3HardenedDllNotificationCallback: load   00007fff149e0000 LB 0x00082000 C:\WINDOWS\System32\Wintrust.dll [fFlags=0x0]
52dc.6d38: supR3HardenedScreenImage/LdrLoadDll: cache hit (VINF_SUCCESS) on \Device\HarddiskVolume2\Windows\System32\wintrust.dll [lacks WinVerifyTrust]
52dc.6d38: supR3HardenedDllNotificationCallback: load   00007fff14cc0000 LB 0x0014b000 C:\WINDOWS\System32\ucrtbase.dll [fFlags=0x0]
52dc.6d38: supHardenedWinVerifyImageByHandle: -> 0 (\Device\HarddiskVolume2\Windows\System32\ucrtbase.dll)
52dc.6d38: supR3HardenedWinVerifyCacheInsert: \Device\HarddiskVolume2\Windows\System32\ucrtbase.dll
52dc.6d38: supR3HardenedDllNotificationCallback: load   00007fff14730000 LB 0x00177000 C:\WINDOWS\System32\CRYPT32.dll [fFlags=0x0]
52dc.6d38: supHardenedWinVerifyImageByHandle: -> 0 (\Device\HarddiskVolume2\Windows\System32\crypt32.dll)
52dc.6d38: supR3HardenedWinVerifyCacheInsert: \Device\HarddiskVolume2\Windows\System32\crypt32.dll
52dc.6d38: supR3HardenedIsApiSetDll: ApiSetQueryApiSetPresence(api-ms-win-core-synch-l1-2-0) -> 0x0, fPresent=1
52dc.6d38: supR3HardenedMonitor_LdrLoadDll: pName=api-ms-win-core-synch-l1-2-0 (rcNtResolve=0x0) *pfFlags=0x0 pwszSearchPath=0000000000000801:<flags> [calling]
52dc.6d38: supR3HardenedMonitor_LdrLoadDll: returns rcNt=0x0 hMod=00007fff13950000 'api-ms-win-core-synch-l1-2-0'
52dc.6d38: supR3HardenedIsApiSetDll: ApiSetQueryApiSetPresence(api-ms-win-core-fibers-l1-1-1) -> 0x0, fPresent=1
52dc.6d38: supR3HardenedMonitor_LdrLoadDll: pName=api-ms-win-core-fibers-l1-1-1 (rcNtResolve=0x0) *pfFlags=0x0 pwszSearchPath=0000000000000801:<flags> [calling]
52dc.6d38: supR3HardenedMonitor_LdrLoadDll: returns rcNt=0x0 hMod=00007fff13950000 'api-ms-win-core-fibers-l1-1-1'
52dc.6d38: supR3HardenedIsApiSetDll: ApiSetQueryApiSetPresence(api-ms-win-core-fibers-l1-1-2) -> 0x0, fPresent=1
52dc.6d38: supR3HardenedMonitor_LdrLoadDll: pName=api-ms-win-core-fibers-l1-1-2 (rcNtResolve=0x0) *pfFlags=0x0 pwszSearchPath=0000000000000801:<flags> [calling]
52dc.6d38: supR3HardenedMonitor_LdrLoadDll: returns rcNt=0x0 hMod=00007fff13950000 'api-ms-win-core-fibers-l1-1-2'
52dc.6d38: supHardenedWinVerifyImageByHandle: -> 0 (\Device\HarddiskVolume2\Windows\System32\msasn1.dll)
52dc.6d38: supR3HardenedWinVerifyCacheInsert: \Device\HarddiskVolume2\Windows\System32\msasn1.dll
52dc.6d38: supR3HardenedDllNotificationCallback: load   00007fff12fa0000 LB 0x00013000 C:\WINDOWS\SYSTEM32\MSASN1.dll [fFlags=0x0]
52dc.6d38: supR3HardenedScreenImage/LdrLoadDll: cache hit (VINF_SUCCESS) on \Device\HarddiskVolume2\Windows\System32\msasn1.dll [lacks WinVerifyTrust]
52dc.6d38: supR3HardenedMonitor_LdrLoadDll: returns rcNt=0x0 hMod=00007fff149e0000 'C:\WINDOWS\system32\Wintrust.dll'
52dc.6d38: supHardenedWinVerifyImageByHandle: -> 0 (\Device\HarddiskVolume2\Windows\System32\bcrypt.dll)
52dc.6d38: supR3HardenedWinVerifyCacheInsert: \Device\HarddiskVolume2\Windows\System32\bcrypt.dll
52dc.6d38: supR3HardenedMonitor_LdrLoadDll: pName=C:\WINDOWS\system32\bcrypt.dll (rcNtResolve=0xc0150008) *pfFlags=0x0 pwszSearchPath=0000000000000801:<flags> [calling]
52dc.6d38: supR3HardenedScreenImage/NtCreateSection: cache hit (VINF_SUCCESS) on \Device\HarddiskVolume2\Windows\System32\bcrypt.dll [lacks WinVerifyTrust]
52dc.6d38: supR3HardenedDllNotificationCallback: load   00007fff16790000 LB 0x000a7000 C:\WINDOWS\System32\sechost.dll [fFlags=0x0]
52dc.6d38: supHardenedWinVerifyImageByHandle: -> 0 (\Device\HarddiskVolume2\Windows\System32\sechost.dll)
52dc.6d38: supR3HardenedWinVerifyCacheInsert: \Device\HarddiskVolume2\Windows\System32\sechost.dll
52dc.6d38: supR3HardenedDllNotificationCallback: load   00007fff13840000 LB 0x0002a000 C:\WINDOWS\system32\bcrypt.dll [fFlags=0x0]
52dc.6d38: supR3HardenedScreenImage/LdrLoadDll: cache hit (VINF_SUCCESS) on \Device\HarddiskVolume2\Windows\System32\bcrypt.dll [lacks WinVerifyTrust]
52dc.6d38: supR3HardenedMonitor_LdrLoadDll: returns rcNt=0x0 hMod=00007fff13840000 'C:\WINDOWS\system32\bcrypt.dll'
52dc.6d38: bcrypt.dll loaded at 00007fff13840000, BCryptOpenAlgorithmProvider at 00007fff13849410, preloading providers:
52dc.6d38: supHardenedWinVerifyImageByHandle: -> 0 (\Device\HarddiskVolume2\Windows\System32\bcryptprimitives.dll)
52dc.6d38: supR3HardenedWinVerifyCacheInsert: \Device\HarddiskVolume2\Windows\System32\bcryptprimitives.dll
52dc.6d38: supR3HardenedMonitor_LdrLoadDll: pName=C:\WINDOWS\system32\bcryptprimitives.dll (rcNtResolve=0xc0150008) *pfFlags=0x0 pwszSearchPath=0000000000000001:<flags> [calling]
52dc.6d38: supR3HardenedDllNotificationCallback: load   00007fff13e10000 LB 0x000a5000 C:\WINDOWS\System32\bcryptprimitives.dll [fFlags=0x0]
52dc.6d38: supR3HardenedScreenImage/LdrLoadDll: cache hit (VINF_SUCCESS) on \Device\HarddiskVolume2\Windows\System32\bcryptprimitives.dll [lacks WinVerifyTrust]
52dc.6d38: supR3HardenedMonitor_LdrLoadDll: returns rcNt=0x0 hMod=00007fff13e10000 'C:\WINDOWS\system32\bcryptprimitives.dll'
52dc.6d38:     BCryptOpenAlgorithmProvider(,'MD2',0,0) -> 0x0 (hAlgo=00000209bd10e3d0)
52dc.6d38:     BCryptOpenAlgorithmProvider(,'MD4',0,0) -> 0x0 (hAlgo=00000209bd10ed20)
52dc.6d38:     BCryptOpenAlgorithmProvider(,'MD5',0,0) -> 0x0 (hAlgo=00000209bd10f3e0)
52dc.6d38:     BCryptOpenAlgorithmProvider(,'SHA1',0,0) -> 0x0 (hAlgo=00000209bd10faa0)
52dc.6d38:     BCryptOpenAlgorithmProvider(,'SHA256',0,0) -> 0x0 (hAlgo=00000209bd110160)
52dc.6d38:     BCryptOpenAlgorithmProvider(,'SHA512',0,0) -> 0x0 (hAlgo=00000209bd110820)
52dc.6d38:     BCryptOpenAlgorithmProvider(,'RSA',0,0) -> 0x0 (hAlgo=00000209bd110ee0)
52dc.6d38:     BCryptOpenAlgorithmProvider(,'DSA',0,0) -> 0x0 (hAlgo=00000209bd1115a0)
52dc.6d38: supHardenedWinVerifyImageByHandle: -> 0 (\Device\HarddiskVolume2\Windows\System32\cryptsp.dll)
52dc.6d38: supR3HardenedWinVerifyCacheInsert: \Device\HarddiskVolume2\Windows\System32\cryptsp.dll
52dc.6d38: supR3HardenedDllNotificationCallback: load   00007fff12f30000 LB 0x0001b000 C:\WINDOWS\SYSTEM32\CRYPTSP.dll [fFlags=0x0]
52dc.6d38: supR3HardenedScreenImage/LdrLoadDll: cache hit (VINF_SUCCESS) on \Device\HarddiskVolume2\Windows\System32\cryptsp.dll [lacks WinVerifyTrust]
52dc.6d38: supHardenedWinVerifyImageByHandle: -> 0 (\Device\HarddiskVolume2\Windows\System32\rsaenh.dll)
52dc.6d38: supR3HardenedWinVerifyCacheInsert: \Device\HarddiskVolume2\Windows\System32\rsaenh.dll
52dc.6d38: supR3HardenedMonitor_LdrLoadDll: pName=C:\WINDOWS\system32\rsaenh.dll (rcNtResolve=0xc0150008) *pfFlags=0x0 pwszSearchPath=0000000000000001:<flags> [calling]
52dc.6d38: supR3HardenedScreenImage/NtCreateSection: cache hit (VINF_SUCCESS) on \Device\HarddiskVolume2\Windows\System32\rsaenh.dll [lacks WinVerifyTrust]
52dc.6d38: supR3HardenedDllNotificationCallback: load   00007fff12620000 LB 0x00039000 C:\WINDOWS\system32\rsaenh.dll [fFlags=0x0]
52dc.6d38: supR3HardenedScreenImage/LdrLoadDll: cache hit (VINF_SUCCESS) on \Device\HarddiskVolume2\Windows\System32\rsaenh.dll [lacks WinVerifyTrust]
52dc.6d38: supR3HardenedMonitor_LdrLoadDll: returns rcNt=0x0 hMod=00007fff12620000 'C:\WINDOWS\system32\rsaenh.dll'
52dc.6d38: supHardenedWinVerifyImageByHandle: -> 0 (\Device\HarddiskVolume2\Windows\System32\cryptbase.dll)
52dc.6d38: supR3HardenedWinVerifyCacheInsert: \Device\HarddiskVolume2\Windows\System32\cryptbase.dll
52dc.6d38: supR3HardenedDllNotificationCallback: load   00007fff12f50000 LB 0x0000c000 C:\WINDOWS\SYSTEM32\CRYPTBASE.dll [fFlags=0x0]
52dc.6d38: supR3HardenedScreenImage/LdrLoadDll: cache hit (VINF_SUCCESS) on \Device\HarddiskVolume2\Windows\System32\cryptbase.dll [lacks WinVerifyTrust]
52dc.6d38: supR3HardenedScreenImage/LdrLoadDll: cache hit (VINF_SUCCESS) on \Device\HarddiskVolume2\Windows\System32\kernel32.dll [lacks WinVerifyTrust]
52dc.6d38: supR3HardenedMonitor_LdrLoadDll: pName=C:\WINDOWS\System32\kernel32.dll (Input=kernel32.dll, rcNtResolve=0xc0150008) *pfFlags=0x0 pwszSearchPath=0000000000000001:<flags> [calling]
52dc.6d38: supR3HardenedMonitor_LdrLoadDll: returns rcNt=0x0 hMod=00007fff16290000 'C:\WINDOWS\System32\kernel32.dll'
52dc.6d38: supR3HardenedScreenImage/LdrLoadDll: cache hit (VINF_SUCCESS) on \Device\HarddiskVolume2\Windows\System32\wintrust.dll [lacks WinVerifyTrust]
52dc.6d38: supR3HardenedMonitor_LdrLoadDll: pName=C:\WINDOWS\System32\WINTRUST.DLL (Input=WINTRUST.DLL, rcNtResolve=0xc0150008) *pfFlags=0x0 pwszSearchPath=0000000000000001:<flags> [calling]
52dc.6d38: supR3HardenedMonitor_LdrLoadDll: returns rcNt=0x0 hMod=00007fff149e0000 'C:\WINDOWS\System32\WINTRUST.DLL'
52dc.6d38: supR3HardenedScreenImage/LdrLoadDll: cache hit (VINF_SUCCESS) on \Device\HarddiskVolume2\Windows\System32\crypt32.dll [lacks WinVerifyTrust]
52dc.6d38: supR3HardenedMonitor_LdrLoadDll: pName=C:\WINDOWS\System32\CRYPT32.dll (rcNtResolve=0xc0150008) *pfFlags=0x2 pwszSearchPath=0000000000000001:<flags> [calling]
52dc.6d38: supR3HardenedMonitor_LdrLoadDll: returns rcNt=0x0 hMod=00007fff14730000 'C:\WINDOWS\System32\CRYPT32.dll'
52dc.6d38: supR3HardenedDllNotificationCallback: load   00007fff16db0000 LB 0x00020000 C:\WINDOWS\System32\imagehlp.dll [fFlags=0x0]
52dc.6d38: supHardenedWinVerifyImageByHandle: -> 0 (\Device\HarddiskVolume2\Windows\System32\imagehlp.dll)
52dc.6d38: supR3HardenedWinVerifyCacheInsert: \Device\HarddiskVolume2\Windows\System32\imagehlp.dll
52dc.6d38: supR3HardenedScreenImage/LdrLoadDll: cache hit (VINF_SUCCESS) on \Device\HarddiskVolume2\Windows\System32\rsaenh.dll [lacks WinVerifyTrust]
52dc.6d38: supR3HardenedMonitor_LdrLoadDll: pName=C:\WINDOWS\system32\rsaenh.dll (rcNtResolve=0xc0150008) *pfFlags=0x0 pwszSearchPath=0000000000000001:<flags> [calling]
52dc.6d38: supR3HardenedMonitor_LdrLoadDll: returns rcNt=0x0 hMod=00007fff12620000 'C:\WINDOWS\system32\rsaenh.dll'
52dc.6d38: supR3HardenedScreenImage/LdrLoadDll: cache hit (VINF_SUCCESS) on \Device\HarddiskVolume2\Windows\System32\crypt32.dll [lacks WinVerifyTrust]
52dc.6d38: supR3HardenedMonitor_LdrLoadDll: pName=C:\WINDOWS\System32\crypt32.dll (Input=crypt32.dll, rcNtResolve=0xc0150008) *pfFlags=0x0 pwszSearchPath=0000000000000001:<flags> [calling]
52dc.6d38: supR3HardenedMonitor_LdrLoadDll: returns rcNt=0x0 hMod=00007fff14730000 'C:\WINDOWS\System32\crypt32.dll'
52dc.6d38: supR3HardenedWinVerifyCacheScheduleImports: Import todo: #0 'msvcp_win.dll'.
52dc.6d38: supR3HardenedWinVerifyCacheScheduleImports: Import todo: #19 'rpcrt4.dll'.
52dc.6d38: supHardenedWinVerifyImageByHandle: -> 0 (\Device\HarddiskVolume2\Windows\System32\gpapi.dll)
52dc.6d38: supR3HardenedWinVerifyCacheInsert: \Device\HarddiskVolume2\Windows\System32\gpapi.dll
52dc.6d38: supR3HardenedDllNotificationCallback: load   00007fff14a70000 LB 0x000a3000 C:\WINDOWS\System32\msvcp_win.dll [fFlags=0x0]
52dc.6d38: supHardenedWinVerifyImageByHandle: -> 0 (\Device\HarddiskVolume2\Windows\System32\msvcp_win.dll)
52dc.6d38: supR3HardenedWinVerifyCacheInsert: \Device\HarddiskVolume2\Windows\System32\msvcp_win.dll
52dc.6d38: supR3HardenedDllNotificationCallback: load   00007fff15b50000 LB 0x000f8000 C:\WINDOWS\System32\shcore.dll [fFlags=0x0]
52dc.6d38: supHardenedWinVerifyImageByHandle: -> 0 (\Device\HarddiskVolume2\Windows\System32\SHCore.dll)
52dc.6d38: supR3HardenedWinVerifyCacheInsert: \Device\HarddiskVolume2\Windows\System32\SHCore.dll
52dc.6d38: supR3HardenedDllNotificationCallback: load   00007fff12cc0000 LB 0x00030000 C:\WINDOWS\SYSTEM32\gpapi.dll [fFlags=0x0]
52dc.6d38: supR3HardenedScreenImage/LdrLoadDll: cache hit (VINF_SUCCESS) on \Device\HarddiskVolume2\Windows\System32\gpapi.dll [lacks WinVerifyTrust]
52dc.6d38: supR3HardenedScreenImage/LdrLoadDll: cache hit (VINF_SUCCESS) on \Device\HarddiskVolume2\Windows\System32\kernel32.dll [lacks WinVerifyTrust]
52dc.6d38: supR3HardenedWinVerifyCacheProcessImportTodos: Processing 'rpcrt4.dll'...
52dc.6d38: supR3HardenedWinVerifyCacheProcessImportTodos: 'rpcrt4.dll' -> '\Device\HarddiskVolume2\Windows\System32\rpcrt4.dll' [rcNtRedir=0xc0150008]
52dc.6d38: supR3HardenedScreenImage/Imports: cache hit (VINF_SUCCESS) on \Device\HarddiskVolume2\Windows\System32\rpcrt4.dll [lacks WinVerifyTrust]
52dc.6d38: supR3HardenedWinVerifyCacheProcessImportTodos: Processing 'msvcp_win.dll'...
52dc.6d38: supR3HardenedWinVerifyCacheProcessImportTodos: 'msvcp_win.dll' -> '\Device\HarddiskVolume2\Windows\System32\msvcp_win.dll' [rcNtRedir=0xc0150008]
52dc.6d38: supR3HardenedScreenImage/Imports: cache hit (VINF_SUCCESS) on \Device\HarddiskVolume2\Windows\System32\msvcp_win.dll [lacks WinVerifyTrust]
52dc.6d38: supR3HardenedMonitor_LdrLoadDll: pName=C:\WINDOWS\System32\kernel32.dll (Input=kernel32, rcNtResolve=0xc0150008) *pfFlags=0x0 pwszSearchPath=0000000000000801:<flags> [calling]
52dc.6d38: supR3HardenedMonitor_LdrLoadDll: returns rcNt=0x0 hMod=00007fff16290000 'C:\WINDOWS\System32\kernel32.dll'
52dc.6d38: supR3HardenedIsApiSetDll: ApiSetQueryApiSetPresence(api-ms-win-core-string-l1-1-0) -> 0x0, fPresent=1
52dc.6d38: supR3HardenedMonitor_LdrLoadDll: pName=api-ms-win-core-string-l1-1-0 (rcNtResolve=0x0) *pfFlags=0x0 pwszSearchPath=0000000000000801:<flags> [calling]
52dc.6d38: supR3HardenedMonitor_LdrLoadDll: returns rcNt=0x0 hMod=00007fff13950000 'api-ms-win-core-string-l1-1-0'
52dc.6d38: supR3HardenedIsApiSetDll: ApiSetQueryApiSetPresence(api-ms-win-core-localization-l1-2-1) -> 0x0, fPresent=1
52dc.6d38: supR3HardenedMonitor_LdrLoadDll: pName=api-ms-win-core-localization-l1-2-1 (rcNtResolve=0x0) *pfFlags=0x0 pwszSearchPath=0000000000000801:<flags> [calling]
52dc.6d38: supR3HardenedMonitor_LdrLoadDll: returns rcNt=0x0 hMod=00007fff13950000 'api-ms-win-core-localization-l1-2-1'
52dc.6d38: supR3HardenedIsApiSetDll: ApiSetQueryApiSetPresence(api-ms-win-core-datetime-l1-1-1) -> 0x0, fPresent=1
52dc.6d38: supR3HardenedMonitor_LdrLoadDll: pName=api-ms-win-core-datetime-l1-1-1 (rcNtResolve=0x0) *pfFlags=0x0 pwszSearchPath=0000000000000801:<flags> [calling]
52dc.6d38: supR3HardenedMonitor_LdrLoadDll: returns rcNt=0x0 hMod=00007fff13950000 'api-ms-win-core-datetime-l1-1-1'
52dc.6d38: supR3HardenedIsApiSetDll: ApiSetQueryApiSetPresence(api-ms-win-core-localization-obsolete-l1-2-0) -> 0x0, fPresent=1
52dc.6d38: supR3HardenedMonitor_LdrLoadDll: pName=api-ms-win-core-localization-obsolete-l1-2-0 (rcNtResolve=0x0) *pfFlags=0x0 pwszSearchPath=0000000000000801:<flags> [calling]
52dc.6d38: supR3HardenedMonitor_LdrLoadDll: returns rcNt=0x0 hMod=00007fff13950000 'api-ms-win-core-localization-obsolete-l1-2-0'
52dc.6d38: supR3HardenedWinVerifyCacheScheduleImports: Import todo: #0 'msvcrt.dll'.
52dc.6d38: supR3HardenedWinVerifyCacheScheduleImports: Import todo: #8 'crypt32.dll'.
52dc.6d38: supHardenedWinVerifyImageByHandle: -> 0 (\Device\HarddiskVolume2\Windows\System32\cryptnet.dll)
52dc.6d38: supR3HardenedWinVerifyCacheInsert: \Device\HarddiskVolume2\Windows\System32\cryptnet.dll
52dc.6d38: supR3HardenedWinVerifyCacheProcessImportTodos: Processing 'crypt32.dll'...
52dc.6d38: supR3HardenedWinVerifyCacheProcessImportTodos: 'crypt32.dll' -> '\Device\HarddiskVolume2\Windows\System32\crypt32.dll' [rcNtRedir=0xc0150008]
52dc.6d38: supR3HardenedScreenImage/Imports: cache hit (VINF_SUCCESS) on \Device\HarddiskVolume2\Windows\System32\crypt32.dll [lacks WinVerifyTrust]
52dc.6d38: supR3HardenedWinVerifyCacheProcessImportTodos: Processing 'msvcrt.dll'...
52dc.6d38: supR3HardenedWinVerifyCacheProcessImportTodos: 'msvcrt.dll' -> '\Device\HarddiskVolume2\Windows\System32\msvcrt.dll' [rcNtRedir=0xc0150008]
52dc.6d38: supR3HardenedScreenImage/Imports: cache hit (VINF_SUCCESS) on \Device\HarddiskVolume2\Windows\System32\msvcrt.dll [lacks WinVerifyTrust]
52dc.6d38: supR3HardenedMonitor_LdrLoadDll: pName=C:\Windows\System32\cryptnet.dll (rcNtResolve=0xc0150008) *pfFlags=0x0 pwszSearchPath=0000000000000001:<flags> [calling]
52dc.6d38: supR3HardenedScreenImage/NtCreateSection: cache hit (VINF_SUCCESS) on \Device\HarddiskVolume2\Windows\System32\cryptnet.dll [lacks WinVerifyTrust]
52dc.6d38: supR3HardenedDllNotificationCallback: load   00007fff0d0c0000 LB 0x0003b000 C:\Windows\System32\cryptnet.dll [fFlags=0x0]
52dc.6d38: supR3HardenedScreenImage/LdrLoadDll: cache hit (VINF_SUCCESS) on \Device\HarddiskVolume2\Windows\System32\cryptnet.dll [lacks WinVerifyTrust]
52dc.6d38: supR3HardenedScreenImage/LdrLoadDll: cache hit (VINF_SUCCESS) on \Device\HarddiskVolume2\Windows\System32\cryptnet.dll [lacks WinVerifyTrust]
52dc.6d38: supR3HardenedMonitor_LdrLoadDll: pName=C:\Windows\System32\cryptnet.dll (rcNtResolve=0xc0150008) *pfFlags=0x2 pwszSearchPath=0000000000000001:<flags> [calling]
52dc.6d38: supR3HardenedMonitor_LdrLoadDll: returns rcNt=0x0 hMod=00007fff0d0c0000 'C:\Windows\System32\cryptnet.dll'
52dc.6d38: supR3HardenedScreenImage/LdrLoadDll: cache hit (VINF_SUCCESS) on \Device\HarddiskVolume2\Windows\System32\cryptnet.dll [lacks WinVerifyTrust]
52dc.6d38: supR3HardenedMonitor_LdrLoadDll: pName=C:\Windows\System32\cryptnet.dll (rcNtResolve=0xc0150008) *pfFlags=0x2 pwszSearchPath=0000000000000001:<flags> [calling]
52dc.6d38: supR3HardenedMonitor_LdrLoadDll: returns rcNt=0x0 hMod=00007fff0d0c0000 'C:\Windows\System32\cryptnet.dll'
52dc.6d38: supR3HardenedScreenImage/LdrLoadDll: cache hit (VINF_SUCCESS) on \Device\HarddiskVolume2\Windows\System32\cryptnet.dll [lacks WinVerifyTrust]
52dc.6d38: supR3HardenedMonitor_LdrLoadDll: pName=C:\Windows\System32\cryptnet.dll (rcNtResolve=0xc0150008) *pfFlags=0x2 pwszSearchPath=0000000000000001:<flags> [calling]
52dc.6d38: supR3HardenedMonitor_LdrLoadDll: returns rcNt=0x0 hMod=00007fff0d0c0000 'C:\Windows\System32\cryptnet.dll'
52dc.6d38: supR3HardenedScreenImage/LdrLoadDll: cache hit (VINF_SUCCESS) on \Device\HarddiskVolume2\Windows\System32\cryptnet.dll [lacks WinVerifyTrust]
52dc.6d38: supR3HardenedMonitor_LdrLoadDll: pName=C:\Windows\System32\cryptnet.dll (rcNtResolve=0xc0150008) *pfFlags=0x2 pwszSearchPath=0000000000000001:<flags> [calling]
52dc.6d38: supR3HardenedMonitor_LdrLoadDll: returns rcNt=0x0 hMod=00007fff0d0c0000 'C:\Windows\System32\cryptnet.dll'
52dc.6d38: supR3HardenedScreenImage/LdrLoadDll: cache hit (VINF_SUCCESS) on \Device\HarddiskVolume2\Windows\System32\cryptnet.dll [lacks WinVerifyTrust]
52dc.6d38: supR3HardenedMonitor_LdrLoadDll: pName=C:\Windows\System32\cryptnet.dll (rcNtResolve=0xc0150008) *pfFlags=0x2 pwszSearchPath=0000000000000001:<flags> [calling]
52dc.6d38: supR3HardenedMonitor_LdrLoadDll: returns rcNt=0x0 hMod=00007fff0d0c0000 'C:\Windows\System32\cryptnet.dll'
52dc.6d38: supR3HardenedScreenImage/LdrLoadDll: cache hit (VINF_SUCCESS) on \Device\HarddiskVolume2\Windows\System32\cryptnet.dll [lacks WinVerifyTrust]
52dc.6d38: supR3HardenedMonitor_LdrLoadDll: pName=C:\Windows\System32\cryptnet.dll (rcNtResolve=0xc0150008) *pfFlags=0x2 pwszSearchPath=0000000000000001:<flags> [calling]
52dc.6d38: supR3HardenedMonitor_LdrLoadDll: returns rcNt=0x0 hMod=00007fff0d0c0000 'C:\Windows\System32\cryptnet.dll'
52dc.6d38: supR3HardenedScreenImage/LdrLoadDll: cache hit (VINF_SUCCESS) on \Device\HarddiskVolume2\Windows\System32\cryptnet.dll [lacks WinVerifyTrust]
52dc.6d38: supR3HardenedMonitor_LdrLoadDll: returns rcNt=0x0 hMod=00007fff0d0c0000 'C:\Windows\System32\cryptnet.dll'
52dc.6d38: supR3HardenedScreenImage/LdrLoadDll: cache hit (VINF_SUCCESS) on \Device\HarddiskVolume2\Windows\System32\cryptnet.dll [lacks WinVerifyTrust]
52dc.6d38: supR3HardenedMonitor_LdrLoadDll: returns rcNt=0x0 hMod=00007fff0d0c0000 'C:\Windows\System32\cryptnet.dll'
52dc.6d38: supR3HardenedScreenImage/LdrLoadDll: cache hit (VINF_SUCCESS) on \Device\HarddiskVolume2\Windows\System32\cryptnet.dll [lacks WinVerifyTrust]
52dc.6d38: supR3HardenedMonitor_LdrLoadDll: returns rcNt=0x0 hMod=00007fff0d0c0000 'C:\Windows\System32\cryptnet.dll'
52dc.6d38: supR3HardenedScreenImage/LdrLoadDll: cache hit (VINF_SUCCESS) on \Device\HarddiskVolume2\Windows\System32\cryptnet.dll [lacks WinVerifyTrust]
52dc.6d38: supR3HardenedMonitor_LdrLoadDll: returns rcNt=0x0 hMod=00007fff0d0c0000 'C:\Windows\System32\cryptnet.dll'
52dc.6d38: supR3HardenedScreenImage/LdrLoadDll: cache hit (VINF_SUCCESS) on \Device\HarddiskVolume2\Windows\System32\cryptnet.dll [lacks WinVerifyTrust]
52dc.6d38: supR3HardenedMonitor_LdrLoadDll: returns rcNt=0x0 hMod=00007fff0d0c0000 'C:\Windows\System32\cryptnet.dll'
52dc.6d38: supR3HardenedMonitor_LdrLoadDll: returns rcNt=0x0 hMod=00007fff0d0c0000 'C:\Windows\System32\cryptnet.dll'
52dc.6d38: supHardenedWinVerifyImageByHandle: -> 0 (\Device\HarddiskVolume2\Windows\System32\profapi.dll)
52dc.6d38: supR3HardenedWinVerifyCacheInsert: \Device\HarddiskVolume2\Windows\System32\profapi.dll
52dc.6d38: supR3HardenedDllNotificationCallback: load   00007fff13870000 LB 0x00029000 C:\WINDOWS\SYSTEM32\profapi.dll [fFlags=0x0]
52dc.6d38: supR3HardenedScreenImage/LdrLoadDll: cache hit (VINF_SUCCESS) on \Device\HarddiskVolume2\Windows\System32\profapi.dll [lacks WinVerifyTrust]
52dc.6d38: supR3HardenedDllNotificationCallback: load   00007fff16de0000 LB 0x000b6000 C:\WINDOWS\System32\advapi32.dll [fFlags=0x0]
52dc.6d38: supR3HardenedWinVerifyCacheScheduleImports: Import todo: #0 'msvcrt.dll'.
52dc.6d38: supR3HardenedWinVerifyCacheScheduleImports: Import todo: #6 'sechost.dll'.
52dc.6d38: supR3HardenedWinVerifyCacheScheduleImports: Import todo: #28 'rpcrt4.dll'.
52dc.6d38: supHardenedWinVerifyImageByHandle: -> 0 (\Device\HarddiskVolume2\Windows\System32\advapi32.dll)
52dc.6d38: supR3HardenedWinVerifyCacheInsert: \Device\HarddiskVolume2\Windows\System32\advapi32.dll
52dc.6d38: supR3HardenedScreenImage/LdrLoadDll: cache hit (VINF_SUCCESS) on \Device\HarddiskVolume2\Windows\System32\rpcrt4.dll [lacks WinVerifyTrust]
52dc.6d38: supR3HardenedWinVerifyCacheProcessImportTodos: Processing 'rpcrt4.dll'...
52dc.6d38: supR3HardenedWinVerifyCacheProcessImportTodos: 'rpcrt4.dll' -> '\Device\HarddiskVolume2\Windows\System32\rpcrt4.dll' [rcNtRedir=0xc0150008]
52dc.6d38: supR3HardenedScreenImage/Imports: cache hit (VINF_SUCCESS) on \Device\HarddiskVolume2\Windows\System32\rpcrt4.dll [lacks WinVerifyTrust]
52dc.6d38: supR3HardenedWinVerifyCacheProcessImportTodos: Processing 'sechost.dll'...
52dc.6d38: supR3HardenedWinVerifyCacheProcessImportTodos: 'sechost.dll' -> '\Device\HarddiskVolume2\Windows\System32\sechost.dll' [rcNtRedir=0xc0150008]
52dc.6d38: supR3HardenedScreenImage/Imports: cache hit (VINF_SUCCESS) on \Device\HarddiskVolume2\Windows\System32\sechost.dll [lacks WinVerifyTrust]
52dc.6d38: supR3HardenedWinVerifyCacheProcessImportTodos: Processing 'msvcrt.dll'...
52dc.6d38: supR3HardenedWinVerifyCacheProcessImportTodos: 'msvcrt.dll' -> '\Device\HarddiskVolume2\Windows\System32\msvcrt.dll' [rcNtRedir=0xc0150008]
52dc.6d38: supR3HardenedScreenImage/Imports: cache hit (VINF_SUCCESS) on \Device\HarddiskVolume2\Windows\System32\msvcrt.dll [lacks WinVerifyTrust]
52dc.6d38: supR3HardenedMonitor_LdrLoadDll: pName=C:\WINDOWS\System32\rpcrt4.dll (Input=rpcrt4.dll, rcNtResolve=0xc0150008) *pfFlags=0x0 pwszSearchPath=0000000000000001:<flags> [calling]
52dc.6d38: supR3HardenedMonitor_LdrLoadDll: returns rcNt=0x0 hMod=00007fff15f70000 'C:\WINDOWS\System32\rpcrt4.dll'
52dc.6d38: supR3HardenedScreenImage/LdrLoadDll: cache hit (VINF_SUCCESS) on \Device\HarddiskVolume2\Windows\System32\rsaenh.dll [lacks WinVerifyTrust]
52dc.6d38: supR3HardenedMonitor_LdrLoadDll: pName=C:\WINDOWS\system32\rsaenh.dll (rcNtResolve=0xc0150008) *pfFlags=0x0 pwszSearchPath=0000000000000001:<flags> [calling]
52dc.6d38: supR3HardenedMonitor_LdrLoadDll: returns rcNt=0x0 hMod=00007fff12620000 'C:\WINDOWS\system32\rsaenh.dll'
52dc.6d38: supR3HardenedScreenImage/LdrLoadDll: cache hit (VINF_SUCCESS) on \Device\HarddiskVolume2\Windows\System32\crypt32.dll [lacks WinVerifyTrust]
52dc.6d38: supR3HardenedMonitor_LdrLoadDll: pName=C:\WINDOWS\System32\crypt32.dll (Input=crypt32.dll, rcNtResolve=0xc0150008) *pfFlags=0x0 pwszSearchPath=0000000000000001:<flags> [calling]
52dc.6d38: supR3HardenedMonitor_LdrLoadDll: returns rcNt=0x0 hMod=00007fff14730000 'C:\WINDOWS\System32\crypt32.dll'
52dc.6d38: supR3HardNtViCallWinVerifyTrustCatFile: hFile=0000000000000000 pwszName=\SystemRoot\System32\ntdll.dll
52dc.6d38: supR3HardNtViCallWinVerifyTrustCatFile: New context 00000209bd1aa9e0
52dc.6d38: supR3HardNtViCallWinVerifyTrustCatFile: hCatAdmin=00000209bd1aa9e0
52dc.6d38: supR3HardNtViCallWinVerifyTrustCatFile: cbHash=20 wszDigest=849B1B75BC3BF186853B7D8CFC9B36644933BC47
52dc.6d38: supR3HardenedScreenImage/LdrLoadDll: cache hit (VINF_SUCCESS) on \Device\HarddiskVolume2\Windows\System32\rsaenh.dll [lacks WinVerifyTrust]
52dc.6d38: supR3HardenedMonitor_LdrLoadDll: pName=C:\WINDOWS\system32\rsaenh.dll (rcNtResolve=0xc0150008) *pfFlags=0x0 pwszSearchPath=0000000000000001:<flags> [calling]
52dc.6d38: supR3HardenedMonitor_LdrLoadDll: returns rcNt=0x0 hMod=00007fff12620000 'C:\WINDOWS\system32\rsaenh.dll'
52dc.6d38: supR3HardenedScreenImage/LdrLoadDll: cache hit (VINF_SUCCESS) on \Device\HarddiskVolume2\Windows\System32\crypt32.dll [lacks WinVerifyTrust]
52dc.6d38: supR3HardenedMonitor_LdrLoadDll: pName=C:\WINDOWS\System32\crypt32.dll (Input=crypt32.dll, rcNtResolve=0xc0150008) *pfFlags=0x0 pwszSearchPath=0000000000000001:<flags> [calling]
52dc.6d38: supR3HardenedMonitor_LdrLoadDll: returns rcNt=0x0 hMod=00007fff14730000 'C:\WINDOWS\System32\crypt32.dll'
52dc.6d38: supR3HardNtViCallWinVerifyTrustCatFile: WinVerifyTrust => 0x0; cat='C:\WINDOWS\system32\CatRoot\{F750E6C3-38EE-11D1-85E5-00C04FC295EE}\Microsoft-Windows-Kernel-Package-Ntdll-Package~31bf3856ad364e35~amd64~~10.0.26100.8246.cat'; file='\SystemRoot\System32\ntdll.dll'
52dc.6d38: g_pfnWinVerifyTrust=00007fff149eb380
52dc.6d38: supR3HardenedScreenImage/preload: cache hit (VINF_SUCCESS) on \Device\HarddiskVolume2\Windows\System32\crypt32.dll [redoing WinVerifyTrust]
52dc.6d38: supR3HardenedScreenImage/LdrLoadDll: cache hit (VINF_SUCCESS) on \Device\HarddiskVolume2\Windows\System32\rsaenh.dll [lacks WinVerifyTrust]
52dc.6d38: supR3HardenedMonitor_LdrLoadDll: pName=C:\WINDOWS\system32\rsaenh.dll (rcNtResolve=0xc0150008) *pfFlags=0x0 pwszSearchPath=0000000000000001:<flags> [calling]
52dc.6d38: supR3HardenedMonitor_LdrLoadDll: returns rcNt=0x0 hMod=00007fff12620000 'C:\WINDOWS\system32\rsaenh.dll'
52dc.6d38: supR3HardenedScreenImage/LdrLoadDll: cache hit (VINF_SUCCESS) on \Device\HarddiskVolume2\Windows\System32\crypt32.dll [lacks WinVerifyTrust]
52dc.6d38: supR3HardenedMonitor_LdrLoadDll: pName=C:\WINDOWS\System32\crypt32.dll (Input=crypt32.dll, rcNtResolve=0xc0150008) *pfFlags=0x0 pwszSearchPath=0000000000000001:<flags> [calling]
52dc.6d38: supR3HardenedMonitor_LdrLoadDll: returns rcNt=0x0 hMod=00007fff14730000 'C:\WINDOWS\System32\crypt32.dll'
52dc.6d38: supR3HardenedScreenImage/preload: 0 (was 0) fWinVerifyTrust=1 for '\Device\HarddiskVolume2\Windows\System32\crypt32.dll'
52dc.6d38: supR3HardenedScreenImage/preload: cache hit (VINF_SUCCESS) on \Device\HarddiskVolume2\Windows\System32\wintrust.dll [redoing WinVerifyTrust]
52dc.6d38: supR3HardenedScreenImage/LdrLoadDll: cache hit (VINF_SUCCESS) on \Device\HarddiskVolume2\Windows\System32\rsaenh.dll [lacks WinVerifyTrust]
52dc.6d38: supR3HardenedMonitor_LdrLoadDll: pName=C:\WINDOWS\system32\rsaenh.dll (rcNtResolve=0xc0150008) *pfFlags=0x0 pwszSearchPath=0000000000000001:<flags> [calling]
52dc.6d38: supR3HardenedMonitor_LdrLoadDll: returns rcNt=0x0 hMod=00007fff12620000 'C:\WINDOWS\system32\rsaenh.dll'
52dc.6d38: supR3HardenedScreenImage/LdrLoadDll: cache hit (VINF_SUCCESS) on \Device\HarddiskVolume2\Windows\System32\crypt32.dll
52dc.6d38: supR3HardenedMonitor_LdrLoadDll: pName=C:\WINDOWS\System32\crypt32.dll (Input=crypt32.dll, rcNtResolve=0xc0150008) *pfFlags=0x0 pwszSearchPath=0000000000000001:<flags> [calling]
52dc.6d38: supR3HardenedMonitor_LdrLoadDll: returns rcNt=0x0 hMod=00007fff14730000 'C:\WINDOWS\System32\crypt32.dll'
52dc.6d38: supR3HardenedScreenImage/preload: 0 (was 0) fWinVerifyTrust=1 for '\Device\HarddiskVolume2\Windows\System32\wintrust.dll'
52dc.6d38: supR3HardenedScreenImage/LdrLoadDll: cache hit (VINF_SUCCESS) on \Device\HarddiskVolume2\Windows\System32\rsaenh.dll [lacks WinVerifyTrust]
52dc.6d38: supR3HardenedMonitor_LdrLoadDll: pName=C:\WINDOWS\system32\rsaenh.dll (rcNtResolve=0xc0150008) *pfFlags=0x0 pwszSearchPath=0000000000000001:<flags> [calling]
52dc.6d38: supR3HardenedMonitor_LdrLoadDll: returns rcNt=0x0 hMod=00007fff12620000 'C:\WINDOWS\system32\rsaenh.dll'
52dc.6d38: supR3HardenedMonitor_LdrLoadDll: returns rcNt=0x0 hMod=00007fff14730000 'C:\WINDOWS\System32\crypt32.dll'
52dc.6d38: supR3HardenedWinVerifyCacheProcessWvtTodos: 0 (was 0) fWinVerifyTrust=1 for '\Device\HarddiskVolume2\Windows\System32\advapi32.dll'
52dc.6d38: supR3HardenedScreenImage/LdrLoadDll: cache hit (VINF_SUCCESS) on \Device\HarddiskVolume2\Windows\System32\rsaenh.dll [lacks WinVerifyTrust]
52dc.6d38: supR3HardenedMonitor_LdrLoadDll: returns rcNt=0x0 hMod=00007fff12620000 'C:\WINDOWS\system32\rsaenh.dll'
52dc.6d38: supR3HardenedMonitor_LdrLoadDll: returns rcNt=0x0 hMod=00007fff14730000 'C:\WINDOWS\System32\crypt32.dll'
52dc.6d38: supR3HardenedWinVerifyCacheProcessWvtTodos: 0 (was 0) fWinVerifyTrust=1 for '\Device\HarddiskVolume2\Windows\System32\profapi.dll'
52dc.6d38: supR3HardenedScreenImage/LdrLoadDll: cache hit (VINF_SUCCESS) on \Device\HarddiskVolume2\Windows\System32\rsaenh.dll [lacks WinVerifyTrust]
52dc.6d38: supR3HardenedMonitor_LdrLoadDll: returns rcNt=0x0 hMod=00007fff12620000 'C:\WINDOWS\system32\rsaenh.dll'
52dc.6d38: supR3HardenedMonitor_LdrLoadDll: returns rcNt=0x0 hMod=00007fff14730000 'C:\WINDOWS\System32\crypt32.dll'
52dc.6d38: supR3HardenedWinVerifyCacheProcessWvtTodos: 0 (was 0) fWinVerifyTrust=1 for '\Device\HarddiskVolume2\Windows\System32\cryptnet.dll'
52dc.6d38: supR3HardenedScreenImage/LdrLoadDll: cache hit (VINF_SUCCESS) on \Device\HarddiskVolume2\Windows\System32\rsaenh.dll [lacks WinVerifyTrust]
52dc.6d38: supR3HardenedMonitor_LdrLoadDll: returns rcNt=0x0 hMod=00007fff12620000 'C:\WINDOWS\system32\rsaenh.dll'
52dc.6d38: supR3HardenedMonitor_LdrLoadDll: returns rcNt=0x0 hMod=00007fff14730000 'C:\WINDOWS\System32\crypt32.dll'
52dc.6d38: supR3HardenedWinVerifyCacheProcessWvtTodos: 0 (was 0) fWinVerifyTrust=1 for '\Device\HarddiskVolume2\Windows\System32\SHCore.dll'
52dc.6d38: supR3HardenedScreenImage/LdrLoadDll: cache hit (VINF_SUCCESS) on \Device\HarddiskVolume2\Windows\System32\rsaenh.dll [lacks WinVerifyTrust]
52dc.6d38: supR3HardenedMonitor_LdrLoadDll: returns rcNt=0x0 hMod=00007fff12620000 'C:\WINDOWS\system32\rsaenh.dll'
52dc.6d38: supR3HardenedMonitor_LdrLoadDll: returns rcNt=0x0 hMod=00007fff14730000 'C:\WINDOWS\System32\crypt32.dll'
52dc.6d38: supR3HardenedWinVerifyCacheProcessWvtTodos: 0 (was 0) fWinVerifyTrust=1 for '\Device\HarddiskVolume2\Windows\System32\msvcp_win.dll'
52dc.6d38: supR3HardenedScreenImage/LdrLoadDll: cache hit (VINF_SUCCESS) on \Device\HarddiskVolume2\Windows\System32\rsaenh.dll [lacks WinVerifyTrust]
52dc.6d38: supR3HardenedMonitor_LdrLoadDll: returns rcNt=0x0 hMod=00007fff12620000 'C:\WINDOWS\system32\rsaenh.dll'
52dc.6d38: supR3HardenedMonitor_LdrLoadDll: returns rcNt=0x0 hMod=00007fff14730000 'C:\WINDOWS\System32\crypt32.dll'
52dc.6d38: supR3HardenedWinVerifyCacheProcessWvtTodos: 0 (was 0) fWinVerifyTrust=1 for '\Device\HarddiskVolume2\Windows\System32\gpapi.dll'
52dc.6d38: supR3HardenedScreenImage/LdrLoadDll: cache hit (VINF_SUCCESS) on \Device\HarddiskVolume2\Windows\System32\rsaenh.dll [lacks WinVerifyTrust]
52dc.6d38: supR3HardenedMonitor_LdrLoadDll: returns rcNt=0x0 hMod=00007fff12620000 'C:\WINDOWS\system32\rsaenh.dll'
52dc.6d38: supR3HardenedMonitor_LdrLoadDll: returns rcNt=0x0 hMod=00007fff14730000 'C:\WINDOWS\System32\crypt32.dll'
52dc.6d38: supR3HardenedWinVerifyCacheProcessWvtTodos: 0 (was 0) fWinVerifyTrust=1 for '\Device\HarddiskVolume2\Windows\System32\imagehlp.dll'
52dc.6d38: supR3HardenedScreenImage/LdrLoadDll: cache hit (VINF_SUCCESS) on \Device\HarddiskVolume2\Windows\System32\rsaenh.dll [lacks WinVerifyTrust]
52dc.6d38: supR3HardenedMonitor_LdrLoadDll: returns rcNt=0x0 hMod=00007fff12620000 'C:\WINDOWS\system32\rsaenh.dll'
52dc.6d38: supR3HardenedScreenImage/LdrLoadDll: cache hit (VINF_SUCCESS) on \Device\HarddiskVolume2\Windows\System32\crypt32.dll
52dc.6d38: supR3HardenedMonitor_LdrLoadDll: pName=C:\WINDOWS\System32\crypt32.dll (Input=crypt32.dll, rcNtResolve=0xc0150008) *pfFlags=0x0 pwszSearchPath=0000000000000001:<flags> [calling]
52dc.6d38: supR3HardenedMonitor_LdrLoadDll: returns rcNt=0x0 hMod=00007fff14730000 'C:\WINDOWS\System32\crypt32.dll'
52dc.6d38: supR3HardenedWinVerifyCacheProcessWvtTodos: 0 (was 0) fWinVerifyTrust=1 for '\Device\HarddiskVolume2\Windows\System32\cryptbase.dll'
52dc.6d38: supR3HardenedScreenImage/LdrLoadDll: cache hit (VINF_SUCCESS) on \Device\HarddiskVolume2\Windows\System32\rsaenh.dll [lacks WinVerifyTrust]
52dc.6d38: supR3HardenedMonitor_LdrLoadDll: pName=C:\WINDOWS\system32\rsaenh.dll (rcNtResolve=0xc0150008) *pfFlags=0x0 pwszSearchPath=0000000000000001:<flags> [calling]
52dc.6d38: supR3HardenedMonitor_LdrLoadDll: returns rcNt=0x0 hMod=00007fff12620000 'C:\WINDOWS\system32\rsaenh.dll'
52dc.6d38: supR3HardenedMonitor_LdrLoadDll: returns rcNt=0x0 hMod=00007fff14730000 'C:\WINDOWS\System32\crypt32.dll'
52dc.6d38: supR3HardenedWinVerifyCacheProcessWvtTodos: 0 (was 0) fWinVerifyTrust=1 for '\Device\HarddiskVolume2\Windows\System32\rsaenh.dll'
52dc.6d38: supR3HardenedMonitor_LdrLoadDll: returns rcNt=0x0 hMod=00007fff12620000 'C:\WINDOWS\system32\rsaenh.dll'
52dc.6d38: supR3HardenedMonitor_LdrLoadDll: returns rcNt=0x0 hMod=00007fff14730000 'C:\WINDOWS\System32\crypt32.dll'
52dc.6d38: supR3HardenedWinVerifyCacheProcessWvtTodos: 0 (was 0) fWinVerifyTrust=1 for '\Device\HarddiskVolume2\Windows\System32\cryptsp.dll'
52dc.6d38: supR3HardenedMonitor_LdrLoadDll: returns rcNt=0x0 hMod=00007fff12620000 'C:\WINDOWS\system32\rsaenh.dll'
52dc.6d38: supR3HardenedMonitor_LdrLoadDll: returns rcNt=0x0 hMod=00007fff14730000 'C:\WINDOWS\System32\crypt32.dll'
52dc.6d38: supR3HardenedWinVerifyCacheProcessWvtTodos: 0 (was 0) fWinVerifyTrust=1 for '\Device\HarddiskVolume2\Windows\System32\bcryptprimitives.dll'
52dc.6d38: supR3HardenedMonitor_LdrLoadDll: returns rcNt=0x0 hMod=00007fff12620000 'C:\WINDOWS\system32\rsaenh.dll'
52dc.6d38: supR3HardenedMonitor_LdrLoadDll: returns rcNt=0x0 hMod=00007fff14730000 'C:\WINDOWS\System32\crypt32.dll'
52dc.6d38: supR3HardenedWinVerifyCacheProcessWvtTodos: 0 (was 0) fWinVerifyTrust=1 for '\Device\HarddiskVolume2\Windows\System32\sechost.dll'
52dc.6d38: supR3HardenedMonitor_LdrLoadDll: returns rcNt=0x0 hMod=00007fff12620000 'C:\WINDOWS\system32\rsaenh.dll'
52dc.6d38: supR3HardenedMonitor_LdrLoadDll: returns rcNt=0x0 hMod=00007fff14730000 'C:\WINDOWS\System32\crypt32.dll'
52dc.6d38: supR3HardenedWinVerifyCacheProcessWvtTodos: 0 (was 0) fWinVerifyTrust=1 for '\Device\HarddiskVolume2\Windows\System32\bcrypt.dll'
52dc.6d38: supR3HardenedMonitor_LdrLoadDll: returns rcNt=0x0 hMod=00007fff12620000 'C:\WINDOWS\system32\rsaenh.dll'
52dc.6d38: supR3HardenedMonitor_LdrLoadDll: returns rcNt=0x0 hMod=00007fff14730000 'C:\WINDOWS\System32\crypt32.dll'
52dc.6d38: supR3HardenedWinVerifyCacheProcessWvtTodos: 0 (was 0) fWinVerifyTrust=1 for '\Device\HarddiskVolume2\Windows\System32\msasn1.dll'
52dc.6d38: supR3HardenedMonitor_LdrLoadDll: returns rcNt=0x0 hMod=00007fff12620000 'C:\WINDOWS\system32\rsaenh.dll'
52dc.6d38: supR3HardenedMonitor_LdrLoadDll: returns rcNt=0x0 hMod=00007fff14730000 'C:\WINDOWS\System32\crypt32.dll'
52dc.6d38: supR3HardenedWinVerifyCacheProcessWvtTodos: 0 (was 0) fWinVerifyTrust=1 for '\Device\HarddiskVolume2\Windows\System32\ucrtbase.dll'
52dc.6d38: supR3HardenedMonitor_LdrLoadDll: returns rcNt=0x0 hMod=00007fff12620000 'C:\WINDOWS\system32\rsaenh.dll'
52dc.6d38: supR3HardenedMonitor_LdrLoadDll: returns rcNt=0x0 hMod=00007fff14730000 'C:\WINDOWS\System32\crypt32.dll'
52dc.6d38: supR3HardenedWinVerifyCacheProcessWvtTodos: 0 (was 0) fWinVerifyTrust=1 for '\Device\HarddiskVolume2\Windows\System32\msvcrt.dll'
52dc.6d38: supR3HardenedMonitor_LdrLoadDll: returns rcNt=0x0 hMod=00007fff12620000 'C:\WINDOWS\system32\rsaenh.dll'
52dc.6d38: supR3HardenedMonitor_LdrLoadDll: returns rcNt=0x0 hMod=00007fff14730000 'C:\WINDOWS\System32\crypt32.dll'
52dc.6d38: supR3HardenedWinVerifyCacheProcessWvtTodos: 0 (was 0) fWinVerifyTrust=1 for '\Device\HarddiskVolume2\Windows\System32\rpcrt4.dll'
52dc.6d38: supR3HardenedMonitor_LdrLoadDll: returns rcNt=0x0 hMod=00007fff12620000 'C:\WINDOWS\system32\rsaenh.dll'
52dc.6d38: supR3HardenedMonitor_LdrLoadDll: returns rcNt=0x0 hMod=00007fff14730000 'C:\WINDOWS\System32\crypt32.dll'
52dc.6d38: supR3HardenedWinVerifyCacheProcessWvtTodos: 0 (was 0) fWinVerifyTrust=1 for '\Device\HarddiskVolume2\Program Files\Oracle\VirtualBox\VBoxSupLib.dll'
52dc.6d38: supR3HardenedMonitor_LdrLoadDll: returns rcNt=0x0 hMod=00007fff12620000 'C:\WINDOWS\system32\rsaenh.dll'
52dc.6d38: supR3HardenedMonitor_LdrLoadDll: returns rcNt=0x0 hMod=00007fff14730000 'C:\WINDOWS\System32\crypt32.dll'
52dc.6d38: supR3HardenedWinVerifyCacheProcessWvtTodos: 0 (was 0) fWinVerifyTrust=1 for '\Device\HarddiskVolume2\Program Files\Oracle\VirtualBox\VirtualBoxVM.exe'
52dc.6d38: supR3HardenedMonitor_LdrLoadDll: returns rcNt=0x0 hMod=00007fff12620000 'C:\WINDOWS\system32\rsaenh.dll'
52dc.6d38: supR3HardenedMonitor_LdrLoadDll: returns rcNt=0x0 hMod=00007fff14730000 'C:\WINDOWS\System32\crypt32.dll'
52dc.6d38: supR3HardenedWinVerifyCacheProcessWvtTodos: 0 (was 0) fWinVerifyTrust=1 for '\Device\HarddiskVolume2\Windows\System32\KernelBase.dll'
52dc.6d38: supR3HardenedMonitor_LdrLoadDll: returns rcNt=0x0 hMod=00007fff12620000 'C:\WINDOWS\system32\rsaenh.dll'
52dc.6d38: supR3HardenedMonitor_LdrLoadDll: returns rcNt=0x0 hMod=00007fff14730000 'C:\WINDOWS\System32\crypt32.dll'
52dc.6d38: supR3HardenedWinVerifyCacheProcessWvtTodos: 0 (was 0) fWinVerifyTrust=1 for '\Device\HarddiskVolume2\Windows\System32\kernel32.dll'
52dc.6d38: supR3HardenedMonitor_LdrLoadDll: returns rcNt=0x0 hMod=00007fff14730000 'C:\WINDOWS\system32\crypt32.dll'
52dc.6d38: supR3HardenedWinIsDesiredRootCA: Adding 0xbbde687390e6bf00 C=US, O=DigiCert Inc, OU=www.digicert.com, CN=DigiCert Trusted Root G4
52dc.6d38: supR3HardenedWinIsDesiredRootCA: skipping - not-self-signed: JdxIncC=US, JdxIncST=Delaware, BC=Private Organization, SRN=2262497, C=US, ST=California, L=Redwood City, O=Electronic Arts, Inc., OU=EA SPEAR AntiCheat Engineering, CN=Electronic Arts, Inc.
52dc.6d38: supR3HardenedWinIsDesiredRootCA: Adding 0x5ad46780fa5df300 DC=com, DC=microsoft, CN=Microsoft Root Certificate Authority
52dc.6d38: supR3HardenedWinIsDesiredRootCA: Adding 0xea5386456178582b C=ZA, ST=Western Cape, L=Durbanville, O=Thawte, OU=Thawte Certification, CN=Thawte Timestamping CA
52dc.6d38: supR3HardenedWinIsDesiredRootCA: Adding 0x3be670c1bd02a900 OU=Copyright (c) 1997 Microsoft Corp., OU=Microsoft Corporation, CN=Microsoft Root Authority
52dc.6d38: supR3HardenedWinIsDesiredRootCA: Adding 0x6a4f8c667e39d748 CN=AutoHotkey
52dc.6d38: supR3HardenedWinIsDesiredRootCA: Adding 0xe991ee72b03db500 C=US, O=Symantec Corporation, CN=Symantec Enterprise Mobile Root for Microsoft
52dc.6d38: supR3HardenedWinIsDesiredRootCA: Adding 0x4d3835aa4180b200 C=US, ST=Washington, L=Redmond, O=Microsoft Corporation, CN=Microsoft Root Certificate Authority 2011
52dc.6d38: supR3HardenedWinIsDesiredRootCA: Adding 0x646e3fe3ba08df00 C=US, O=MSFT, CN=Microsoft Authenticode(tm) Root Authority
52dc.6d38: supR3HardenedWinIsDesiredRootCA: skipping - not-self-signed: C=US, ST=Washington, L=Redmond, O=Microsoft Corporation, CN=Microsoft Corporation
52dc.6d38: supR3HardenedWinIsDesiredRootCA: skipping - not-self-signed: C=US, ST=Washington, L=Redmond, O=Microsoft Corporation, CN=Microsoft Corporation
52dc.6d38: supR3HardenedWinIsDesiredRootCA: skipping - not-self-signed: C=US, ST=Washington, L=Redmond, O=Microsoft Corporation, CN=Microsoft Corporation
52dc.6d38: supR3HardenedWinIsDesiredRootCA: Adding 0xece4e4289e08b900 C=US, ST=Washington, L=Redmond, O=Microsoft Corporation, CN=Microsoft Root Certificate Authority 2010
52dc.6d38: supR3HardenedWinIsDesiredRootCA: Adding 0xf3bb4d7e894b420 C=US, ST=Washington, L=Redmond, O=Microsoft Corporation, CN=Microsoft ECC TS Root Certificate Authority 2018
52dc.6d38: supR3HardenedWinIsDesiredRootCA: Adding 0x43a9cc371ff5385a O=Microsoft Trust Network, OU=Microsoft Corporation, OU=Microsoft Time Stamping Service Root, OU=Copyright (c) 1997 Microsoft Corp.
52dc.6d38: supR3HardenedWinIsDesiredRootCA: Adding 0x2e2d2c7c68f0202e O=VeriSign Trust Network, OU=VeriSign, Inc., OU=VeriSign Time Stamping Service Root, OU=NO LIABILITY ACCEPTED, (c)97 VeriSign, Inc.
52dc.6d38: supR3HardenedWinIsDesiredRootCA: Adding 0xcec3d46562b9be8e C=US, ST=Washington, L=Redmond, O=Microsoft Corporation, CN=Microsoft ECC Product Root Certificate Authority 2018
52dc.6d38: supR3HardenedWinIsDesiredRootCA: Adding 0xca58a05dd401ae00 C=US, ST=Washington, L=Redmond, O=Microsoft Corporation, CN=Microsoft Time Stamp Root Certificate Authority 2014
52dc.6d38: supR3HardenedWinIsDesiredRootCA: Adding 0x670683072a91b300 C=US, O=Microsoft Corporation, CN=Microsoft Identity Verification Root Certificate Authority 2020
52dc.6d38: supR3HardenedWinIsDesiredRootCA: Adding 0xdba83b07e377d7f9 C=GB, O=Sectigo Limited, CN=Sectigo Public Server Authentication Root E46
52dc.6d38: supR3HardenedWinIsDesiredRootCA: Adding 0x3d993fde1950a700 C=US, O=IdenTrust, CN=IdenTrust Commercial Root CA 1
52dc.6d38: supR3HardenedWinIsDesiredRootCA: Adding 0x6b7bdc34cd37bb00 C=US, O=DigiCert Inc, OU=www.digicert.com, CN=DigiCert Global Root G2
52dc.6d38: supR3HardenedWinIsDesiredRootCA: Adding 0x780679907625cc00 OU=GlobalSign Root CA - R3, O=GlobalSign, CN=GlobalSign
52dc.6d38: supR3HardenedWinIsDesiredRootCA: Adding 0x80d5e6f878f9bd00 C=PL, O=Unizeto Technologies S.A., OU=Certum Certification Authority, CN=Certum Trusted Network CA 2
52dc.6d38: supR3HardenedWinIsDesiredRootCA: Adding 0xeae16ef49d40be00 C=GB, ST=Greater Manchester, L=Salford, O=Comodo CA Limited, CN=AAA Certificate Services
52dc.6d38: supR3HardenedWinIsDesiredRootCA: Adding 0xc6536f24d57ae723 C=US, ST=New Jersey, L=Jersey City, O=The USERTRUST Network, CN=USERTrust ECC Certification Authority
52dc.6d38: supR3HardenedWinIsDesiredRootCA: Adding 0x2404221294e78d00 C=GB, O=Sectigo Limited, CN=Sectigo Public Code Signing Root R46
52dc.6d38: supR3HardenedWinIsDesiredRootCA: Adding 0x3714f47324e8ad00 C=US, O=Internet Security Research Group, CN=ISRG Root X1
52dc.6d38: supR3HardenedWinIsDesiredRootCA: Adding 0xcb7d2ba3dd0ff900 C=US, ST=Texas, L=Houston, O=SSL Corporation, CN=SSL.com Root Certification Authority RSA
52dc.6d38: supR3HardenedWinIsDesiredRootCA: Adding 0x8ff6fc03c1edbd00 C=US, ST=Arizona, L=Scottsdale, O=Starfield Technologies, Inc., CN=Starfield Root Certificate Authority - G2
52dc.6d38: supR3HardenedWinIsDesiredRootCA: Adding 0xa3ce8d99e60eda00 C=BE, O=GlobalSign nv-sa, OU=Root CA, CN=GlobalSign Root CA
52dc.6d38: supR3HardenedWinIsDesiredRootCA: Adding 0xd8755236d5be9300 C=GB, O=Sectigo Limited, CN=Sectigo Public Server Authentication Root R46
52dc.6d38: supR3HardenedWinIsDesiredRootCA: Adding 0xa671e9fec832b700 C=US, O=Starfield Technologies, Inc., OU=Starfield Class 2 Certification Authority
52dc.6d38: supR3HardenedWinIsDesiredRootCA: Adding 0xa8de7211e13be200 C=US, O=DigiCert Inc, OU=www.digicert.com, CN=DigiCert Global Root CA
52dc.6d38: supR3HardenedWinIsDesiredRootCA: Adding 0x4ef92ac43a0cd500 C=US, ST=Arizona, L=Scottsdale, O=Starfield Technologies, Inc., CN=Starfield Services Root Certificate Authority - G2
52dc.6d38: supR3HardenedWinIsDesiredRootCA: Adding 0xd45980fbf0a0ac00 C=US, O=thawte, Inc., OU=Certification Services Division, OU=(c) 2006 thawte, Inc. - For authorized use only, CN=thawte Primary Root CA
52dc.6d38: supR3HardenedWinIsDesiredRootCA: Adding 0xc9edb72b684ba00 C=US, O=Entrust, Inc., OU=See www.entrust.net/legal-terms, OU=(c) 2009 Entrust, Inc. - for authorized use only, CN=Entrust Root Certification Authority - G2
52dc.6d38: supR3HardenedWinIsDesiredRootCA: Adding 0xf966ca73e8079500 OU=GlobalSign Root CA - R6, O=GlobalSign, CN=GlobalSign
52dc.6d38: supR3HardenedWinIsDesiredRootCA: Adding 0xbebef0d2217f0bfb C=US, O=DigiCert Inc, OU=www.digicert.com, CN=DigiCert Global Root G3
52dc.6d38: supR3HardenedWinIsDesiredRootCA: Adding 0x14018a1bf29e595c C=US, O=VeriSign, Inc., OU=Class 3 Public Primary Certification Authority
52dc.6d38: supR3HardenedWinIsDesiredRootCA: Adding 0x298c3394be5bca00 C=US, O=Microsoft Corporation, CN=Microsoft RSA Root Certificate Authority 2017
52dc.6d38: supR3HardenedWinIsDesiredRootCA: Adding 0xd4fbe673e5ccc600 C=US, O=DigiCert Inc, OU=www.digicert.com, CN=DigiCert High Assurance EV Root CA
52dc.6d38: supR3HardenedWinIsDesiredRootCA: Adding 0xb352b1523915d000 C=JP, O=SECOM Trust Systems CO.,LTD., OU=Security Communication RootCA2
52dc.6d38: supR3HardenedWinIsDesiredRootCA: Adding 0x362d8807333b600 C=US, O=DigiCert, Inc., CN=DigiCert CS RSA4096 Root G5
52dc.6d38: supR3HardenedWinIsDesiredRootCA: Adding 0xb28612a94b4dad00 O=Entrust.net, OU=www.entrust.net/CPS_2048 incorp. by ref. (limits liab.), OU=(c) 1999 Entrust.net Limited, CN=Entrust.net Certification Authority (2048)
52dc.6d38: supR3HardenedWinIsDesiredRootCA: Adding 0xe87add30c52db600 C=BE, O=GlobalSign nv-sa, CN=GlobalSign Code Signing Root R45
52dc.6d38: supR3HardenedWinIsDesiredRootCA: Adding 0x357a29080824af00 C=US, O=VeriSign, Inc., OU=VeriSign Trust Network, OU=(c) 2006 VeriSign, Inc. - For authorized use only, CN=VeriSign Class 3 Public Primary Certification Authority - G5
52dc.6d38: supR3HardenedWinIsDesiredRootCA: Adding 0x59faf1086271bf00 C=US, ST=Arizona, L=Scottsdale, O=GoDaddy.com, Inc., CN=Go Daddy Root Certificate Authority - G2
52dc.6d38: supR3HardenedWinIsDesiredRootCA: Adding 0x3401b15e3761c700 C=US, O=VeriSign, Inc., OU=VeriSign Trust Network, OU=(c) 2008 VeriSign, Inc. - For authorized use only, CN=VeriSign Universal Root Certification Authority
52dc.6d38: supR3HardenedWinIsDesiredRootCA: Adding 0xc30e361765128000 C=US, ST=New Jersey, L=Jersey City, O=The USERTRUST Network, CN=USERTrust RSA Certification Authority
52dc.6d38: supR3HardenedWinIsDesiredRootCA: Adding 0x491857ead79dde00 C=US, O=The Go Daddy Group, Inc., OU=Go Daddy Class 2 Certification Authority
52dc.6d38: supR3HardenedWinIsDesiredRootCA: Adding 0xc2ba72a37dfbe300 C=PL, O=Unizeto Technologies S.A., OU=Certum Certification Authority, CN=Certum Trusted Network CA
52dc.6d38: supR3HardenedWinIsDesiredRootCA: Adding 0x8043e4ce150ead00 C=US, O=DigiCert Inc, OU=www.digicert.com, CN=DigiCert Assured ID Root CA
52dc.6d38: supR3HardenedWinIsDesiredRootCA: Adding 0xf2e6331af7b700 C=SE, O=AddTrust AB, OU=AddTrust External TTP Network, CN=AddTrust External CA Root
52dc.6d38: supR3HardenedWinRetrieveTrustedRootCAs: cAdded=50
52dc.6d38: SUPR3HardenedMain: Load Runtime...
52dc.6d38: supR3HardenedMonitor_LdrLoadDll: returns rcNt=0x0 hMod=00007fff12620000 'C:\WINDOWS\system32\rsaenh.dll'
52dc.6d38: supR3HardenedMonitor_LdrLoadDll: returns rcNt=0x0 hMod=00007fff14730000 'C:\WINDOWS\System32\crypt32.dll'
52dc.6d38: supR3HardenedWinVerifyCacheScheduleImports: Import todo: #0 'mpr.dll'.
52dc.6d38: supR3HardenedWinVerifyCacheScheduleImports: Import todo: #2 'rpcrt4.dll'.
52dc.6d38: supR3HardenedWinVerifyCacheScheduleImports: Import todo: #14 'vcruntime140.dll'.
52dc.6d38: supR3HardenedWinVerifyCacheScheduleImports: Import todo: #15 'vcruntime140_1.dll'.
52dc.6d38: supR3HardenedWinVerifyCacheScheduleImports: Import todo: #16 'msvcp140.dll'.
52dc.6d38: supR3HardenedWinVerifyCacheScheduleImports: Import todo: #17 'ws2_32.dll'.
52dc.6d38: supHardenedWinVerifyImageByHandle: -> 0 (\Device\HarddiskVolume2\Program Files\Oracle\VirtualBox\VBoxRT.dll) WinVerifyTrust
52dc.6d38: supR3HardenedWinVerifyCacheInsert: \Device\HarddiskVolume2\Program Files\Oracle\VirtualBox\VBoxRT.dll
52dc.6d38: supR3HardenedWinVerifyCacheProcessImportTodos: Processing 'ws2_32.dll'...
52dc.6d38: supR3HardenedWinVerifyCacheProcessImportTodos: 'ws2_32.dll' -> '\Device\HarddiskVolume2\Windows\System32\ws2_32.dll' [rcNtRedir=0xc0150008]
52dc.6d38: supR3HardenedMonitor_LdrLoadDll: returns rcNt=0x0 hMod=00007fff12620000 'C:\WINDOWS\system32\rsaenh.dll'
52dc.6d38: supR3HardenedScreenImage/LdrLoadDll: cache hit (VINF_SUCCESS) on \Device\HarddiskVolume2\Windows\System32\crypt32.dll
52dc.6d38: supR3HardenedMonitor_LdrLoadDll: pName=C:\WINDOWS\System32\crypt32.dll (Input=crypt32.dll, rcNtResolve=0xc0150008) *pfFlags=0x0 pwszSearchPath=0000000000000001:<flags> [calling]
52dc.6d38: supR3HardenedMonitor_LdrLoadDll: returns rcNt=0x0 hMod=00007fff14730000 'C:\WINDOWS\System32\crypt32.dll'
52dc.6d38: supR3HardenedWinVerifyCacheScheduleImports: Import todo: #29 'rpcrt4.dll'.
52dc.6d38: supHardenedWinVerifyImageByHandle: -> 0 (\Device\HarddiskVolume2\Windows\System32\ws2_32.dll) WinVerifyTrust
52dc.6d38: supR3HardenedWinVerifyCacheInsert: \Device\HarddiskVolume2\Windows\System32\ws2_32.dll
52dc.6d38: supR3HardenedWinVerifyCacheProcessImportTodos: Processing 'msvcp140.dll'...
52dc.6d38: supR3HardenedWinVerifyCacheProcessImportTodos: 'msvcp140.dll' -> '\Device\HarddiskVolume2\Windows\System32\msvcp140.dll' [rcNtRedir=0xc0150008]
52dc.6d38: supR3HardenedWinVerifyCacheProcessImportTodos: Processing 'rpcrt4.dll'...
52dc.6d38: supR3HardenedWinVerifyCacheProcessImportTodos: 'rpcrt4.dll' -> '\Device\HarddiskVolume2\Windows\System32\rpcrt4.dll' [rcNtRedir=0xc0150008]
52dc.6d38: supR3HardenedScreenImage/Imports: cache hit (VINF_SUCCESS) on \Device\HarddiskVolume2\Windows\System32\rpcrt4.dll
52dc.6d38: supR3HardenedMonitor_LdrLoadDll: returns rcNt=0x0 hMod=00007fff12620000 'C:\WINDOWS\system32\rsaenh.dll'
52dc.6d38: supR3HardenedMonitor_LdrLoadDll: returns rcNt=0x0 hMod=00007fff14730000 'C:\WINDOWS\System32\crypt32.dll'
52dc.6d38: supR3HardenedWinVerifyCacheScheduleImports: Import todo: #0 'vcruntime140.dll'.
52dc.6d38: supR3HardenedWinVerifyCacheScheduleImports: Import todo: #1 'vcruntime140_1.dll'.
52dc.6d38: supHardenedWinVerifyImageByHandle: -> 0 (\Device\HarddiskVolume2\Windows\System32\msvcp140.dll) WinVerifyTrust
52dc.6d38: supR3HardenedWinVerifyCacheInsert: \Device\HarddiskVolume2\Windows\System32\msvcp140.dll
52dc.6d38: supR3HardenedWinVerifyCacheProcessImportTodos: Processing 'vcruntime140_1.dll'...
52dc.6d38: supR3HardenedWinVerifyCacheProcessImportTodos: 'vcruntime140_1.dll' -> '\Device\HarddiskVolume2\Windows\System32\vcruntime140_1.dll' [rcNtRedir=0xc0150008]
52dc.6d38: supR3HardenedScreenImage/LdrLoadDll: cache hit (VINF_SUCCESS) on \Device\HarddiskVolume2\Windows\System32\rsaenh.dll
52dc.6d38: supR3HardenedWinVerifyCacheProcessImportTodos: Processing 'vcruntime140_1.dll'...
52dc.6d38: supR3HardenedWinVerifyCacheProcessImportTodos: 'vcruntime140_1.dll' -> '\Device\HarddiskVolume2\Windows\System32\vcruntime140_1.dll' [rcNtRedir=0xc0150008]
52dc.6d38: Detected WinVerifyTrust recursion: rc=VINF_SUCCESS '\Device\HarddiskVolume2\Windows\System32\vcruntime140_1.dll'.
52dc.6d38: supR3HardenedWinVerifyCacheScheduleImports: Import todo: #3 'vcruntime140.dll'.
52dc.6d38: supHardenedWinVerifyImageByHandle: -> 0 (\Device\HarddiskVolume2\Windows\System32\vcruntime140_1.dll)
52dc.6d38: supR3HardenedWinVerifyCacheInsert: \Device\HarddiskVolume2\Windows\System32\vcruntime140_1.dll
52dc.6d38: supR3HardenedWinVerifyCacheProcessImportTodos: Processing 'vcruntime140.dll'...
52dc.6d38: supR3HardenedWinVerifyCacheProcessImportTodos: 'vcruntime140.dll' -> '\Device\HarddiskVolume2\Windows\System32\vcruntime140.dll' [rcNtRedir=0xc0150008]
52dc.6d38: Detected WinVerifyTrust recursion: rc=VINF_SUCCESS '\Device\HarddiskVolume2\Windows\System32\vcruntime140.dll'.
52dc.6d38: supHardenedWinVerifyImageByHandle: -> 0 (\Device\HarddiskVolume2\Windows\System32\vcruntime140.dll)
52dc.6d38: supR3HardenedWinVerifyCacheInsert: \Device\HarddiskVolume2\Windows\System32\vcruntime140.dll
52dc.6d38: supR3HardenedWinVerifyCacheProcessImportTodos: Processing 'vcruntime140.dll'...
52dc.6d38: supR3HardenedWinVerifyCacheProcessImportTodos: 'vcruntime140.dll' -> '\Device\HarddiskVolume2\Windows\System32\vcruntime140.dll' [rcNtRedir=0xc0150008]
52dc.6d38: supR3HardenedScreenImage/Imports: cache hit (VINF_SUCCESS) on \Device\HarddiskVolume2\Windows\System32\vcruntime140.dll [lacks WinVerifyTrust]
52dc.6d38: supR3HardenedMonitor_LdrLoadDll: pName=C:\WINDOWS\system32\rsaenh.dll (rcNtResolve=0xc0150008) *pfFlags=0x0 pwszSearchPath=0000000000000001:<flags> [calling]
52dc.6d38: supR3HardenedMonitor_LdrLoadDll: returns rcNt=0x0 hMod=00007fff12620000 'C:\WINDOWS\system32\rsaenh.dll'
52dc.6d38: supR3HardenedMonitor_LdrLoadDll: returns rcNt=0x0 hMod=00007fff14730000 'C:\WINDOWS\System32\crypt32.dll'
52dc.6d38: supR3HardenedWinVerifyCacheScheduleImports: Import todo: #3 'vcruntime140.dll'.
52dc.6d38: supHardenedWinVerifyImageByHandle: -> 0 (\Device\HarddiskVolume2\Windows\System32\vcruntime140_1.dll) WinVerifyTrust
52dc.6d38: supR3HardenedWinVerifyCacheProcessImportTodos: Processing 'vcruntime140.dll'...
52dc.6d38: supR3HardenedWinVerifyCacheProcessImportTodos: 'vcruntime140.dll' -> '\Device\HarddiskVolume2\Windows\System32\vcruntime140.dll' [rcNtRedir=0xc0150008]
52dc.6d38: supR3HardenedScreenImage/Imports: cache hit (VINF_SUCCESS) on \Device\HarddiskVolume2\Windows\System32\vcruntime140.dll [redoing WinVerifyTrust]
52dc.6d38: supR3HardenedWinVerifyCacheProcessImportTodos: Processing 'vcruntime140.dll'...
52dc.6d38: supR3HardenedWinVerifyCacheProcessImportTodos: 'vcruntime140.dll' -> '\Device\HarddiskVolume2\Windows\System32\vcruntime140.dll' [rcNtRedir=0xc0150008]
52dc.6d38: supR3HardenedScreenImage/Imports: cache hit (VINF_SUCCESS) on \Device\HarddiskVolume2\Windows\System32\vcruntime140.dll [lacks WinVerifyTrust]
52dc.6d38: supR3HardenedMonitor_LdrLoadDll: returns rcNt=0x0 hMod=00007fff12620000 'C:\WINDOWS\system32\rsaenh.dll'
52dc.6d38: supR3HardenedMonitor_LdrLoadDll: returns rcNt=0x0 hMod=00007fff14730000 'C:\WINDOWS\System32\crypt32.dll'
52dc.6d38: supR3HardenedScreenImage/Imports: 0 (was 0) fWinVerifyTrust=1 for '\Device\HarddiskVolume2\Windows\System32\vcruntime140.dll'
52dc.6d38: supR3HardenedWinVerifyCacheProcessImportTodos: Processing 'rpcrt4.dll'...
52dc.6d38: supR3HardenedWinVerifyCacheProcessImportTodos: 'rpcrt4.dll' -> '\Device\HarddiskVolume2\Windows\System32\rpcrt4.dll' [rcNtRedir=0xc0150008]
52dc.6d38: supR3HardenedScreenImage/Imports: cache hit (VINF_SUCCESS) on \Device\HarddiskVolume2\Windows\System32\rpcrt4.dll
52dc.6d38: supR3HardenedWinVerifyCacheProcessImportTodos: Processing 'mpr.dll'...
52dc.6d38: supR3HardenedWinVerifyCacheProcessImportTodos: 'mpr.dll' -> '\Device\HarddiskVolume2\Windows\System32\mpr.dll' [rcNtRedir=0xc0150008]
52dc.6d38: supR3HardenedMonitor_LdrLoadDll: returns rcNt=0x0 hMod=00007fff12620000 'C:\WINDOWS\system32\rsaenh.dll'
52dc.6d38: supR3HardenedMonitor_LdrLoadDll: returns rcNt=0x0 hMod=00007fff14730000 'C:\WINDOWS\System32\crypt32.dll'
52dc.6d38: supHardenedWinVerifyImageByHandle: -> 0 (\Device\HarddiskVolume2\Windows\System32\mpr.dll) WinVerifyTrust
52dc.6d38: supR3HardenedWinVerifyCacheInsert: \Device\HarddiskVolume2\Windows\System32\mpr.dll
52dc.6d38: supR3HardenedMonitor_LdrLoadDll: pName=C:\Program Files\Oracle\VirtualBox\VBoxRT.dll (rcNtResolve=0xc0150008) *pfFlags=0x0 pwszSearchPath=0000000000000a01:<flags> [calling]
52dc.6d38: supR3HardenedScreenImage/NtCreateSection: cache hit (VINF_SUCCESS) on \Device\HarddiskVolume2\Program Files\Oracle\VirtualBox\VBoxRT.dll
52dc.6d38: supR3HardenedScreenImage/NtCreateSection: cache hit (VINF_SUCCESS) on \Device\HarddiskVolume2\Windows\System32\mpr.dll
52dc.6d38: supR3HardenedScreenImage/NtCreateSection: cache hit (VINF_SUCCESS) on \Device\HarddiskVolume2\Windows\System32\vcruntime140.dll
52dc.6d38: supR3HardenedScreenImage/NtCreateSection: cache hit (VINF_SUCCESS) on \Device\HarddiskVolume2\Windows\System32\vcruntime140_1.dll [avoiding WinVerifyTrust]
52dc.6d38: supR3HardenedScreenImage/NtCreateSection: cache hit (VINF_SUCCESS) on \Device\HarddiskVolume2\Windows\System32\msvcp140.dll
52dc.6d38: supR3HardenedDllNotificationCallback: load   00007ffef5fb0000 LB 0x00021000 C:\WINDOWS\SYSTEM32\MPR.dll [fFlags=0x0]
52dc.6d38: supR3HardenedScreenImage/LdrLoadDll: cache hit (VINF_SUCCESS) on \Device\HarddiskVolume2\Windows\System32\mpr.dll
52dc.6d38: supR3HardenedDllNotificationCallback: load   00007ffef7140000 LB 0x0001e000 C:\WINDOWS\SYSTEM32\VCRUNTIME140.dll [fFlags=0x0]
52dc.6d38: supR3HardenedScreenImage/LdrLoadDll: cache hit (VINF_SUCCESS) on \Device\HarddiskVolume2\Windows\System32\vcruntime140.dll
52dc.6d38: supR3HardenedDllNotificationCallback: load   00007ffef1770000 LB 0x0000b000 C:\WINDOWS\SYSTEM32\VCRUNTIME140_1.dll [fFlags=0x0]
52dc.6d38: supR3HardenedScreenImage/LdrLoadDll: cache hit (VINF_SUCCESS) on \Device\HarddiskVolume2\Windows\System32\vcruntime140_1.dll [avoiding WinVerifyTrust]
52dc.6d38: supR3HardenedDllNotificationCallback: load   00007ffef16e0000 LB 0x00088000 C:\WINDOWS\SYSTEM32\MSVCP140.dll [fFlags=0x0]
52dc.6d38: supR3HardenedScreenImage/LdrLoadDll: cache hit (VINF_SUCCESS) on \Device\HarddiskVolume2\Windows\System32\msvcp140.dll
52dc.6d38: supR3HardenedDllNotificationCallback: load   00007fff16090000 LB 0x00080000 C:\WINDOWS\System32\WS2_32.dll [fFlags=0x0]
52dc.6d38: supR3HardenedScreenImage/LdrLoadDll: cache hit (VINF_SUCCESS) on \Device\HarddiskVolume2\Windows\System32\ws2_32.dll
52dc.6d38: supR3HardenedDllNotificationCallback: load   00007ffe14240000 LB 0x00750000 C:\Program Files\Oracle\VirtualBox\VBoxRT.dll [fFlags=0x0]
52dc.6d38: supR3HardenedScreenImage/LdrLoadDll: cache hit (VINF_SUCCESS) on \Device\HarddiskVolume2\Program Files\Oracle\VirtualBox\VBoxRT.dll
52dc.6d38: Detected loader lock ownership: rc=VINF_SUCCESS '\Device\HarddiskVolume2\Windows\System32\vcruntime140_1.dll'.
52dc.6d38: supR3HardenedWinVerifyCacheProcessWvtTodos: 0 (was 0) fWinVerifyTrust=0 for '\Device\HarddiskVolume2\Windows\System32\vcruntime140_1.dll' [rescheduled]
52dc.6d38: supR3HardenedScreenImage/LdrLoadDll: cache hit (VINF_SUCCESS) on \Device\HarddiskVolume2\Program Files\Oracle\VirtualBox\VBoxRT.dll
52dc.6d38: supR3HardenedMonitor_LdrLoadDll: pName=C:\Program Files\Oracle\VirtualBox\VBoxRT.dll (rcNtResolve=0xc0150008) *pfFlags=0x0 pwszSearchPath=0000000000000001:<flags> [calling]
52dc.6d38: supR3HardenedMonitor_LdrLoadDll: returns rcNt=0x0 hMod=00007ffe14240000 'C:\Program Files\Oracle\VirtualBox\VBoxRT.dll'
52dc.6d38: Detected loader lock ownership: rc=VINF_SUCCESS '\Device\HarddiskVolume2\Windows\System32\vcruntime140_1.dll'.
52dc.6d38: supR3HardenedWinVerifyCacheProcessWvtTodos: 0 (was 0) fWinVerifyTrust=0 for '\Device\HarddiskVolume2\Windows\System32\vcruntime140_1.dll' [rescheduled]
52dc.6d38: Detected loader lock ownership: rc=VINF_SUCCESS '\Device\HarddiskVolume2\Windows\System32\vcruntime140_1.dll'.
52dc.6d38: supR3HardenedWinVerifyCacheProcessWvtTodos: 0 (was 0) fWinVerifyTrust=0 for '\Device\HarddiskVolume2\Windows\System32\vcruntime140_1.dll' [rescheduled]
52dc.6d38: supR3HardenedScreenImage/LdrLoadDll: cache hit (VINF_SUCCESS) on \Device\HarddiskVolume2\Program Files\Oracle\VirtualBox\VBoxRT.dll
52dc.6d38: supR3HardenedMonitor_LdrLoadDll: pName=C:\Program Files\Oracle\VirtualBox\VBoxRT.dll (rcNtResolve=0xc0150008) *pfFlags=0x0 pwszSearchPath=0000000000000001:<flags> [calling]
52dc.6d38: supR3HardenedMonitor_LdrLoadDll: returns rcNt=0x0 hMod=00007ffe14240000 'C:\Program Files\Oracle\VirtualBox\VBoxRT.dll'
52dc.6d38: Detected loader lock ownership: rc=VINF_SUCCESS '\Device\HarddiskVolume2\Windows\System32\vcruntime140_1.dll'.
52dc.6d38: supR3HardenedWinVerifyCacheProcessWvtTodos: 0 (was 0) fWinVerifyTrust=0 for '\Device\HarddiskVolume2\Windows\System32\vcruntime140_1.dll' [rescheduled]
52dc.6d38: Detected loader lock ownership: rc=VINF_SUCCESS '\Device\HarddiskVolume2\Windows\System32\vcruntime140_1.dll'.
52dc.6d38: supR3HardenedWinVerifyCacheProcessWvtTodos: 0 (was 0) fWinVerifyTrust=0 for '\Device\HarddiskVolume2\Windows\System32\vcruntime140_1.dll' [rescheduled]
52dc.6d38: supR3HardenedScreenImage/LdrLoadDll: cache hit (VINF_SUCCESS) on \Device\HarddiskVolume2\Program Files\Oracle\VirtualBox\VBoxRT.dll
52dc.6d38: supR3HardenedMonitor_LdrLoadDll: pName=C:\Program Files\Oracle\VirtualBox\VBoxRT.dll (rcNtResolve=0xc0150008) *pfFlags=0x0 pwszSearchPath=0000000000000001:<flags> [calling]
52dc.6d38: supR3HardenedMonitor_LdrLoadDll: returns rcNt=0x0 hMod=00007ffe14240000 'C:\Program Files\Oracle\VirtualBox\VBoxRT.dll'
52dc.6d38: Detected loader lock ownership: rc=VINF_SUCCESS '\Device\HarddiskVolume2\Windows\System32\vcruntime140_1.dll'.
52dc.6d38: supR3HardenedWinVerifyCacheProcessWvtTodos: 0 (was 0) fWinVerifyTrust=0 for '\Device\HarddiskVolume2\Windows\System32\vcruntime140_1.dll' [rescheduled]
52dc.6d38: Detected loader lock ownership: rc=VINF_SUCCESS '\Device\HarddiskVolume2\Windows\System32\vcruntime140_1.dll'.
52dc.6d38: supR3HardenedWinVerifyCacheProcessWvtTodos: 0 (was 0) fWinVerifyTrust=0 for '\Device\HarddiskVolume2\Windows\System32\vcruntime140_1.dll' [rescheduled]
52dc.6d38: supR3HardenedScreenImage/LdrLoadDll: cache hit (VINF_SUCCESS) on \Device\HarddiskVolume2\Program Files\Oracle\VirtualBox\VBoxRT.dll
52dc.6d38: supR3HardenedMonitor_LdrLoadDll: pName=C:\Program Files\Oracle\VirtualBox\VBoxRT.dll (rcNtResolve=0xc0150008) *pfFlags=0x0 pwszSearchPath=0000000000000001:<flags> [calling]
52dc.6d38: supR3HardenedMonitor_LdrLoadDll: returns rcNt=0x0 hMod=00007ffe14240000 'C:\Program Files\Oracle\VirtualBox\VBoxRT.dll'
52dc.6d38: Detected loader lock ownership: rc=VINF_SUCCESS '\Device\HarddiskVolume2\Windows\System32\vcruntime140_1.dll'.
52dc.6d38: supR3HardenedWinVerifyCacheProcessWvtTodos: 0 (was 0) fWinVerifyTrust=0 for '\Device\HarddiskVolume2\Windows\System32\vcruntime140_1.dll' [rescheduled]
52dc.6d38: Detected loader lock ownership: rc=VINF_SUCCESS '\Device\HarddiskVolume2\Windows\System32\vcruntime140_1.dll'.
52dc.6d38: supR3HardenedWinVerifyCacheProcessWvtTodos: 0 (was 0) fWinVerifyTrust=0 for '\Device\HarddiskVolume2\Windows\System32\vcruntime140_1.dll' [rescheduled]
52dc.6d38: supR3HardenedScreenImage/LdrLoadDll: cache hit (VINF_SUCCESS) on \Device\HarddiskVolume2\Program Files\Oracle\VirtualBox\VBoxRT.dll
52dc.6d38: supR3HardenedMonitor_LdrLoadDll: pName=C:\Program Files\Oracle\VirtualBox\VBoxRT.dll (rcNtResolve=0xc0150008) *pfFlags=0x0 pwszSearchPath=0000000000000001:<flags> [calling]
52dc.6d38: supR3HardenedMonitor_LdrLoadDll: returns rcNt=0x0 hMod=00007ffe14240000 'C:\Program Files\Oracle\VirtualBox\VBoxRT.dll'
52dc.6d38: Detected loader lock ownership: rc=VINF_SUCCESS '\Device\HarddiskVolume2\Windows\System32\vcruntime140_1.dll'.
52dc.6d38: supR3HardenedWinVerifyCacheProcessWvtTodos: 0 (was 0) fWinVerifyTrust=0 for '\Device\HarddiskVolume2\Windows\System32\vcruntime140_1.dll' [rescheduled]
52dc.6d38: Detected loader lock ownership: rc=VINF_SUCCESS '\Device\HarddiskVolume2\Windows\System32\vcruntime140_1.dll'.
52dc.6d38: supR3HardenedWinVerifyCacheProcessWvtTodos: 0 (was 0) fWinVerifyTrust=0 for '\Device\HarddiskVolume2\Windows\System32\vcruntime140_1.dll' [rescheduled]
52dc.6d38: supR3HardenedScreenImage/LdrLoadDll: cache hit (VINF_SUCCESS) on \Device\HarddiskVolume2\Program Files\Oracle\VirtualBox\VBoxRT.dll
52dc.6d38: supR3HardenedMonitor_LdrLoadDll: pName=C:\Program Files\Oracle\VirtualBox\VBoxRT.dll (rcNtResolve=0xc0150008) *pfFlags=0x0 pwszSearchPath=0000000000000001:<flags> [calling]
52dc.6d38: supR3HardenedMonitor_LdrLoadDll: returns rcNt=0x0 hMod=00007ffe14240000 'C:\Program Files\Oracle\VirtualBox\VBoxRT.dll'
52dc.6d38: Detected loader lock ownership: rc=VINF_SUCCESS '\Device\HarddiskVolume2\Windows\System32\vcruntime140_1.dll'.
52dc.6d38: supR3HardenedWinVerifyCacheProcessWvtTodos: 0 (was 0) fWinVerifyTrust=0 for '\Device\HarddiskVolume2\Windows\System32\vcruntime140_1.dll' [rescheduled]
52dc.6d38: Detected loader lock ownership: rc=VINF_SUCCESS '\Device\HarddiskVolume2\Windows\System32\vcruntime140_1.dll'.
52dc.6d38: supR3HardenedWinVerifyCacheProcessWvtTodos: 0 (was 0) fWinVerifyTrust=0 for '\Device\HarddiskVolume2\Windows\System32\vcruntime140_1.dll' [rescheduled]
52dc.6d38: supR3HardenedMonitor_LdrLoadDll: returns rcNt=0x0 hMod=00007ffe14240000 'C:\Program Files\Oracle\VirtualBox\VBoxRT.dll'
52dc.6d38: Detected loader lock ownership: rc=VINF_SUCCESS '\Device\HarddiskVolume2\Windows\System32\vcruntime140_1.dll'.
52dc.6d38: supR3HardenedWinVerifyCacheProcessWvtTodos: 0 (was 0) fWinVerifyTrust=0 for '\Device\HarddiskVolume2\Windows\System32\vcruntime140_1.dll' [rescheduled]
52dc.6d38: Detected loader lock ownership: rc=VINF_SUCCESS '\Device\HarddiskVolume2\Windows\System32\vcruntime140_1.dll'.
52dc.6d38: supR3HardenedWinVerifyCacheProcessWvtTodos: 0 (was 0) fWinVerifyTrust=0 for '\Device\HarddiskVolume2\Windows\System32\vcruntime140_1.dll' [rescheduled]
52dc.6d38: supR3HardenedMonitor_LdrLoadDll: returns rcNt=0x0 hMod=00007ffe14240000 'C:\Program Files\Oracle\VirtualBox\VBoxRT.dll'
52dc.6d38: Detected loader lock ownership: rc=VINF_SUCCESS '\Device\HarddiskVolume2\Windows\System32\vcruntime140_1.dll'.
52dc.6d38: supR3HardenedWinVerifyCacheProcessWvtTodos: 0 (was 0) fWinVerifyTrust=0 for '\Device\HarddiskVolume2\Windows\System32\vcruntime140_1.dll' [rescheduled]
52dc.6d38: Detected loader lock ownership: rc=VINF_SUCCESS '\Device\HarddiskVolume2\Windows\System32\vcruntime140_1.dll'.
52dc.6d38: supR3HardenedWinVerifyCacheProcessWvtTodos: 0 (was 0) fWinVerifyTrust=0 for '\Device\HarddiskVolume2\Windows\System32\vcruntime140_1.dll' [rescheduled]
52dc.6d38: supR3HardenedMonitor_LdrLoadDll: returns rcNt=0x0 hMod=00007ffe14240000 'C:\Program Files\Oracle\VirtualBox\VBoxRT.dll'
52dc.6d38: Detected loader lock ownership: rc=VINF_SUCCESS '\Device\HarddiskVolume2\Windows\System32\vcruntime140_1.dll'.
52dc.6d38: supR3HardenedWinVerifyCacheProcessWvtTodos: 0 (was 0) fWinVerifyTrust=0 for '\Device\HarddiskVolume2\Windows\System32\vcruntime140_1.dll' [rescheduled]
52dc.6d38: Detected loader lock ownership: rc=VINF_SUCCESS '\Device\HarddiskVolume2\Windows\System32\vcruntime140_1.dll'.
52dc.6d38: supR3HardenedWinVerifyCacheProcessWvtTodos: 0 (was 0) fWinVerifyTrust=0 for '\Device\HarddiskVolume2\Windows\System32\vcruntime140_1.dll' [rescheduled]
52dc.6d38: supR3HardenedMonitor_LdrLoadDll: returns rcNt=0x0 hMod=00007ffe14240000 'C:\Program Files\Oracle\VirtualBox\VBoxRT.dll'
52dc.6d38: Detected loader lock ownership: rc=VINF_SUCCESS '\Device\HarddiskVolume2\Windows\System32\vcruntime140_1.dll'.
52dc.6d38: supR3HardenedWinVerifyCacheProcessWvtTodos: 0 (was 0) fWinVerifyTrust=0 for '\Device\HarddiskVolume2\Windows\System32\vcruntime140_1.dll' [rescheduled]
52dc.6d38: Detected loader lock ownership: rc=VINF_SUCCESS '\Device\HarddiskVolume2\Windows\System32\vcruntime140_1.dll'.
52dc.6d38: supR3HardenedWinVerifyCacheProcessWvtTodos: 0 (was 0) fWinVerifyTrust=0 for '\Device\HarddiskVolume2\Windows\System32\vcruntime140_1.dll' [rescheduled]
52dc.6d38: supR3HardenedMonitor_LdrLoadDll: returns rcNt=0x0 hMod=00007ffe14240000 'C:\Program Files\Oracle\VirtualBox\VBoxRT.dll'
52dc.6d38: Detected loader lock ownership: rc=VINF_SUCCESS '\Device\HarddiskVolume2\Windows\System32\vcruntime140_1.dll'.
52dc.6d38: supR3HardenedWinVerifyCacheProcessWvtTodos: 0 (was 0) fWinVerifyTrust=0 for '\Device\HarddiskVolume2\Windows\System32\vcruntime140_1.dll' [rescheduled]
52dc.6d38: Detected loader lock ownership: rc=VINF_SUCCESS '\Device\HarddiskVolume2\Windows\System32\vcruntime140_1.dll'.
52dc.6d38: supR3HardenedWinVerifyCacheProcessWvtTodos: 0 (was 0) fWinVerifyTrust=0 for '\Device\HarddiskVolume2\Windows\System32\vcruntime140_1.dll' [rescheduled]
52dc.6d38: supR3HardenedMonitor_LdrLoadDll: returns rcNt=0x0 hMod=00007ffe14240000 'C:\Program Files\Oracle\VirtualBox\VBoxRT.dll'
52dc.6d38: Detected loader lock ownership: rc=VINF_SUCCESS '\Device\HarddiskVolume2\Windows\System32\vcruntime140_1.dll'.
52dc.6d38: supR3HardenedWinVerifyCacheProcessWvtTodos: 0 (was 0) fWinVerifyTrust=0 for '\Device\HarddiskVolume2\Windows\System32\vcruntime140_1.dll' [rescheduled]
52dc.6d38: Detected loader lock ownership: rc=VINF_SUCCESS '\Device\HarddiskVolume2\Windows\System32\vcruntime140_1.dll'.
52dc.6d38: supR3HardenedWinVerifyCacheProcessWvtTodos: 0 (was 0) fWinVerifyTrust=0 for '\Device\HarddiskVolume2\Windows\System32\vcruntime140_1.dll' [rescheduled]
52dc.6d38: supR3HardenedMonitor_LdrLoadDll: returns rcNt=0x0 hMod=00007ffe14240000 'C:\Program Files\Oracle\VirtualBox\VBoxRT.dll'
52dc.6d38: Detected loader lock ownership: rc=VINF_SUCCESS '\Device\HarddiskVolume2\Windows\System32\vcruntime140_1.dll'.
52dc.6d38: supR3HardenedWinVerifyCacheProcessWvtTodos: 0 (was 0) fWinVerifyTrust=0 for '\Device\HarddiskVolume2\Windows\System32\vcruntime140_1.dll' [rescheduled]
52dc.6d38: Detected loader lock ownership: rc=VINF_SUCCESS '\Device\HarddiskVolume2\Windows\System32\vcruntime140_1.dll'.
52dc.6d38: supR3HardenedWinVerifyCacheProcessWvtTodos: 0 (was 0) fWinVerifyTrust=0 for '\Device\HarddiskVolume2\Windows\System32\vcruntime140_1.dll' [rescheduled]
52dc.6d38: supR3HardenedScreenImage/LdrLoadDll: cache hit (VINF_SUCCESS) on \Device\HarddiskVolume2\Program Files\Oracle\VirtualBox\VBoxRT.dll
52dc.6d38: supR3HardenedMonitor_LdrLoadDll: pName=C:\Program Files\Oracle\VirtualBox\VBoxRT.dll (rcNtResolve=0xc0150008) *pfFlags=0x0 pwszSearchPath=0000000000000001:<flags> [calling]
52dc.6d38: supR3HardenedMonitor_LdrLoadDll: returns rcNt=0x0 hMod=00007ffe14240000 'C:\Program Files\Oracle\VirtualBox\VBoxRT.dll'
52dc.6d38: Detected loader lock ownership: rc=VINF_SUCCESS '\Device\HarddiskVolume2\Windows\System32\vcruntime140_1.dll'.
52dc.6d38: supR3HardenedWinVerifyCacheProcessWvtTodos: 0 (was 0) fWinVerifyTrust=0 for '\Device\HarddiskVolume2\Windows\System32\vcruntime140_1.dll' [rescheduled]
52dc.6d38: Detected loader lock ownership: rc=VINF_SUCCESS '\Device\HarddiskVolume2\Windows\System32\vcruntime140_1.dll'.
52dc.6d38: supR3HardenedWinVerifyCacheProcessWvtTodos: 0 (was 0) fWinVerifyTrust=0 for '\Device\HarddiskVolume2\Windows\System32\vcruntime140_1.dll' [rescheduled]
52dc.6d38: supR3HardenedMonitor_LdrLoadDll: returns rcNt=0x0 hMod=00007ffe14240000 'C:\Program Files\Oracle\VirtualBox\VBoxRT.dll'
52dc.6d38: Detected loader lock ownership: rc=VINF_SUCCESS '\Device\HarddiskVolume2\Windows\System32\vcruntime140_1.dll'.
52dc.6d38: supR3HardenedWinVerifyCacheProcessWvtTodos: 0 (was 0) fWinVerifyTrust=0 for '\Device\HarddiskVolume2\Windows\System32\vcruntime140_1.dll' [rescheduled]
52dc.6d38: Detected loader lock ownership: rc=VINF_SUCCESS '\Device\HarddiskVolume2\Windows\System32\vcruntime140_1.dll'.
52dc.6d38: supR3HardenedWinVerifyCacheProcessWvtTodos: 0 (was 0) fWinVerifyTrust=0 for '\Device\HarddiskVolume2\Windows\System32\vcruntime140_1.dll' [rescheduled]
52dc.6d38: supR3HardenedMonitor_LdrLoadDll: returns rcNt=0x0 hMod=00007ffe14240000 'C:\Program Files\Oracle\VirtualBox\VBoxRT.dll'
52dc.6d38: Detected loader lock ownership: rc=VINF_SUCCESS '\Device\HarddiskVolume2\Windows\System32\vcruntime140_1.dll'.
52dc.6d38: supR3HardenedWinVerifyCacheProcessWvtTodos: 0 (was 0) fWinVerifyTrust=0 for '\Device\HarddiskVolume2\Windows\System32\vcruntime140_1.dll' [rescheduled]
52dc.6d38: Detected loader lock ownership: rc=VINF_SUCCESS '\Device\HarddiskVolume2\Windows\System32\vcruntime140_1.dll'.
52dc.6d38: supR3HardenedWinVerifyCacheProcessWvtTodos: 0 (was 0) fWinVerifyTrust=0 for '\Device\HarddiskVolume2\Windows\System32\vcruntime140_1.dll' [rescheduled]
52dc.6d38: supR3HardenedMonitor_LdrLoadDll: returns rcNt=0x0 hMod=00007ffe14240000 'C:\Program Files\Oracle\VirtualBox\VBoxRT.dll'
52dc.6d38: Detected loader lock ownership: rc=VINF_SUCCESS '\Device\HarddiskVolume2\Windows\System32\vcruntime140_1.dll'.
52dc.6d38: supR3HardenedWinVerifyCacheProcessWvtTodos: 0 (was 0) fWinVerifyTrust=0 for '\Device\HarddiskVolume2\Windows\System32\vcruntime140_1.dll' [rescheduled]
52dc.6d38: Detected loader lock ownership: rc=VINF_SUCCESS '\Device\HarddiskVolume2\Windows\System32\vcruntime140_1.dll'.
52dc.6d38: supR3HardenedWinVerifyCacheProcessWvtTodos: 0 (was 0) fWinVerifyTrust=0 for '\Device\HarddiskVolume2\Windows\System32\vcruntime140_1.dll' [rescheduled]
52dc.6d38: supR3HardenedMonitor_LdrLoadDll: returns rcNt=0x0 hMod=00007ffe14240000 'C:\Program Files\Oracle\VirtualBox\VBoxRT.dll'
52dc.6d38: Detected loader lock ownership: rc=VINF_SUCCESS '\Device\HarddiskVolume2\Windows\System32\vcruntime140_1.dll'.
52dc.6d38: supR3HardenedWinVerifyCacheProcessWvtTodos: 0 (was 0) fWinVerifyTrust=0 for '\Device\HarddiskVolume2\Windows\System32\vcruntime140_1.dll' [rescheduled]
52dc.6d38: Detected loader lock ownership: rc=VINF_SUCCESS '\Device\HarddiskVolume2\Windows\System32\vcruntime140_1.dll'.
52dc.6d38: supR3HardenedWinVerifyCacheProcessWvtTodos: 0 (was 0) fWinVerifyTrust=0 for '\Device\HarddiskVolume2\Windows\System32\vcruntime140_1.dll' [rescheduled]
52dc.6d38: supR3HardenedMonitor_LdrLoadDll: returns rcNt=0x0 hMod=00007ffe14240000 'C:\Program Files\Oracle\VirtualBox\VBoxRT.dll'
52dc.6d38: Detected loader lock ownership: rc=VINF_SUCCESS '\Device\HarddiskVolume2\Windows\System32\vcruntime140_1.dll'.
52dc.6d38: supR3HardenedWinVerifyCacheProcessWvtTodos: 0 (was 0) fWinVerifyTrust=0 for '\Device\HarddiskVolume2\Windows\System32\vcruntime140_1.dll' [rescheduled]
52dc.6d38: Detected loader lock ownership: rc=VINF_SUCCESS '\Device\HarddiskVolume2\Windows\System32\vcruntime140_1.dll'.
52dc.6d38: supR3HardenedWinVerifyCacheProcessWvtTodos: 0 (was 0) fWinVerifyTrust=0 for '\Device\HarddiskVolume2\Windows\System32\vcruntime140_1.dll' [rescheduled]
52dc.6d38: supR3HardenedMonitor_LdrLoadDll: returns rcNt=0x0 hMod=00007ffe14240000 'C:\Program Files\Oracle\VirtualBox\VBoxRT.dll'
52dc.6d38: Detected loader lock ownership: rc=VINF_SUCCESS '\Device\HarddiskVolume2\Windows\System32\vcruntime140_1.dll'.
52dc.6d38: supR3HardenedWinVerifyCacheProcessWvtTodos: 0 (was 0) fWinVerifyTrust=0 for '\Device\HarddiskVolume2\Windows\System32\vcruntime140_1.dll' [rescheduled]
52dc.6d38: Detected loader lock ownership: rc=VINF_SUCCESS '\Device\HarddiskVolume2\Windows\System32\vcruntime140_1.dll'.
52dc.6d38: supR3HardenedWinVerifyCacheProcessWvtTodos: 0 (was 0) fWinVerifyTrust=0 for '\Device\HarddiskVolume2\Windows\System32\vcruntime140_1.dll' [rescheduled]
52dc.6d38: supR3HardenedMonitor_LdrLoadDll: returns rcNt=0x0 hMod=00007ffe14240000 'C:\Program Files\Oracle\VirtualBox\VBoxRT.dll'
52dc.6d38: Detected loader lock ownership: rc=VINF_SUCCESS '\Device\HarddiskVolume2\Windows\System32\vcruntime140_1.dll'.
52dc.6d38: supR3HardenedWinVerifyCacheProcessWvtTodos: 0 (was 0) fWinVerifyTrust=0 for '\Device\HarddiskVolume2\Windows\System32\vcruntime140_1.dll' [rescheduled]
52dc.6d38: Detected loader lock ownership: rc=VINF_SUCCESS '\Device\HarddiskVolume2\Windows\System32\vcruntime140_1.dll'.
52dc.6d38: supR3HardenedWinVerifyCacheProcessWvtTodos: 0 (was 0) fWinVerifyTrust=0 for '\Device\HarddiskVolume2\Windows\System32\vcruntime140_1.dll' [rescheduled]
52dc.6d38: supR3HardenedMonitor_LdrLoadDll: returns rcNt=0x0 hMod=00007ffe14240000 'C:\Program Files\Oracle\VirtualBox\VBoxRT.dll'
52dc.6d38: Detected loader lock ownership: rc=VINF_SUCCESS '\Device\HarddiskVolume2\Windows\System32\vcruntime140_1.dll'.
52dc.6d38: supR3HardenedWinVerifyCacheProcessWvtTodos: 0 (was 0) fWinVerifyTrust=0 for '\Device\HarddiskVolume2\Windows\System32\vcruntime140_1.dll' [rescheduled]
52dc.6d38: Detected loader lock ownership: rc=VINF_SUCCESS '\Device\HarddiskVolume2\Windows\System32\vcruntime140_1.dll'.
52dc.6d38: supR3HardenedWinVerifyCacheProcessWvtTodos: 0 (was 0) fWinVerifyTrust=0 for '\Device\HarddiskVolume2\Windows\System32\vcruntime140_1.dll' [rescheduled]
52dc.6d38: supR3HardenedMonitor_LdrLoadDll: returns rcNt=0x0 hMod=00007ffe14240000 'C:\Program Files\Oracle\VirtualBox\VBoxRT.dll'
52dc.6d38: Detected loader lock ownership: rc=VINF_SUCCESS '\Device\HarddiskVolume2\Windows\System32\vcruntime140_1.dll'.
52dc.6d38: supR3HardenedWinVerifyCacheProcessWvtTodos: 0 (was 0) fWinVerifyTrust=0 for '\Device\HarddiskVolume2\Windows\System32\vcruntime140_1.dll' [rescheduled]
52dc.6d38: Detected loader lock ownership: rc=VINF_SUCCESS '\Device\HarddiskVolume2\Windows\System32\vcruntime140_1.dll'.
52dc.6d38: supR3HardenedWinVerifyCacheProcessWvtTodos: 0 (was 0) fWinVerifyTrust=0 for '\Device\HarddiskVolume2\Windows\System32\vcruntime140_1.dll' [rescheduled]
52dc.6d38: supR3HardenedMonitor_LdrLoadDll: returns rcNt=0x0 hMod=00007ffe14240000 'C:\Program Files\Oracle\VirtualBox\VBoxRT.dll'
52dc.6d38: Detected loader lock ownership: rc=VINF_SUCCESS '\Device\HarddiskVolume2\Windows\System32\vcruntime140_1.dll'.
52dc.6d38: supR3HardenedWinVerifyCacheProcessWvtTodos: 0 (was 0) fWinVerifyTrust=0 for '\Device\HarddiskVolume2\Windows\System32\vcruntime140_1.dll' [rescheduled]
52dc.6d38: Detected loader lock ownership: rc=VINF_SUCCESS '\Device\HarddiskVolume2\Windows\System32\vcruntime140_1.dll'.
52dc.6d38: supR3HardenedWinVerifyCacheProcessWvtTodos: 0 (was 0) fWinVerifyTrust=0 for '\Device\HarddiskVolume2\Windows\System32\vcruntime140_1.dll' [rescheduled]
52dc.6d38: supR3HardenedMonitor_LdrLoadDll: returns rcNt=0x0 hMod=00007ffe14240000 'C:\Program Files\Oracle\VirtualBox\VBoxRT.dll'
52dc.6d38: Detected loader lock ownership: rc=VINF_SUCCESS '\Device\HarddiskVolume2\Windows\System32\vcruntime140_1.dll'.
52dc.6d38: supR3HardenedWinVerifyCacheProcessWvtTodos: 0 (was 0) fWinVerifyTrust=0 for '\Device\HarddiskVolume2\Windows\System32\vcruntime140_1.dll' [rescheduled]
52dc.6d38: Detected loader lock ownership: rc=VINF_SUCCESS '\Device\HarddiskVolume2\Windows\System32\vcruntime140_1.dll'.
52dc.6d38: supR3HardenedWinVerifyCacheProcessWvtTodos: 0 (was 0) fWinVerifyTrust=0 for '\Device\HarddiskVolume2\Windows\System32\vcruntime140_1.dll' [rescheduled]
52dc.6d38: supR3HardenedMonitor_LdrLoadDll: returns rcNt=0x0 hMod=00007ffe14240000 'C:\Program Files\Oracle\VirtualBox\VBoxRT.dll'
52dc.6d38: Detected loader lock ownership: rc=VINF_SUCCESS '\Device\HarddiskVolume2\Windows\System32\vcruntime140_1.dll'.
52dc.6d38: supR3HardenedWinVerifyCacheProcessWvtTodos: 0 (was 0) fWinVerifyTrust=0 for '\Device\HarddiskVolume2\Windows\System32\vcruntime140_1.dll' [rescheduled]
52dc.6d38: Detected loader lock ownership: rc=VINF_SUCCESS '\Device\HarddiskVolume2\Windows\System32\vcruntime140_1.dll'.
52dc.6d38: supR3HardenedWinVerifyCacheProcessWvtTodos: 0 (was 0) fWinVerifyTrust=0 for '\Device\HarddiskVolume2\Windows\System32\vcruntime140_1.dll' [rescheduled]
52dc.6d38: supR3HardenedMonitor_LdrLoadDll: returns rcNt=0x0 hMod=00007ffe14240000 'C:\Program Files\Oracle\VirtualBox\VBoxRT.dll'
52dc.6d38: Detected loader lock ownership: rc=VINF_SUCCESS '\Device\HarddiskVolume2\Windows\System32\vcruntime140_1.dll'.
52dc.6d38: supR3HardenedWinVerifyCacheProcessWvtTodos: 0 (was 0) fWinVerifyTrust=0 for '\Device\HarddiskVolume2\Windows\System32\vcruntime140_1.dll' [rescheduled]
52dc.6d38: Detected loader lock ownership: rc=VINF_SUCCESS '\Device\HarddiskVolume2\Windows\System32\vcruntime140_1.dll'.
52dc.6d38: supR3HardenedWinVerifyCacheProcessWvtTodos: 0 (was 0) fWinVerifyTrust=0 for '\Device\HarddiskVolume2\Windows\System32\vcruntime140_1.dll' [rescheduled]
52dc.6d38: supR3HardenedMonitor_LdrLoadDll: returns rcNt=0x0 hMod=00007ffe14240000 'C:\Program Files\Oracle\VirtualBox\VBoxRT.dll'
52dc.6d38: Detected loader lock ownership: rc=VINF_SUCCESS '\Device\HarddiskVolume2\Windows\System32\vcruntime140_1.dll'.
52dc.6d38: supR3HardenedWinVerifyCacheProcessWvtTodos: 0 (was 0) fWinVerifyTrust=0 for '\Device\HarddiskVolume2\Windows\System32\vcruntime140_1.dll' [rescheduled]
52dc.6d38: Detected loader lock ownership: rc=VINF_SUCCESS '\Device\HarddiskVolume2\Windows\System32\vcruntime140_1.dll'.
52dc.6d38: supR3HardenedWinVerifyCacheProcessWvtTodos: 0 (was 0) fWinVerifyTrust=0 for '\Device\HarddiskVolume2\Windows\System32\vcruntime140_1.dll' [rescheduled]
52dc.6d38: supR3HardenedMonitor_LdrLoadDll: returns rcNt=0x0 hMod=00007ffe14240000 'C:\Program Files\Oracle\VirtualBox\VBoxRT.dll'
52dc.6d38: Detected loader lock ownership: rc=VINF_SUCCESS '\Device\HarddiskVolume2\Windows\System32\vcruntime140_1.dll'.
52dc.6d38: supR3HardenedWinVerifyCacheProcessWvtTodos: 0 (was 0) fWinVerifyTrust=0 for '\Device\HarddiskVolume2\Windows\System32\vcruntime140_1.dll' [rescheduled]
52dc.6d38: Detected loader lock ownership: rc=VINF_SUCCESS '\Device\HarddiskVolume2\Windows\System32\vcruntime140_1.dll'.
52dc.6d38: supR3HardenedWinVerifyCacheProcessWvtTodos: 0 (was 0) fWinVerifyTrust=0 for '\Device\HarddiskVolume2\Windows\System32\vcruntime140_1.dll' [rescheduled]
52dc.6d38: supR3HardenedScreenImage/LdrLoadDll: cache hit (VINF_SUCCESS) on \Device\HarddiskVolume2\Program Files\Oracle\VirtualBox\VBoxRT.dll
52dc.6d38: supR3HardenedMonitor_LdrLoadDll: pName=C:\Program Files\Oracle\VirtualBox\VBoxRT.dll (rcNtResolve=0xc0150008) *pfFlags=0x0 pwszSearchPath=0000000000000001:<flags> [calling]
52dc.6d38: supR3HardenedMonitor_LdrLoadDll: returns rcNt=0x0 hMod=00007ffe14240000 'C:\Program Files\Oracle\VirtualBox\VBoxRT.dll'
52dc.6d38: Detected loader lock ownership: rc=VINF_SUCCESS '\Device\HarddiskVolume2\Windows\System32\vcruntime140_1.dll'.
52dc.6d38: supR3HardenedWinVerifyCacheProcessWvtTodos: 0 (was 0) fWinVerifyTrust=0 for '\Device\HarddiskVolume2\Windows\System32\vcruntime140_1.dll' [rescheduled]
52dc.6d38: Detected loader lock ownership: rc=VINF_SUCCESS '\Device\HarddiskVolume2\Windows\System32\vcruntime140_1.dll'.
52dc.6d38: supR3HardenedWinVerifyCacheProcessWvtTodos: 0 (was 0) fWinVerifyTrust=0 for '\Device\HarddiskVolume2\Windows\System32\vcruntime140_1.dll' [rescheduled]
52dc.6d38: supR3HardenedMonitor_LdrLoadDll: returns rcNt=0x0 hMod=00007ffe14240000 'C:\Program Files\Oracle\VirtualBox\VBoxRT.dll'
52dc.6d38: Detected loader lock ownership: rc=VINF_SUCCESS '\Device\HarddiskVolume2\Windows\System32\vcruntime140_1.dll'.
52dc.6d38: supR3HardenedWinVerifyCacheProcessWvtTodos: 0 (was 0) fWinVerifyTrust=0 for '\Device\HarddiskVolume2\Windows\System32\vcruntime140_1.dll' [rescheduled]
52dc.6d38: Detected loader lock ownership: rc=VINF_SUCCESS '\Device\HarddiskVolume2\Windows\System32\vcruntime140_1.dll'.
52dc.6d38: supR3HardenedWinVerifyCacheProcessWvtTodos: 0 (was 0) fWinVerifyTrust=0 for '\Device\HarddiskVolume2\Windows\System32\vcruntime140_1.dll' [rescheduled]
52dc.6d38: supR3HardenedMonitor_LdrLoadDll: returns rcNt=0x0 hMod=00007ffe14240000 'C:\Program Files\Oracle\VirtualBox\VBoxRT.dll'
52dc.6d38: Detected loader lock ownership: rc=VINF_SUCCESS '\Device\HarddiskVolume2\Windows\System32\vcruntime140_1.dll'.
52dc.6d38: supR3HardenedWinVerifyCacheProcessWvtTodos: 0 (was 0) fWinVerifyTrust=0 for '\Device\HarddiskVolume2\Windows\System32\vcruntime140_1.dll' [rescheduled]
52dc.6d38: supR3HardenedMonitor_LdrLoadDll: returns rcNt=0x0 hMod=00007ffe14240000 'C:\Program Files\Oracle\VirtualBox\VBoxRT.dll'
52dc.6d38: supR3HardenedMonitor_LdrLoadDll: returns rcNt=0x0 hMod=00007fff12620000 'C:\WINDOWS\system32\rsaenh.dll'
52dc.6d38: supR3HardenedMonitor_LdrLoadDll: returns rcNt=0x0 hMod=00007fff14730000 'C:\WINDOWS\System32\crypt32.dll'
52dc.6d38: supR3HardenedWinVerifyCacheProcessWvtTodos: 0 (was 0) fWinVerifyTrust=1 for '\Device\HarddiskVolume2\Windows\System32\vcruntime140_1.dll'
52dc.6d38: supR3HardenedScreenImage/LdrLoadDll: cache hit (VINF_SUCCESS) on \Device\HarddiskVolume2\Windows\System32\wintrust.dll
52dc.6d38: supR3HardenedMonitor_LdrLoadDll: pName=C:\WINDOWS\system32\Wintrust.dll (rcNtResolve=0xc0150008) *pfFlags=0x0 pwszSearchPath=0000000000000801:<flags> [calling]
52dc.6d38: supR3HardenedMonitor_LdrLoadDll: returns rcNt=0x0 hMod=00007fff149e0000 'C:\WINDOWS\system32\Wintrust.dll'
52dc.6d38: supR3HardenedMonitor_LdrLoadDll: returns rcNt=0x0 hMod=00007fff12620000 'C:\WINDOWS\system32\rsaenh.dll'
52dc.6d38: supR3HardenedMonitor_LdrLoadDll: returns rcNt=0x0 hMod=00007fff14730000 'C:\WINDOWS\System32\crypt32.dll'
52dc.6d38: supR3HardenedMonitor_LdrLoadDll: returns rcNt=0x0 hMod=00007fff12620000 'C:\WINDOWS\system32\rsaenh.dll'
52dc.6d38: supR3HardenedMonitor_LdrLoadDll: returns rcNt=0x0 hMod=00007fff14730000 'C:\WINDOWS\System32\crypt32.dll'
52dc.6d38: supR3HardenedMonitor_LdrLoadDll: returns rcNt=0x0 hMod=00007fff14730000 'C:\WINDOWS\system32\crypt32.dll'
52dc.6d38: SUPR3HardenedMain: Load TrustedMain...
52dc.3880: supR3HardenedIsApiSetDll: ApiSetQueryApiSetPresence(api-ms-win-appmodel-runtime-l1-1-2) -> 0x0, fPresent=1
52dc.3880: supR3HardenedMonitor_LdrLoadDll: pName=api-ms-win-appmodel-runtime-l1-1-2 (rcNtResolve=0x0) *pfFlags=0x0 pwszSearchPath=0000000000000801:<flags> [calling]
52dc.3880: supR3HardenedWinVerifyCacheScheduleImports: Import todo: #8 'msvcrt.dll'.
52dc.3880: supHardenedWinVerifyImageByHandle: -> 0 (\Device\HarddiskVolume2\Windows\System32\kernel.appcore.dll)
52dc.3880: supR3HardenedWinVerifyCacheInsert: \Device\HarddiskVolume2\Windows\System32\kernel.appcore.dll
52dc.3880: supR3HardenedDllNotificationCallback: load   00007fff126c0000 LB 0x0001b000 C:\WINDOWS\SYSTEM32\kernel.appcore.dll [fFlags=0x0]
52dc.3880: supR3HardenedScreenImage/LdrLoadDll: cache hit (VINF_SUCCESS) on \Device\HarddiskVolume2\Windows\System32\kernel.appcore.dll [avoiding WinVerifyTrust]
52dc.3880: supR3HardenedMonitor_LdrLoadDll: returns rcNt=0x0 hMod=00007fff126c0000 'api-ms-win-appmodel-runtime-l1-1-2'
52dc.3880: supR3HardenedWinVerifyCacheProcessImportTodos: Processing 'msvcrt.dll'...
52dc.3880: supR3HardenedWinVerifyCacheProcessImportTodos: 'msvcrt.dll' -> '\Device\HarddiskVolume2\Windows\System32\msvcrt.dll' [rcNtRedir=0xc0150008]
52dc.3880: supR3HardenedScreenImage/Imports: cache hit (VINF_SUCCESS) on \Device\HarddiskVolume2\Windows\System32\msvcrt.dll
52dc.3880: supR3HardenedMonitor_LdrLoadDll: returns rcNt=0x0 hMod=00007fff12620000 'C:\WINDOWS\system32\rsaenh.dll'
52dc.3880: supR3HardenedMonitor_LdrLoadDll: returns rcNt=0x0 hMod=00007fff14730000 'C:\WINDOWS\System32\crypt32.dll'
52dc.3880: supR3HardenedWinVerifyCacheProcessWvtTodos: 0 (was 0) fWinVerifyTrust=1 for '\Device\HarddiskVolume2\Windows\System32\kernel.appcore.dll'
52dc.6d38: supR3HardenedMonitor_LdrLoadDll: returns rcNt=0x0 hMod=00007fff12620000 'C:\WINDOWS\system32\rsaenh.dll'
52dc.6d38: supR3HardenedMonitor_LdrLoadDll: returns rcNt=0x0 hMod=00007fff14730000 'C:\WINDOWS\System32\crypt32.dll'
52dc.6d38: supR3HardenedWinVerifyCacheScheduleImports: Import todo: #0 'uicommon.dll'.
52dc.6d38: supR3HardenedWinVerifyCacheScheduleImports: Import todo: #1 'qt6corevbox.dll'.
52dc.6d38: supR3HardenedWinVerifyCacheScheduleImports: Import todo: #2 'qt6guivbox.dll'.
52dc.6d38: supR3HardenedWinVerifyCacheScheduleImports: Import todo: #3 'qt6widgetsvbox.dll'.
52dc.6d38: supR3HardenedWinVerifyCacheScheduleImports: Import todo: #5 'user32.dll'.
52dc.6d38: supR3HardenedWinVerifyCacheScheduleImports: Import todo: #6 'advapi32.dll'.
52dc.6d38: supR3HardenedWinVerifyCacheScheduleImports: Import todo: #7 'ole32.dll'.
52dc.6d38: supR3HardenedWinVerifyCacheScheduleImports: Import todo: #8 'oleaut32.dll'.
52dc.6d38: supR3HardenedWinVerifyCacheScheduleImports: Import todo: #9 'winmm.dll'.
52dc.6d38: supR3HardenedWinVerifyCacheScheduleImports: Import todo: #14 'vboxrt.dll'.
52dc.6d38: supR3HardenedWinVerifyCacheScheduleImports: Import todo: #15 'vcruntime140.dll'.
52dc.6d38: supR3HardenedWinVerifyCacheScheduleImports: Import todo: #16 'vcruntime140_1.dll'.
52dc.6d38: supR3HardenedWinVerifyCacheScheduleImports: Import todo: #17 'msvcp140.dll'.
52dc.6d38: supHardenedWinVerifyImageByHandle: -> 0 (\Device\HarddiskVolume2\Program Files\Oracle\VirtualBox\VirtualBoxVM.dll) WinVerifyTrust
52dc.6d38: supR3HardenedWinVerifyCacheInsert: \Device\HarddiskVolume2\Program Files\Oracle\VirtualBox\VirtualBoxVM.dll
52dc.6d38: supR3HardenedWinVerifyCacheProcessImportTodos: Processing 'msvcp140.dll'...
52dc.6d38: supR3HardenedWinVerifyCacheProcessImportTodos: 'msvcp140.dll' -> '\Device\HarddiskVolume2\Windows\System32\msvcp140.dll' [rcNtRedir=0xc0150008]
52dc.6d38: supR3HardenedScreenImage/Imports: cache hit (VINF_SUCCESS) on \Device\HarddiskVolume2\Windows\System32\msvcp140.dll
52dc.6d38: supR3HardenedWinVerifyCacheProcessImportTodos: Processing 'vcruntime140_1.dll'...
52dc.6d38: supR3HardenedWinVerifyCacheProcessImportTodos: 'vcruntime140_1.dll' -> '\Device\HarddiskVolume2\Windows\System32\vcruntime140_1.dll' [rcNtRedir=0xc0150008]
52dc.6d38: supR3HardenedScreenImage/Imports: cache hit (VINF_SUCCESS) on \Device\HarddiskVolume2\Windows\System32\vcruntime140_1.dll
52dc.6d38: supR3HardenedWinVerifyCacheProcessImportTodos: Processing 'vcruntime140.dll'...
52dc.6d38: supR3HardenedWinVerifyCacheProcessImportTodos: 'vcruntime140.dll' -> '\Device\HarddiskVolume2\Windows\System32\vcruntime140.dll' [rcNtRedir=0xc0150008]
52dc.6d38: supR3HardenedScreenImage/Imports: cache hit (VINF_SUCCESS) on \Device\HarddiskVolume2\Windows\System32\vcruntime140.dll
52dc.6d38: supR3HardenedWinVerifyCacheProcessImportTodos: Processing 'vboxrt.dll'...
52dc.6d38: supR3HardenedWinVerifyCacheProcessImportTodos: 'vboxrt.dll' -> '\Device\HarddiskVolume2\Program Files\Oracle\VirtualBox\vboxrt.dll' [rcNtRedir=0xc0150008]
52dc.6d38: supR3HardenedWinVerifyCacheProcessImportTodos: Processing 'winmm.dll'...
52dc.6d38: supR3HardenedWinVerifyCacheProcessImportTodos: 'winmm.dll' -> '\Device\HarddiskVolume2\Windows\System32\winmm.dll' [rcNtRedir=0xc0150008]
52dc.6d38: supR3HardenedMonitor_LdrLoadDll: returns rcNt=0x0 hMod=00007fff12620000 'C:\WINDOWS\system32\rsaenh.dll'
52dc.6d38: supR3HardenedMonitor_LdrLoadDll: returns rcNt=0x0 hMod=00007fff14730000 'C:\WINDOWS\System32\crypt32.dll'
52dc.6d38: supHardenedWinVerifyImageByHandle: -> 0 (\Device\HarddiskVolume2\Windows\System32\winmm.dll) WinVerifyTrust
52dc.6d38: supR3HardenedWinVerifyCacheInsert: \Device\HarddiskVolume2\Windows\System32\winmm.dll
52dc.6d38: supR3HardenedWinVerifyCacheProcessImportTodos: Processing 'oleaut32.dll'...
52dc.6d38: supR3HardenedWinVerifyCacheProcessImportTodos: 'oleaut32.dll' -> '\Device\HarddiskVolume2\Windows\System32\oleaut32.dll' [rcNtRedir=0xc0150008]
52dc.6d38: supR3HardenedMonitor_LdrLoadDll: returns rcNt=0x0 hMod=00007fff12620000 'C:\WINDOWS\system32\rsaenh.dll'
52dc.6d38: supR3HardenedMonitor_LdrLoadDll: returns rcNt=0x0 hMod=00007fff14730000 'C:\WINDOWS\System32\crypt32.dll'
52dc.6d38: supR3HardenedWinVerifyCacheScheduleImports: Import todo: #0 'msvcp_win.dll'.
52dc.6d38: supR3HardenedWinVerifyCacheScheduleImports: Import todo: #5 'combase.dll'.
52dc.6d38: supR3HardenedWinVerifyCacheScheduleImports: Import todo: #26 'rpcrt4.dll'.
52dc.6d38: supHardenedWinVerifyImageByHandle: -> 0 (\Device\HarddiskVolume2\Windows\System32\oleaut32.dll) WinVerifyTrust
52dc.6d38: supR3HardenedWinVerifyCacheInsert: \Device\HarddiskVolume2\Windows\System32\oleaut32.dll
52dc.6d38: supR3HardenedWinVerifyCacheProcessImportTodos: Processing 'ole32.dll'...
52dc.6d38: supR3HardenedWinVerifyCacheProcessImportTodos: 'ole32.dll' -> '\Device\HarddiskVolume2\Windows\System32\ole32.dll' [rcNtRedir=0xc0150008]
52dc.6d38: supR3HardenedWinVerifyCacheProcessImportTodos: Processing 'rpcrt4.dll'...
52dc.6d38: supR3HardenedWinVerifyCacheProcessImportTodos: 'rpcrt4.dll' -> '\Device\HarddiskVolume2\Windows\System32\rpcrt4.dll' [rcNtRedir=0xc0150008]
52dc.6d38: supR3HardenedScreenImage/Imports: cache hit (VINF_SUCCESS) on \Device\HarddiskVolume2\Windows\System32\rpcrt4.dll
52dc.6d38: supR3HardenedWinVerifyCacheProcessImportTodos: Processing 'combase.dll'...
52dc.6d38: supR3HardenedWinVerifyCacheProcessImportTodos: 'combase.dll' -> '\Device\HarddiskVolume2\Windows\System32\combase.dll' [rcNtRedir=0xc0150008]
52dc.6d38: Detected WinVerifyTrust recursion: rc=VINF_SUCCESS '\Device\HarddiskVolume2\Windows\System32\combase.dll'.
52dc.6d38: supR3HardenedWinVerifyCacheScheduleImports: Import todo: #3 'rpcrt4.dll'.
52dc.6d38: supHardenedWinVerifyImageByHandle: -> 0 (\Device\HarddiskVolume2\Windows\System32\combase.dll)
52dc.6d38: supR3HardenedWinVerifyCacheInsert: \Device\HarddiskVolume2\Windows\System32\combase.dll
52dc.6d38: supR3HardenedWinVerifyCacheProcessImportTodos: Processing 'msvcp_win.dll'...
52dc.6d38: supR3HardenedWinVerifyCacheProcessImportTodos: 'msvcp_win.dll' -> '\Device\HarddiskVolume2\Windows\System32\msvcp_win.dll' [rcNtRedir=0xc0150008]
52dc.6d38: supR3HardenedScreenImage/Imports: cache hit (VINF_SUCCESS) on \Device\HarddiskVolume2\Windows\System32\msvcp_win.dll
52dc.6d38: supR3HardenedWinVerifyCacheProcessImportTodos: Processing 'rpcrt4.dll'...
52dc.6d38: supR3HardenedWinVerifyCacheProcessImportTodos: 'rpcrt4.dll' -> '\Device\HarddiskVolume2\Windows\System32\rpcrt4.dll' [rcNtRedir=0xc0150008]
52dc.6d38: supR3HardenedScreenImage/Imports: cache hit (VINF_SUCCESS) on \Device\HarddiskVolume2\Windows\System32\rpcrt4.dll
52dc.6d38: supR3HardenedMonitor_LdrLoadDll: returns rcNt=0x0 hMod=00007fff12620000 'C:\WINDOWS\system32\rsaenh.dll'
52dc.6d38: supR3HardenedMonitor_LdrLoadDll: returns rcNt=0x0 hMod=00007fff14730000 'C:\WINDOWS\System32\crypt32.dll'
52dc.6d38: supR3HardenedWinVerifyCacheScheduleImports: Import todo: #0 'msvcp_win.dll'.
52dc.6d38: supR3HardenedWinVerifyCacheScheduleImports: Import todo: #44 'gdi32.dll'.
52dc.6d38: supR3HardenedWinVerifyCacheScheduleImports: Import todo: #45 'user32.dll'.
52dc.6d38: supR3HardenedWinVerifyCacheScheduleImports: Import todo: #46 'combase.dll'.
52dc.6d38: supHardenedWinVerifyImageByHandle: -> 0 (\Device\HarddiskVolume2\Windows\System32\ole32.dll) WinVerifyTrust
52dc.6d38: supR3HardenedWinVerifyCacheInsert: \Device\HarddiskVolume2\Windows\System32\ole32.dll
52dc.6d38: supR3HardenedWinVerifyCacheProcessImportTodos: Processing 'advapi32.dll'...
52dc.6d38: supR3HardenedWinVerifyCacheProcessImportTodos: 'advapi32.dll' -> '\Device\HarddiskVolume2\Windows\System32\advapi32.dll' [rcNtRedir=0xc0150008]
52dc.6d38: supR3HardenedScreenImage/Imports: cache hit (VINF_SUCCESS) on \Device\HarddiskVolume2\Windows\System32\advapi32.dll
52dc.6d38: supR3HardenedWinVerifyCacheProcessImportTodos: Processing 'user32.dll'...
52dc.6d38: supR3HardenedWinVerifyCacheProcessImportTodos: 'user32.dll' -> '\Device\HarddiskVolume2\Windows\System32\user32.dll' [rcNtRedir=0xc0150008]
52dc.6d38: supR3HardenedWinVerifyCacheProcessImportTodos: Processing 'combase.dll'...
52dc.6d38: supR3HardenedWinVerifyCacheProcessImportTodos: 'combase.dll' -> '\Device\HarddiskVolume2\Windows\System32\combase.dll' [rcNtRedir=0xc0150008]
52dc.6d38: supR3HardenedScreenImage/Imports: cache hit (VINF_SUCCESS) on \Device\HarddiskVolume2\Windows\System32\combase.dll [lacks WinVerifyTrust]
52dc.6d38: supR3HardenedWinVerifyCacheProcessImportTodos: Processing 'user32.dll'...
52dc.6d38: supR3HardenedWinVerifyCacheProcessImportTodos: 'user32.dll' -> '\Device\HarddiskVolume2\Windows\System32\user32.dll' [rcNtRedir=0xc0150008]
52dc.6d38: Detected WinVerifyTrust recursion: rc=VINF_SUCCESS '\Device\HarddiskVolume2\Windows\System32\user32.dll'.
52dc.6d38: supR3HardenedWinVerifyCacheScheduleImports: Import todo: #0 'win32u.dll'.
52dc.6d38: supR3HardenedWinVerifyCacheScheduleImports: Import todo: #39 'gdi32.dll'.
52dc.6d38: supHardenedWinVerifyImageByHandle: -> 0 (\Device\HarddiskVolume2\Windows\System32\user32.dll)
52dc.6d38: supR3HardenedWinVerifyCacheInsert: \Device\HarddiskVolume2\Windows\System32\user32.dll
52dc.6d38: supR3HardenedWinVerifyCacheProcessImportTodos: Processing 'gdi32.dll'...
52dc.6d38: supR3HardenedWinVerifyCacheProcessImportTodos: 'gdi32.dll' -> '\Device\HarddiskVolume2\Windows\System32\gdi32.dll' [rcNtRedir=0xc0150008]
52dc.6d38: Detected WinVerifyTrust recursion: rc=VINF_SUCCESS '\Device\HarddiskVolume2\Windows\System32\gdi32.dll'.
52dc.6d38: supR3HardenedWinVerifyCacheScheduleImports: Import todo: #9 'win32u.dll'.
52dc.6d38: supHardenedWinVerifyImageByHandle: -> 0 (\Device\HarddiskVolume2\Windows\System32\gdi32.dll)
52dc.6d38: supR3HardenedWinVerifyCacheInsert: \Device\HarddiskVolume2\Windows\System32\gdi32.dll
52dc.6d38: supR3HardenedWinVerifyCacheProcessImportTodos: Processing 'msvcp_win.dll'...
52dc.6d38: supR3HardenedWinVerifyCacheProcessImportTodos: 'msvcp_win.dll' -> '\Device\HarddiskVolume2\Windows\System32\msvcp_win.dll' [rcNtRedir=0xc0150008]
52dc.6d38: supR3HardenedScreenImage/Imports: cache hit (VINF_SUCCESS) on \Device\HarddiskVolume2\Windows\System32\msvcp_win.dll
52dc.6d38: supR3HardenedWinVerifyCacheProcessImportTodos: Processing 'win32u.dll'...
52dc.6d38: supR3HardenedWinVerifyCacheProcessImportTodos: 'win32u.dll' -> '\Device\HarddiskVolume2\Windows\System32\win32u.dll' [rcNtRedir=0xc0150008]
52dc.6d38: Detected WinVerifyTrust recursion: rc=VINF_SUCCESS '\Device\HarddiskVolume2\Windows\System32\win32u.dll'.
52dc.6d38: supHardenedWinVerifyImageByHandle: -> 0 (\Device\HarddiskVolume2\Windows\System32\win32u.dll)
52dc.6d38: supR3HardenedWinVerifyCacheInsert: \Device\HarddiskVolume2\Windows\System32\win32u.dll
52dc.6d38: supR3HardenedWinVerifyCacheProcessImportTodos: Processing 'gdi32.dll'...
52dc.6d38: supR3HardenedWinVerifyCacheProcessImportTodos: 'gdi32.dll' -> '\Device\HarddiskVolume2\Windows\System32\gdi32.dll' [rcNtRedir=0xc0150008]
52dc.6d38: supR3HardenedScreenImage/Imports: cache hit (VINF_SUCCESS) on \Device\HarddiskVolume2\Windows\System32\gdi32.dll [lacks WinVerifyTrust]
52dc.6d38: supR3HardenedWinVerifyCacheProcessImportTodos: Processing 'win32u.dll'...
52dc.6d38: supR3HardenedWinVerifyCacheProcessImportTodos: 'win32u.dll' -> '\Device\HarddiskVolume2\Windows\System32\win32u.dll' [rcNtRedir=0xc0150008]
52dc.6d38: supR3HardenedScreenImage/Imports: cache hit (VINF_SUCCESS) on \Device\HarddiskVolume2\Windows\System32\win32u.dll [lacks WinVerifyTrust]
52dc.6d38: supR3HardenedMonitor_LdrLoadDll: returns rcNt=0x0 hMod=00007fff12620000 'C:\WINDOWS\system32\rsaenh.dll'
52dc.6d38: supR3HardenedMonitor_LdrLoadDll: returns rcNt=0x0 hMod=00007fff14730000 'C:\WINDOWS\System32\crypt32.dll'
52dc.6d38: supR3HardenedWinVerifyCacheScheduleImports: Import todo: #0 'win32u.dll'.
52dc.6d38: supR3HardenedWinVerifyCacheScheduleImports: Import todo: #39 'gdi32.dll'.
52dc.6d38: supHardenedWinVerifyImageByHandle: -> 0 (\Device\HarddiskVolume2\Windows\System32\user32.dll) WinVerifyTrust
52dc.6d38: supR3HardenedWinVerifyCacheProcessImportTodos: Processing 'qt6widgetsvbox.dll'...
52dc.6d38: supR3HardenedWinVerifyCacheProcessImportTodos: 'qt6widgetsvbox.dll' -> '\Device\HarddiskVolume2\Program Files\Oracle\VirtualBox\qt6widgetsvbox.dll' [rcNtRedir=0xc0150008]
52dc.6d38: supR3HardenedWinVerifyCacheProcessImportTodos: Processing 'gdi32.dll'...
52dc.6d38: supR3HardenedWinVerifyCacheProcessImportTodos: 'gdi32.dll' -> '\Device\HarddiskVolume2\Windows\System32\gdi32.dll' [rcNtRedir=0xc0150008]
52dc.6d38: supR3HardenedScreenImage/Imports: cache hit (VINF_SUCCESS) on \Device\HarddiskVolume2\Windows\System32\gdi32.dll [lacks WinVerifyTrust]
52dc.6d38: supR3HardenedWinVerifyCacheProcessImportTodos: Processing 'win32u.dll'...
52dc.6d38: supR3HardenedWinVerifyCacheProcessImportTodos: 'win32u.dll' -> '\Device\HarddiskVolume2\Windows\System32\win32u.dll' [rcNtRedir=0xc0150008]
52dc.6d38: supR3HardenedScreenImage/Imports: cache hit (VINF_SUCCESS) on \Device\HarddiskVolume2\Windows\System32\win32u.dll [lacks WinVerifyTrust]
52dc.6d38: supR3HardenedMonitor_LdrLoadDll: returns rcNt=0x0 hMod=00007fff12620000 'C:\WINDOWS\system32\rsaenh.dll'
52dc.6d38: supR3HardenedMonitor_LdrLoadDll: returns rcNt=0x0 hMod=00007fff14730000 'C:\WINDOWS\System32\crypt32.dll'
52dc.6d38: supR3HardenedWinVerifyCacheScheduleImports: Import todo: #0 'dwmapi.dll'.
52dc.6d38: supR3HardenedWinVerifyCacheScheduleImports: Import todo: #1 'uxtheme.dll'.
52dc.6d38: supR3HardenedWinVerifyCacheScheduleImports: Import todo: #2 'qt6guivbox.dll'.
52dc.6d38: supR3HardenedWinVerifyCacheScheduleImports: Import todo: #3 'qt6corevbox.dll'.
52dc.6d38: supR3HardenedWinVerifyCacheScheduleImports: Import todo: #5 'user32.dll'.
52dc.6d38: supR3HardenedWinVerifyCacheScheduleImports: Import todo: #6 'gdi32.dll'.
52dc.6d38: supR3HardenedWinVerifyCacheScheduleImports: Import todo: #7 'msvcp140.dll'.
52dc.6d38: supR3HardenedWinVerifyCacheScheduleImports: Import todo: #8 'msvcp140_1.dll'.
52dc.6d38: supR3HardenedWinVerifyCacheScheduleImports: Import todo: #9 'vcruntime140.dll'.
52dc.6d38: supR3HardenedWinVerifyCacheScheduleImports: Import todo: #10 'vcruntime140_1.dll'.
52dc.6d38: supHardenedWinVerifyImageByHandle: -> 0 (\Device\HarddiskVolume2\Program Files\Oracle\VirtualBox\Qt6WidgetsVBox.dll) WinVerifyTrust
52dc.6d38: supR3HardenedWinVerifyCacheInsert: \Device\HarddiskVolume2\Program Files\Oracle\VirtualBox\Qt6WidgetsVBox.dll
52dc.6d38: supR3HardenedWinVerifyCacheProcessImportTodos: Processing 'qt6guivbox.dll'...
52dc.6d38: supR3HardenedWinVerifyCacheProcessImportTodos: 'qt6guivbox.dll' -> '\Device\HarddiskVolume2\Program Files\Oracle\VirtualBox\qt6guivbox.dll' [rcNtRedir=0xc0150008]
52dc.6d38: supR3HardenedWinVerifyCacheProcessImportTodos: Processing 'vcruntime140_1.dll'...
52dc.6d38: supR3HardenedWinVerifyCacheProcessImportTodos: 'vcruntime140_1.dll' -> '\Device\HarddiskVolume2\Windows\System32\vcruntime140_1.dll' [rcNtRedir=0xc0150008]
52dc.6d38: supR3HardenedScreenImage/Imports: cache hit (VINF_SUCCESS) on \Device\HarddiskVolume2\Windows\System32\vcruntime140_1.dll
52dc.6d38: supR3HardenedWinVerifyCacheProcessImportTodos: Processing 'vcruntime140.dll'...
52dc.6d38: supR3HardenedWinVerifyCacheProcessImportTodos: 'vcruntime140.dll' -> '\Device\HarddiskVolume2\Windows\System32\vcruntime140.dll' [rcNtRedir=0xc0150008]
52dc.6d38: supR3HardenedScreenImage/Imports: cache hit (VINF_SUCCESS) on \Device\HarddiskVolume2\Windows\System32\vcruntime140.dll
52dc.6d38: supR3HardenedWinVerifyCacheProcessImportTodos: Processing 'msvcp140_1.dll'...
52dc.6d38: supR3HardenedWinVerifyCacheProcessImportTodos: 'msvcp140_1.dll' -> '\Device\HarddiskVolume2\Windows\System32\msvcp140_1.dll' [rcNtRedir=0xc0150008]
52dc.6d38: Detected WinVerifyTrust recursion: rc=VINF_SUCCESS '\Device\HarddiskVolume2\Windows\System32\msvcp140_1.dll'.
52dc.6d38: supR3HardenedWinVerifyCacheScheduleImports: Import todo: #0 'msvcp140.dll'.
52dc.6d38: supR3HardenedWinVerifyCacheScheduleImports: Import todo: #1 'vcruntime140.dll'.
52dc.6d38: supHardenedWinVerifyImageByHandle: -> 0 (\Device\HarddiskVolume2\Windows\System32\msvcp140_1.dll)
52dc.6d38: supR3HardenedWinVerifyCacheInsert: \Device\HarddiskVolume2\Windows\System32\msvcp140_1.dll
52dc.6d38: supR3HardenedWinVerifyCacheProcessImportTodos: Processing 'msvcp140.dll'...
52dc.6d38: supR3HardenedWinVerifyCacheProcessImportTodos: 'msvcp140.dll' -> '\Device\HarddiskVolume2\Windows\System32\msvcp140.dll' [rcNtRedir=0xc0150008]
52dc.6d38: supR3HardenedScreenImage/Imports: cache hit (VINF_SUCCESS) on \Device\HarddiskVolume2\Windows\System32\msvcp140.dll
52dc.6d38: supR3HardenedWinVerifyCacheProcessImportTodos: Processing 'gdi32.dll'...
52dc.6d38: supR3HardenedWinVerifyCacheProcessImportTodos: 'gdi32.dll' -> '\Device\HarddiskVolume2\Windows\System32\gdi32.dll' [rcNtRedir=0xc0150008]
52dc.6d38: supR3HardenedScreenImage/Imports: cache hit (VINF_SUCCESS) on \Device\HarddiskVolume2\Windows\System32\gdi32.dll [lacks WinVerifyTrust]
52dc.6d38: supR3HardenedWinVerifyCacheProcessImportTodos: Processing 'user32.dll'...
52dc.6d38: supR3HardenedWinVerifyCacheProcessImportTodos: 'user32.dll' -> '\Device\HarddiskVolume2\Windows\System32\user32.dll' [rcNtRedir=0xc0150008]
52dc.6d38: supR3HardenedScreenImage/Imports: cache hit (VINF_SUCCESS) on \Device\HarddiskVolume2\Windows\System32\user32.dll [lacks WinVerifyTrust]
52dc.6d38: supR3HardenedWinVerifyCacheProcessImportTodos: Processing 'qt6corevbox.dll'...
52dc.6d38: supR3HardenedWinVerifyCacheProcessImportTodos: 'qt6corevbox.dll' -> '\Device\HarddiskVolume2\Program Files\Oracle\VirtualBox\qt6corevbox.dll' [rcNtRedir=0xc0150008]
52dc.6d38: Detected WinVerifyTrust recursion: rc=VINF_SUCCESS '\Device\HarddiskVolume2\Program Files\Oracle\VirtualBox\Qt6CoreVBox.dll'.
52dc.6d38: supR3HardenedWinVerifyCacheScheduleImports: Import todo: #1 'mpr.dll'.
52dc.6d38: supR3HardenedWinVerifyCacheScheduleImports: Import todo: #2 'userenv.dll'.
52dc.6d38: supR3HardenedWinVerifyCacheScheduleImports: Import todo: #3 'advapi32.dll'.
52dc.6d38: supR3HardenedWinVerifyCacheScheduleImports: Import todo: #4 'authz.dll'.
52dc.6d38: supR3HardenedWinVerifyCacheScheduleImports: Import todo: #6 'netapi32.dll'.
52dc.6d38: supR3HardenedWinVerifyCacheScheduleImports: Import todo: #7 'ole32.dll'.
52dc.6d38: supR3HardenedWinVerifyCacheScheduleImports: Import todo: #8 'shell32.dll'.
52dc.6d38: supR3HardenedWinVerifyCacheScheduleImports: Import todo: #9 'user32.dll'.
52dc.6d38: supR3HardenedWinVerifyCacheScheduleImports: Import todo: #10 'version.dll'.
52dc.6d38: supR3HardenedWinVerifyCacheScheduleImports: Import todo: #11 'winmm.dll'.
52dc.6d38: supR3HardenedWinVerifyCacheScheduleImports: Import todo: #12 'ws2_32.dll'.
52dc.6d38: supR3HardenedWinVerifyCacheScheduleImports: Import todo: #13 'msvcp140.dll'.
52dc.6d38: supR3HardenedWinVerifyCacheScheduleImports: Import todo: #14 'msvcp140_1.dll'.
52dc.6d38: supR3HardenedWinVerifyCacheScheduleImports: Import todo: #15 'vcruntime140_1.dll'.
52dc.6d38: supR3HardenedWinVerifyCacheScheduleImports: Import todo: #16 'vcruntime140.dll'.
52dc.6d38: supHardenedWinVerifyImageByHandle: -> 0 (\Device\HarddiskVolume2\Program Files\Oracle\VirtualBox\Qt6CoreVBox.dll)
52dc.6d38: supR3HardenedWinVerifyCacheInsert: \Device\HarddiskVolume2\Program Files\Oracle\VirtualBox\Qt6CoreVBox.dll
52dc.6d38: supR3HardenedWinVerifyCacheProcessImportTodos: Processing 'qt6guivbox.dll'...
52dc.6d38: supR3HardenedWinVerifyCacheProcessImportTodos: 'qt6guivbox.dll' -> '\Device\HarddiskVolume2\Program Files\Oracle\VirtualBox\qt6guivbox.dll' [rcNtRedir=0xc0150008]
52dc.6d38: Detected WinVerifyTrust recursion: rc=VINF_SUCCESS '\Device\HarddiskVolume2\Program Files\Oracle\VirtualBox\Qt6GuiVBox.dll'.
52dc.6d38: supR3HardenedWinVerifyCacheScheduleImports: Import todo: #0 'd3d11.dll'.
52dc.6d38: supR3HardenedWinVerifyCacheScheduleImports: Import todo: #1 'dxgi.dll'.
52dc.6d38: supR3HardenedWinVerifyCacheScheduleImports: Import todo: #2 'd3d12.dll'.
52dc.6d38: supR3HardenedWinVerifyCacheScheduleImports: Import todo: #3 'gdi32.dll'.
52dc.6d38: supR3HardenedWinVerifyCacheScheduleImports: Import todo: #4 'ole32.dll'.
52dc.6d38: supR3HardenedWinVerifyCacheScheduleImports: Import todo: #5 'shell32.dll'.
52dc.6d38: supR3HardenedWinVerifyCacheScheduleImports: Import todo: #6 'user32.dll'.
52dc.6d38: supR3HardenedWinVerifyCacheScheduleImports: Import todo: #7 'uxtheme.dll'.
52dc.6d38: supR3HardenedWinVerifyCacheScheduleImports: Import todo: #8 'dwrite.dll'.
52dc.6d38: supR3HardenedWinVerifyCacheScheduleImports: Import todo: #9 'qt6corevbox.dll'.
52dc.6d38: supR3HardenedWinVerifyCacheScheduleImports: Import todo: #11 'msvcp140.dll'.
52dc.6d38: supR3HardenedWinVerifyCacheScheduleImports: Import todo: #12 'msvcp140_1.dll'.
52dc.6d38: supR3HardenedWinVerifyCacheScheduleImports: Import todo: #13 'msvcp140_2.dll'.
52dc.6d38: supR3HardenedWinVerifyCacheScheduleImports: Import todo: #14 'vcruntime140.dll'.
52dc.6d38: supR3HardenedWinVerifyCacheScheduleImports: Import todo: #15 'vcruntime140_1.dll'.
52dc.6d38: supHardenedWinVerifyImageByHandle: -> 0 (\Device\HarddiskVolume2\Program Files\Oracle\VirtualBox\Qt6GuiVBox.dll)
52dc.6d38: supR3HardenedWinVerifyCacheInsert: \Device\HarddiskVolume2\Program Files\Oracle\VirtualBox\Qt6GuiVBox.dll
52dc.6d38: supR3HardenedWinVerifyCacheProcessImportTodos: Processing 'uxtheme.dll'...
52dc.6d38: supR3HardenedWinVerifyCacheProcessImportTodos: 'uxtheme.dll' -> '\Device\HarddiskVolume2\Windows\System32\uxtheme.dll' [rcNtRedir=0xc0150008]
52dc.6d38: Detected WinVerifyTrust recursion: rc=22900 '\Device\HarddiskVolume2\Windows\System32\uxtheme.dll'.
52dc.6d38: supR3HardenedWinVerifyCacheScheduleImports: Import todo: #39 'gdi32.dll'.
52dc.6d38: supR3HardenedWinVerifyCacheScheduleImports: Import todo: #40 'user32.dll'.
52dc.6d38: supHardenedWinVerifyImageByHandle: -> 22900 (\Device\HarddiskVolume2\Windows\System32\uxtheme.dll)
52dc.6d38: supR3HardenedWinVerifyCacheInsert: \Device\HarddiskVolume2\Windows\System32\uxtheme.dll
52dc.6d38: supR3HardenedWinVerifyCacheProcessImportTodos: Processing 'dwmapi.dll'...
52dc.6d38: supR3HardenedWinVerifyCacheProcessImportTodos: 'dwmapi.dll' -> '\Device\HarddiskVolume2\Windows\System32\dwmapi.dll' [rcNtRedir=0xc0150008]
52dc.6d38: Detected WinVerifyTrust recursion: rc=VINF_SUCCESS '\Device\HarddiskVolume2\Windows\System32\dwmapi.dll'.
52dc.6d38: supR3HardenedWinVerifyCacheScheduleImports: Import todo: #24 'win32u.dll'.
52dc.6d38: supR3HardenedWinVerifyCacheScheduleImports: Import todo: #25 'user32.dll'.
52dc.6d38: supR3HardenedWinVerifyCacheScheduleImports: Import todo: #26 'gdi32.dll'.
52dc.6d38: supHardenedWinVerifyImageByHandle: -> 0 (\Device\HarddiskVolume2\Windows\System32\dwmapi.dll)
52dc.6d38: supR3HardenedWinVerifyCacheInsert: \Device\HarddiskVolume2\Windows\System32\dwmapi.dll
52dc.6d38: supR3HardenedWinVerifyCacheProcessImportTodos: Processing 'gdi32.dll'...
52dc.6d38: supR3HardenedWinVerifyCacheProcessImportTodos: 'gdi32.dll' -> '\Device\HarddiskVolume2\Windows\System32\gdi32.dll' [rcNtRedir=0xc0150008]
52dc.6d38: supR3HardenedScreenImage/Imports: cache hit (VINF_SUCCESS) on \Device\HarddiskVolume2\Windows\System32\gdi32.dll [lacks WinVerifyTrust]
52dc.6d38: supR3HardenedWinVerifyCacheProcessImportTodos: Processing 'user32.dll'...
52dc.6d38: supR3HardenedWinVerifyCacheProcessImportTodos: 'user32.dll' -> '\Device\HarddiskVolume2\Windows\System32\user32.dll' [rcNtRedir=0xc0150008]
52dc.6d38: supR3HardenedScreenImage/Imports: cache hit (VINF_SUCCESS) on \Device\HarddiskVolume2\Windows\System32\user32.dll [lacks WinVerifyTrust]
52dc.6d38: supR3HardenedWinVerifyCacheProcessImportTodos: Processing 'win32u.dll'...
52dc.6d38: supR3HardenedWinVerifyCacheProcessImportTodos: 'win32u.dll' -> '\Device\HarddiskVolume2\Windows\System32\win32u.dll' [rcNtRedir=0xc0150008]
52dc.6d38: supR3HardenedScreenImage/Imports: cache hit (VINF_SUCCESS) on \Device\HarddiskVolume2\Windows\System32\win32u.dll [lacks WinVerifyTrust]
52dc.6d38: supR3HardenedWinVerifyCacheProcessImportTodos: Processing 'user32.dll'...
52dc.6d38: supR3HardenedWinVerifyCacheProcessImportTodos: 'user32.dll' -> '\Device\HarddiskVolume2\Windows\System32\user32.dll' [rcNtRedir=0xc0150008]
52dc.6d38: supR3HardenedScreenImage/Imports: cache hit (VINF_SUCCESS) on \Device\HarddiskVolume2\Windows\System32\user32.dll [lacks WinVerifyTrust]
52dc.6d38: supR3HardenedWinVerifyCacheProcessImportTodos: Processing 'gdi32.dll'...
52dc.6d38: supR3HardenedWinVerifyCacheProcessImportTodos: 'gdi32.dll' -> '\Device\HarddiskVolume2\Windows\System32\gdi32.dll' [rcNtRedir=0xc0150008]
52dc.6d38: supR3HardenedScreenImage/Imports: cache hit (VINF_SUCCESS) on \Device\HarddiskVolume2\Windows\System32\gdi32.dll [lacks WinVerifyTrust]
52dc.6d38: supR3HardenedWinVerifyCacheProcessImportTodos: Processing 'vcruntime140_1.dll'...
52dc.6d38: supR3HardenedWinVerifyCacheProcessImportTodos: 'vcruntime140_1.dll' -> '\Device\HarddiskVolume2\Windows\System32\vcruntime140_1.dll' [rcNtRedir=0xc0150008]
52dc.6d38: supR3HardenedScreenImage/Imports: cache hit (VINF_SUCCESS) on \Device\HarddiskVolume2\Windows\System32\vcruntime140_1.dll
52dc.6d38: supR3HardenedWinVerifyCacheProcessImportTodos: Processing 'vcruntime140.dll'...
52dc.6d38: supR3HardenedWinVerifyCacheProcessImportTodos: 'vcruntime140.dll' -> '\Device\HarddiskVolume2\Windows\System32\vcruntime140.dll' [rcNtRedir=0xc0150008]
52dc.6d38: supR3HardenedScreenImage/Imports: cache hit (VINF_SUCCESS) on \Device\HarddiskVolume2\Windows\System32\vcruntime140.dll
52dc.6d38: supR3HardenedWinVerifyCacheProcessImportTodos: Processing 'msvcp140_2.dll'...
52dc.6d38: supR3HardenedWinVerifyCacheProcessImportTodos: 'msvcp140_2.dll' -> '\Device\HarddiskVolume2\Windows\System32\msvcp140_2.dll' [rcNtRedir=0xc0150008]
52dc.6d38: Detected WinVerifyTrust recursion: rc=VINF_SUCCESS '\Device\HarddiskVolume2\Windows\System32\msvcp140_2.dll'.
52dc.6d38: supR3HardenedWinVerifyCacheScheduleImports: Import todo: #0 'msvcp140.dll'.
52dc.6d38: supR3HardenedWinVerifyCacheScheduleImports: Import todo: #1 'vcruntime140.dll'.
52dc.6d38: supR3HardenedWinVerifyCacheScheduleImports: Import todo: #2 'vcruntime140_1.dll'.
52dc.6d38: supHardenedWinVerifyImageByHandle: -> 0 (\Device\HarddiskVolume2\Windows\System32\msvcp140_2.dll)
52dc.6d38: supR3HardenedWinVerifyCacheInsert: \Device\HarddiskVolume2\Windows\System32\msvcp140_2.dll
52dc.6d38: supR3HardenedWinVerifyCacheProcessImportTodos: Processing 'msvcp140_1.dll'...
52dc.6d38: supR3HardenedWinVerifyCacheProcessImportTodos: 'msvcp140_1.dll' -> '\Device\HarddiskVolume2\Windows\System32\msvcp140_1.dll' [rcNtRedir=0xc0150008]
52dc.6d38: supR3HardenedScreenImage/Imports: cache hit (VINF_SUCCESS) on \Device\HarddiskVolume2\Windows\System32\msvcp140_1.dll [lacks WinVerifyTrust]
52dc.6d38: supR3HardenedWinVerifyCacheProcessImportTodos: Processing 'msvcp140.dll'...
52dc.6d38: supR3HardenedWinVerifyCacheProcessImportTodos: 'msvcp140.dll' -> '\Device\HarddiskVolume2\Windows\System32\msvcp140.dll' [rcNtRedir=0xc0150008]
52dc.6d38: supR3HardenedScreenImage/Imports: cache hit (VINF_SUCCESS) on \Device\HarddiskVolume2\Windows\System32\msvcp140.dll
52dc.6d38: supR3HardenedWinVerifyCacheProcessImportTodos: Processing 'qt6corevbox.dll'...
52dc.6d38: supR3HardenedWinVerifyCacheProcessImportTodos: 'qt6corevbox.dll' -> '\Device\HarddiskVolume2\Program Files\Oracle\VirtualBox\qt6corevbox.dll' [rcNtRedir=0xc0150008]
52dc.6d38: supR3HardenedScreenImage/Imports: cache hit (VINF_SUCCESS) on \Device\HarddiskVolume2\Program Files\Oracle\VirtualBox\Qt6CoreVBox.dll [lacks WinVerifyTrust]
52dc.6d38: supR3HardenedWinVerifyCacheProcessImportTodos: Processing 'dwrite.dll'...
52dc.6d38: supR3HardenedWinVerifyCacheProcessImportTodos: 'dwrite.dll' -> '\Device\HarddiskVolume2\Windows\System32\dwrite.dll' [rcNtRedir=0xc0150008]
52dc.6d38: Detected WinVerifyTrust recursion: rc=22900 '\Device\HarddiskVolume2\Windows\System32\DWrite.dll'.
52dc.6d38: supR3HardenedWinVerifyCacheScheduleImports: Import todo: #22 'rpcrt4.dll'.
52dc.6d38: supR3HardenedWinVerifyCacheScheduleImports: Import todo: #28 'msvcp_win.dll'.
52dc.6d38: supHardenedWinVerifyImageByHandle: -> 22900 (\Device\HarddiskVolume2\Windows\System32\DWrite.dll)
52dc.6d38: supR3HardenedWinVerifyCacheInsert: \Device\HarddiskVolume2\Windows\System32\DWrite.dll
52dc.6d38: supR3HardenedWinVerifyCacheProcessImportTodos: Processing 'uxtheme.dll'...
52dc.6d38: supR3HardenedWinVerifyCacheProcessImportTodos: 'uxtheme.dll' -> '\Device\HarddiskVolume2\Windows\System32\uxtheme.dll' [rcNtRedir=0xc0150008]
52dc.6d38: supR3HardenedScreenImage/Imports: cache hit (22900) on \Device\HarddiskVolume2\Windows\System32\uxtheme.dll [lacks WinVerifyTrust]
52dc.6d38: supR3HardenedWinVerifyCacheProcessImportTodos: Processing 'user32.dll'...
52dc.6d38: supR3HardenedWinVerifyCacheProcessImportTodos: 'user32.dll' -> '\Device\HarddiskVolume2\Windows\System32\user32.dll' [rcNtRedir=0xc0150008]
52dc.6d38: supR3HardenedScreenImage/Imports: cache hit (VINF_SUCCESS) on \Device\HarddiskVolume2\Windows\System32\user32.dll [lacks WinVerifyTrust]
52dc.6d38: supR3HardenedWinVerifyCacheProcessImportTodos: Processing 'shell32.dll'...
52dc.6d38: supR3HardenedWinVerifyCacheProcessImportTodos: 'shell32.dll' -> '\Device\HarddiskVolume2\Windows\System32\shell32.dll' [rcNtRedir=0xc0150008]
52dc.6d38: Detected WinVerifyTrust recursion: rc=VINF_SUCCESS '\Device\HarddiskVolume2\Windows\System32\shell32.dll'.
52dc.6d38: supR3HardenedWinVerifyCacheScheduleImports: Import todo: #0 'msvcp_win.dll'.
52dc.6d38: supR3HardenedWinVerifyCacheScheduleImports: Import todo: #71 'user32.dll'.
52dc.6d38: supR3HardenedWinVerifyCacheScheduleImports: Import todo: #73 'gdi32.dll'.
52dc.6d38: supHardenedWinVerifyImageByHandle: -> 0 (\Device\HarddiskVolume2\Windows\System32\shell32.dll)
52dc.6d38: supR3HardenedWinVerifyCacheInsert: \Device\HarddiskVolume2\Windows\System32\shell32.dll
52dc.6d38: supR3HardenedWinVerifyCacheProcessImportTodos: Processing 'ole32.dll'...
52dc.6d38: supR3HardenedWinVerifyCacheProcessImportTodos: 'ole32.dll' -> '\Device\HarddiskVolume2\Windows\System32\ole32.dll' [rcNtRedir=0xc0150008]
52dc.6d38: supR3HardenedScreenImage/Imports: cache hit (VINF_SUCCESS) on \Device\HarddiskVolume2\Windows\System32\ole32.dll
52dc.6d38: supR3HardenedWinVerifyCacheProcessImportTodos: Processing 'gdi32.dll'...
52dc.6d38: supR3HardenedWinVerifyCacheProcessImportTodos: 'gdi32.dll' -> '\Device\HarddiskVolume2\Windows\System32\gdi32.dll' [rcNtRedir=0xc0150008]
52dc.6d38: supR3HardenedScreenImage/Imports: cache hit (VINF_SUCCESS) on \Device\HarddiskVolume2\Windows\System32\gdi32.dll [lacks WinVerifyTrust]
52dc.6d38: supR3HardenedWinVerifyCacheProcessImportTodos: Processing 'd3d12.dll'...
52dc.6d38: supR3HardenedWinVerifyCacheProcessImportTodos: 'd3d12.dll' -> '\Device\HarddiskVolume2\Windows\System32\d3d12.dll' [rcNtRedir=0xc0150008]
52dc.6d38: Detected WinVerifyTrust recursion: rc=VINF_SUCCESS '\Device\HarddiskVolume2\Windows\System32\D3D12.dll'.
52dc.6d38: supR3HardenedWinVerifyCacheScheduleImports: Import todo: #0 'msvcp_win.dll'.
52dc.6d38: supHardenedWinVerifyImageByHandle: -> 0 (\Device\HarddiskVolume2\Windows\System32\D3D12.dll)
52dc.6d38: supR3HardenedWinVerifyCacheInsert: \Device\HarddiskVolume2\Windows\System32\D3D12.dll
52dc.6d38: supR3HardenedWinVerifyCacheProcessImportTodos: Processing 'dxgi.dll'...
52dc.6d38: supR3HardenedWinVerifyCacheProcessImportTodos: 'dxgi.dll' -> '\Device\HarddiskVolume2\Windows\System32\dxgi.dll' [rcNtRedir=0xc0150008]
52dc.6d38: Detected WinVerifyTrust recursion: rc=VINF_SUCCESS '\Device\HarddiskVolume2\Windows\System32\dxgi.dll'.
52dc.6d38: supR3HardenedWinVerifyCacheScheduleImports: Import todo: #0 'msvcp_win.dll'.
52dc.6d38: supR3HardenedWinVerifyCacheScheduleImports: Import todo: #6 'win32u.dll'.
52dc.6d38: supHardenedWinVerifyImageByHandle: -> 0 (\Device\HarddiskVolume2\Windows\System32\dxgi.dll)
52dc.6d38: supR3HardenedWinVerifyCacheInsert: \Device\HarddiskVolume2\Windows\System32\dxgi.dll
52dc.6d38: supR3HardenedWinVerifyCacheProcessImportTodos: Processing 'd3d11.dll'...
52dc.6d38: supR3HardenedWinVerifyCacheProcessImportTodos: 'd3d11.dll' -> '\Device\HarddiskVolume2\Windows\System32\d3d11.dll' [rcNtRedir=0xc0150008]
52dc.6d38: Detected WinVerifyTrust recursion: rc=VINF_SUCCESS '\Device\HarddiskVolume2\Windows\System32\d3d11.dll'.
52dc.6d38: supR3HardenedWinVerifyCacheScheduleImports: Import todo: #0 'msvcp_win.dll'.
52dc.6d38: supR3HardenedWinVerifyCacheScheduleImports: Import todo: #29 'dxgi.dll'.
52dc.6d38: supR3HardenedWinVerifyCacheScheduleImports: Import todo: #31 'win32u.dll'.
52dc.6d38: supHardenedWinVerifyImageByHandle: -> 0 (\Device\HarddiskVolume2\Windows\System32\d3d11.dll)
52dc.6d38: supR3HardenedWinVerifyCacheInsert: \Device\HarddiskVolume2\Windows\System32\d3d11.dll
52dc.6d38: supR3HardenedWinVerifyCacheProcessImportTodos: Processing 'vcruntime140.dll'...
52dc.6d38: supR3HardenedWinVerifyCacheProcessImportTodos: 'vcruntime140.dll' -> '\Device\HarddiskVolume2\Windows\System32\vcruntime140.dll' [rcNtRedir=0xc0150008]
52dc.6d38: supR3HardenedWinVerifyCacheProcessImportTodos: Processing 'vcruntime140_1.dll'...
52dc.6d38: supR3HardenedWinVerifyCacheProcessImportTodos: 'vcruntime140_1.dll' -> '\Device\HarddiskVolume2\Windows\System32\vcruntime140_1.dll' [rcNtRedir=0xc0150008]
52dc.6d38: supR3HardenedScreenImage/Imports: cache hit (VINF_SUCCESS) on \Device\HarddiskVolume2\Windows\System32\vcruntime140_1.dll
52dc.6d38: supR3HardenedWinVerifyCacheProcessImportTodos: Processing 'msvcp140_1.dll'...
52dc.6d38: supR3HardenedWinVerifyCacheProcessImportTodos: 'msvcp140_1.dll' -> '\Device\HarddiskVolume2\Windows\System32\msvcp140_1.dll' [rcNtRedir=0xc0150008]
52dc.6d38: supR3HardenedScreenImage/Imports: cache hit (VINF_SUCCESS) on \Device\HarddiskVolume2\Windows\System32\msvcp140_1.dll [lacks WinVerifyTrust]
52dc.6d38: supR3HardenedWinVerifyCacheProcessImportTodos: Processing 'msvcp140.dll'...
52dc.6d38: supR3HardenedWinVerifyCacheProcessImportTodos: 'msvcp140.dll' -> '\Device\HarddiskVolume2\Windows\System32\msvcp140.dll' [rcNtRedir=0xc0150008]
52dc.6d38: supR3HardenedScreenImage/Imports: cache hit (VINF_SUCCESS) on \Device\HarddiskVolume2\Windows\System32\msvcp140.dll
52dc.6d38: supR3HardenedWinVerifyCacheProcessImportTodos: Processing 'ws2_32.dll'...
52dc.6d38: supR3HardenedWinVerifyCacheProcessImportTodos: 'ws2_32.dll' -> '\Device\HarddiskVolume2\Windows\System32\ws2_32.dll' [rcNtRedir=0xc0150008]
52dc.6d38: supR3HardenedScreenImage/Imports: cache hit (VINF_SUCCESS) on \Device\HarddiskVolume2\Windows\System32\ws2_32.dll
52dc.6d38: supR3HardenedWinVerifyCacheProcessImportTodos: Processing 'winmm.dll'...
52dc.6d38: supR3HardenedWinVerifyCacheProcessImportTodos: 'winmm.dll' -> '\Device\HarddiskVolume2\Windows\System32\winmm.dll' [rcNtRedir=0xc0150008]
52dc.6d38: supR3HardenedScreenImage/Imports: cache hit (VINF_SUCCESS) on \Device\HarddiskVolume2\Windows\System32\winmm.dll
52dc.6d38: supR3HardenedWinVerifyCacheProcessImportTodos: Processing 'version.dll'...
52dc.6d38: supR3HardenedWinVerifyCacheProcessImportTodos: 'version.dll' -> '\Device\HarddiskVolume2\Windows\System32\version.dll' [rcNtRedir=0xc0150008]
52dc.6d38: Detected WinVerifyTrust recursion: rc=VINF_SUCCESS '\Device\HarddiskVolume2\Windows\System32\version.dll'.
52dc.6d38: supR3HardenedWinVerifyCacheScheduleImports: Import todo: #0 'msvcrt.dll'.
52dc.6d38: supHardenedWinVerifyImageByHandle: -> 0 (\Device\HarddiskVolume2\Windows\System32\version.dll)
52dc.6d38: supR3HardenedWinVerifyCacheInsert: \Device\HarddiskVolume2\Windows\System32\version.dll
52dc.6d38: supR3HardenedWinVerifyCacheProcessImportTodos: Processing 'user32.dll'...
52dc.6d38: supR3HardenedWinVerifyCacheProcessImportTodos: 'user32.dll' -> '\Device\HarddiskVolume2\Windows\System32\user32.dll' [rcNtRedir=0xc0150008]
52dc.6d38: supR3HardenedScreenImage/Imports: cache hit (VINF_SUCCESS) on \Device\HarddiskVolume2\Windows\System32\user32.dll [lacks WinVerifyTrust]
52dc.6d38: supR3HardenedWinVerifyCacheProcessImportTodos: Processing 'shell32.dll'...
52dc.6d38: supR3HardenedWinVerifyCacheProcessImportTodos: 'shell32.dll' -> '\Device\HarddiskVolume2\Windows\System32\shell32.dll' [rcNtRedir=0xc0150008]
52dc.6d38: supR3HardenedScreenImage/Imports: cache hit (VINF_SUCCESS) on \Device\HarddiskVolume2\Windows\System32\shell32.dll [lacks WinVerifyTrust]
52dc.6d38: supR3HardenedWinVerifyCacheProcessImportTodos: Processing 'ole32.dll'...
52dc.6d38: supR3HardenedWinVerifyCacheProcessImportTodos: 'ole32.dll' -> '\Device\HarddiskVolume2\Windows\System32\ole32.dll' [rcNtRedir=0xc0150008]
52dc.6d38: supR3HardenedScreenImage/Imports: cache hit (VINF_SUCCESS) on \Device\HarddiskVolume2\Windows\System32\ole32.dll
52dc.6d38: supR3HardenedWinVerifyCacheProcessImportTodos: Processing 'netapi32.dll'...
52dc.6d38: supR3HardenedWinVerifyCacheProcessImportTodos: 'netapi32.dll' -> '\Device\HarddiskVolume2\Windows\System32\netapi32.dll' [rcNtRedir=0xc0150008]
52dc.6d38: Detected WinVerifyTrust recursion: rc=VINF_SUCCESS '\Device\HarddiskVolume2\Windows\System32\netapi32.dll'.
52dc.6d38: supR3HardenedWinVerifyCacheScheduleImports: Import todo: #0 'msvcrt.dll'.
52dc.6d38: supHardenedWinVerifyImageByHandle: -> 0 (\Device\HarddiskVolume2\Windows\System32\netapi32.dll)
52dc.6d38: supR3HardenedWinVerifyCacheInsert: \Device\HarddiskVolume2\Windows\System32\netapi32.dll
52dc.6d38: supR3HardenedWinVerifyCacheProcessImportTodos: Processing 'authz.dll'...
52dc.6d38: supR3HardenedWinVerifyCacheProcessImportTodos: 'authz.dll' -> '\Device\HarddiskVolume2\Windows\System32\authz.dll' [rcNtRedir=0xc0150008]
52dc.6d38: Detected WinVerifyTrust recursion: rc=22900 '\Device\HarddiskVolume2\Windows\System32\authz.dll'.
52dc.6d38: supHardenedWinVerifyImageByHandle: -> 22900 (\Device\HarddiskVolume2\Windows\System32\authz.dll)
52dc.6d38: supR3HardenedWinVerifyCacheInsert: \Device\HarddiskVolume2\Windows\System32\authz.dll
52dc.6d38: supR3HardenedWinVerifyCacheProcessImportTodos: Processing 'advapi32.dll'...
52dc.6d38: supR3HardenedWinVerifyCacheProcessImportTodos: 'advapi32.dll' -> '\Device\HarddiskVolume2\Windows\System32\advapi32.dll' [rcNtRedir=0xc0150008]
52dc.6d38: supR3HardenedScreenImage/Imports: cache hit (VINF_SUCCESS) on \Device\HarddiskVolume2\Windows\System32\advapi32.dll
52dc.6d38: supR3HardenedWinVerifyCacheProcessImportTodos: Processing 'userenv.dll'...
52dc.6d38: supR3HardenedWinVerifyCacheProcessImportTodos: 'userenv.dll' -> '\Device\HarddiskVolume2\Windows\System32\userenv.dll' [rcNtRedir=0xc0150008]
52dc.6d38: Detected WinVerifyTrust recursion: rc=VINF_SUCCESS '\Device\HarddiskVolume2\Windows\System32\userenv.dll'.
52dc.6d38: supR3HardenedWinVerifyCacheScheduleImports: Import todo: #15 'rpcrt4.dll'.
52dc.6d38: supHardenedWinVerifyImageByHandle: -> 0 (\Device\HarddiskVolume2\Windows\System32\userenv.dll)
52dc.6d38: supR3HardenedWinVerifyCacheInsert: \Device\HarddiskVolume2\Windows\System32\userenv.dll
52dc.6d38: supR3HardenedWinVerifyCacheProcessImportTodos: Processing 'mpr.dll'...
52dc.6d38: supR3HardenedWinVerifyCacheProcessImportTodos: 'mpr.dll' -> '\Device\HarddiskVolume2\Windows\System32\mpr.dll' [rcNtRedir=0xc0150008]
52dc.6d38: supR3HardenedScreenImage/Imports: cache hit (VINF_SUCCESS) on \Device\HarddiskVolume2\Windows\System32\mpr.dll
52dc.6d38: supR3HardenedWinVerifyCacheProcessImportTodos: Processing 'vcruntime140.dll'...
52dc.6d38: supR3HardenedWinVerifyCacheProcessImportTodos: 'vcruntime140.dll' -> '\Device\HarddiskVolume2\Windows\System32\vcruntime140.dll' [rcNtRedir=0xc0150008]
52dc.6d38: supR3HardenedWinVerifyCacheProcessImportTodos: Processing 'msvcp140.dll'...
52dc.6d38: supR3HardenedWinVerifyCacheProcessImportTodos: 'msvcp140.dll' -> '\Device\HarddiskVolume2\Windows\System32\msvcp140.dll' [rcNtRedir=0xc0150008]
52dc.6d38: supR3HardenedScreenImage/Imports: cache hit (VINF_SUCCESS) on \Device\HarddiskVolume2\Windows\System32\msvcp140.dll
52dc.6d38: supR3HardenedWinVerifyCacheProcessImportTodos: Processing 'rpcrt4.dll'...
52dc.6d38: supR3HardenedWinVerifyCacheProcessImportTodos: 'rpcrt4.dll' -> '\Device\HarddiskVolume2\Windows\System32\rpcrt4.dll' [rcNtRedir=0xc0150008]
52dc.6d38: supR3HardenedWinVerifyCacheProcessImportTodos: Processing 'msvcrt.dll'...
52dc.6d38: supR3HardenedWinVerifyCacheProcessImportTodos: 'msvcrt.dll' -> '\Device\HarddiskVolume2\Windows\System32\msvcrt.dll' [rcNtRedir=0xc0150008]
52dc.6d38: supR3HardenedScreenImage/Imports: cache hit (VINF_SUCCESS) on \Device\HarddiskVolume2\Windows\System32\msvcrt.dll
52dc.6d38: supR3HardenedWinVerifyCacheProcessImportTodos: Processing 'msvcrt.dll'...
52dc.6d38: supR3HardenedWinVerifyCacheProcessImportTodos: 'msvcrt.dll' -> '\Device\HarddiskVolume2\Windows\System32\msvcrt.dll' [rcNtRedir=0xc0150008]
52dc.6d38: supR3HardenedScreenImage/Imports: cache hit (VINF_SUCCESS) on \Device\HarddiskVolume2\Windows\System32\msvcrt.dll
52dc.6d38: supR3HardenedWinVerifyCacheProcessImportTodos: Processing 'win32u.dll'...
52dc.6d38: supR3HardenedWinVerifyCacheProcessImportTodos: 'win32u.dll' -> '\Device\HarddiskVolume2\Windows\System32\win32u.dll' [rcNtRedir=0xc0150008]
52dc.6d38: supR3HardenedScreenImage/Imports: cache hit (VINF_SUCCESS) on \Device\HarddiskVolume2\Windows\System32\win32u.dll [lacks WinVerifyTrust]
52dc.6d38: supR3HardenedWinVerifyCacheProcessImportTodos: Processing 'dxgi.dll'...
52dc.6d38: supR3HardenedWinVerifyCacheProcessImportTodos: 'dxgi.dll' -> '\Device\HarddiskVolume2\Windows\System32\dxgi.dll' [rcNtRedir=0xc0150008]
52dc.6d38: supR3HardenedScreenImage/Imports: cache hit (VINF_SUCCESS) on \Device\HarddiskVolume2\Windows\System32\dxgi.dll [lacks WinVerifyTrust]
52dc.6d38: supR3HardenedWinVerifyCacheProcessImportTodos: Processing 'msvcp_win.dll'...
52dc.6d38: supR3HardenedWinVerifyCacheProcessImportTodos: 'msvcp_win.dll' -> '\Device\HarddiskVolume2\Windows\System32\msvcp_win.dll' [rcNtRedir=0xc0150008]
52dc.6d38: supR3HardenedScreenImage/Imports: cache hit (VINF_SUCCESS) on \Device\HarddiskVolume2\Windows\System32\msvcp_win.dll
52dc.6d38: supR3HardenedWinVerifyCacheProcessImportTodos: Processing 'win32u.dll'...
52dc.6d38: supR3HardenedWinVerifyCacheProcessImportTodos: 'win32u.dll' -> '\Device\HarddiskVolume2\Windows\System32\win32u.dll' [rcNtRedir=0xc0150008]
52dc.6d38: supR3HardenedScreenImage/Imports: cache hit (VINF_SUCCESS) on \Device\HarddiskVolume2\Windows\System32\win32u.dll [lacks WinVerifyTrust]
52dc.6d38: supR3HardenedWinVerifyCacheProcessImportTodos: Processing 'msvcp_win.dll'...
52dc.6d38: supR3HardenedWinVerifyCacheProcessImportTodos: 'msvcp_win.dll' -> '\Device\HarddiskVolume2\Windows\System32\msvcp_win.dll' [rcNtRedir=0xc0150008]
52dc.6d38: supR3HardenedScreenImage/Imports: cache hit (VINF_SUCCESS) on \Device\HarddiskVolume2\Windows\System32\msvcp_win.dll
52dc.6d38: supR3HardenedWinVerifyCacheProcessImportTodos: Processing 'msvcp_win.dll'...
52dc.6d38: supR3HardenedWinVerifyCacheProcessImportTodos: 'msvcp_win.dll' -> '\Device\HarddiskVolume2\Windows\System32\msvcp_win.dll' [rcNtRedir=0xc0150008]
52dc.6d38: supR3HardenedScreenImage/Imports: cache hit (VINF_SUCCESS) on \Device\HarddiskVolume2\Windows\System32\msvcp_win.dll
52dc.6d38: supR3HardenedWinVerifyCacheProcessImportTodos: Processing 'gdi32.dll'...
52dc.6d38: supR3HardenedWinVerifyCacheProcessImportTodos: 'gdi32.dll' -> '\Device\HarddiskVolume2\Windows\System32\gdi32.dll' [rcNtRedir=0xc0150008]
52dc.6d38: supR3HardenedScreenImage/Imports: cache hit (VINF_SUCCESS) on \Device\HarddiskVolume2\Windows\System32\gdi32.dll [lacks WinVerifyTrust]
52dc.6d38: supR3HardenedWinVerifyCacheProcessImportTodos: Processing 'user32.dll'...
52dc.6d38: supR3HardenedWinVerifyCacheProcessImportTodos: 'user32.dll' -> '\Device\HarddiskVolume2\Windows\System32\user32.dll' [rcNtRedir=0xc0150008]
52dc.6d38: supR3HardenedScreenImage/Imports: cache hit (VINF_SUCCESS) on \Device\HarddiskVolume2\Windows\System32\user32.dll [lacks WinVerifyTrust]
52dc.6d38: supR3HardenedWinVerifyCacheProcessImportTodos: Processing 'msvcp_win.dll'...
52dc.6d38: supR3HardenedWinVerifyCacheProcessImportTodos: 'msvcp_win.dll' -> '\Device\HarddiskVolume2\Windows\System32\msvcp_win.dll' [rcNtRedir=0xc0150008]
52dc.6d38: supR3HardenedScreenImage/Imports: cache hit (VINF_SUCCESS) on \Device\HarddiskVolume2\Windows\System32\msvcp_win.dll
52dc.6d38: supR3HardenedWinVerifyCacheProcessImportTodos: Processing 'msvcp_win.dll'...
52dc.6d38: supR3HardenedWinVerifyCacheProcessImportTodos: 'msvcp_win.dll' -> '\Device\HarddiskVolume2\Windows\System32\msvcp_win.dll' [rcNtRedir=0xc0150008]
52dc.6d38: supR3HardenedScreenImage/Imports: cache hit (VINF_SUCCESS) on \Device\HarddiskVolume2\Windows\System32\msvcp_win.dll
52dc.6d38: supR3HardenedWinVerifyCacheProcessImportTodos: Processing 'rpcrt4.dll'...
52dc.6d38: supR3HardenedWinVerifyCacheProcessImportTodos: 'rpcrt4.dll' -> '\Device\HarddiskVolume2\Windows\System32\rpcrt4.dll' [rcNtRedir=0xc0150008]
52dc.6d38: supR3HardenedWinVerifyCacheProcessImportTodos: Processing 'vcruntime140_1.dll'...
52dc.6d38: supR3HardenedWinVerifyCacheProcessImportTodos: 'vcruntime140_1.dll' -> '\Device\HarddiskVolume2\Windows\System32\vcruntime140_1.dll' [rcNtRedir=0xc0150008]
52dc.6d38: supR3HardenedScreenImage/Imports: cache hit (VINF_SUCCESS) on \Device\HarddiskVolume2\Windows\System32\vcruntime140_1.dll
52dc.6d38: supR3HardenedWinVerifyCacheProcessImportTodos: Processing 'vcruntime140.dll'...
52dc.6d38: supR3HardenedWinVerifyCacheProcessImportTodos: 'vcruntime140.dll' -> '\Device\HarddiskVolume2\Windows\System32\vcruntime140.dll' [rcNtRedir=0xc0150008]
52dc.6d38: supR3HardenedWinVerifyCacheProcessImportTodos: Processing 'msvcp140.dll'...
52dc.6d38: supR3HardenedWinVerifyCacheProcessImportTodos: 'msvcp140.dll' -> '\Device\HarddiskVolume2\Windows\System32\msvcp140.dll' [rcNtRedir=0xc0150008]
52dc.6d38: supR3HardenedScreenImage/Imports: cache hit (VINF_SUCCESS) on \Device\HarddiskVolume2\Windows\System32\msvcp140.dll
52dc.6d38: supR3HardenedMonitor_LdrLoadDll: returns rcNt=0x0 hMod=00007fff12620000 'C:\WINDOWS\system32\rsaenh.dll'
52dc.6d38: supR3HardenedMonitor_LdrLoadDll: returns rcNt=0x0 hMod=00007fff14730000 'C:\WINDOWS\System32\crypt32.dll'
52dc.6d38: supR3HardenedWinVerifyCacheScheduleImports: Import todo: #0 'd3d11.dll'.
52dc.6d38: supR3HardenedWinVerifyCacheScheduleImports: Import todo: #1 'dxgi.dll'.
52dc.6d38: supR3HardenedWinVerifyCacheScheduleImports: Import todo: #2 'd3d12.dll'.
52dc.6d38: supR3HardenedWinVerifyCacheScheduleImports: Import todo: #3 'gdi32.dll'.
52dc.6d38: supR3HardenedWinVerifyCacheScheduleImports: Import todo: #4 'ole32.dll'.
52dc.6d38: supR3HardenedWinVerifyCacheScheduleImports: Import todo: #5 'shell32.dll'.
52dc.6d38: supR3HardenedWinVerifyCacheScheduleImports: Import todo: #6 'user32.dll'.
52dc.6d38: supR3HardenedWinVerifyCacheScheduleImports: Import todo: #7 'uxtheme.dll'.
52dc.6d38: supR3HardenedWinVerifyCacheScheduleImports: Import todo: #8 'dwrite.dll'.
52dc.6d38: supR3HardenedWinVerifyCacheScheduleImports: Import todo: #9 'qt6corevbox.dll'.
52dc.6d38: supR3HardenedWinVerifyCacheScheduleImports: Import todo: #11 'msvcp140.dll'.
52dc.6d38: supR3HardenedWinVerifyCacheScheduleImports: Import todo: #12 'msvcp140_1.dll'.
52dc.6d38: supR3HardenedWinVerifyCacheScheduleImports: Import todo: #13 'msvcp140_2.dll'.
52dc.6d38: supR3HardenedWinVerifyCacheScheduleImports: Import todo: #14 'vcruntime140.dll'.
52dc.6d38: supR3HardenedWinVerifyCacheScheduleImports: Import todo: #15 'vcruntime140_1.dll'.
52dc.6d38: supHardenedWinVerifyImageByHandle: -> 0 (\Device\HarddiskVolume2\Program Files\Oracle\VirtualBox\Qt6GuiVBox.dll) WinVerifyTrust
52dc.6d38: supR3HardenedWinVerifyCacheProcessImportTodos: Processing 'qt6corevbox.dll'...
52dc.6d38: supR3HardenedWinVerifyCacheProcessImportTodos: 'qt6corevbox.dll' -> '\Device\HarddiskVolume2\Program Files\Oracle\VirtualBox\qt6corevbox.dll' [rcNtRedir=0xc0150008]
52dc.6d38: supR3HardenedScreenImage/Imports: cache hit (VINF_SUCCESS) on \Device\HarddiskVolume2\Program Files\Oracle\VirtualBox\Qt6CoreVBox.dll [redoing WinVerifyTrust]
52dc.6d38: supR3HardenedWinVerifyCacheProcessImportTodos: Processing 'vcruntime140_1.dll'...
52dc.6d38: supR3HardenedWinVerifyCacheProcessImportTodos: 'vcruntime140_1.dll' -> '\Device\HarddiskVolume2\Windows\System32\vcruntime140_1.dll' [rcNtRedir=0xc0150008]
52dc.6d38: supR3HardenedScreenImage/Imports: cache hit (VINF_SUCCESS) on \Device\HarddiskVolume2\Windows\System32\vcruntime140_1.dll
52dc.6d38: supR3HardenedWinVerifyCacheProcessImportTodos: Processing 'vcruntime140.dll'...
52dc.6d38: supR3HardenedWinVerifyCacheProcessImportTodos: 'vcruntime140.dll' -> '\Device\HarddiskVolume2\Windows\System32\vcruntime140.dll' [rcNtRedir=0xc0150008]
52dc.6d38: supR3HardenedWinVerifyCacheProcessImportTodos: Processing 'msvcp140_2.dll'...
52dc.6d38: supR3HardenedWinVerifyCacheProcessImportTodos: 'msvcp140_2.dll' -> '\Device\HarddiskVolume2\Windows\System32\msvcp140_2.dll' [rcNtRedir=0xc0150008]
52dc.6d38: supR3HardenedScreenImage/Imports: cache hit (VINF_SUCCESS) on \Device\HarddiskVolume2\Windows\System32\msvcp140_2.dll [lacks WinVerifyTrust]
52dc.6d38: supR3HardenedWinVerifyCacheProcessImportTodos: Processing 'msvcp140_1.dll'...
52dc.6d38: supR3HardenedWinVerifyCacheProcessImportTodos: 'msvcp140_1.dll' -> '\Device\HarddiskVolume2\Windows\System32\msvcp140_1.dll' [rcNtRedir=0xc0150008]
52dc.6d38: supR3HardenedScreenImage/Imports: cache hit (VINF_SUCCESS) on \Device\HarddiskVolume2\Windows\System32\msvcp140_1.dll [lacks WinVerifyTrust]
52dc.6d38: supR3HardenedWinVerifyCacheProcessImportTodos: Processing 'msvcp140.dll'...
52dc.6d38: supR3HardenedWinVerifyCacheProcessImportTodos: 'msvcp140.dll' -> '\Device\HarddiskVolume2\Windows\System32\msvcp140.dll' [rcNtRedir=0xc0150008]
52dc.6d38: supR3HardenedWinVerifyCacheProcessImportTodos: Processing 'qt6corevbox.dll'...
52dc.6d38: supR3HardenedWinVerifyCacheProcessImportTodos: 'qt6corevbox.dll' -> '\Device\HarddiskVolume2\Program Files\Oracle\VirtualBox\qt6corevbox.dll' [rcNtRedir=0xc0150008]
52dc.6d38: supR3HardenedScreenImage/Imports: cache hit (VINF_SUCCESS) on \Device\HarddiskVolume2\Program Files\Oracle\VirtualBox\Qt6CoreVBox.dll [lacks WinVerifyTrust]
52dc.6d38: supR3HardenedWinVerifyCacheProcessImportTodos: Processing 'dwrite.dll'...
52dc.6d38: supR3HardenedWinVerifyCacheProcessImportTodos: 'dwrite.dll' -> '\Device\HarddiskVolume2\Windows\System32\dwrite.dll' [rcNtRedir=0xc0150008]
52dc.6d38: supR3HardenedScreenImage/Imports: cache hit (22900) on \Device\HarddiskVolume2\Windows\System32\DWrite.dll [lacks WinVerifyTrust]
52dc.6d38: supR3HardenedWinVerifyCacheProcessImportTodos: Processing 'uxtheme.dll'...
52dc.6d38: supR3HardenedWinVerifyCacheProcessImportTodos: 'uxtheme.dll' -> '\Device\HarddiskVolume2\Windows\System32\uxtheme.dll' [rcNtRedir=0xc0150008]
52dc.6d38: supR3HardenedScreenImage/Imports: cache hit (22900) on \Device\HarddiskVolume2\Windows\System32\uxtheme.dll [lacks WinVerifyTrust]
52dc.6d38: supR3HardenedWinVerifyCacheProcessImportTodos: Processing 'user32.dll'...
52dc.6d38: supR3HardenedWinVerifyCacheProcessImportTodos: 'user32.dll' -> '\Device\HarddiskVolume2\Windows\System32\user32.dll' [rcNtRedir=0xc0150008]
52dc.6d38: supR3HardenedScreenImage/Imports: cache hit (VINF_SUCCESS) on \Device\HarddiskVolume2\Windows\System32\user32.dll [lacks WinVerifyTrust]
52dc.6d38: supR3HardenedWinVerifyCacheProcessImportTodos: Processing 'shell32.dll'...
52dc.6d38: supR3HardenedWinVerifyCacheProcessImportTodos: 'shell32.dll' -> '\Device\HarddiskVolume2\Windows\System32\shell32.dll' [rcNtRedir=0xc0150008]
52dc.6d38: supR3HardenedScreenImage/Imports: cache hit (VINF_SUCCESS) on \Device\HarddiskVolume2\Windows\System32\shell32.dll [lacks WinVerifyTrust]
52dc.6d38: supR3HardenedWinVerifyCacheProcessImportTodos: Processing 'ole32.dll'...
52dc.6d38: supR3HardenedWinVerifyCacheProcessImportTodos: 'ole32.dll' -> '\Device\HarddiskVolume2\Windows\System32\ole32.dll' [rcNtRedir=0xc0150008]
52dc.6d38: supR3HardenedScreenImage/Imports: cache hit (VINF_SUCCESS) on \Device\HarddiskVolume2\Windows\System32\ole32.dll
52dc.6d38: supR3HardenedWinVerifyCacheProcessImportTodos: Processing 'gdi32.dll'...
52dc.6d38: supR3HardenedWinVerifyCacheProcessImportTodos: 'gdi32.dll' -> '\Device\HarddiskVolume2\Windows\System32\gdi32.dll' [rcNtRedir=0xc0150008]
52dc.6d38: supR3HardenedScreenImage/Imports: cache hit (VINF_SUCCESS) on \Device\HarddiskVolume2\Windows\System32\gdi32.dll [lacks WinVerifyTrust]
52dc.6d38: supR3HardenedWinVerifyCacheProcessImportTodos: Processing 'd3d12.dll'...
52dc.6d38: supR3HardenedWinVerifyCacheProcessImportTodos: 'd3d12.dll' -> '\Device\HarddiskVolume2\Windows\System32\d3d12.dll' [rcNtRedir=0xc0150008]
52dc.6d38: supR3HardenedScreenImage/Imports: cache hit (VINF_SUCCESS) on \Device\HarddiskVolume2\Windows\System32\D3D12.dll [lacks WinVerifyTrust]
52dc.6d38: supR3HardenedWinVerifyCacheProcessImportTodos: Processing 'dxgi.dll'...
52dc.6d38: supR3HardenedWinVerifyCacheProcessImportTodos: 'dxgi.dll' -> '\Device\HarddiskVolume2\Windows\System32\dxgi.dll' [rcNtRedir=0xc0150008]
52dc.6d38: supR3HardenedScreenImage/Imports: cache hit (VINF_SUCCESS) on \Device\HarddiskVolume2\Windows\System32\dxgi.dll [lacks WinVerifyTrust]
52dc.6d38: supR3HardenedWinVerifyCacheProcessImportTodos: Processing 'd3d11.dll'...
52dc.6d38: supR3HardenedWinVerifyCacheProcessImportTodos: 'd3d11.dll' -> '\Device\HarddiskVolume2\Windows\System32\d3d11.dll' [rcNtRedir=0xc0150008]
52dc.6d38: supR3HardenedScreenImage/Imports: cache hit (VINF_SUCCESS) on \Device\HarddiskVolume2\Windows\System32\d3d11.dll [lacks WinVerifyTrust]
52dc.6d38: supR3HardenedMonitor_LdrLoadDll: returns rcNt=0x0 hMod=00007fff12620000 'C:\WINDOWS\system32\rsaenh.dll'
52dc.6d38: supR3HardenedMonitor_LdrLoadDll: returns rcNt=0x0 hMod=00007fff14730000 'C:\WINDOWS\System32\crypt32.dll'
52dc.6d38: supR3HardenedScreenImage/Imports: 0 (was 0) fWinVerifyTrust=1 for '\Device\HarddiskVolume2\Program Files\Oracle\VirtualBox\Qt6CoreVBox.dll'
52dc.6d38: supR3HardenedWinVerifyCacheProcessImportTodos: Processing 'uicommon.dll'...
52dc.6d38: supR3HardenedWinVerifyCacheProcessImportTodos: 'uicommon.dll' -> '\Device\HarddiskVolume2\Program Files\Oracle\VirtualBox\uicommon.dll' [rcNtRedir=0xc0150008]
52dc.6d38: supR3HardenedMonitor_LdrLoadDll: returns rcNt=0x0 hMod=00007fff12620000 'C:\WINDOWS\system32\rsaenh.dll'
52dc.6d38: supR3HardenedMonitor_LdrLoadDll: returns rcNt=0x0 hMod=00007fff14730000 'C:\WINDOWS\System32\crypt32.dll'
52dc.6d38: supR3HardenedWinVerifyCacheScheduleImports: Import todo: #0 'qt6corevbox.dll'.
52dc.6d38: supR3HardenedWinVerifyCacheScheduleImports: Import todo: #1 'qt6guivbox.dll'.
52dc.6d38: supR3HardenedWinVerifyCacheScheduleImports: Import todo: #2 'qt6widgetsvbox.dll'.
52dc.6d38: supR3HardenedWinVerifyCacheScheduleImports: Import todo: #3 'qt6helpvbox.dll'.
52dc.6d38: supR3HardenedWinVerifyCacheScheduleImports: Import todo: #4 'qt6statemachinevbox.dll'.
52dc.6d38: supR3HardenedWinVerifyCacheScheduleImports: Import todo: #11 'user32.dll'.
52dc.6d38: supR3HardenedWinVerifyCacheScheduleImports: Import todo: #12 'ole32.dll'.
52dc.6d38: supR3HardenedWinVerifyCacheScheduleImports: Import todo: #13 'oleaut32.dll'.
52dc.6d38: supR3HardenedWinVerifyCacheScheduleImports: Import todo: #14 'vboxrt.dll'.
52dc.6d38: supR3HardenedWinVerifyCacheScheduleImports: Import todo: #15 'vcruntime140.dll'.
52dc.6d38: supR3HardenedWinVerifyCacheScheduleImports: Import todo: #16 'vcruntime140_1.dll'.
52dc.6d38: supR3HardenedWinVerifyCacheScheduleImports: Import todo: #17 'msvcp140.dll'.
52dc.6d38: supR3HardenedWinVerifyCacheScheduleImports: Import todo: #18 'advapi32.dll'.
52dc.6d38: supR3HardenedWinVerifyCacheScheduleImports: Import todo: #19 'rpcrt4.dll'.
52dc.6d38: supHardenedWinVerifyImageByHandle: -> 0 (\Device\HarddiskVolume2\Program Files\Oracle\VirtualBox\UICommon.dll) WinVerifyTrust
52dc.6d38: supR3HardenedWinVerifyCacheInsert: \Device\HarddiskVolume2\Program Files\Oracle\VirtualBox\UICommon.dll
52dc.6d38: supR3HardenedWinVerifyCacheProcessImportTodos: Processing 'rpcrt4.dll'...
52dc.6d38: supR3HardenedWinVerifyCacheProcessImportTodos: 'rpcrt4.dll' -> '\Device\HarddiskVolume2\Windows\System32\rpcrt4.dll' [rcNtRedir=0xc0150008]
52dc.6d38: supR3HardenedWinVerifyCacheProcessImportTodos: Processing 'advapi32.dll'...
52dc.6d38: supR3HardenedWinVerifyCacheProcessImportTodos: 'advapi32.dll' -> '\Device\HarddiskVolume2\Windows\System32\advapi32.dll' [rcNtRedir=0xc0150008]
52dc.6d38: supR3HardenedScreenImage/Imports: cache hit (VINF_SUCCESS) on \Device\HarddiskVolume2\Windows\System32\advapi32.dll
52dc.6d38: supR3HardenedWinVerifyCacheProcessImportTodos: Processing 'msvcp140.dll'...
52dc.6d38: supR3HardenedWinVerifyCacheProcessImportTodos: 'msvcp140.dll' -> '\Device\HarddiskVolume2\Windows\System32\msvcp140.dll' [rcNtRedir=0xc0150008]
52dc.6d38: supR3HardenedWinVerifyCacheProcessImportTodos: Processing 'vcruntime140_1.dll'...
52dc.6d38: supR3HardenedWinVerifyCacheProcessImportTodos: 'vcruntime140_1.dll' -> '\Device\HarddiskVolume2\Windows\System32\vcruntime140_1.dll' [rcNtRedir=0xc0150008]
52dc.6d38: supR3HardenedWinVerifyCacheProcessImportTodos: Processing 'vcruntime140.dll'...
52dc.6d38: supR3HardenedWinVerifyCacheProcessImportTodos: 'vcruntime140.dll' -> '\Device\HarddiskVolume2\Windows\System32\vcruntime140.dll' [rcNtRedir=0xc0150008]
52dc.6d38: supR3HardenedWinVerifyCacheProcessImportTodos: Processing 'vboxrt.dll'...
52dc.6d38: supR3HardenedWinVerifyCacheProcessImportTodos: 'vboxrt.dll' -> '\Device\HarddiskVolume2\Program Files\Oracle\VirtualBox\vboxrt.dll' [rcNtRedir=0xc0150008]
52dc.6d38: supR3HardenedWinVerifyCacheProcessImportTodos: Processing 'oleaut32.dll'...
52dc.6d38: supR3HardenedWinVerifyCacheProcessImportTodos: 'oleaut32.dll' -> '\Device\HarddiskVolume2\Windows\System32\oleaut32.dll' [rcNtRedir=0xc0150008]
52dc.6d38: supR3HardenedScreenImage/Imports: cache hit (VINF_SUCCESS) on \Device\HarddiskVolume2\Windows\System32\oleaut32.dll
52dc.6d38: supR3HardenedWinVerifyCacheProcessImportTodos: Processing 'ole32.dll'...
52dc.6d38: supR3HardenedWinVerifyCacheProcessImportTodos: 'ole32.dll' -> '\Device\HarddiskVolume2\Windows\System32\ole32.dll' [rcNtRedir=0xc0150008]
52dc.6d38: supR3HardenedScreenImage/Imports: cache hit (VINF_SUCCESS) on \Device\HarddiskVolume2\Windows\System32\ole32.dll
52dc.6d38: supR3HardenedWinVerifyCacheProcessImportTodos: Processing 'user32.dll'...
52dc.6d38: supR3HardenedWinVerifyCacheProcessImportTodos: 'user32.dll' -> '\Device\HarddiskVolume2\Windows\System32\user32.dll' [rcNtRedir=0xc0150008]
52dc.6d38: supR3HardenedScreenImage/Imports: cache hit (VINF_SUCCESS) on \Device\HarddiskVolume2\Windows\System32\user32.dll [redoing WinVerifyTrust]
52dc.6d38: supR3HardenedMonitor_LdrLoadDll: returns rcNt=0x0 hMod=00007fff12620000 'C:\WINDOWS\system32\rsaenh.dll'
52dc.6d38: supR3HardenedMonitor_LdrLoadDll: returns rcNt=0x0 hMod=00007fff14730000 'C:\WINDOWS\System32\crypt32.dll'
52dc.6d38: supR3HardenedScreenImage/Imports: 0 (was 0) fWinVerifyTrust=1 for '\Device\HarddiskVolume2\Windows\System32\user32.dll'
52dc.6d38: supR3HardenedWinVerifyCacheProcessImportTodos: Processing 'qt6statemachinevbox.dll'...
52dc.6d38: supR3HardenedWinVerifyCacheProcessImportTodos: 'qt6statemachinevbox.dll' -> '\Device\HarddiskVolume2\Program Files\Oracle\VirtualBox\qt6statemachinevbox.dll' [rcNtRedir=0xc0150008]
52dc.6d38: supR3HardenedMonitor_LdrLoadDll: returns rcNt=0x0 hMod=00007fff12620000 'C:\WINDOWS\system32\rsaenh.dll'
52dc.6d38: supR3HardenedMonitor_LdrLoadDll: returns rcNt=0x0 hMod=00007fff14730000 'C:\WINDOWS\System32\crypt32.dll'
52dc.6d38: supR3HardenedWinVerifyCacheScheduleImports: Import todo: #0 'qt6guivbox.dll'.
52dc.6d38: supR3HardenedWinVerifyCacheScheduleImports: Import todo: #1 'qt6corevbox.dll'.
52dc.6d38: supR3HardenedWinVerifyCacheScheduleImports: Import todo: #2 'vcruntime140.dll'.
52dc.6d38: supHardenedWinVerifyImageByHandle: -> 0 (\Device\HarddiskVolume2\Program Files\Oracle\VirtualBox\Qt6StateMachineVBox.dll) WinVerifyTrust
52dc.6d38: supR3HardenedWinVerifyCacheInsert: \Device\HarddiskVolume2\Program Files\Oracle\VirtualBox\Qt6StateMachineVBox.dll
52dc.6d38: supR3HardenedWinVerifyCacheProcessImportTodos: Processing 'qt6helpvbox.dll'...
52dc.6d38: supR3HardenedWinVerifyCacheProcessImportTodos: 'qt6helpvbox.dll' -> '\Device\HarddiskVolume2\Program Files\Oracle\VirtualBox\qt6helpvbox.dll' [rcNtRedir=0xc0150008]
52dc.6d38: supR3HardenedWinVerifyCacheProcessImportTodos: Processing 'vcruntime140.dll'...
52dc.6d38: supR3HardenedWinVerifyCacheProcessImportTodos: 'vcruntime140.dll' -> '\Device\HarddiskVolume2\Windows\System32\vcruntime140.dll' [rcNtRedir=0xc0150008]
52dc.6d38: supR3HardenedWinVerifyCacheProcessImportTodos: Processing 'qt6corevbox.dll'...
52dc.6d38: supR3HardenedWinVerifyCacheProcessImportTodos: 'qt6corevbox.dll' -> '\Device\HarddiskVolume2\Program Files\Oracle\VirtualBox\qt6corevbox.dll' [rcNtRedir=0xc0150008]
52dc.6d38: supR3HardenedScreenImage/Imports: cache hit (VINF_SUCCESS) on \Device\HarddiskVolume2\Program Files\Oracle\VirtualBox\Qt6CoreVBox.dll
52dc.6d38: supR3HardenedWinVerifyCacheProcessImportTodos: Processing 'qt6guivbox.dll'...
52dc.6d38: supR3HardenedWinVerifyCacheProcessImportTodos: 'qt6guivbox.dll' -> '\Device\HarddiskVolume2\Program Files\Oracle\VirtualBox\qt6guivbox.dll' [rcNtRedir=0xc0150008]
52dc.6d38: supR3HardenedScreenImage/Imports: cache hit (VINF_SUCCESS) on \Device\HarddiskVolume2\Program Files\Oracle\VirtualBox\Qt6GuiVBox.dll [lacks WinVerifyTrust]
52dc.6d38: supR3HardenedMonitor_LdrLoadDll: returns rcNt=0x0 hMod=00007fff12620000 'C:\WINDOWS\system32\rsaenh.dll'
52dc.6d38: supR3HardenedMonitor_LdrLoadDll: returns rcNt=0x0 hMod=00007fff14730000 'C:\WINDOWS\System32\crypt32.dll'
52dc.6d38: supR3HardenedWinVerifyCacheScheduleImports: Import todo: #0 'qt6sqlvbox.dll'.
52dc.6d38: supR3HardenedWinVerifyCacheScheduleImports: Import todo: #1 'qt6widgetsvbox.dll'.
52dc.6d38: supR3HardenedWinVerifyCacheScheduleImports: Import todo: #2 'qt6guivbox.dll'.
52dc.6d38: supR3HardenedWinVerifyCacheScheduleImports: Import todo: #3 'qt6corevbox.dll'.
52dc.6d38: supR3HardenedWinVerifyCacheScheduleImports: Import todo: #4 'msvcp140.dll'.
52dc.6d38: supR3HardenedWinVerifyCacheScheduleImports: Import todo: #5 'vcruntime140.dll'.
52dc.6d38: supR3HardenedWinVerifyCacheScheduleImports: Import todo: #6 'vcruntime140_1.dll'.
52dc.6d38: supHardenedWinVerifyImageByHandle: -> 0 (\Device\HarddiskVolume2\Program Files\Oracle\VirtualBox\Qt6HelpVBox.dll) WinVerifyTrust
52dc.6d38: supR3HardenedWinVerifyCacheInsert: \Device\HarddiskVolume2\Program Files\Oracle\VirtualBox\Qt6HelpVBox.dll
52dc.6d38: supR3HardenedWinVerifyCacheProcessImportTodos: Processing 'qt6widgetsvbox.dll'...
52dc.6d38: supR3HardenedWinVerifyCacheProcessImportTodos: 'qt6widgetsvbox.dll' -> '\Device\HarddiskVolume2\Program Files\Oracle\VirtualBox\qt6widgetsvbox.dll' [rcNtRedir=0xc0150008]
52dc.6d38: supR3HardenedScreenImage/Imports: cache hit (VINF_SUCCESS) on \Device\HarddiskVolume2\Program Files\Oracle\VirtualBox\Qt6WidgetsVBox.dll
52dc.6d38: supR3HardenedWinVerifyCacheProcessImportTodos: Processing 'qt6guivbox.dll'...
52dc.6d38: supR3HardenedWinVerifyCacheProcessImportTodos: 'qt6guivbox.dll' -> '\Device\HarddiskVolume2\Program Files\Oracle\VirtualBox\qt6guivbox.dll' [rcNtRedir=0xc0150008]
52dc.6d38: supR3HardenedScreenImage/Imports: cache hit (VINF_SUCCESS) on \Device\HarddiskVolume2\Program Files\Oracle\VirtualBox\Qt6GuiVBox.dll [redoing WinVerifyTrust]
52dc.6d38: supR3HardenedWinVerifyCacheProcessImportTodos: Processing 'vcruntime140_1.dll'...
52dc.6d38: supR3HardenedWinVerifyCacheProcessImportTodos: 'vcruntime140_1.dll' -> '\Device\HarddiskVolume2\Windows\System32\vcruntime140_1.dll' [rcNtRedir=0xc0150008]
52dc.6d38: supR3HardenedWinVerifyCacheProcessImportTodos: Processing 'vcruntime140.dll'...
52dc.6d38: supR3HardenedWinVerifyCacheProcessImportTodos: 'vcruntime140.dll' -> '\Device\HarddiskVolume2\Windows\System32\vcruntime140.dll' [rcNtRedir=0xc0150008]
52dc.6d38: supR3HardenedWinVerifyCacheProcessImportTodos: Processing 'msvcp140.dll'...
52dc.6d38: supR3HardenedWinVerifyCacheProcessImportTodos: 'msvcp140.dll' -> '\Device\HarddiskVolume2\Windows\System32\msvcp140.dll' [rcNtRedir=0xc0150008]
52dc.6d38: supR3HardenedWinVerifyCacheProcessImportTodos: Processing 'qt6corevbox.dll'...
52dc.6d38: supR3HardenedWinVerifyCacheProcessImportTodos: 'qt6corevbox.dll' -> '\Device\HarddiskVolume2\Program Files\Oracle\VirtualBox\qt6corevbox.dll' [rcNtRedir=0xc0150008]
52dc.6d38: supR3HardenedScreenImage/Imports: cache hit (VINF_SUCCESS) on \Device\HarddiskVolume2\Program Files\Oracle\VirtualBox\Qt6CoreVBox.dll
52dc.6d38: supR3HardenedWinVerifyCacheProcessImportTodos: Processing 'qt6guivbox.dll'...
52dc.6d38: supR3HardenedWinVerifyCacheProcessImportTodos: 'qt6guivbox.dll' -> '\Device\HarddiskVolume2\Program Files\Oracle\VirtualBox\qt6guivbox.dll' [rcNtRedir=0xc0150008]
52dc.6d38: supR3HardenedScreenImage/Imports: cache hit (VINF_SUCCESS) on \Device\HarddiskVolume2\Program Files\Oracle\VirtualBox\Qt6GuiVBox.dll [lacks WinVerifyTrust]
52dc.6d38: supR3HardenedWinVerifyCacheProcessImportTodos: Processing 'qt6widgetsvbox.dll'...
52dc.6d38: supR3HardenedWinVerifyCacheProcessImportTodos: 'qt6widgetsvbox.dll' -> '\Device\HarddiskVolume2\Program Files\Oracle\VirtualBox\qt6widgetsvbox.dll' [rcNtRedir=0xc0150008]
52dc.6d38: supR3HardenedScreenImage/Imports: cache hit (VINF_SUCCESS) on \Device\HarddiskVolume2\Program Files\Oracle\VirtualBox\Qt6WidgetsVBox.dll
52dc.6d38: supR3HardenedWinVerifyCacheProcessImportTodos: Processing 'qt6sqlvbox.dll'...
52dc.6d38: supR3HardenedWinVerifyCacheProcessImportTodos: 'qt6sqlvbox.dll' -> '\Device\HarddiskVolume2\Program Files\Oracle\VirtualBox\qt6sqlvbox.dll' [rcNtRedir=0xc0150008]
52dc.6d38: Detected WinVerifyTrust recursion: rc=VINF_SUCCESS '\Device\HarddiskVolume2\Program Files\Oracle\VirtualBox\Qt6SqlVBox.dll'.
52dc.6d38: supR3HardenedWinVerifyCacheScheduleImports: Import todo: #0 'qt6corevbox.dll'.
52dc.6d38: supR3HardenedWinVerifyCacheScheduleImports: Import todo: #1 'msvcp140.dll'.
52dc.6d38: supR3HardenedWinVerifyCacheScheduleImports: Import todo: #2 'vcruntime140.dll'.
52dc.6d38: supR3HardenedWinVerifyCacheScheduleImports: Import todo: #3 'vcruntime140_1.dll'.
52dc.6d38: supHardenedWinVerifyImageByHandle: -> 0 (\Device\HarddiskVolume2\Program Files\Oracle\VirtualBox\Qt6SqlVBox.dll)
52dc.6d38: supR3HardenedWinVerifyCacheInsert: \Device\HarddiskVolume2\Program Files\Oracle\VirtualBox\Qt6SqlVBox.dll
52dc.6d38: supR3HardenedWinVerifyCacheProcessImportTodos: Processing 'vcruntime140_1.dll'...
52dc.6d38: supR3HardenedWinVerifyCacheProcessImportTodos: 'vcruntime140_1.dll' -> '\Device\HarddiskVolume2\Windows\System32\vcruntime140_1.dll' [rcNtRedir=0xc0150008]
52dc.6d38: supR3HardenedWinVerifyCacheProcessImportTodos: Processing 'vcruntime140.dll'...
52dc.6d38: supR3HardenedWinVerifyCacheProcessImportTodos: 'vcruntime140.dll' -> '\Device\HarddiskVolume2\Windows\System32\vcruntime140.dll' [rcNtRedir=0xc0150008]
52dc.6d38: supR3HardenedScreenImage/Imports: cache hit (VINF_SUCCESS) on \Device\HarddiskVolume2\Windows\System32\vcruntime140.dll
52dc.6d38: supR3HardenedWinVerifyCacheProcessImportTodos: Processing 'msvcp140.dll'...
52dc.6d38: supR3HardenedWinVerifyCacheProcessImportTodos: 'msvcp140.dll' -> '\Device\HarddiskVolume2\Windows\System32\msvcp140.dll' [rcNtRedir=0xc0150008]
52dc.6d38: supR3HardenedWinVerifyCacheProcessImportTodos: Processing 'qt6corevbox.dll'...
52dc.6d38: supR3HardenedWinVerifyCacheProcessImportTodos: 'qt6corevbox.dll' -> '\Device\HarddiskVolume2\Program Files\Oracle\VirtualBox\qt6corevbox.dll' [rcNtRedir=0xc0150008]
52dc.6d38: supR3HardenedScreenImage/Imports: cache hit (VINF_SUCCESS) on \Device\HarddiskVolume2\Program Files\Oracle\VirtualBox\Qt6CoreVBox.dll
52dc.6d38: supR3HardenedMonitor_LdrLoadDll: returns rcNt=0x0 hMod=00007fff12620000 'C:\WINDOWS\system32\rsaenh.dll'
52dc.6d38: supR3HardenedMonitor_LdrLoadDll: returns rcNt=0x0 hMod=00007fff14730000 'C:\WINDOWS\System32\crypt32.dll'
52dc.6d38: supR3HardenedScreenImage/Imports: 0 (was 0) fWinVerifyTrust=1 for '\Device\HarddiskVolume2\Program Files\Oracle\VirtualBox\Qt6GuiVBox.dll'
52dc.6d38: supR3HardenedWinVerifyCacheProcessImportTodos: Processing 'qt6corevbox.dll'...
52dc.6d38: supR3HardenedWinVerifyCacheProcessImportTodos: 'qt6corevbox.dll' -> '\Device\HarddiskVolume2\Program Files\Oracle\VirtualBox\qt6corevbox.dll' [rcNtRedir=0xc0150008]
52dc.6d38: supR3HardenedScreenImage/Imports: cache hit (VINF_SUCCESS) on \Device\HarddiskVolume2\Program Files\Oracle\VirtualBox\Qt6CoreVBox.dll
52dc.6d38: supR3HardenedMonitor_LdrLoadDll: pName=C:\Program Files\Oracle\VirtualBox\VirtualBoxVM.dll (rcNtResolve=0xc0150008) *pfFlags=0x0 pwszSearchPath=0000000000000a01:<flags> [calling]
52dc.6d38: supR3HardenedScreenImage/NtCreateSection: cache hit (VINF_SUCCESS) on \Device\HarddiskVolume2\Program Files\Oracle\VirtualBox\VirtualBoxVM.dll
52dc.6d38: supR3HardenedScreenImage/NtCreateSection: cache hit (VINF_SUCCESS) on \Device\HarddiskVolume2\Program Files\Oracle\VirtualBox\UICommon.dll
52dc.6d38: supR3HardenedScreenImage/NtCreateSection: cache hit (VINF_SUCCESS) on \Device\HarddiskVolume2\Program Files\Oracle\VirtualBox\Qt6CoreVBox.dll
52dc.6d38: supR3HardenedScreenImage/NtCreateSection: cache hit (VINF_SUCCESS) on \Device\HarddiskVolume2\Program Files\Oracle\VirtualBox\Qt6GuiVBox.dll
52dc.6d38: supR3HardenedScreenImage/NtCreateSection: cache hit (VINF_SUCCESS) on \Device\HarddiskVolume2\Program Files\Oracle\VirtualBox\Qt6WidgetsVBox.dll
52dc.6d38: supR3HardenedScreenImage/NtCreateSection: cache hit (VINF_SUCCESS) on \Device\HarddiskVolume2\Windows\System32\winmm.dll
52dc.6d38: supR3HardenedScreenImage/NtCreateSection: cache hit (VINF_SUCCESS) on \Device\HarddiskVolume2\Program Files\Oracle\VirtualBox\Qt6HelpVBox.dll
52dc.6d38: supR3HardenedScreenImage/NtCreateSection: cache hit (VINF_SUCCESS) on \Device\HarddiskVolume2\Program Files\Oracle\VirtualBox\Qt6StateMachineVBox.dll
52dc.6d38: supR3HardenedScreenImage/NtCreateSection: cache hit (VINF_SUCCESS) on \Device\HarddiskVolume2\Windows\System32\userenv.dll [avoiding WinVerifyTrust]
52dc.6d38: supR3HardenedScreenImage/NtCreateSection: cache hit (22900) on \Device\HarddiskVolume2\Windows\System32\authz.dll [avoiding WinVerifyTrust]
52dc.6d38: supR3HardenedScreenImage/NtCreateSection: cache hit (VINF_SUCCESS) on \Device\HarddiskVolume2\Windows\System32\netapi32.dll [avoiding WinVerifyTrust]
52dc.6d38: supR3HardenedScreenImage/NtCreateSection: cache hit (VINF_SUCCESS) on \Device\HarddiskVolume2\Windows\System32\version.dll [avoiding WinVerifyTrust]
52dc.6d38: supR3HardenedScreenImage/NtCreateSection: cache hit (VINF_SUCCESS) on \Device\HarddiskVolume2\Windows\System32\msvcp140_1.dll [avoiding WinVerifyTrust]
52dc.6d38: supR3HardenedScreenImage/NtCreateSection: cache hit (VINF_SUCCESS) on \Device\HarddiskVolume2\Windows\System32\d3d11.dll [avoiding WinVerifyTrust]
52dc.6d38: supR3HardenedScreenImage/NtCreateSection: cache hit (VINF_SUCCESS) on \Device\HarddiskVolume2\Windows\System32\dxgi.dll [avoiding WinVerifyTrust]
52dc.6d38: supR3HardenedScreenImage/NtCreateSection: cache hit (VINF_SUCCESS) on \Device\HarddiskVolume2\Windows\System32\D3D12.dll [avoiding WinVerifyTrust]
52dc.6d38: supR3HardenedScreenImage/NtCreateSection: cache hit (22900) on \Device\HarddiskVolume2\Windows\System32\uxtheme.dll [avoiding WinVerifyTrust]
52dc.6d38: supR3HardenedScreenImage/NtCreateSection: cache hit (22900) on \Device\HarddiskVolume2\Windows\System32\DWrite.dll [avoiding WinVerifyTrust]
52dc.6d38: supR3HardenedScreenImage/NtCreateSection: cache hit (VINF_SUCCESS) on \Device\HarddiskVolume2\Windows\System32\msvcp140_2.dll [avoiding WinVerifyTrust]
52dc.6d38: supR3HardenedScreenImage/NtCreateSection: cache hit (VINF_SUCCESS) on \Device\HarddiskVolume2\Windows\System32\dwmapi.dll [avoiding WinVerifyTrust]
52dc.6d38: supR3HardenedScreenImage/NtCreateSection: cache hit (VINF_SUCCESS) on \Device\HarddiskVolume2\Program Files\Oracle\VirtualBox\Qt6SqlVBox.dll [avoiding WinVerifyTrust]
52dc.6d38: supR3HardenedWinVerifyCacheScheduleImports: Import todo: #12 'rpcrt4.dll'.
52dc.6d38: supHardenedWinVerifyImageByHandle: -> 0 (\Device\HarddiskVolume2\Windows\System32\powrprof.dll)
52dc.6d38: supR3HardenedWinVerifyCacheInsert: \Device\HarddiskVolume2\Windows\System32\powrprof.dll
52dc.6d38: supR3HardenedWinVerifyCacheScheduleImports: Import todo: #3 'rpcrt4.dll'.
52dc.6d38: supHardenedWinVerifyImageByHandle: -> 0 (\Device\HarddiskVolume2\Windows\System32\srvcli.dll)
52dc.6d38: supR3HardenedWinVerifyCacheInsert: \Device\HarddiskVolume2\Windows\System32\srvcli.dll
52dc.6d38: supHardenedWinVerifyImageByHandle: -> 0 (\Device\HarddiskVolume2\Windows\System32\netutils.dll)
52dc.6d38: supR3HardenedWinVerifyCacheInsert: \Device\HarddiskVolume2\Windows\System32\netutils.dll
52dc.6d38: supR3HardenedDllNotificationCallback: load   00007fff12d00000 LB 0x00033000 C:\WINDOWS\SYSTEM32\USERENV.dll [fFlags=0x0]
52dc.6d38: supR3HardenedScreenImage/LdrLoadDll: cache hit (VINF_SUCCESS) on \Device\HarddiskVolume2\Windows\System32\userenv.dll [avoiding WinVerifyTrust]
52dc.6d38: supR3HardenedDllNotificationCallback: load   00007fff12260000 LB 0x00050000 C:\WINDOWS\SYSTEM32\AUTHZ.dll [fFlags=0x0]
52dc.6d38: supR3HardenedScreenImage/LdrLoadDll: cache hit (22900) on \Device\HarddiskVolume2\Windows\System32\authz.dll [avoiding WinVerifyTrust]
52dc.6d38: supR3HardenedDllNotificationCallback: load   00007ffeee520000 LB 0x0001a000 C:\WINDOWS\SYSTEM32\NETAPI32.dll [fFlags=0x0]
52dc.6d38: supR3HardenedScreenImage/LdrLoadDll: cache hit (VINF_SUCCESS) on \Device\HarddiskVolume2\Windows\System32\netapi32.dll [avoiding WinVerifyTrust]
52dc.6d38: supR3HardenedDllNotificationCallback: load   00007fff14c90000 LB 0x00027000 C:\WINDOWS\System32\win32u.dll [fFlags=0x0]
52dc.6d38: supR3HardenedScreenImage/LdrLoadDll: cache hit (VINF_SUCCESS) on \Device\HarddiskVolume2\Windows\System32\win32u.dll [avoiding WinVerifyTrust]
52dc.6d38: supR3HardenedDllNotificationCallback: load   00007fff15da0000 LB 0x001c5000 C:\WINDOWS\System32\USER32.dll [fFlags=0x0]
52dc.6d38: supR3HardenedDllNotificationCallback: load   00007fff148b0000 LB 0x0012b000 C:\WINDOWS\System32\gdi32full.dll [fFlags=0x0]
52dc.6d38: supR3HardenedWinVerifyCacheScheduleImports: Import todo: #0 'msvcp_win.dll'.
52dc.6d38: supR3HardenedWinVerifyCacheScheduleImports: Import todo: #35 'gdi32.dll'.
52dc.6d38: supR3HardenedWinVerifyCacheScheduleImports: Import todo: #37 'user32.dll'.
52dc.6d38: supR3HardenedWinVerifyCacheScheduleImports: Import todo: #38 'win32u.dll'.
52dc.6d38: supHardenedWinVerifyImageByHandle: -> 0 (\Device\HarddiskVolume2\Windows\System32\gdi32full.dll)
52dc.6d38: supR3HardenedWinVerifyCacheInsert: \Device\HarddiskVolume2\Windows\System32\gdi32full.dll
52dc.6d38: supR3HardenedDllNotificationCallback: load   00007fff168f0000 LB 0x0002b000 C:\WINDOWS\System32\GDI32.dll [fFlags=0x0]
52dc.6d38: supR3HardenedScreenImage/LdrLoadDll: cache hit (VINF_SUCCESS) on \Device\HarddiskVolume2\Windows\System32\gdi32.dll [avoiding WinVerifyTrust]
52dc.6d38: supR3HardenedDllNotificationCallback: load   00007fff157c0000 LB 0x00382000 C:\WINDOWS\System32\combase.dll [fFlags=0x0]
52dc.6d38: supR3HardenedScreenImage/LdrLoadDll: cache hit (VINF_SUCCESS) on \Device\HarddiskVolume2\Windows\System32\combase.dll [avoiding WinVerifyTrust]
52dc.6d38: supR3HardenedDllNotificationCallback: load   00007fff16ea0000 LB 0x00197000 C:\WINDOWS\System32\ole32.dll [fFlags=0x0]
52dc.6d38: supR3HardenedScreenImage/LdrLoadDll: cache hit (VINF_SUCCESS) on \Device\HarddiskVolume2\Windows\System32\ole32.dll
52dc.6d38: supR3HardenedDllNotificationCallback: load   00007fff14b20000 LB 0x0016a000 C:\WINDOWS\System32\wintypes.dll [fFlags=0x0]
52dc.6d38: supR3HardenedWinVerifyCacheScheduleImports: Import todo: #3 'combase.dll'.
52dc.6d38: supHardenedWinVerifyImageByHandle: -> 0 (\Device\HarddiskVolume2\Windows\System32\WinTypes.dll)
52dc.6d38: supR3HardenedWinVerifyCacheInsert: \Device\HarddiskVolume2\Windows\System32\WinTypes.dll
52dc.6d38: supR3HardenedDllNotificationCallback: load   00007fff15050000 LB 0x00767000 C:\WINDOWS\System32\SHELL32.dll [fFlags=0x0]
52dc.6d38: supR3HardenedScreenImage/LdrLoadDll: cache hit (VINF_SUCCESS) on \Device\HarddiskVolume2\Windows\System32\shell32.dll [avoiding WinVerifyTrust]
52dc.6d38: supR3HardenedDllNotificationCallback: load   00007fff0d100000 LB 0x0000b000 C:\WINDOWS\SYSTEM32\VERSION.dll [fFlags=0x0]
52dc.6d38: supR3HardenedScreenImage/LdrLoadDll: cache hit (VINF_SUCCESS) on \Device\HarddiskVolume2\Windows\System32\version.dll [avoiding WinVerifyTrust]
52dc.6d38: supR3HardenedDllNotificationCallback: load   00007fff04390000 LB 0x00036000 C:\WINDOWS\SYSTEM32\WINMM.dll [fFlags=0x0]
52dc.6d38: supR3HardenedScreenImage/LdrLoadDll: cache hit (VINF_SUCCESS) on \Device\HarddiskVolume2\Windows\System32\winmm.dll
52dc.6d38: supR3HardenedDllNotificationCallback: load   00007ffef1580000 LB 0x00009000 C:\WINDOWS\SYSTEM32\MSVCP140_1.dll [fFlags=0x0]
52dc.6d38: supR3HardenedScreenImage/LdrLoadDll: cache hit (VINF_SUCCESS) on \Device\HarddiskVolume2\Windows\System32\msvcp140_1.dll [avoiding WinVerifyTrust]
52dc.6d38: supR3HardenedDllNotificationCallback: load   00007ffef8190000 LB 0x00029000 C:\WINDOWS\SYSTEM32\SRVCLI.DLL [fFlags=0x0]
52dc.6d38: supR3HardenedScreenImage/LdrLoadDll: cache hit (VINF_SUCCESS) on \Device\HarddiskVolume2\Windows\System32\srvcli.dll [avoiding WinVerifyTrust]
52dc.6d38: supR3HardenedDllNotificationCallback: load   00007fff12080000 LB 0x0000d000 C:\WINDOWS\SYSTEM32\NETUTILS.DLL [fFlags=0x0]
52dc.6d38: supR3HardenedScreenImage/LdrLoadDll: cache hit (VINF_SUCCESS) on \Device\HarddiskVolume2\Windows\System32\netutils.dll [avoiding WinVerifyTrust]
52dc.6d38: supR3HardenedDllNotificationCallback: load   00007ffe15850000 LB 0x005c3000 C:\Program Files\Oracle\VirtualBox\Qt6CoreVBox.dll [fFlags=0x0]
52dc.6d38: supR3HardenedDllNotificationCallback: load   00007fff13540000 LB 0x0005e000 C:\WINDOWS\SYSTEM32\powrprof.dll [fFlags=0x0]
52dc.6d38: supR3HardenedScreenImage/LdrLoadDll: cache hit (VINF_SUCCESS) on \Device\HarddiskVolume2\Windows\System32\powrprof.dll [avoiding WinVerifyTrust]
52dc.6d38: supR3HardenedDllNotificationCallback: load   00007fff114e0000 LB 0x00141000 C:\WINDOWS\SYSTEM32\dxgi.dll [fFlags=0x0]
52dc.6d38: supR3HardenedScreenImage/LdrLoadDll: cache hit (VINF_SUCCESS) on \Device\HarddiskVolume2\Windows\System32\dxgi.dll [avoiding WinVerifyTrust]
52dc.6d38: supR3HardenedDllNotificationCallback: load   00007fff104d0000 LB 0x00263000 C:\WINDOWS\SYSTEM32\d3d11.dll [fFlags=0x0]
52dc.6d38: supR3HardenedScreenImage/LdrLoadDll: cache hit (VINF_SUCCESS) on \Device\HarddiskVolume2\Windows\System32\d3d11.dll [avoiding WinVerifyTrust]
52dc.6d38: supR3HardenedDllNotificationCallback: load   00007ffee98f0000 LB 0x00023000 C:\WINDOWS\SYSTEM32\d3d12.dll [fFlags=0x0]
52dc.6d38: supR3HardenedScreenImage/LdrLoadDll: cache hit (VINF_SUCCESS) on \Device\HarddiskVolume2\Windows\System32\D3D12.dll [avoiding WinVerifyTrust]
52dc.6d38: supR3HardenedDllNotificationCallback: load   00007fff113e0000 LB 0x000a9000 C:\WINDOWS\SYSTEM32\UxTheme.dll [fFlags=0x0]
52dc.6d38: supR3HardenedScreenImage/LdrLoadDll: cache hit (22900) on \Device\HarddiskVolume2\Windows\System32\uxtheme.dll [avoiding WinVerifyTrust]
52dc.6d38: supR3HardenedDllNotificationCallback: load   00007fff0fb60000 LB 0x00267000 C:\WINDOWS\SYSTEM32\DWrite.dll [fFlags=0x0]
52dc.6d38: supR3HardenedScreenImage/LdrLoadDll: cache hit (22900) on \Device\HarddiskVolume2\Windows\System32\DWrite.dll [avoiding WinVerifyTrust]
52dc.6d38: supR3HardenedDllNotificationCallback: load   00007ffed8f90000 LB 0x00044000 C:\WINDOWS\SYSTEM32\MSVCP140_2.dll [fFlags=0x0]
52dc.6d38: supR3HardenedScreenImage/LdrLoadDll: cache hit (VINF_SUCCESS) on \Device\HarddiskVolume2\Windows\System32\msvcp140_2.dll [avoiding WinVerifyTrust]
52dc.6d38: supR3HardenedDllNotificationCallback: load   00007ffe14fc0000 LB 0x0088e000 C:\Program Files\Oracle\VirtualBox\Qt6GuiVBox.dll [fFlags=0x0]
52dc.6d38: supR3HardenedScreenImage/LdrLoadDll: cache hit (VINF_SUCCESS) on \Device\HarddiskVolume2\Program Files\Oracle\VirtualBox\Qt6GuiVBox.dll
52dc.6d38: supR3HardenedDllNotificationCallback: load   00007fff116c0000 LB 0x0002f000 C:\WINDOWS\SYSTEM32\dwmapi.dll [fFlags=0x0]
52dc.6d38: supR3HardenedScreenImage/LdrLoadDll: cache hit (VINF_SUCCESS) on \Device\HarddiskVolume2\Windows\System32\dwmapi.dll [avoiding WinVerifyTrust]
52dc.6d38: supR3HardenedDllNotificationCallback: load   00007ffe14990000 LB 0x0062a000 C:\Program Files\Oracle\VirtualBox\Qt6WidgetsVBox.dll [fFlags=0x0]
52dc.6d38: supR3HardenedScreenImage/LdrLoadDll: cache hit (VINF_SUCCESS) on \Device\HarddiskVolume2\Program Files\Oracle\VirtualBox\Qt6WidgetsVBox.dll
52dc.6d38: supR3HardenedDllNotificationCallback: load   00007ffed9060000 LB 0x0004d000 C:\Program Files\Oracle\VirtualBox\Qt6SqlVBox.dll [fFlags=0x0]
52dc.6d38: supR3HardenedScreenImage/LdrLoadDll: cache hit (VINF_SUCCESS) on \Device\HarddiskVolume2\Program Files\Oracle\VirtualBox\Qt6SqlVBox.dll [avoiding WinVerifyTrust]
52dc.6d38: supR3HardenedDllNotificationCallback: load   00007ffe7e490000 LB 0x00092000 C:\Program Files\Oracle\VirtualBox\Qt6HelpVBox.dll [fFlags=0x0]
52dc.6d38: supR3HardenedScreenImage/LdrLoadDll: cache hit (VINF_SUCCESS) on \Device\HarddiskVolume2\Program Files\Oracle\VirtualBox\Qt6HelpVBox.dll
52dc.6d38: supR3HardenedDllNotificationCallback: load   00007ffed90b0000 LB 0x00055000 C:\Program Files\Oracle\VirtualBox\Qt6StateMachineVBox.dll [fFlags=0x0]
52dc.6d38: supR3HardenedScreenImage/LdrLoadDll: cache hit (VINF_SUCCESS) on \Device\HarddiskVolume2\Program Files\Oracle\VirtualBox\Qt6StateMachineVBox.dll
52dc.6d38: supR3HardenedDllNotificationCallback: load   00007fff15cc0000 LB 0x000d8000 C:\WINDOWS\System32\OLEAUT32.dll [fFlags=0x0]
52dc.6d38: supR3HardenedScreenImage/LdrLoadDll: cache hit (VINF_SUCCESS) on \Device\HarddiskVolume2\Windows\System32\oleaut32.dll
52dc.6d38: supR3HardenedDllNotificationCallback: load   00007ffe15e20000 LB 0x01b5a000 C:\Program Files\Oracle\VirtualBox\UICommon.dll [fFlags=0x0]
52dc.6d38: supR3HardenedScreenImage/LdrLoadDll: cache hit (VINF_SUCCESS) on \Device\HarddiskVolume2\Program Files\Oracle\VirtualBox\UICommon.dll
52dc.6d38: supR3HardenedDllNotificationCallback: load   00007ffe97940000 LB 0x0014e000 C:\Program Files\Oracle\VirtualBox\VirtualBoxVM.dll [fFlags=0x0]
52dc.6d38: supR3HardenedScreenImage/LdrLoadDll: cache hit (VINF_SUCCESS) on \Device\HarddiskVolume2\Program Files\Oracle\VirtualBox\VirtualBoxVM.dll
52dc.6d38: supR3HardenedWinVerifyCacheScheduleImports: Import todo: #26 'win32u.dll'.
52dc.6d38: supHardenedWinVerifyImageByHandle: -> 0 (\Device\HarddiskVolume2\Windows\System32\imm32.dll)
52dc.6d38: supR3HardenedWinVerifyCacheInsert: \Device\HarddiskVolume2\Windows\System32\imm32.dll
52dc.6d38: supR3HardenedMonitor_NtCreateSection: NtMapViewOfSection failed on 00000000000005b0 (hFile=0000000000000594) with 0xc0000022 -> STATUS_TRUST_FAILURE
52dc.6d38: Detected loader lock ownership: rc=VINF_SUCCESS '\Device\HarddiskVolume2\Windows\System32\imm32.dll'.
52dc.6d38: supR3HardenedWinVerifyCacheProcessWvtTodos: 0 (was 0) fWinVerifyTrust=0 for '\Device\HarddiskVolume2\Windows\System32\imm32.dll' [rescheduled]
52dc.6d38: Detected loader lock ownership: rc=VINF_SUCCESS '\Device\HarddiskVolume2\Windows\System32\WinTypes.dll'.
52dc.6d38: supR3HardenedWinVerifyCacheProcessWvtTodos: 0 (was 0) fWinVerifyTrust=0 for '\Device\HarddiskVolume2\Windows\System32\WinTypes.dll' [rescheduled]
52dc.6d38: Detected loader lock ownership: rc=VINF_SUCCESS '\Device\HarddiskVolume2\Windows\System32\gdi32full.dll'.
52dc.6d38: supR3HardenedWinVerifyCacheProcessWvtTodos: 0 (was 0) fWinVerifyTrust=0 for '\Device\HarddiskVolume2\Windows\System32\gdi32full.dll' [rescheduled]
52dc.6d38: Detected loader lock ownership: rc=VINF_SUCCESS '\Device\HarddiskVolume2\Windows\System32\netutils.dll'.
52dc.6d38: supR3HardenedWinVerifyCacheProcessWvtTodos: 0 (was 0) fWinVerifyTrust=0 for '\Device\HarddiskVolume2\Windows\System32\netutils.dll' [rescheduled]
52dc.6d38: Detected loader lock ownership: rc=VINF_SUCCESS '\Device\HarddiskVolume2\Windows\System32\srvcli.dll'.
52dc.6d38: supR3HardenedWinVerifyCacheProcessWvtTodos: 0 (was 0) fWinVerifyTrust=0 for '\Device\HarddiskVolume2\Windows\System32\srvcli.dll' [rescheduled]
52dc.6d38: Detected loader lock ownership: rc=VINF_SUCCESS '\Device\HarddiskVolume2\Windows\System32\powrprof.dll'.
52dc.6d38: supR3HardenedWinVerifyCacheProcessWvtTodos: 0 (was 0) fWinVerifyTrust=0 for '\Device\HarddiskVolume2\Windows\System32\powrprof.dll' [rescheduled]
52dc.6d38: Detected loader lock ownership: rc=VINF_SUCCESS '\Device\HarddiskVolume2\Program Files\Oracle\VirtualBox\Qt6SqlVBox.dll'.
52dc.6d38: supR3HardenedWinVerifyCacheProcessWvtTodos: 0 (was 0) fWinVerifyTrust=0 for '\Device\HarddiskVolume2\Program Files\Oracle\VirtualBox\Qt6SqlVBox.dll' [rescheduled]
52dc.6d38: Detected loader lock ownership: rc=VINF_SUCCESS '\Device\HarddiskVolume2\Windows\System32\userenv.dll'.
52dc.6d38: supR3HardenedWinVerifyCacheProcessWvtTodos: 0 (was 0) fWinVerifyTrust=0 for '\Device\HarddiskVolume2\Windows\System32\userenv.dll' [rescheduled]
52dc.6d38: Detected loader lock ownership: rc=22900 '\Device\HarddiskVolume2\Windows\System32\authz.dll'.
52dc.6d38: supR3HardenedWinVerifyCacheProcessWvtTodos: 22900 (was 22900) fWinVerifyTrust=0 for '\Device\HarddiskVolume2\Windows\System32\authz.dll' [rescheduled]
52dc.6d38: Detected loader lock ownership: rc=VINF_SUCCESS '\Device\HarddiskVolume2\Windows\System32\netapi32.dll'.
52dc.6d38: supR3HardenedWinVerifyCacheProcessWvtTodos: 0 (was 0) fWinVerifyTrust=0 for '\Device\HarddiskVolume2\Windows\System32\netapi32.dll' [rescheduled]
52dc.6d38: Detected loader lock ownership: rc=VINF_SUCCESS '\Device\HarddiskVolume2\Windows\System32\version.dll'.
52dc.6d38: supR3HardenedWinVerifyCacheProcessWvtTodos: 0 (was 0) fWinVerifyTrust=0 for '\Device\HarddiskVolume2\Windows\System32\version.dll' [rescheduled]
52dc.6d38: Detected loader lock ownership: rc=VINF_SUCCESS '\Device\HarddiskVolume2\Windows\System32\d3d11.dll'.
52dc.6d38: supR3HardenedWinVerifyCacheProcessWvtTodos: 0 (was 0) fWinVerifyTrust=0 for '\Device\HarddiskVolume2\Windows\System32\d3d11.dll' [rescheduled]
52dc.6d38: Detected loader lock ownership: rc=VINF_SUCCESS '\Device\HarddiskVolume2\Windows\System32\dxgi.dll'.
52dc.6d38: supR3HardenedWinVerifyCacheProcessWvtTodos: 0 (was 0) fWinVerifyTrust=0 for '\Device\HarddiskVolume2\Windows\System32\dxgi.dll' [rescheduled]
52dc.6d38: Detected loader lock ownership: rc=VINF_SUCCESS '\Device\HarddiskVolume2\Windows\System32\D3D12.dll'.
52dc.6d38: supR3HardenedWinVerifyCacheProcessWvtTodos: 0 (was 0) fWinVerifyTrust=0 for '\Device\HarddiskVolume2\Windows\System32\D3D12.dll' [rescheduled]
52dc.6d38: Detected loader lock ownership: rc=VINF_SUCCESS '\Device\HarddiskVolume2\Windows\System32\shell32.dll'.
52dc.6d38: supR3HardenedWinVerifyCacheProcessWvtTodos: 0 (was 0) fWinVerifyTrust=0 for '\Device\HarddiskVolume2\Windows\System32\shell32.dll' [rescheduled]
52dc.6d38: Detected loader lock ownership: rc=22900 '\Device\HarddiskVolume2\Windows\System32\DWrite.dll'.
52dc.6d38: supR3HardenedWinVerifyCacheProcessWvtTodos: 22900 (was 22900) fWinVerifyTrust=0 for '\Device\HarddiskVolume2\Windows\System32\DWrite.dll' [rescheduled]
52dc.6d38: Detected loader lock ownership: rc=VINF_SUCCESS '\Device\HarddiskVolume2\Windows\System32\msvcp140_2.dll'.
52dc.6d38: supR3HardenedWinVerifyCacheProcessWvtTodos: 0 (was 0) fWinVerifyTrust=0 for '\Device\HarddiskVolume2\Windows\System32\msvcp140_2.dll' [rescheduled]
52dc.6d38: Detected loader lock ownership: rc=VINF_SUCCESS '\Device\HarddiskVolume2\Windows\System32\dwmapi.dll'.
52dc.6d38: supR3HardenedWinVerifyCacheProcessWvtTodos: 0 (was 0) fWinVerifyTrust=0 for '\Device\HarddiskVolume2\Windows\System32\dwmapi.dll' [rescheduled]
52dc.6d38: Detected loader lock ownership: rc=22900 '\Device\HarddiskVolume2\Windows\System32\uxtheme.dll'.
52dc.6d38: supR3HardenedWinVerifyCacheProcessWvtTodos: 22900 (was 22900) fWinVerifyTrust=0 for '\Device\HarddiskVolume2\Windows\System32\uxtheme.dll' [rescheduled]
52dc.6d38: Detected loader lock ownership: rc=VINF_SUCCESS '\Device\HarddiskVolume2\Windows\System32\msvcp140_1.dll'.
52dc.6d38: supR3HardenedWinVerifyCacheProcessWvtTodos: 0 (was 0) fWinVerifyTrust=0 for '\Device\HarddiskVolume2\Windows\System32\msvcp140_1.dll' [rescheduled]
52dc.6d38: Detected loader lock ownership: rc=VINF_SUCCESS '\Device\HarddiskVolume2\Windows\System32\win32u.dll'.
52dc.6d38: supR3HardenedWinVerifyCacheProcessWvtTodos: 0 (was 0) fWinVerifyTrust=0 for '\Device\HarddiskVolume2\Windows\System32\win32u.dll' [rescheduled]
52dc.6d38: Detected loader lock ownership: rc=VINF_SUCCESS '\Device\HarddiskVolume2\Windows\System32\gdi32.dll'.
52dc.6d38: supR3HardenedWinVerifyCacheProcessWvtTodos: 0 (was 0) fWinVerifyTrust=0 for '\Device\HarddiskVolume2\Windows\System32\gdi32.dll' [rescheduled]
52dc.6d38: Detected loader lock ownership: rc=VINF_SUCCESS '\Device\HarddiskVolume2\Windows\System32\combase.dll'.
52dc.6d38: supR3HardenedWinVerifyCacheProcessWvtTodos: 0 (was 0) fWinVerifyTrust=0 for '\Device\HarddiskVolume2\Windows\System32\combase.dll' [rescheduled]
52dc.6d38: supR3HardenedScreenImage/LdrLoadDll: cache hit (VINF_SUCCESS) on \Device\HarddiskVolume2\Windows\System32\imm32.dll [redoing WinVerifyTrust]
52dc.6d38: Detected loader lock ownership: rc=VINF_SUCCESS '\Device\HarddiskVolume2\Windows\System32\imm32.dll'.
52dc.6d38: supR3HardenedScreenImage/LdrLoadDll: WinVerifyTrust not available, rescheduling \Device\HarddiskVolume2\Windows\System32\imm32.dll
52dc.6d38: supR3HardenedWinVerifyCacheProcessImportTodos: Processing 'win32u.dll'...
52dc.6d38: supR3HardenedWinVerifyCacheProcessImportTodos: 'win32u.dll' -> '\Device\HarddiskVolume2\Windows\System32\win32u.dll' [rcNtRedir=0xc0150008]
52dc.6d38: supR3HardenedScreenImage/Imports: cache hit (VINF_SUCCESS) on \Device\HarddiskVolume2\Windows\System32\win32u.dll [redoing WinVerifyTrust]
52dc.6d38: Detected loader lock ownership: rc=VINF_SUCCESS '\Device\HarddiskVolume2\Windows\System32\win32u.dll'.
52dc.6d38: supR3HardenedScreenImage/Imports: WinVerifyTrust not available, rescheduling \Device\HarddiskVolume2\Windows\System32\win32u.dll
52dc.6d38: supR3HardenedWinVerifyCacheProcessImportTodos: Processing 'combase.dll'...
52dc.6d38: supR3HardenedWinVerifyCacheProcessImportTodos: 'combase.dll' -> '\Device\HarddiskVolume2\Windows\System32\combase.dll' [rcNtRedir=0xc0150008]
52dc.6d38: supR3HardenedScreenImage/Imports: cache hit (VINF_SUCCESS) on \Device\HarddiskVolume2\Windows\System32\combase.dll [redoing WinVerifyTrust]
52dc.6d38: Detected loader lock ownership: rc=VINF_SUCCESS '\Device\HarddiskVolume2\Windows\System32\combase.dll'.
52dc.6d38: supR3HardenedScreenImage/Imports: WinVerifyTrust not available, rescheduling \Device\HarddiskVolume2\Windows\System32\combase.dll
52dc.6d38: supR3HardenedWinVerifyCacheProcessImportTodos: Processing 'win32u.dll'...
52dc.6d38: supR3HardenedWinVerifyCacheProcessImportTodos: 'win32u.dll' -> '\Device\HarddiskVolume2\Windows\System32\win32u.dll' [rcNtRedir=0xc0150008]
52dc.6d38: supR3HardenedScreenImage/Imports: cache hit (VINF_SUCCESS) on \Device\HarddiskVolume2\Windows\System32\win32u.dll [redoing WinVerifyTrust]
52dc.6d38: Detected loader lock ownership: rc=VINF_SUCCESS '\Device\HarddiskVolume2\Windows\System32\win32u.dll'.
52dc.6d38: supR3HardenedScreenImage/Imports: WinVerifyTrust not available, rescheduling \Device\HarddiskVolume2\Windows\System32\win32u.dll
52dc.6d38: supR3HardenedWinVerifyCacheProcessImportTodos: Processing 'user32.dll'...
52dc.6d38: supR3HardenedWinVerifyCacheProcessImportTodos: 'user32.dll' -> '\Device\HarddiskVolume2\Windows\System32\user32.dll' [rcNtRedir=0xc0150008]
52dc.6d38: supR3HardenedWinVerifyCacheProcessImportTodos: Processing 'gdi32.dll'...
52dc.6d38: supR3HardenedWinVerifyCacheProcessImportTodos: 'gdi32.dll' -> '\Device\HarddiskVolume2\Windows\System32\gdi32.dll' [rcNtRedir=0xc0150008]
52dc.6d38: supR3HardenedScreenImage/Imports: cache hit (VINF_SUCCESS) on \Device\HarddiskVolume2\Windows\System32\gdi32.dll [redoing WinVerifyTrust]
52dc.6d38: Detected loader lock ownership: rc=VINF_SUCCESS '\Device\HarddiskVolume2\Windows\System32\gdi32.dll'.
52dc.6d38: supR3HardenedScreenImage/Imports: WinVerifyTrust not available, rescheduling \Device\HarddiskVolume2\Windows\System32\gdi32.dll
52dc.6d38: supR3HardenedWinVerifyCacheProcessImportTodos: Processing 'msvcp_win.dll'...
52dc.6d38: supR3HardenedWinVerifyCacheProcessImportTodos: 'msvcp_win.dll' -> '\Device\HarddiskVolume2\Windows\System32\msvcp_win.dll' [rcNtRedir=0xc0150008]
52dc.6d38: supR3HardenedWinVerifyCacheProcessImportTodos: Processing 'rpcrt4.dll'...
52dc.6d38: supR3HardenedWinVerifyCacheProcessImportTodos: 'rpcrt4.dll' -> '\Device\HarddiskVolume2\Windows\System32\rpcrt4.dll' [rcNtRedir=0xc0150008]
52dc.6d38: supR3HardenedWinVerifyCacheProcessImportTodos: Processing 'rpcrt4.dll'...
52dc.6d38: supR3HardenedWinVerifyCacheProcessImportTodos: 'rpcrt4.dll' -> '\Device\HarddiskVolume2\Windows\System32\rpcrt4.dll' [rcNtRedir=0xc0150008]
52dc.6d38: supR3HardenedMonitor_LdrLoadDll: pName=C:\WINDOWS\system32\IMM32.DLL (rcNtResolve=0xc0150008) *pfFlags=0x0 pwszSearchPath=0000000000000009:<flags> [calling]
52dc.6d38: supR3HardenedDllNotificationCallback: load   00007fff14f80000 LB 0x00032000 C:\WINDOWS\System32\IMM32.DLL [fFlags=0x0]
52dc.6d38: supR3HardenedScreenImage/LdrLoadDll: cache hit (VINF_SUCCESS) on \Device\HarddiskVolume2\Windows\System32\imm32.dll [avoiding WinVerifyTrust]
52dc.6d38: supR3HardenedMonitor_LdrLoadDll: returns rcNt=0x0 hMod=00007fff14f80000 'C:\WINDOWS\system32\IMM32.DLL'
52dc.6d38: Detected loader lock ownership: rc=VINF_SUCCESS '\Device\HarddiskVolume2\Windows\System32\imm32.dll'.
52dc.6d38: supR3HardenedWinVerifyCacheProcessWvtTodos: 0 (was 0) fWinVerifyTrust=0 for '\Device\HarddiskVolume2\Windows\System32\imm32.dll' [rescheduled]
52dc.6d38: Detected loader lock ownership: rc=VINF_SUCCESS '\Device\HarddiskVolume2\Windows\System32\WinTypes.dll'.
52dc.6d38: supR3HardenedWinVerifyCacheProcessWvtTodos: 0 (was 0) fWinVerifyTrust=0 for '\Device\HarddiskVolume2\Windows\System32\WinTypes.dll' [rescheduled]
52dc.6d38: Detected loader lock ownership: rc=VINF_SUCCESS '\Device\HarddiskVolume2\Windows\System32\gdi32full.dll'.
52dc.6d38: supR3HardenedWinVerifyCacheProcessWvtTodos: 0 (was 0) fWinVerifyTrust=0 for '\Device\HarddiskVolume2\Windows\System32\gdi32full.dll' [rescheduled]
52dc.6d38: Detected loader lock ownership: rc=VINF_SUCCESS '\Device\HarddiskVolume2\Windows\System32\netutils.dll'.
52dc.6d38: supR3HardenedWinVerifyCacheProcessWvtTodos: 0 (was 0) fWinVerifyTrust=0 for '\Device\HarddiskVolume2\Windows\System32\netutils.dll' [rescheduled]
52dc.6d38: Detected loader lock ownership: rc=VINF_SUCCESS '\Device\HarddiskVolume2\Windows\System32\srvcli.dll'.
52dc.6d38: supR3HardenedWinVerifyCacheProcessWvtTodos: 0 (was 0) fWinVerifyTrust=0 for '\Device\HarddiskVolume2\Windows\System32\srvcli.dll' [rescheduled]
52dc.6d38: Detected loader lock ownership: rc=VINF_SUCCESS '\Device\HarddiskVolume2\Windows\System32\powrprof.dll'.
52dc.6d38: supR3HardenedWinVerifyCacheProcessWvtTodos: 0 (was 0) fWinVerifyTrust=0 for '\Device\HarddiskVolume2\Windows\System32\powrprof.dll' [rescheduled]
52dc.6d38: Detected loader lock ownership: rc=VINF_SUCCESS '\Device\HarddiskVolume2\Program Files\Oracle\VirtualBox\Qt6SqlVBox.dll'.
52dc.6d38: supR3HardenedWinVerifyCacheProcessWvtTodos: 0 (was 0) fWinVerifyTrust=0 for '\Device\HarddiskVolume2\Program Files\Oracle\VirtualBox\Qt6SqlVBox.dll' [rescheduled]
52dc.6d38: Detected loader lock ownership: rc=VINF_SUCCESS '\Device\HarddiskVolume2\Windows\System32\userenv.dll'.
52dc.6d38: supR3HardenedWinVerifyCacheProcessWvtTodos: 0 (was 0) fWinVerifyTrust=0 for '\Device\HarddiskVolume2\Windows\System32\userenv.dll' [rescheduled]
52dc.6d38: Detected loader lock ownership: rc=22900 '\Device\HarddiskVolume2\Windows\System32\authz.dll'.
52dc.6d38: supR3HardenedWinVerifyCacheProcessWvtTodos: 22900 (was 22900) fWinVerifyTrust=0 for '\Device\HarddiskVolume2\Windows\System32\authz.dll' [rescheduled]
52dc.6d38: Detected loader lock ownership: rc=VINF_SUCCESS '\Device\HarddiskVolume2\Windows\System32\netapi32.dll'.
52dc.6d38: supR3HardenedWinVerifyCacheProcessWvtTodos: 0 (was 0) fWinVerifyTrust=0 for '\Device\HarddiskVolume2\Windows\System32\netapi32.dll' [rescheduled]
52dc.6d38: Detected loader lock ownership: rc=VINF_SUCCESS '\Device\HarddiskVolume2\Windows\System32\version.dll'.
52dc.6d38: supR3HardenedWinVerifyCacheProcessWvtTodos: 0 (was 0) fWinVerifyTrust=0 for '\Device\HarddiskVolume2\Windows\System32\version.dll' [rescheduled]
52dc.6d38: Detected loader lock ownership: rc=VINF_SUCCESS '\Device\HarddiskVolume2\Windows\System32\d3d11.dll'.
52dc.6d38: supR3HardenedWinVerifyCacheProcessWvtTodos: 0 (was 0) fWinVerifyTrust=0 for '\Device\HarddiskVolume2\Windows\System32\d3d11.dll' [rescheduled]
52dc.6d38: Detected loader lock ownership: rc=VINF_SUCCESS '\Device\HarddiskVolume2\Windows\System32\dxgi.dll'.
52dc.6d38: supR3HardenedWinVerifyCacheProcessWvtTodos: 0 (was 0) fWinVerifyTrust=0 for '\Device\HarddiskVolume2\Windows\System32\dxgi.dll' [rescheduled]
52dc.6d38: Detected loader lock ownership: rc=VINF_SUCCESS '\Device\HarddiskVolume2\Windows\System32\D3D12.dll'.
52dc.6d38: supR3HardenedWinVerifyCacheProcessWvtTodos: 0 (was 0) fWinVerifyTrust=0 for '\Device\HarddiskVolume2\Windows\System32\D3D12.dll' [rescheduled]
52dc.6d38: Detected loader lock ownership: rc=VINF_SUCCESS '\Device\HarddiskVolume2\Windows\System32\shell32.dll'.
52dc.6d38: supR3HardenedWinVerifyCacheProcessWvtTodos: 0 (was 0) fWinVerifyTrust=0 for '\Device\HarddiskVolume2\Windows\System32\shell32.dll' [rescheduled]
52dc.6d38: Detected loader lock ownership: rc=22900 '\Device\HarddiskVolume2\Windows\System32\DWrite.dll'.
52dc.6d38: supR3HardenedWinVerifyCacheProcessWvtTodos: 22900 (was 22900) fWinVerifyTrust=0 for '\Device\HarddiskVolume2\Windows\System32\DWrite.dll' [rescheduled]
52dc.6d38: Detected loader lock ownership: rc=VINF_SUCCESS '\Device\HarddiskVolume2\Windows\System32\msvcp140_2.dll'.
52dc.6d38: supR3HardenedWinVerifyCacheProcessWvtTodos: 0 (was 0) fWinVerifyTrust=0 for '\Device\HarddiskVolume2\Windows\System32\msvcp140_2.dll' [rescheduled]
52dc.6d38: Detected loader lock ownership: rc=VINF_SUCCESS '\Device\HarddiskVolume2\Windows\System32\dwmapi.dll'.
52dc.6d38: supR3HardenedWinVerifyCacheProcessWvtTodos: 0 (was 0) fWinVerifyTrust=0 for '\Device\HarddiskVolume2\Windows\System32\dwmapi.dll' [rescheduled]
52dc.6d38: Detected loader lock ownership: rc=22900 '\Device\HarddiskVolume2\Windows\System32\uxtheme.dll'.
52dc.6d38: supR3HardenedWinVerifyCacheProcessWvtTodos: 22900 (was 22900) fWinVerifyTrust=0 for '\Device\HarddiskVolume2\Windows\System32\uxtheme.dll' [rescheduled]
52dc.6d38: Detected loader lock ownership: rc=VINF_SUCCESS '\Device\HarddiskVolume2\Windows\System32\msvcp140_1.dll'.
52dc.6d38: supR3HardenedWinVerifyCacheProcessWvtTodos: 0 (was 0) fWinVerifyTrust=0 for '\Device\HarddiskVolume2\Windows\System32\msvcp140_1.dll' [rescheduled]
52dc.6d38: Detected loader lock ownership: rc=VINF_SUCCESS '\Device\HarddiskVolume2\Windows\System32\win32u.dll'.
52dc.6d38: supR3HardenedWinVerifyCacheProcessWvtTodos: 0 (was 0) fWinVerifyTrust=0 for '\Device\HarddiskVolume2\Windows\System32\win32u.dll' [rescheduled]
52dc.6d38: Detected loader lock ownership: rc=VINF_SUCCESS '\Device\HarddiskVolume2\Windows\System32\gdi32.dll'.
52dc.6d38: supR3HardenedWinVerifyCacheProcessWvtTodos: 0 (was 0) fWinVerifyTrust=0 for '\Device\HarddiskVolume2\Windows\System32\gdi32.dll' [rescheduled]
52dc.6d38: Detected loader lock ownership: rc=VINF_SUCCESS '\Device\HarddiskVolume2\Windows\System32\combase.dll'.
52dc.6d38: supR3HardenedWinVerifyCacheProcessWvtTodos: 0 (was 0) fWinVerifyTrust=0 for '\Device\HarddiskVolume2\Windows\System32\combase.dll' [rescheduled]
52dc.6d38: supHardenedWinVerifyImageByHandle: -> 0 (\Device\HarddiskVolume2\Windows\System32\umpdc.dll)
52dc.6d38: supR3HardenedWinVerifyCacheInsert: \Device\HarddiskVolume2\Windows\System32\umpdc.dll
52dc.6d38: supR3HardenedDllNotificationCallback: load   00007fff13520000 LB 0x00014000 C:\WINDOWS\SYSTEM32\UMPDC.dll [fFlags=0x0]
52dc.6d38: supR3HardenedScreenImage/LdrLoadDll: cache hit (VINF_SUCCESS) on \Device\HarddiskVolume2\Windows\System32\umpdc.dll [avoiding WinVerifyTrust]
52dc.6d38: Detected loader lock ownership: rc=VINF_SUCCESS '\Device\HarddiskVolume2\Windows\System32\umpdc.dll'.
52dc.6d38: supR3HardenedWinVerifyCacheProcessWvtTodos: 0 (was 0) fWinVerifyTrust=0 for '\Device\HarddiskVolume2\Windows\System32\umpdc.dll' [rescheduled]
52dc.6d38: Detected loader lock ownership: rc=VINF_SUCCESS '\Device\HarddiskVolume2\Windows\System32\imm32.dll'.
52dc.6d38: supR3HardenedWinVerifyCacheProcessWvtTodos: 0 (was 0) fWinVerifyTrust=0 for '\Device\HarddiskVolume2\Windows\System32\imm32.dll' [rescheduled]
52dc.6d38: Detected loader lock ownership: rc=VINF_SUCCESS '\Device\HarddiskVolume2\Windows\System32\WinTypes.dll'.
52dc.6d38: supR3HardenedWinVerifyCacheProcessWvtTodos: 0 (was 0) fWinVerifyTrust=0 for '\Device\HarddiskVolume2\Windows\System32\WinTypes.dll' [rescheduled]
52dc.6d38: Detected loader lock ownership: rc=VINF_SUCCESS '\Device\HarddiskVolume2\Windows\System32\gdi32full.dll'.
52dc.6d38: supR3HardenedWinVerifyCacheProcessWvtTodos: 0 (was 0) fWinVerifyTrust=0 for '\Device\HarddiskVolume2\Windows\System32\gdi32full.dll' [rescheduled]
52dc.6d38: Detected loader lock ownership: rc=VINF_SUCCESS '\Device\HarddiskVolume2\Windows\System32\netutils.dll'.
52dc.6d38: supR3HardenedWinVerifyCacheProcessWvtTodos: 0 (was 0) fWinVerifyTrust=0 for '\Device\HarddiskVolume2\Windows\System32\netutils.dll' [rescheduled]
52dc.6d38: Detected loader lock ownership: rc=VINF_SUCCESS '\Device\HarddiskVolume2\Windows\System32\srvcli.dll'.
52dc.6d38: supR3HardenedWinVerifyCacheProcessWvtTodos: 0 (was 0) fWinVerifyTrust=0 for '\Device\HarddiskVolume2\Windows\System32\srvcli.dll' [rescheduled]
52dc.6d38: Detected loader lock ownership: rc=VINF_SUCCESS '\Device\HarddiskVolume2\Windows\System32\powrprof.dll'.
52dc.6d38: supR3HardenedWinVerifyCacheProcessWvtTodos: 0 (was 0) fWinVerifyTrust=0 for '\Device\HarddiskVolume2\Windows\System32\powrprof.dll' [rescheduled]
52dc.6d38: Detected loader lock ownership: rc=VINF_SUCCESS '\Device\HarddiskVolume2\Program Files\Oracle\VirtualBox\Qt6SqlVBox.dll'.
52dc.6d38: supR3HardenedWinVerifyCacheProcessWvtTodos: 0 (was 0) fWinVerifyTrust=0 for '\Device\HarddiskVolume2\Program Files\Oracle\VirtualBox\Qt6SqlVBox.dll' [rescheduled]
52dc.6d38: Detected loader lock ownership: rc=VINF_SUCCESS '\Device\HarddiskVolume2\Windows\System32\userenv.dll'.
52dc.6d38: supR3HardenedWinVerifyCacheProcessWvtTodos: 0 (was 0) fWinVerifyTrust=0 for '\Device\HarddiskVolume2\Windows\System32\userenv.dll' [rescheduled]
52dc.6d38: Detected loader lock ownership: rc=22900 '\Device\HarddiskVolume2\Windows\System32\authz.dll'.
52dc.6d38: supR3HardenedWinVerifyCacheProcessWvtTodos: 22900 (was 22900) fWinVerifyTrust=0 for '\Device\HarddiskVolume2\Windows\System32\authz.dll' [rescheduled]
52dc.6d38: Detected loader lock ownership: rc=VINF_SUCCESS '\Device\HarddiskVolume2\Windows\System32\netapi32.dll'.
52dc.6d38: supR3HardenedWinVerifyCacheProcessWvtTodos: 0 (was 0) fWinVerifyTrust=0 for '\Device\HarddiskVolume2\Windows\System32\netapi32.dll' [rescheduled]
52dc.6d38: Detected loader lock ownership: rc=VINF_SUCCESS '\Device\HarddiskVolume2\Windows\System32\version.dll'.
52dc.6d38: supR3HardenedWinVerifyCacheProcessWvtTodos: 0 (was 0) fWinVerifyTrust=0 for '\Device\HarddiskVolume2\Windows\System32\version.dll' [rescheduled]
52dc.6d38: Detected loader lock ownership: rc=VINF_SUCCESS '\Device\HarddiskVolume2\Windows\System32\d3d11.dll'.
52dc.6d38: supR3HardenedWinVerifyCacheProcessWvtTodos: 0 (was 0) fWinVerifyTrust=0 for '\Device\HarddiskVolume2\Windows\System32\d3d11.dll' [rescheduled]
52dc.6d38: Detected loader lock ownership: rc=VINF_SUCCESS '\Device\HarddiskVolume2\Windows\System32\dxgi.dll'.
52dc.6d38: supR3HardenedWinVerifyCacheProcessWvtTodos: 0 (was 0) fWinVerifyTrust=0 for '\Device\HarddiskVolume2\Windows\System32\dxgi.dll' [rescheduled]
52dc.6d38: Detected loader lock ownership: rc=VINF_SUCCESS '\Device\HarddiskVolume2\Windows\System32\D3D12.dll'.
52dc.6d38: supR3HardenedWinVerifyCacheProcessWvtTodos: 0 (was 0) fWinVerifyTrust=0 for '\Device\HarddiskVolume2\Windows\System32\D3D12.dll' [rescheduled]
52dc.6d38: Detected loader lock ownership: rc=VINF_SUCCESS '\Device\HarddiskVolume2\Windows\System32\shell32.dll'.
52dc.6d38: supR3HardenedWinVerifyCacheProcessWvtTodos: 0 (was 0) fWinVerifyTrust=0 for '\Device\HarddiskVolume2\Windows\System32\shell32.dll' [rescheduled]
52dc.6d38: Detected loader lock ownership: rc=22900 '\Device\HarddiskVolume2\Windows\System32\DWrite.dll'.
52dc.6d38: supR3HardenedWinVerifyCacheProcessWvtTodos: 22900 (was 22900) fWinVerifyTrust=0 for '\Device\HarddiskVolume2\Windows\System32\DWrite.dll' [rescheduled]
52dc.6d38: Detected loader lock ownership: rc=VINF_SUCCESS '\Device\HarddiskVolume2\Windows\System32\msvcp140_2.dll'.
52dc.6d38: supR3HardenedWinVerifyCacheProcessWvtTodos: 0 (was 0) fWinVerifyTrust=0 for '\Device\HarddiskVolume2\Windows\System32\msvcp140_2.dll' [rescheduled]
52dc.6d38: Detected loader lock ownership: rc=VINF_SUCCESS '\Device\HarddiskVolume2\Windows\System32\dwmapi.dll'.
52dc.6d38: supR3HardenedWinVerifyCacheProcessWvtTodos: 0 (was 0) fWinVerifyTrust=0 for '\Device\HarddiskVolume2\Windows\System32\dwmapi.dll' [rescheduled]
52dc.6d38: Detected loader lock ownership: rc=22900 '\Device\HarddiskVolume2\Windows\System32\uxtheme.dll'.
52dc.6d38: supR3HardenedWinVerifyCacheProcessWvtTodos: 22900 (was 22900) fWinVerifyTrust=0 for '\Device\HarddiskVolume2\Windows\System32\uxtheme.dll' [rescheduled]
52dc.6d38: Detected loader lock ownership: rc=VINF_SUCCESS '\Device\HarddiskVolume2\Windows\System32\msvcp140_1.dll'.
52dc.6d38: supR3HardenedWinVerifyCacheProcessWvtTodos: 0 (was 0) fWinVerifyTrust=0 for '\Device\HarddiskVolume2\Windows\System32\msvcp140_1.dll' [rescheduled]
52dc.6d38: Detected loader lock ownership: rc=VINF_SUCCESS '\Device\HarddiskVolume2\Windows\System32\win32u.dll'.
52dc.6d38: supR3HardenedWinVerifyCacheProcessWvtTodos: 0 (was 0) fWinVerifyTrust=0 for '\Device\HarddiskVolume2\Windows\System32\win32u.dll' [rescheduled]
52dc.6d38: Detected loader lock ownership: rc=VINF_SUCCESS '\Device\HarddiskVolume2\Windows\System32\gdi32.dll'.
52dc.6d38: supR3HardenedWinVerifyCacheProcessWvtTodos: 0 (was 0) fWinVerifyTrust=0 for '\Device\HarddiskVolume2\Windows\System32\gdi32.dll' [rescheduled]
52dc.6d38: Detected loader lock ownership: rc=VINF_SUCCESS '\Device\HarddiskVolume2\Windows\System32\combase.dll'.
52dc.6d38: supR3HardenedWinVerifyCacheProcessWvtTodos: 0 (was 0) fWinVerifyTrust=0 for '\Device\HarddiskVolume2\Windows\System32\combase.dll' [rescheduled]
52dc.6d38: supR3HardenedScreenImage/LdrLoadDll: cache hit (VINF_SUCCESS) on \Device\HarddiskVolume2\Windows\System32\gdi32.dll [redoing WinVerifyTrust]
52dc.6d38: Detected loader lock ownership: rc=VINF_SUCCESS '\Device\HarddiskVolume2\Windows\System32\gdi32.dll'.
52dc.6d38: supR3HardenedScreenImage/LdrLoadDll: WinVerifyTrust not available, rescheduling \Device\HarddiskVolume2\Windows\System32\gdi32.dll
52dc.6d38: supR3HardenedMonitor_LdrLoadDll: returns rcNt=0x0 hMod=00007fff168f0000 'C:\WINDOWS\System32\gdi32.dll'
52dc.6d38: Detected loader lock ownership: rc=VINF_SUCCESS '\Device\HarddiskVolume2\Windows\System32\umpdc.dll'.
52dc.6d38: supR3HardenedWinVerifyCacheProcessWvtTodos: 0 (was 0) fWinVerifyTrust=0 for '\Device\HarddiskVolume2\Windows\System32\umpdc.dll' [rescheduled]
52dc.6d38: Detected loader lock ownership: rc=VINF_SUCCESS '\Device\HarddiskVolume2\Windows\System32\imm32.dll'.
52dc.6d38: supR3HardenedWinVerifyCacheProcessWvtTodos: 0 (was 0) fWinVerifyTrust=0 for '\Device\HarddiskVolume2\Windows\System32\imm32.dll' [rescheduled]
52dc.6d38: Detected loader lock ownership: rc=VINF_SUCCESS '\Device\HarddiskVolume2\Windows\System32\WinTypes.dll'.
52dc.6d38: supR3HardenedWinVerifyCacheProcessWvtTodos: 0 (was 0) fWinVerifyTrust=0 for '\Device\HarddiskVolume2\Windows\System32\WinTypes.dll' [rescheduled]
52dc.6d38: Detected loader lock ownership: rc=VINF_SUCCESS '\Device\HarddiskVolume2\Windows\System32\gdi32full.dll'.
52dc.6d38: supR3HardenedWinVerifyCacheProcessWvtTodos: 0 (was 0) fWinVerifyTrust=0 for '\Device\HarddiskVolume2\Windows\System32\gdi32full.dll' [rescheduled]
52dc.6d38: Detected loader lock ownership: rc=VINF_SUCCESS '\Device\HarddiskVolume2\Windows\System32\netutils.dll'.
52dc.6d38: supR3HardenedWinVerifyCacheProcessWvtTodos: 0 (was 0) fWinVerifyTrust=0 for '\Device\HarddiskVolume2\Windows\System32\netutils.dll' [rescheduled]
52dc.6d38: Detected loader lock ownership: rc=VINF_SUCCESS '\Device\HarddiskVolume2\Windows\System32\srvcli.dll'.
52dc.6d38: supR3HardenedWinVerifyCacheProcessWvtTodos: 0 (was 0) fWinVerifyTrust=0 for '\Device\HarddiskVolume2\Windows\System32\srvcli.dll' [rescheduled]
52dc.6d38: Detected loader lock ownership: rc=VINF_SUCCESS '\Device\HarddiskVolume2\Windows\System32\powrprof.dll'.
52dc.6d38: supR3HardenedWinVerifyCacheProcessWvtTodos: 0 (was 0) fWinVerifyTrust=0 for '\Device\HarddiskVolume2\Windows\System32\powrprof.dll' [rescheduled]
52dc.6d38: Detected loader lock ownership: rc=VINF_SUCCESS '\Device\HarddiskVolume2\Program Files\Oracle\VirtualBox\Qt6SqlVBox.dll'.
52dc.6d38: supR3HardenedWinVerifyCacheProcessWvtTodos: 0 (was 0) fWinVerifyTrust=0 for '\Device\HarddiskVolume2\Program Files\Oracle\VirtualBox\Qt6SqlVBox.dll' [rescheduled]
52dc.6d38: Detected loader lock ownership: rc=VINF_SUCCESS '\Device\HarddiskVolume2\Windows\System32\userenv.dll'.
52dc.6d38: supR3HardenedWinVerifyCacheProcessWvtTodos: 0 (was 0) fWinVerifyTrust=0 for '\Device\HarddiskVolume2\Windows\System32\userenv.dll' [rescheduled]
52dc.6d38: Detected loader lock ownership: rc=22900 '\Device\HarddiskVolume2\Windows\System32\authz.dll'.
52dc.6d38: supR3HardenedWinVerifyCacheProcessWvtTodos: 22900 (was 22900) fWinVerifyTrust=0 for '\Device\HarddiskVolume2\Windows\System32\authz.dll' [rescheduled]
52dc.6d38: Detected loader lock ownership: rc=VINF_SUCCESS '\Device\HarddiskVolume2\Windows\System32\netapi32.dll'.
52dc.6d38: supR3HardenedWinVerifyCacheProcessWvtTodos: 0 (was 0) fWinVerifyTrust=0 for '\Device\HarddiskVolume2\Windows\System32\netapi32.dll' [rescheduled]
52dc.6d38: Detected loader lock ownership: rc=VINF_SUCCESS '\Device\HarddiskVolume2\Windows\System32\version.dll'.
52dc.6d38: supR3HardenedWinVerifyCacheProcessWvtTodos: 0 (was 0) fWinVerifyTrust=0 for '\Device\HarddiskVolume2\Windows\System32\version.dll' [rescheduled]
52dc.6d38: Detected loader lock ownership: rc=VINF_SUCCESS '\Device\HarddiskVolume2\Windows\System32\d3d11.dll'.
52dc.6d38: supR3HardenedWinVerifyCacheProcessWvtTodos: 0 (was 0) fWinVerifyTrust=0 for '\Device\HarddiskVolume2\Windows\System32\d3d11.dll' [rescheduled]
52dc.6d38: Detected loader lock ownership: rc=VINF_SUCCESS '\Device\HarddiskVolume2\Windows\System32\dxgi.dll'.
52dc.6d38: supR3HardenedWinVerifyCacheProcessWvtTodos: 0 (was 0) fWinVerifyTrust=0 for '\Device\HarddiskVolume2\Windows\System32\dxgi.dll' [rescheduled]
52dc.6d38: Detected loader lock ownership: rc=VINF_SUCCESS '\Device\HarddiskVolume2\Windows\System32\D3D12.dll'.
52dc.6d38: supR3HardenedWinVerifyCacheProcessWvtTodos: 0 (was 0) fWinVerifyTrust=0 for '\Device\HarddiskVolume2\Windows\System32\D3D12.dll' [rescheduled]
52dc.6d38: Detected loader lock ownership: rc=VINF_SUCCESS '\Device\HarddiskVolume2\Windows\System32\shell32.dll'.
52dc.6d38: supR3HardenedWinVerifyCacheProcessWvtTodos: 0 (was 0) fWinVerifyTrust=0 for '\Device\HarddiskVolume2\Windows\System32\shell32.dll' [rescheduled]
52dc.6d38: Detected loader lock ownership: rc=22900 '\Device\HarddiskVolume2\Windows\System32\DWrite.dll'.
52dc.6d38: supR3HardenedWinVerifyCacheProcessWvtTodos: 22900 (was 22900) fWinVerifyTrust=0 for '\Device\HarddiskVolume2\Windows\System32\DWrite.dll' [rescheduled]
52dc.6d38: Detected loader lock ownership: rc=VINF_SUCCESS '\Device\HarddiskVolume2\Windows\System32\msvcp140_2.dll'.
52dc.6d38: supR3HardenedWinVerifyCacheProcessWvtTodos: 0 (was 0) fWinVerifyTrust=0 for '\Device\HarddiskVolume2\Windows\System32\msvcp140_2.dll' [rescheduled]
52dc.6d38: Detected loader lock ownership: rc=VINF_SUCCESS '\Device\HarddiskVolume2\Windows\System32\dwmapi.dll'.
52dc.6d38: supR3HardenedWinVerifyCacheProcessWvtTodos: 0 (was 0) fWinVerifyTrust=0 for '\Device\HarddiskVolume2\Windows\System32\dwmapi.dll' [rescheduled]
52dc.6d38: Detected loader lock ownership: rc=22900 '\Device\HarddiskVolume2\Windows\System32\uxtheme.dll'.
52dc.6d38: supR3HardenedWinVerifyCacheProcessWvtTodos: 22900 (was 22900) fWinVerifyTrust=0 for '\Device\HarddiskVolume2\Windows\System32\uxtheme.dll' [rescheduled]
52dc.6d38: Detected loader lock ownership: rc=VINF_SUCCESS '\Device\HarddiskVolume2\Windows\System32\msvcp140_1.dll'.
52dc.6d38: supR3HardenedWinVerifyCacheProcessWvtTodos: 0 (was 0) fWinVerifyTrust=0 for '\Device\HarddiskVolume2\Windows\System32\msvcp140_1.dll' [rescheduled]
52dc.6d38: Detected loader lock ownership: rc=VINF_SUCCESS '\Device\HarddiskVolume2\Windows\System32\win32u.dll'.
52dc.6d38: supR3HardenedWinVerifyCacheProcessWvtTodos: 0 (was 0) fWinVerifyTrust=0 for '\Device\HarddiskVolume2\Windows\System32\win32u.dll' [rescheduled]
52dc.6d38: Detected loader lock ownership: rc=VINF_SUCCESS '\Device\HarddiskVolume2\Windows\System32\gdi32.dll'.
52dc.6d38: supR3HardenedWinVerifyCacheProcessWvtTodos: 0 (was 0) fWinVerifyTrust=0 for '\Device\HarddiskVolume2\Windows\System32\gdi32.dll' [rescheduled]
52dc.6d38: Detected loader lock ownership: rc=VINF_SUCCESS '\Device\HarddiskVolume2\Windows\System32\combase.dll'.
52dc.6d38: supR3HardenedWinVerifyCacheProcessWvtTodos: 0 (was 0) fWinVerifyTrust=0 for '\Device\HarddiskVolume2\Windows\System32\combase.dll' [rescheduled]
52dc.6d38: supR3HardenedMonitor_LdrLoadDll: returns rcNt=0x0 hMod=00007ffe97940000 'C:\Program Files\Oracle\VirtualBox\VirtualBoxVM.dll'
52dc.6d38: supR3HardenedMonitor_LdrLoadDll: returns rcNt=0x0 hMod=00007fff12620000 'C:\WINDOWS\system32\rsaenh.dll'
52dc.6d38: supR3HardenedMonitor_LdrLoadDll: returns rcNt=0x0 hMod=00007fff14730000 'C:\WINDOWS\System32\crypt32.dll'
52dc.6d38: supR3HardenedWinVerifyCacheProcessWvtTodos: 0 (was 0) fWinVerifyTrust=1 for '\Device\HarddiskVolume2\Windows\System32\umpdc.dll'
52dc.6d38: supR3HardenedMonitor_LdrLoadDll: returns rcNt=0x0 hMod=00007fff12620000 'C:\WINDOWS\system32\rsaenh.dll'
52dc.6d38: supR3HardenedMonitor_LdrLoadDll: returns rcNt=0x0 hMod=00007fff14730000 'C:\WINDOWS\System32\crypt32.dll'
52dc.6d38: supR3HardenedWinVerifyCacheProcessWvtTodos: 0 (was 0) fWinVerifyTrust=1 for '\Device\HarddiskVolume2\Windows\System32\imm32.dll'
52dc.6d38: supR3HardenedMonitor_LdrLoadDll: returns rcNt=0x0 hMod=00007fff12620000 'C:\WINDOWS\system32\rsaenh.dll'
52dc.6d38: supR3HardenedMonitor_LdrLoadDll: returns rcNt=0x0 hMod=00007fff14730000 'C:\WINDOWS\System32\crypt32.dll'
52dc.6d38: supR3HardenedWinVerifyCacheProcessWvtTodos: 0 (was 0) fWinVerifyTrust=1 for '\Device\HarddiskVolume2\Windows\System32\WinTypes.dll'
52dc.6d38: supR3HardenedMonitor_LdrLoadDll: returns rcNt=0x0 hMod=00007fff12620000 'C:\WINDOWS\system32\rsaenh.dll'
52dc.6d38: supR3HardenedMonitor_LdrLoadDll: returns rcNt=0x0 hMod=00007fff14730000 'C:\WINDOWS\System32\crypt32.dll'
52dc.6d38: supR3HardenedWinVerifyCacheProcessWvtTodos: 0 (was 0) fWinVerifyTrust=1 for '\Device\HarddiskVolume2\Windows\System32\gdi32full.dll'
52dc.6d38: supR3HardenedMonitor_LdrLoadDll: returns rcNt=0x0 hMod=00007fff12620000 'C:\WINDOWS\system32\rsaenh.dll'
52dc.6d38: supR3HardenedMonitor_LdrLoadDll: returns rcNt=0x0 hMod=00007fff14730000 'C:\WINDOWS\System32\crypt32.dll'
52dc.6d38: supR3HardenedWinVerifyCacheProcessWvtTodos: 0 (was 0) fWinVerifyTrust=1 for '\Device\HarddiskVolume2\Windows\System32\netutils.dll'
52dc.6d38: supR3HardenedMonitor_LdrLoadDll: returns rcNt=0x0 hMod=00007fff12620000 'C:\WINDOWS\system32\rsaenh.dll'
52dc.6d38: supR3HardenedMonitor_LdrLoadDll: returns rcNt=0x0 hMod=00007fff14730000 'C:\WINDOWS\System32\crypt32.dll'
52dc.6d38: supR3HardenedWinVerifyCacheProcessWvtTodos: 0 (was 0) fWinVerifyTrust=1 for '\Device\HarddiskVolume2\Windows\System32\srvcli.dll'
52dc.6d38: supR3HardenedMonitor_LdrLoadDll: returns rcNt=0x0 hMod=00007fff12620000 'C:\WINDOWS\system32\rsaenh.dll'
52dc.6d38: supR3HardenedMonitor_LdrLoadDll: returns rcNt=0x0 hMod=00007fff14730000 'C:\WINDOWS\System32\crypt32.dll'
52dc.6d38: supR3HardenedWinVerifyCacheProcessWvtTodos: 0 (was 0) fWinVerifyTrust=1 for '\Device\HarddiskVolume2\Windows\System32\powrprof.dll'
52dc.6d38: supR3HardenedMonitor_LdrLoadDll: returns rcNt=0x0 hMod=00007fff12620000 'C:\WINDOWS\system32\rsaenh.dll'
52dc.6d38: supR3HardenedMonitor_LdrLoadDll: returns rcNt=0x0 hMod=00007fff14730000 'C:\WINDOWS\System32\crypt32.dll'
52dc.6d38: supR3HardenedWinVerifyCacheProcessWvtTodos: 0 (was 0) fWinVerifyTrust=1 for '\Device\HarddiskVolume2\Program Files\Oracle\VirtualBox\Qt6SqlVBox.dll'
52dc.6d38: supR3HardenedMonitor_LdrLoadDll: returns rcNt=0x0 hMod=00007fff12620000 'C:\WINDOWS\system32\rsaenh.dll'
52dc.6d38: supR3HardenedMonitor_LdrLoadDll: returns rcNt=0x0 hMod=00007fff14730000 'C:\WINDOWS\System32\crypt32.dll'
52dc.6d38: supR3HardenedWinVerifyCacheProcessWvtTodos: 0 (was 0) fWinVerifyTrust=1 for '\Device\HarddiskVolume2\Windows\System32\userenv.dll'
52dc.6d38: supR3HardNtViCallWinVerifyTrustCatFile: hFile=0000000000000544 pwszName=\Device\HarddiskVolume2\Windows\System32\authz.dll
52dc.6d38: supR3HardNtViCallWinVerifyTrustCatFile: Cached context 00000209bd1aa9e0
52dc.6d38: supR3HardNtViCallWinVerifyTrustCatFile: hCatAdmin=00000209bd1aa9e0
52dc.6d38: supR3HardNtViCallWinVerifyTrustCatFile: cbHash=20 wszDigest=10A53C266477BFC04271044CAF74A44CB8C9B48C
52dc.6d38: supR3HardenedMonitor_LdrLoadDll: returns rcNt=0x0 hMod=00007fff12620000 'C:\WINDOWS\system32\rsaenh.dll'
52dc.6d38: supR3HardenedScreenImage/LdrLoadDll: cache hit (VINF_SUCCESS) on \Device\HarddiskVolume2\Windows\System32\crypt32.dll
52dc.6d38: supR3HardenedMonitor_LdrLoadDll: pName=C:\WINDOWS\System32\crypt32.dll (Input=crypt32.dll, rcNtResolve=0xc0150008) *pfFlags=0x0 pwszSearchPath=0000000000000001:<flags> [calling]
52dc.6d38: supR3HardenedMonitor_LdrLoadDll: returns rcNt=0x0 hMod=00007fff14730000 'C:\WINDOWS\System32\crypt32.dll'
52dc.6d38: supR3HardNtViCallWinVerifyTrustCatFile: WinVerifyTrust => 0x0; cat='C:\WINDOWS\system32\CatRoot\{F750E6C3-38EE-11D1-85E5-00C04FC295EE}\Microsoft-OneCore-CoreSystem-Core-merged-Package~31bf3856ad364e35~amd64~~10.0.26100.8037.cat'; file='\Device\HarddiskVolume2\Windows\System32\authz.dll'
52dc.6d38: supR3HardNtViCallWinVerifyTrustCatFile -> 0 (org 22900)
52dc.6d38: supR3HardenedWinVerifyCacheProcessWvtTodos: 0 (was 22900) fWinVerifyTrust=1 for '\Device\HarddiskVolume2\Windows\System32\authz.dll'
52dc.6d38: supR3HardenedMonitor_LdrLoadDll: returns rcNt=0x0 hMod=00007fff12620000 'C:\WINDOWS\system32\rsaenh.dll'
52dc.6d38: supR3HardenedMonitor_LdrLoadDll: returns rcNt=0x0 hMod=00007fff14730000 'C:\WINDOWS\System32\crypt32.dll'
52dc.6d38: supR3HardenedWinVerifyCacheProcessWvtTodos: 0 (was 0) fWinVerifyTrust=1 for '\Device\HarddiskVolume2\Windows\System32\netapi32.dll'
52dc.6d38: supR3HardenedMonitor_LdrLoadDll: returns rcNt=0x0 hMod=00007fff12620000 'C:\WINDOWS\system32\rsaenh.dll'
52dc.6d38: supR3HardenedMonitor_LdrLoadDll: returns rcNt=0x0 hMod=00007fff14730000 'C:\WINDOWS\System32\crypt32.dll'
52dc.6d38: supR3HardenedWinVerifyCacheProcessWvtTodos: 0 (was 0) fWinVerifyTrust=1 for '\Device\HarddiskVolume2\Windows\System32\version.dll'
52dc.6d38: supR3HardenedScreenImage/LdrLoadDll: cache hit (VINF_SUCCESS) on \Device\HarddiskVolume2\Windows\System32\rsaenh.dll
52dc.6d38: supR3HardenedMonitor_LdrLoadDll: pName=C:\WINDOWS\system32\rsaenh.dll (rcNtResolve=0xc0150008) *pfFlags=0x0 pwszSearchPath=0000000000000001:<flags> [calling]
52dc.6d38: supR3HardenedMonitor_LdrLoadDll: returns rcNt=0x0 hMod=00007fff12620000 'C:\WINDOWS\system32\rsaenh.dll'
52dc.6d38: supR3HardenedMonitor_LdrLoadDll: returns rcNt=0x0 hMod=00007fff14730000 'C:\WINDOWS\System32\crypt32.dll'
52dc.6d38: supR3HardenedWinVerifyCacheProcessWvtTodos: 0 (was 0) fWinVerifyTrust=1 for '\Device\HarddiskVolume2\Windows\System32\d3d11.dll'
52dc.6d38: supR3HardenedMonitor_LdrLoadDll: returns rcNt=0x0 hMod=00007fff12620000 'C:\WINDOWS\system32\rsaenh.dll'
52dc.6d38: supR3HardenedMonitor_LdrLoadDll: returns rcNt=0x0 hMod=00007fff14730000 'C:\WINDOWS\System32\crypt32.dll'
52dc.6d38: supR3HardenedWinVerifyCacheProcessWvtTodos: 0 (was 0) fWinVerifyTrust=1 for '\Device\HarddiskVolume2\Windows\System32\dxgi.dll'
52dc.6d38: supR3HardenedMonitor_LdrLoadDll: returns rcNt=0x0 hMod=00007fff12620000 'C:\WINDOWS\system32\rsaenh.dll'
52dc.6d38: supR3HardenedMonitor_LdrLoadDll: returns rcNt=0x0 hMod=00007fff14730000 'C:\WINDOWS\System32\crypt32.dll'
52dc.6d38: supR3HardenedWinVerifyCacheProcessWvtTodos: 0 (was 0) fWinVerifyTrust=1 for '\Device\HarddiskVolume2\Windows\System32\D3D12.dll'
52dc.6d38: supR3HardenedMonitor_LdrLoadDll: returns rcNt=0x0 hMod=00007fff12620000 'C:\WINDOWS\system32\rsaenh.dll'
52dc.6d38: supR3HardenedMonitor_LdrLoadDll: returns rcNt=0x0 hMod=00007fff14730000 'C:\WINDOWS\System32\crypt32.dll'
52dc.6d38: supR3HardenedWinVerifyCacheProcessWvtTodos: 0 (was 0) fWinVerifyTrust=1 for '\Device\HarddiskVolume2\Windows\System32\shell32.dll'
52dc.6d38: supR3HardNtViCallWinVerifyTrustCatFile: hFile=0000000000000530 pwszName=\Device\HarddiskVolume2\Windows\System32\DWrite.dll
52dc.6d38: supR3HardNtViCallWinVerifyTrustCatFile: Cached context 00000209bd1aa9e0
52dc.6d38: supR3HardNtViCallWinVerifyTrustCatFile: hCatAdmin=00000209bd1aa9e0
52dc.6d38: supR3HardNtViCallWinVerifyTrustCatFile: cbHash=20 wszDigest=DC94200FCBDB579DA0DEBAD689ECB1C5A57CC545
52dc.6d38: supR3HardenedMonitor_LdrLoadDll: returns rcNt=0x0 hMod=00007fff12620000 'C:\WINDOWS\system32\rsaenh.dll'
52dc.6d38: supR3HardenedMonitor_LdrLoadDll: returns rcNt=0x0 hMod=00007fff14730000 'C:\WINDOWS\System32\crypt32.dll'
52dc.6d38: supR3HardNtViCallWinVerifyTrustCatFile: WinVerifyTrust => 0x0; cat='C:\WINDOWS\system32\CatRoot\{F750E6C3-38EE-11D1-85E5-00C04FC295EE}\Microsoft-OneCore-Graphics-DirectX-Package~31bf3856ad364e35~amd64~~10.0.26100.8246.cat'; file='\Device\HarddiskVolume2\Windows\System32\DWrite.dll'
52dc.6d38: supR3HardNtViCallWinVerifyTrustCatFile -> 0 (org 22900)
52dc.6d38: supR3HardenedWinVerifyCacheProcessWvtTodos: 0 (was 22900) fWinVerifyTrust=1 for '\Device\HarddiskVolume2\Windows\System32\DWrite.dll'
52dc.6d38: supR3HardenedMonitor_LdrLoadDll: returns rcNt=0x0 hMod=00007fff12620000 'C:\WINDOWS\system32\rsaenh.dll'
52dc.6d38: supR3HardenedMonitor_LdrLoadDll: returns rcNt=0x0 hMod=00007fff14730000 'C:\WINDOWS\System32\crypt32.dll'
52dc.6d38: supR3HardenedWinVerifyCacheProcessWvtTodos: 0 (was 0) fWinVerifyTrust=1 for '\Device\HarddiskVolume2\Windows\System32\msvcp140_2.dll'
52dc.6d38: supR3HardenedMonitor_LdrLoadDll: returns rcNt=0x0 hMod=00007fff12620000 'C:\WINDOWS\system32\rsaenh.dll'
52dc.6d38: supR3HardenedMonitor_LdrLoadDll: returns rcNt=0x0 hMod=00007fff14730000 'C:\WINDOWS\System32\crypt32.dll'
52dc.6d38: supR3HardenedWinVerifyCacheProcessWvtTodos: 0 (was 0) fWinVerifyTrust=1 for '\Device\HarddiskVolume2\Windows\System32\dwmapi.dll'
52dc.6d38: supR3HardNtViCallWinVerifyTrustCatFile: hFile=00000000000004f8 pwszName=\Device\HarddiskVolume2\Windows\System32\uxtheme.dll
52dc.6d38: supR3HardNtViCallWinVerifyTrustCatFile: Cached context 00000209bd1aa9e0
52dc.6d38: supR3HardNtViCallWinVerifyTrustCatFile: hCatAdmin=00000209bd1aa9e0
52dc.6d38: supR3HardNtViCallWinVerifyTrustCatFile: cbHash=20 wszDigest=E79F93BC3D29033AD2BD48256699B4A8D9A4ACB2
52dc.6d38: supR3HardenedMonitor_LdrLoadDll: returns rcNt=0x0 hMod=00007fff12620000 'C:\WINDOWS\system32\rsaenh.dll'
52dc.6d38: supR3HardenedMonitor_LdrLoadDll: returns rcNt=0x0 hMod=00007fff14730000 'C:\WINDOWS\System32\crypt32.dll'
52dc.6d38: supR3HardNtViCallWinVerifyTrustCatFile: WinVerifyTrust => 0x0; cat='C:\WINDOWS\system32\CatRoot\{F750E6C3-38EE-11D1-85E5-00C04FC295EE}\Microsoft-Windows-Client-Desktop-Required-Package04112~31bf3856ad364e35~amd64~~10.0.26100.8246.cat'; file='\Device\HarddiskVolume2\Windows\System32\uxtheme.dll'
52dc.6d38: supR3HardNtViCallWinVerifyTrustCatFile -> 0 (org 22900)
52dc.6d38: supR3HardenedWinVerifyCacheProcessWvtTodos: 0 (was 22900) fWinVerifyTrust=1 for '\Device\HarddiskVolume2\Windows\System32\uxtheme.dll'
52dc.6d38: supR3HardenedMonitor_LdrLoadDll: returns rcNt=0x0 hMod=00007fff12620000 'C:\WINDOWS\system32\rsaenh.dll'
52dc.6d38: supR3HardenedMonitor_LdrLoadDll: returns rcNt=0x0 hMod=00007fff14730000 'C:\WINDOWS\System32\crypt32.dll'
52dc.6d38: supR3HardenedWinVerifyCacheProcessWvtTodos: 0 (was 0) fWinVerifyTrust=1 for '\Device\HarddiskVolume2\Windows\System32\msvcp140_1.dll'
52dc.6d38: supR3HardenedMonitor_LdrLoadDll: returns rcNt=0x0 hMod=00007fff12620000 'C:\WINDOWS\system32\rsaenh.dll'
52dc.6d38: supR3HardenedMonitor_LdrLoadDll: returns rcNt=0x0 hMod=00007fff14730000 'C:\WINDOWS\System32\crypt32.dll'
52dc.6d38: supR3HardenedWinVerifyCacheProcessWvtTodos: 0 (was 0) fWinVerifyTrust=1 for '\Device\HarddiskVolume2\Windows\System32\win32u.dll'
52dc.6d38: supR3HardenedMonitor_LdrLoadDll: returns rcNt=0x0 hMod=00007fff12620000 'C:\WINDOWS\system32\rsaenh.dll'
52dc.6d38: supR3HardenedMonitor_LdrLoadDll: returns rcNt=0x0 hMod=00007fff14730000 'C:\WINDOWS\System32\crypt32.dll'
52dc.6d38: supR3HardenedWinVerifyCacheProcessWvtTodos: 0 (was 0) fWinVerifyTrust=1 for '\Device\HarddiskVolume2\Windows\System32\gdi32.dll'
52dc.6d38: supR3HardenedMonitor_LdrLoadDll: returns rcNt=0x0 hMod=00007fff12620000 'C:\WINDOWS\system32\rsaenh.dll'
52dc.6d38: supR3HardenedMonitor_LdrLoadDll: returns rcNt=0x0 hMod=00007fff14730000 'C:\WINDOWS\System32\crypt32.dll'
52dc.6d38: supR3HardenedWinVerifyCacheProcessWvtTodos: 0 (was 0) fWinVerifyTrust=1 for '\Device\HarddiskVolume2\Windows\System32\combase.dll'
52dc.6d38: SUPR3HardenedMain: Calling TrustedMain (00007ffe979419c0)...
52dc.6d38: supR3HardenedDllNotificationCallback: load   00007fff13ec0000 LB 0x00868000 C:\WINDOWS\System32\windows.storage.dll [fFlags=0x0]
52dc.6d38: supR3HardenedWinVerifyCacheScheduleImports: Import todo: #31 'combase.dll'.
52dc.6d38: supR3HardenedWinVerifyCacheScheduleImports: Import todo: #32 'msvcp_win.dll'.
52dc.6d38: supHardenedWinVerifyImageByHandle: -> 0 (\Device\HarddiskVolume2\Windows\System32\windows.storage.dll)
52dc.6d38: supR3HardenedWinVerifyCacheInsert: \Device\HarddiskVolume2\Windows\System32\windows.storage.dll
52dc.6d38: supR3HardenedDllNotificationCallback: load   00007fff15c50000 LB 0x00066000 C:\WINDOWS\System32\shlwapi.dll [fFlags=0x0]
52dc.6d38: supR3HardenedWinVerifyCacheScheduleImports: Import todo: #4 'windows.storage.dll'.
52dc.6d38: supHardenedWinVerifyImageByHandle: -> 0 (\Device\HarddiskVolume2\Windows\System32\shlwapi.dll)
52dc.6d38: supR3HardenedWinVerifyCacheInsert: \Device\HarddiskVolume2\Windows\System32\shlwapi.dll
52dc.6d38: supR3HardenedWinVerifyCacheProcessImportTodos: Processing 'windows.storage.dll'...
52dc.6d38: supR3HardenedWinVerifyCacheProcessImportTodos: 'windows.storage.dll' -> '\Device\HarddiskVolume2\Windows\System32\windows.storage.dll' [rcNtRedir=0xc0150008]
52dc.6d38: supR3HardenedScreenImage/Imports: cache hit (VINF_SUCCESS) on \Device\HarddiskVolume2\Windows\System32\windows.storage.dll [lacks WinVerifyTrust]
52dc.6d38: supR3HardenedWinVerifyCacheProcessImportTodos: Processing 'msvcp_win.dll'...
52dc.6d38: supR3HardenedWinVerifyCacheProcessImportTodos: 'msvcp_win.dll' -> '\Device\HarddiskVolume2\Windows\System32\msvcp_win.dll' [rcNtRedir=0xc0150008]
52dc.6d38: supR3HardenedWinVerifyCacheProcessImportTodos: Processing 'combase.dll'...
52dc.6d38: supR3HardenedWinVerifyCacheProcessImportTodos: 'combase.dll' -> '\Device\HarddiskVolume2\Windows\System32\combase.dll' [rcNtRedir=0xc0150008]
52dc.6d38: supR3HardenedScreenImage/Imports: cache hit (VINF_SUCCESS) on \Device\HarddiskVolume2\Windows\System32\combase.dll
52dc.6d38: supR3HardenedMonitor_LdrLoadDll: returns rcNt=0x0 hMod=00007fff12620000 'C:\WINDOWS\system32\rsaenh.dll'
52dc.6d38: supR3HardenedMonitor_LdrLoadDll: returns rcNt=0x0 hMod=00007fff14730000 'C:\WINDOWS\System32\crypt32.dll'
52dc.6d38: supR3HardenedWinVerifyCacheProcessWvtTodos: 0 (was 0) fWinVerifyTrust=1 for '\Device\HarddiskVolume2\Windows\System32\shlwapi.dll'
52dc.6d38: supR3HardenedMonitor_LdrLoadDll: returns rcNt=0x0 hMod=00007fff12620000 'C:\WINDOWS\system32\rsaenh.dll'
52dc.6d38: supR3HardenedMonitor_LdrLoadDll: returns rcNt=0x0 hMod=00007fff14730000 'C:\WINDOWS\System32\crypt32.dll'
52dc.6d38: supR3HardenedWinVerifyCacheProcessWvtTodos: 0 (was 0) fWinVerifyTrust=1 for '\Device\HarddiskVolume2\Windows\System32\windows.storage.dll'
52dc.6d38: supR3HardenedMonitor_LdrLoadDll: returns rcNt=0x0 hMod=00007fff12620000 'C:\WINDOWS\system32\rsaenh.dll'
52dc.6d38: supR3HardenedMonitor_LdrLoadDll: returns rcNt=0x0 hMod=00007fff14730000 'C:\WINDOWS\System32\crypt32.dll'
52dc.6d38: supR3HardenedWinVerifyCacheScheduleImports: Import todo: #0 'advapi32.dll'.
52dc.6d38: supR3HardenedWinVerifyCacheScheduleImports: Import todo: #1 'dwmapi.dll'.
52dc.6d38: supR3HardenedWinVerifyCacheScheduleImports: Import todo: #2 'gdi32.dll'.
52dc.6d38: supR3HardenedWinVerifyCacheScheduleImports: Import todo: #3 'imm32.dll'.
52dc.6d38: supR3HardenedWinVerifyCacheScheduleImports: Import todo: #4 'ole32.dll'.
52dc.6d38: supR3HardenedWinVerifyCacheScheduleImports: Import todo: #5 'oleaut32.dll'.
52dc.6d38: supR3HardenedWinVerifyCacheScheduleImports: Import todo: #6 'setupapi.dll'.
52dc.6d38: supR3HardenedWinVerifyCacheScheduleImports: Import todo: #7 'shell32.dll'.
52dc.6d38: supR3HardenedWinVerifyCacheScheduleImports: Import todo: #8 'shlwapi.dll'.
52dc.6d38: supR3HardenedWinVerifyCacheScheduleImports: Import todo: #9 'user32.dll'.
52dc.6d38: supR3HardenedWinVerifyCacheScheduleImports: Import todo: #10 'winmm.dll'.
52dc.6d38: supR3HardenedWinVerifyCacheScheduleImports: Import todo: #11 'wtsapi32.dll'.
52dc.6d38: supR3HardenedWinVerifyCacheScheduleImports: Import todo: #13 'comdlg32.dll'.
52dc.6d38: supR3HardenedWinVerifyCacheScheduleImports: Import todo: #14 'd3d9.dll'.
52dc.6d38: supR3HardenedWinVerifyCacheScheduleImports: Import todo: #17 'uiautomationcore.dll'.
52dc.6d38: supR3HardenedWinVerifyCacheScheduleImports: Import todo: #18 'qt6guivbox.dll'.
52dc.6d38: supR3HardenedWinVerifyCacheScheduleImports: Import todo: #19 'qt6corevbox.dll'.
52dc.6d38: supR3HardenedWinVerifyCacheScheduleImports: Import todo: #21 'msvcp140.dll'.
52dc.6d38: supR3HardenedWinVerifyCacheScheduleImports: Import todo: #22 'vcruntime140.dll'.
52dc.6d38: supR3HardenedWinVerifyCacheScheduleImports: Import todo: #23 'vcruntime140_1.dll'.
52dc.6d38: supHardenedWinVerifyImageByHandle: -> 0 (\Device\HarddiskVolume2\Program Files\Oracle\VirtualBox\platforms\qwindowsVBox.dll) WinVerifyTrust
52dc.6d38: supR3HardenedWinVerifyCacheInsert: \Device\HarddiskVolume2\Program Files\Oracle\VirtualBox\platforms\qwindowsVBox.dll
52dc.6d38: supR3HardenedWinVerifyCacheProcessImportTodos: Processing 'vcruntime140_1.dll'...
52dc.6d38: supR3HardenedWinVerifyCacheProcessImportTodos: 'vcruntime140_1.dll' -> '\Device\HarddiskVolume2\Windows\System32\vcruntime140_1.dll' [rcNtRedir=0xc0150008]
52dc.6d38: supR3HardenedWinVerifyCacheProcessImportTodos: Processing 'vcruntime140.dll'...
52dc.6d38: supR3HardenedWinVerifyCacheProcessImportTodos: 'vcruntime140.dll' -> '\Device\HarddiskVolume2\Windows\System32\vcruntime140.dll' [rcNtRedir=0xc0150008]
52dc.6d38: supR3HardenedWinVerifyCacheProcessImportTodos: Processing 'msvcp140.dll'...
52dc.6d38: supR3HardenedWinVerifyCacheProcessImportTodos: 'msvcp140.dll' -> '\Device\HarddiskVolume2\Windows\System32\msvcp140.dll' [rcNtRedir=0xc0150008]
52dc.6d38: supR3HardenedWinVerifyCacheProcessImportTodos: Processing 'qt6corevbox.dll'...
52dc.6d38: supR3HardenedWinVerifyCacheProcessImportTodos: 'qt6corevbox.dll' -> '\Device\HarddiskVolume2\Program Files\Oracle\VirtualBox\qt6corevbox.dll' [rcNtRedir=0xc0150008]
52dc.6d38: supR3HardenedWinVerifyCacheProcessImportTodos: Processing 'qt6guivbox.dll'...
52dc.6d38: supR3HardenedWinVerifyCacheProcessImportTodos: 'qt6guivbox.dll' -> '\Device\HarddiskVolume2\Program Files\Oracle\VirtualBox\qt6guivbox.dll' [rcNtRedir=0xc0150008]
52dc.6d38: supR3HardenedScreenImage/Imports: cache hit (VINF_SUCCESS) on \Device\HarddiskVolume2\Program Files\Oracle\VirtualBox\Qt6GuiVBox.dll
52dc.6d38: supR3HardenedWinVerifyCacheProcessImportTodos: Processing 'uiautomationcore.dll'...
52dc.6d38: supR3HardenedWinVerifyCacheProcessImportTodos: 'uiautomationcore.dll' -> '\Device\HarddiskVolume2\Windows\System32\uiautomationcore.dll' [rcNtRedir=0xc0150008]
52dc.6d38: supR3HardNtViCallWinVerifyTrustCatFile: hFile=0000000000000570 pwszName=\Device\HarddiskVolume2\Windows\System32\UIAutomationCore.dll
52dc.6d38: supR3HardNtViCallWinVerifyTrustCatFile: Cached context 00000209bd1aa9e0
52dc.6d38: supR3HardNtViCallWinVerifyTrustCatFile: hCatAdmin=00000209bd1aa9e0
52dc.6d38: supR3HardNtViCallWinVerifyTrustCatFile: cbHash=20 wszDigest=468786E2F8CEB02138D0DB3BFE06F422C7B0D04B
52dc.6d38: supR3HardenedMonitor_LdrLoadDll: returns rcNt=0x0 hMod=00007fff12620000 'C:\WINDOWS\system32\rsaenh.dll'
52dc.6d38: supR3HardenedMonitor_LdrLoadDll: returns rcNt=0x0 hMod=00007fff14730000 'C:\WINDOWS\System32\crypt32.dll'
52dc.6d38: supR3HardNtViCallWinVerifyTrustCatFile: WinVerifyTrust => 0x0; cat='C:\WINDOWS\system32\CatRoot\{F750E6C3-38EE-11D1-85E5-00C04FC295EE}\Runlevel-Win4-merged-Package~31bf3856ad364e35~amd64~~10.0.26100.8246.cat'; file='\Device\HarddiskVolume2\Windows\System32\UIAutomationCore.dll'
52dc.6d38: supR3HardNtViCallWinVerifyTrustCatFile -> 0 (org 22900)
52dc.6d38: supR3HardenedWinVerifyCacheScheduleImports: Import todo: #0 'msvcp_win.dll'.
52dc.6d38: supHardenedWinVerifyImageByHandle: -> 0 (\Device\HarddiskVolume2\Windows\System32\UIAutomationCore.dll) WinVerifyTrust
52dc.6d38: supR3HardenedWinVerifyCacheInsert: \Device\HarddiskVolume2\Windows\System32\UIAutomationCore.dll
52dc.6d38: supR3HardenedWinVerifyCacheProcessImportTodos: Processing 'd3d9.dll'...
52dc.6d38: supR3HardenedWinVerifyCacheProcessImportTodos: 'd3d9.dll' -> '\Device\HarddiskVolume2\Windows\System32\d3d9.dll' [rcNtRedir=0xc0150008]
52dc.6d38: supR3HardenedWinVerifyCacheProcessImportTodos: Processing 'msvcp_win.dll'...
52dc.6d38: supR3HardenedWinVerifyCacheProcessImportTodos: 'msvcp_win.dll' -> '\Device\HarddiskVolume2\Windows\System32\msvcp_win.dll' [rcNtRedir=0xc0150008]
52dc.6d38: supR3HardenedMonitor_LdrLoadDll: returns rcNt=0x0 hMod=00007fff12620000 'C:\WINDOWS\system32\rsaenh.dll'
52dc.6d38: supR3HardenedMonitor_LdrLoadDll: returns rcNt=0x0 hMod=00007fff14730000 'C:\WINDOWS\System32\crypt32.dll'
52dc.6d38: supR3HardenedWinVerifyCacheScheduleImports: Import todo: #0 'msvcrt.dll'.
52dc.6d38: supR3HardenedWinVerifyCacheScheduleImports: Import todo: #6 'user32.dll'.
52dc.6d38: supR3HardenedWinVerifyCacheScheduleImports: Import todo: #9 'win32u.dll'.
52dc.6d38: supR3HardenedWinVerifyCacheScheduleImports: Import todo: #10 'gdi32.dll'.
52dc.6d38: supR3HardenedWinVerifyCacheScheduleImports: Import todo: #12 'dwmapi.dll'.
52dc.6d38: supR3HardenedWinVerifyCacheScheduleImports: Import todo: #15 'version.dll'.
52dc.6d38: supHardenedWinVerifyImageByHandle: -> 0 (\Device\HarddiskVolume2\Windows\System32\d3d9.dll) WinVerifyTrust
52dc.6d38: supR3HardenedWinVerifyCacheInsert: \Device\HarddiskVolume2\Windows\System32\d3d9.dll
52dc.6d38: supR3HardenedWinVerifyCacheProcessImportTodos: Processing 'comdlg32.dll'...
52dc.6d38: supR3HardenedWinVerifyCacheProcessImportTodos: 'comdlg32.dll' -> '\Device\HarddiskVolume2\Windows\System32\comdlg32.dll' [rcNtRedir=0xc0150008]
52dc.6d38: supR3HardNtViCallWinVerifyTrustCatFile: hFile=00000000000004b8 pwszName=\Device\HarddiskVolume2\Windows\System32\comdlg32.dll
52dc.6d38: supR3HardNtViCallWinVerifyTrustCatFile: Cached context 00000209bd1aa9e0
52dc.6d38: supR3HardNtViCallWinVerifyTrustCatFile: hCatAdmin=00000209bd1aa9e0
52dc.6d38: supR3HardNtViCallWinVerifyTrustCatFile: cbHash=20 wszDigest=8693F65AB86A525FA8E22C050AD51E96DFEDAF77
52dc.6d38: supR3HardenedWinVerifyCacheProcessImportTodos: Processing 'version.dll'...
52dc.6d38: supR3HardenedWinVerifyCacheProcessImportTodos: 'version.dll' -> '\Device\HarddiskVolume2\Windows\System32\version.dll' [rcNtRedir=0xc0150008]
52dc.6d38: supR3HardenedScreenImage/Imports: cache hit (VINF_SUCCESS) on \Device\HarddiskVolume2\Windows\System32\version.dll
52dc.6d38: supR3HardenedWinVerifyCacheProcessImportTodos: Processing 'dwmapi.dll'...
52dc.6d38: supR3HardenedWinVerifyCacheProcessImportTodos: 'dwmapi.dll' -> '\Device\HarddiskVolume2\Windows\System32\dwmapi.dll' [rcNtRedir=0xc0150008]
52dc.6d38: supR3HardenedScreenImage/Imports: cache hit (VINF_SUCCESS) on \Device\HarddiskVolume2\Windows\System32\dwmapi.dll
52dc.6d38: supR3HardenedWinVerifyCacheProcessImportTodos: Processing 'gdi32.dll'...
52dc.6d38: supR3HardenedWinVerifyCacheProcessImportTodos: 'gdi32.dll' -> '\Device\HarddiskVolume2\Windows\System32\gdi32.dll' [rcNtRedir=0xc0150008]
52dc.6d38: supR3HardenedWinVerifyCacheProcessImportTodos: Processing 'win32u.dll'...
52dc.6d38: supR3HardenedWinVerifyCacheProcessImportTodos: 'win32u.dll' -> '\Device\HarddiskVolume2\Windows\System32\win32u.dll' [rcNtRedir=0xc0150008]
52dc.6d38: supR3HardenedWinVerifyCacheProcessImportTodos: Processing 'user32.dll'...
52dc.6d38: supR3HardenedWinVerifyCacheProcessImportTodos: 'user32.dll' -> '\Device\HarddiskVolume2\Windows\System32\user32.dll' [rcNtRedir=0xc0150008]
52dc.6d38: supR3HardenedWinVerifyCacheProcessImportTodos: Processing 'msvcrt.dll'...
52dc.6d38: supR3HardenedWinVerifyCacheProcessImportTodos: 'msvcrt.dll' -> '\Device\HarddiskVolume2\Windows\System32\msvcrt.dll' [rcNtRedir=0xc0150008]
52dc.6d38: supR3HardenedScreenImage/Imports: cache hit (VINF_SUCCESS) on \Device\HarddiskVolume2\Windows\System32\msvcrt.dll
52dc.6d38: supR3HardenedMonitor_LdrLoadDll: returns rcNt=0x0 hMod=00007fff12620000 'C:\WINDOWS\system32\rsaenh.dll'
52dc.6d38: supR3HardenedMonitor_LdrLoadDll: returns rcNt=0x0 hMod=00007fff14730000 'C:\WINDOWS\System32\crypt32.dll'
52dc.6d38: supR3HardNtViCallWinVerifyTrustCatFile: WinVerifyTrust => 0x0; cat='C:\WINDOWS\system32\CatRoot\{F750E6C3-38EE-11D1-85E5-00C04FC295EE}\Microsoft-Windows-Client-Desktop-Required-Package04~31bf3856ad364e35~amd64~~10.0.26100.8246.cat'; file='\Device\HarddiskVolume2\Windows\System32\comdlg32.dll'
52dc.6d38: supR3HardNtViCallWinVerifyTrustCatFile -> 0 (org 22900)
52dc.6d38: supR3HardenedWinVerifyCacheScheduleImports: Import todo: #0 'msvcp_win.dll'.
52dc.6d38: supR3HardenedWinVerifyCacheScheduleImports: Import todo: #26 'rpcrt4.dll'.
52dc.6d38: supR3HardenedWinVerifyCacheScheduleImports: Import todo: #43 'user32.dll'.
52dc.6d38: supR3HardenedWinVerifyCacheScheduleImports: Import todo: #61 'shlwapi.dll'.
52dc.6d38: supR3HardenedWinVerifyCacheScheduleImports: Import todo: #62 'gdi32.dll'.
52dc.6d38: supR3HardenedWinVerifyCacheScheduleImports: Import todo: #63 'comctl32.dll'.
52dc.6d38: supR3HardenedWinVerifyCacheScheduleImports: Import todo: #64 'shell32.dll'.
52dc.6d38: supHardenedWinVerifyImageByHandle: -> 0 (\Device\HarddiskVolume2\Windows\System32\comdlg32.dll) WinVerifyTrust
52dc.6d38: supR3HardenedWinVerifyCacheInsert: \Device\HarddiskVolume2\Windows\System32\comdlg32.dll
52dc.6d38: supR3HardenedWinVerifyCacheProcessImportTodos: Processing 'wtsapi32.dll'...
52dc.6d38: supR3HardenedWinVerifyCacheProcessImportTodos: 'wtsapi32.dll' -> '\Device\HarddiskVolume2\Windows\System32\wtsapi32.dll' [rcNtRedir=0xc0150008]
52dc.6d38: supR3HardenedWinVerifyCacheProcessImportTodos: Processing 'shell32.dll'...
52dc.6d38: supR3HardenedWinVerifyCacheProcessImportTodos: 'shell32.dll' -> '\Device\HarddiskVolume2\Windows\System32\shell32.dll' [rcNtRedir=0xc0150008]
52dc.6d38: supR3HardenedScreenImage/Imports: cache hit (VINF_SUCCESS) on \Device\HarddiskVolume2\Windows\System32\shell32.dll
52dc.6d38: supR3HardenedWinVerifyCacheProcessImportTodos: Processing 'comctl32.dll'...
52dc.6d38: supR3HardenedWinVerifyCacheProcessImportTodos: 'comctl32.dll' -> '\Device\HarddiskVolume2\Windows\System32\comctl32.dll' [rcNtRedir=0x0]
52dc.6d38: Detected WinVerifyTrust recursion: rc=VINF_SUCCESS '\Device\HarddiskVolume2\Windows\System32\comctl32.dll'.
52dc.6d38: supR3HardenedWinVerifyCacheScheduleImports: Import todo: #1 'advapi32.dll'.
52dc.6d38: supR3HardenedWinVerifyCacheScheduleImports: Import todo: #2 'gdi32.dll'.
52dc.6d38: supR3HardenedWinVerifyCacheScheduleImports: Import todo: #4 'user32.dll'.
52dc.6d38: supHardenedWinVerifyImageByHandle: -> 0 (\Device\HarddiskVolume2\Windows\System32\comctl32.dll)
52dc.6d38: supR3HardenedWinVerifyCacheInsert: \Device\HarddiskVolume2\Windows\System32\comctl32.dll
52dc.6d38: supR3HardenedWinVerifyCacheProcessImportTodos: Processing 'gdi32.dll'...
52dc.6d38: supR3HardenedWinVerifyCacheProcessImportTodos: 'gdi32.dll' -> '\Device\HarddiskVolume2\Windows\System32\gdi32.dll' [rcNtRedir=0xc0150008]
52dc.6d38: supR3HardenedWinVerifyCacheProcessImportTodos: Processing 'shlwapi.dll'...
52dc.6d38: supR3HardenedWinVerifyCacheProcessImportTodos: 'shlwapi.dll' -> '\Device\HarddiskVolume2\Windows\System32\shlwapi.dll' [rcNtRedir=0xc0150008]
52dc.6d38: supR3HardenedScreenImage/Imports: cache hit (VINF_SUCCESS) on \Device\HarddiskVolume2\Windows\System32\shlwapi.dll
52dc.6d38: supR3HardenedWinVerifyCacheProcessImportTodos: Processing 'user32.dll'...
52dc.6d38: supR3HardenedWinVerifyCacheProcessImportTodos: 'user32.dll' -> '\Device\HarddiskVolume2\Windows\System32\user32.dll' [rcNtRedir=0xc0150008]
52dc.6d38: supR3HardenedWinVerifyCacheProcessImportTodos: Processing 'rpcrt4.dll'...
52dc.6d38: supR3HardenedWinVerifyCacheProcessImportTodos: 'rpcrt4.dll' -> '\Device\HarddiskVolume2\Windows\System32\rpcrt4.dll' [rcNtRedir=0xc0150008]
52dc.6d38: supR3HardenedWinVerifyCacheProcessImportTodos: Processing 'msvcp_win.dll'...
52dc.6d38: supR3HardenedWinVerifyCacheProcessImportTodos: 'msvcp_win.dll' -> '\Device\HarddiskVolume2\Windows\System32\msvcp_win.dll' [rcNtRedir=0xc0150008]
52dc.6d38: supR3HardenedWinVerifyCacheProcessImportTodos: Processing 'user32.dll'...
52dc.6d38: supR3HardenedWinVerifyCacheProcessImportTodos: 'user32.dll' -> '\Device\HarddiskVolume2\Windows\System32\user32.dll' [rcNtRedir=0xc0150008]
52dc.6d38: supR3HardenedWinVerifyCacheProcessImportTodos: Processing 'gdi32.dll'...
52dc.6d38: supR3HardenedWinVerifyCacheProcessImportTodos: 'gdi32.dll' -> '\Device\HarddiskVolume2\Windows\System32\gdi32.dll' [rcNtRedir=0xc0150008]
52dc.6d38: supR3HardenedWinVerifyCacheProcessImportTodos: Processing 'advapi32.dll'...
52dc.6d38: supR3HardenedWinVerifyCacheProcessImportTodos: 'advapi32.dll' -> '\Device\HarddiskVolume2\Windows\System32\advapi32.dll' [rcNtRedir=0xc0150008]
52dc.6d38: supR3HardenedScreenImage/Imports: cache hit (VINF_SUCCESS) on \Device\HarddiskVolume2\Windows\System32\advapi32.dll
52dc.6d38: supR3HardenedMonitor_LdrLoadDll: returns rcNt=0x0 hMod=00007fff12620000 'C:\WINDOWS\system32\rsaenh.dll'
52dc.6d38: supR3HardenedMonitor_LdrLoadDll: returns rcNt=0x0 hMod=00007fff14730000 'C:\WINDOWS\System32\crypt32.dll'
52dc.6d38: supR3HardenedWinVerifyCacheScheduleImports: Import todo: #0 'msvcrt.dll'.
52dc.6d38: supR3HardenedWinVerifyCacheScheduleImports: Import todo: #23 'sspicli.dll'.
52dc.6d38: supR3HardenedWinVerifyCacheScheduleImports: Import todo: #28 'crypt32.dll'.
52dc.6d38: supHardenedWinVerifyImageByHandle: -> 0 (\Device\HarddiskVolume2\Windows\System32\wtsapi32.dll) WinVerifyTrust
52dc.6d38: supR3HardenedWinVerifyCacheInsert: \Device\HarddiskVolume2\Windows\System32\wtsapi32.dll
52dc.6d38: supR3HardenedWinVerifyCacheProcessImportTodos: Processing 'winmm.dll'...
52dc.6d38: supR3HardenedWinVerifyCacheProcessImportTodos: 'winmm.dll' -> '\Device\HarddiskVolume2\Windows\System32\winmm.dll' [rcNtRedir=0xc0150008]
52dc.6d38: supR3HardenedScreenImage/Imports: cache hit (VINF_SUCCESS) on \Device\HarddiskVolume2\Windows\System32\winmm.dll
52dc.6d38: supR3HardenedWinVerifyCacheProcessImportTodos: Processing 'user32.dll'...
52dc.6d38: supR3HardenedWinVerifyCacheProcessImportTodos: 'user32.dll' -> '\Device\HarddiskVolume2\Windows\System32\user32.dll' [rcNtRedir=0xc0150008]
52dc.6d38: supR3HardenedWinVerifyCacheProcessImportTodos: Processing 'shlwapi.dll'...
52dc.6d38: supR3HardenedWinVerifyCacheProcessImportTodos: 'shlwapi.dll' -> '\Device\HarddiskVolume2\Windows\System32\shlwapi.dll' [rcNtRedir=0xc0150008]
52dc.6d38: supR3HardenedScreenImage/Imports: cache hit (VINF_SUCCESS) on \Device\HarddiskVolume2\Windows\System32\shlwapi.dll
52dc.6d38: supR3HardenedWinVerifyCacheProcessImportTodos: Processing 'shell32.dll'...
52dc.6d38: supR3HardenedWinVerifyCacheProcessImportTodos: 'shell32.dll' -> '\Device\HarddiskVolume2\Windows\System32\shell32.dll' [rcNtRedir=0xc0150008]
52dc.6d38: supR3HardenedScreenImage/Imports: cache hit (VINF_SUCCESS) on \Device\HarddiskVolume2\Windows\System32\shell32.dll
52dc.6d38: supR3HardenedWinVerifyCacheProcessImportTodos: Processing 'setupapi.dll'...
52dc.6d38: supR3HardenedWinVerifyCacheProcessImportTodos: 'setupapi.dll' -> '\Device\HarddiskVolume2\Windows\System32\setupapi.dll' [rcNtRedir=0xc0150008]
52dc.6d38: supR3HardenedWinVerifyCacheProcessImportTodos: Processing 'crypt32.dll'...
52dc.6d38: supR3HardenedWinVerifyCacheProcessImportTodos: 'crypt32.dll' -> '\Device\HarddiskVolume2\Windows\System32\crypt32.dll' [rcNtRedir=0xc0150008]
52dc.6d38: supR3HardenedWinVerifyCacheProcessImportTodos: Processing 'sspicli.dll'...
52dc.6d38: supR3HardenedWinVerifyCacheProcessImportTodos: 'sspicli.dll' -> '\Device\HarddiskVolume2\Windows\System32\sspicli.dll' [rcNtRedir=0xc0150008]
52dc.6d38: Detected WinVerifyTrust recursion: rc=VINF_SUCCESS '\Device\HarddiskVolume2\Windows\System32\sspicli.dll'.
52dc.6d38: supR3HardenedWinVerifyCacheScheduleImports: Import todo: #3 'rpcrt4.dll'.
52dc.6d38: supHardenedWinVerifyImageByHandle: -> 0 (\Device\HarddiskVolume2\Windows\System32\sspicli.dll)
52dc.6d38: supR3HardenedWinVerifyCacheInsert: \Device\HarddiskVolume2\Windows\System32\sspicli.dll
52dc.6d38: supR3HardenedWinVerifyCacheProcessImportTodos: Processing 'msvcrt.dll'...
52dc.6d38: supR3HardenedWinVerifyCacheProcessImportTodos: 'msvcrt.dll' -> '\Device\HarddiskVolume2\Windows\System32\msvcrt.dll' [rcNtRedir=0xc0150008]
52dc.6d38: supR3HardenedScreenImage/Imports: cache hit (VINF_SUCCESS) on \Device\HarddiskVolume2\Windows\System32\msvcrt.dll
52dc.6d38: supR3HardenedWinVerifyCacheProcessImportTodos: Processing 'rpcrt4.dll'...
52dc.6d38: supR3HardenedWinVerifyCacheProcessImportTodos: 'rpcrt4.dll' -> '\Device\HarddiskVolume2\Windows\System32\rpcrt4.dll' [rcNtRedir=0xc0150008]
52dc.6d38: supR3HardenedMonitor_LdrLoadDll: returns rcNt=0x0 hMod=00007fff12620000 'C:\WINDOWS\system32\rsaenh.dll'
52dc.6d38: supR3HardenedMonitor_LdrLoadDll: returns rcNt=0x0 hMod=00007fff14730000 'C:\WINDOWS\System32\crypt32.dll'
52dc.6d38: supR3HardenedWinVerifyCacheScheduleImports: Import todo: #0 'msvcrt.dll'.
52dc.6d38: supHardenedWinVerifyImageByHandle: -> 0 (\Device\HarddiskVolume2\Windows\System32\setupapi.dll) WinVerifyTrust
52dc.6d38: supR3HardenedWinVerifyCacheInsert: \Device\HarddiskVolume2\Windows\System32\setupapi.dll
52dc.6d38: supR3HardenedWinVerifyCacheProcessImportTodos: Processing 'oleaut32.dll'...
52dc.6d38: supR3HardenedWinVerifyCacheProcessImportTodos: 'oleaut32.dll' -> '\Device\HarddiskVolume2\Windows\System32\oleaut32.dll' [rcNtRedir=0xc0150008]
52dc.6d38: supR3HardenedScreenImage/Imports: cache hit (VINF_SUCCESS) on \Device\HarddiskVolume2\Windows\System32\oleaut32.dll
52dc.6d38: supR3HardenedWinVerifyCacheProcessImportTodos: Processing 'ole32.dll'...
52dc.6d38: supR3HardenedWinVerifyCacheProcessImportTodos: 'ole32.dll' -> '\Device\HarddiskVolume2\Windows\System32\ole32.dll' [rcNtRedir=0xc0150008]
52dc.6d38: supR3HardenedScreenImage/Imports: cache hit (VINF_SUCCESS) on \Device\HarddiskVolume2\Windows\System32\ole32.dll
52dc.6d38: supR3HardenedWinVerifyCacheProcessImportTodos: Processing 'imm32.dll'...
52dc.6d38: supR3HardenedWinVerifyCacheProcessImportTodos: 'imm32.dll' -> '\Device\HarddiskVolume2\Windows\System32\imm32.dll' [rcNtRedir=0xc0150008]
52dc.6d38: supR3HardenedScreenImage/Imports: cache hit (VINF_SUCCESS) on \Device\HarddiskVolume2\Windows\System32\imm32.dll
52dc.6d38: supR3HardenedWinVerifyCacheProcessImportTodos: Processing 'gdi32.dll'...
52dc.6d38: supR3HardenedWinVerifyCacheProcessImportTodos: 'gdi32.dll' -> '\Device\HarddiskVolume2\Windows\System32\gdi32.dll' [rcNtRedir=0xc0150008]
52dc.6d38: supR3HardenedWinVerifyCacheProcessImportTodos: Processing 'dwmapi.dll'...
52dc.6d38: supR3HardenedWinVerifyCacheProcessImportTodos: 'dwmapi.dll' -> '\Device\HarddiskVolume2\Windows\System32\dwmapi.dll' [rcNtRedir=0xc0150008]
52dc.6d38: supR3HardenedScreenImage/Imports: cache hit (VINF_SUCCESS) on \Device\HarddiskVolume2\Windows\System32\dwmapi.dll
52dc.6d38: supR3HardenedWinVerifyCacheProcessImportTodos: Processing 'advapi32.dll'...
52dc.6d38: supR3HardenedWinVerifyCacheProcessImportTodos: 'advapi32.dll' -> '\Device\HarddiskVolume2\Windows\System32\advapi32.dll' [rcNtRedir=0xc0150008]
52dc.6d38: supR3HardenedScreenImage/Imports: cache hit (VINF_SUCCESS) on \Device\HarddiskVolume2\Windows\System32\advapi32.dll
52dc.6d38: supR3HardenedWinVerifyCacheProcessImportTodos: Processing 'msvcrt.dll'...
52dc.6d38: supR3HardenedWinVerifyCacheProcessImportTodos: 'msvcrt.dll' -> '\Device\HarddiskVolume2\Windows\System32\msvcrt.dll' [rcNtRedir=0xc0150008]
52dc.6d38: supR3HardenedMonitor_LdrLoadDll: pName=C:\Program Files\Oracle\VirtualBox\platforms\qwindowsVBox.dll (rcNtResolve=0xc0150008) *pfFlags=0x0 pwszSearchPath=0000000000000001:<flags> [calling]
52dc.6d38: supR3HardenedScreenImage/NtCreateSection: cache hit (VINF_SUCCESS) on \Device\HarddiskVolume2\Program Files\Oracle\VirtualBox\platforms\qwindowsVBox.dll
52dc.6d38: supR3HardenedScreenImage/NtCreateSection: cache hit (VINF_SUCCESS) on \Device\HarddiskVolume2\Windows\System32\wtsapi32.dll
52dc.6d38: supR3HardenedWinVerifyCacheScheduleImports: Import todo: #1 'advapi32.dll'.
52dc.6d38: supR3HardenedWinVerifyCacheScheduleImports: Import todo: #2 'gdi32.dll'.
52dc.6d38: supR3HardenedWinVerifyCacheScheduleImports: Import todo: #4 'user32.dll'.
52dc.6d38: supHardenedWinVerifyImageByHandle: -> 0 (\Device\HarddiskVolume2\Windows\WinSxS\amd64_microsoft.windows.common-controls_6595b64144ccf1df_5.82.26100.8115_none_87ecef177a2e8a19\comctl32.dll)
52dc.6d38: supR3HardenedWinVerifyCacheInsert: \Device\HarddiskVolume2\Windows\WinSxS\amd64_microsoft.windows.common-controls_6595b64144ccf1df_5.82.26100.8115_none_87ecef177a2e8a19\comctl32.dll
52dc.6d38: supR3HardenedScreenImage/NtCreateSection: cache hit (VINF_SUCCESS) on \Device\HarddiskVolume2\Windows\System32\d3d9.dll
52dc.6d38: supR3HardenedScreenImage/NtCreateSection: cache hit (VINF_SUCCESS) on \Device\HarddiskVolume2\Windows\System32\UIAutomationCore.dll
52dc.6d38: supR3HardenedScreenImage/NtCreateSection: cache hit (VINF_SUCCESS) on \Device\HarddiskVolume2\Windows\System32\sspicli.dll [avoiding WinVerifyTrust]
52dc.6d38: supR3HardenedWinVerifyCacheScheduleImports: Import todo: #0 'msvcp_win.dll'.
52dc.6d38: supR3HardenedWinVerifyCacheScheduleImports: Import todo: #27 'win32u.dll'.
52dc.6d38: supHardenedWinVerifyImageByHandle: -> 0 (\Device\HarddiskVolume2\Windows\System32\DXCore.dll)
52dc.6d38: supR3HardenedWinVerifyCacheInsert: \Device\HarddiskVolume2\Windows\System32\DXCore.dll
52dc.6d38: supR3HardenedDllNotificationCallback: load   00007fff16920000 LB 0x00487000 C:\WINDOWS\System32\SETUPAPI.dll [fFlags=0x0]
52dc.6d38: supR3HardenedScreenImage/LdrLoadDll: cache hit (VINF_SUCCESS) on \Device\HarddiskVolume2\Windows\System32\setupapi.dll
52dc.6d38: supR3HardenedDllNotificationCallback: load   00007fff12980000 LB 0x00049000 C:\WINDOWS\SYSTEM32\SspiCli.dll [fFlags=0x0]
52dc.6d38: supR3HardenedScreenImage/LdrLoadDll: cache hit (VINF_SUCCESS) on \Device\HarddiskVolume2\Windows\System32\sspicli.dll [avoiding WinVerifyTrust]
52dc.6d38: supR3HardenedDllNotificationCallback: load   00007fff11250000 LB 0x00029000 C:\WINDOWS\SYSTEM32\WTSAPI32.dll [fFlags=0x0]
52dc.6d38: supR3HardenedScreenImage/LdrLoadDll: cache hit (VINF_SUCCESS) on \Device\HarddiskVolume2\Windows\System32\wtsapi32.dll
52dc.6d38: supR3HardenedDllNotificationCallback: load   00007ffee84d0000 LB 0x000b5000 C:\WINDOWS\WinSxS\amd64_microsoft.windows.common-controls_6595b64144ccf1df_5.82.26100.8115_none_87ecef177a2e8a19\COMCTL32.dll [fFlags=0x0]
52dc.6d38: supR3HardenedScreenImage/LdrLoadDll: cache hit (VINF_SUCCESS) on \Device\HarddiskVolume2\Windows\WinSxS\amd64_microsoft.windows.common-controls_6595b64144ccf1df_5.82.26100.8115_none_87ecef177a2e8a19\comctl32.dll [avoiding WinVerifyTrust]
52dc.6d38: supR3HardenedDllNotificationCallback: load   00007fff163e0000 LB 0x000ef000 C:\WINDOWS\System32\COMDLG32.dll [fFlags=0x0]
52dc.6d38: supR3HardenedScreenImage/LdrLoadDll: cache hit (VINF_SUCCESS) on \Device\HarddiskVolume2\Windows\System32\comdlg32.dll
52dc.6d38: supR3HardenedDllNotificationCallback: load   00007fff11670000 LB 0x00043000 C:\WINDOWS\SYSTEM32\dxcore.dll [fFlags=0x0]
52dc.6d38: supR3HardenedScreenImage/LdrLoadDll: cache hit (VINF_SUCCESS) on \Device\HarddiskVolume2\Windows\System32\DXCore.dll [avoiding WinVerifyTrust]
52dc.6d38: supR3HardenedDllNotificationCallback: load   00007ffee0280000 LB 0x001b2000 C:\WINDOWS\SYSTEM32\d3d9.dll [fFlags=0x0]
52dc.6d38: supR3HardenedScreenImage/LdrLoadDll: cache hit (VINF_SUCCESS) on \Device\HarddiskVolume2\Windows\System32\d3d9.dll
52dc.6d38: supR3HardenedDllNotificationCallback: load   00007ffee1ff0000 LB 0x00420000 C:\WINDOWS\SYSTEM32\UIAutomationCore.DLL [fFlags=0x0]
52dc.6d38: supR3HardenedScreenImage/LdrLoadDll: cache hit (VINF_SUCCESS) on \Device\HarddiskVolume2\Windows\System32\UIAutomationCore.dll
52dc.6d38: supR3HardenedDllNotificationCallback: load   00007ffe7e2f0000 LB 0x000db000 C:\Program Files\Oracle\VirtualBox\platforms\qwindowsVBox.dll [fFlags=0x0]
52dc.6d38: supR3HardenedScreenImage/LdrLoadDll: cache hit (VINF_SUCCESS) on \Device\HarddiskVolume2\Program Files\Oracle\VirtualBox\platforms\qwindowsVBox.dll
52dc.6d38: Detected loader lock ownership: rc=VINF_SUCCESS '\Device\HarddiskVolume2\Windows\System32\DXCore.dll'.
52dc.6d38: supR3HardenedWinVerifyCacheProcessWvtTodos: 0 (was 0) fWinVerifyTrust=0 for '\Device\HarddiskVolume2\Windows\System32\DXCore.dll' [rescheduled]
52dc.6d38: Detected loader lock ownership: rc=VINF_SUCCESS '\Device\HarddiskVolume2\Windows\WinSxS\amd64_microsoft.windows.common-controls_6595b64144ccf1df_5.82.26100.8115_none_87ecef177a2e8a19\comctl32.dll'.
52dc.6d38: supR3HardenedWinVerifyCacheProcessWvtTodos: 0 (was 0) fWinVerifyTrust=0 for '\Device\HarddiskVolume2\Windows\WinSxS\amd64_microsoft.windows.common-controls_6595b64144ccf1df_5.82.26100.8115_none_87ecef177a2e8a19\comctl32.dll' [rescheduled]
52dc.6d38: Detected loader lock ownership: rc=VINF_SUCCESS '\Device\HarddiskVolume2\Windows\System32\sspicli.dll'.
52dc.6d38: supR3HardenedWinVerifyCacheProcessWvtTodos: 0 (was 0) fWinVerifyTrust=0 for '\Device\HarddiskVolume2\Windows\System32\sspicli.dll' [rescheduled]
52dc.6d38: Detected loader lock ownership: rc=VINF_SUCCESS '\Device\HarddiskVolume2\Windows\System32\comctl32.dll'.
52dc.6d38: supR3HardenedWinVerifyCacheProcessWvtTodos: 0 (was 0) fWinVerifyTrust=0 for '\Device\HarddiskVolume2\Windows\System32\comctl32.dll' [rescheduled]
52dc.6d38: supR3HardenedScreenImage/LdrLoadDll: cache hit (VINF_SUCCESS) on \Device\HarddiskVolume2\Windows\System32\imm32.dll
52dc.6d38: supR3HardenedWinVerifyCacheProcessImportTodos: Processing 'win32u.dll'...
52dc.6d38: supR3HardenedWinVerifyCacheProcessImportTodos: 'win32u.dll' -> '\Device\HarddiskVolume2\Windows\System32\win32u.dll' [rcNtRedir=0xc0150008]
52dc.6d38: supR3HardenedWinVerifyCacheProcessImportTodos: Processing 'msvcp_win.dll'...
52dc.6d38: supR3HardenedWinVerifyCacheProcessImportTodos: 'msvcp_win.dll' -> '\Device\HarddiskVolume2\Windows\System32\msvcp_win.dll' [rcNtRedir=0xc0150008]
52dc.6d38: supR3HardenedWinVerifyCacheProcessImportTodos: Processing 'user32.dll'...
52dc.6d38: supR3HardenedWinVerifyCacheProcessImportTodos: 'user32.dll' -> '\Device\HarddiskVolume2\Windows\System32\user32.dll' [rcNtRedir=0xc0150008]
52dc.6d38: supR3HardenedWinVerifyCacheProcessImportTodos: Processing 'gdi32.dll'...
52dc.6d38: supR3HardenedWinVerifyCacheProcessImportTodos: 'gdi32.dll' -> '\Device\HarddiskVolume2\Windows\System32\gdi32.dll' [rcNtRedir=0xc0150008]
52dc.6d38: supR3HardenedScreenImage/Imports: cache hit (VINF_SUCCESS) on \Device\HarddiskVolume2\Windows\System32\gdi32.dll
52dc.6d38: supR3HardenedWinVerifyCacheProcessImportTodos: Processing 'advapi32.dll'...
52dc.6d38: supR3HardenedWinVerifyCacheProcessImportTodos: 'advapi32.dll' -> '\Device\HarddiskVolume2\Windows\System32\advapi32.dll' [rcNtRedir=0xc0150008]
52dc.6d38: supR3HardenedScreenImage/Imports: cache hit (VINF_SUCCESS) on \Device\HarddiskVolume2\Windows\System32\advapi32.dll
52dc.6d38: supR3HardenedMonitor_LdrLoadDll: pName=C:\WINDOWS\System32\imm32.dll (Input=imm32.dll, rcNtResolve=0xc0150008) *pfFlags=0x0 pwszSearchPath=0000000000000001:<flags> [calling]
52dc.6d38: supR3HardenedMonitor_LdrLoadDll: returns rcNt=0x0 hMod=00007fff14f80000 'C:\WINDOWS\System32\imm32.dll'
52dc.6d38: Detected loader lock ownership: rc=VINF_SUCCESS '\Device\HarddiskVolume2\Windows\System32\DXCore.dll'.
52dc.6d38: supR3HardenedWinVerifyCacheProcessWvtTodos: 0 (was 0) fWinVerifyTrust=0 for '\Device\HarddiskVolume2\Windows\System32\DXCore.dll' [rescheduled]
52dc.6d38: Detected loader lock ownership: rc=VINF_SUCCESS '\Device\HarddiskVolume2\Windows\WinSxS\amd64_microsoft.windows.common-controls_6595b64144ccf1df_5.82.26100.8115_none_87ecef177a2e8a19\comctl32.dll'.
52dc.6d38: supR3HardenedWinVerifyCacheProcessWvtTodos: 0 (was 0) fWinVerifyTrust=0 for '\Device\HarddiskVolume2\Windows\WinSxS\amd64_microsoft.windows.common-controls_6595b64144ccf1df_5.82.26100.8115_none_87ecef177a2e8a19\comctl32.dll' [rescheduled]
52dc.6d38: Detected loader lock ownership: rc=VINF_SUCCESS '\Device\HarddiskVolume2\Windows\System32\sspicli.dll'.
52dc.6d38: supR3HardenedWinVerifyCacheProcessWvtTodos: 0 (was 0) fWinVerifyTrust=0 for '\Device\HarddiskVolume2\Windows\System32\sspicli.dll' [rescheduled]
52dc.6d38: Detected loader lock ownership: rc=VINF_SUCCESS '\Device\HarddiskVolume2\Windows\System32\comctl32.dll'.
52dc.6d38: supR3HardenedWinVerifyCacheProcessWvtTodos: 0 (was 0) fWinVerifyTrust=0 for '\Device\HarddiskVolume2\Windows\System32\comctl32.dll' [rescheduled]
52dc.6d38: supR3HardenedMonitor_LdrLoadDll: returns rcNt=0x0 hMod=00007ffe7e2f0000 'C:\Program Files\Oracle\VirtualBox\platforms\qwindowsVBox.dll'
52dc.6d38: supR3HardenedMonitor_LdrLoadDll: returns rcNt=0x0 hMod=00007fff12620000 'C:\WINDOWS\system32\rsaenh.dll'
52dc.6d38: supR3HardenedMonitor_LdrLoadDll: returns rcNt=0x0 hMod=00007fff14730000 'C:\WINDOWS\System32\crypt32.dll'
52dc.6d38: supR3HardenedWinVerifyCacheProcessWvtTodos: 0 (was 0) fWinVerifyTrust=1 for '\Device\HarddiskVolume2\Windows\System32\DXCore.dll'
52dc.6d38: supR3HardenedMonitor_LdrLoadDll: returns rcNt=0x0 hMod=00007fff12620000 'C:\WINDOWS\system32\rsaenh.dll'
52dc.6d38: supR3HardenedMonitor_LdrLoadDll: returns rcNt=0x0 hMod=00007fff14730000 'C:\WINDOWS\System32\crypt32.dll'
52dc.6d38: supR3HardenedWinVerifyCacheProcessWvtTodos: 0 (was 0) fWinVerifyTrust=1 for '\Device\HarddiskVolume2\Windows\WinSxS\amd64_microsoft.windows.common-controls_6595b64144ccf1df_5.82.26100.8115_none_87ecef177a2e8a19\comctl32.dll'
52dc.6d38: supR3HardenedMonitor_LdrLoadDll: returns rcNt=0x0 hMod=00007fff12620000 'C:\WINDOWS\system32\rsaenh.dll'
52dc.6d38: supR3HardenedMonitor_LdrLoadDll: returns rcNt=0x0 hMod=00007fff14730000 'C:\WINDOWS\System32\crypt32.dll'
52dc.6d38: supR3HardenedWinVerifyCacheProcessWvtTodos: 0 (was 0) fWinVerifyTrust=1 for '\Device\HarddiskVolume2\Windows\System32\sspicli.dll'
52dc.6d38: supR3HardenedMonitor_LdrLoadDll: returns rcNt=0x0 hMod=00007fff12620000 'C:\WINDOWS\system32\rsaenh.dll'
52dc.6d38: supR3HardenedMonitor_LdrLoadDll: returns rcNt=0x0 hMod=00007fff14730000 'C:\WINDOWS\System32\crypt32.dll'
52dc.6d38: supR3HardenedWinVerifyCacheProcessWvtTodos: 0 (was 0) fWinVerifyTrust=1 for '\Device\HarddiskVolume2\Windows\System32\comctl32.dll'
52dc.6d38: supR3HardenedWinVerifyCacheScheduleImports: Import todo: #4 'rpcrt4.dll'.
52dc.6d38: supR3HardenedWinVerifyCacheScheduleImports: Import todo: #39 'bcryptprimitives.dll'.
52dc.6d38: supR3HardenedWinVerifyCacheScheduleImports: Import todo: #53 'combase.dll'.
52dc.6d38: supR3HardenedWinVerifyCacheScheduleImports: Import todo: #54 'msvcp_win.dll'.
52dc.6d38: supHardenedWinVerifyImageByHandle: -> 22900 (\Device\HarddiskVolume2\Windows\System32\rpcss.dll)
52dc.6d38: supR3HardenedWinVerifyCacheInsert: \Device\HarddiskVolume2\Windows\System32\rpcss.dll
52dc.6d38: supR3HardenedMonitor_NtCreateSection: NtMapViewOfSection failed on 00000000000007c0 (hFile=00000000000007e8) with 0xc0000022 -> STATUS_TRUST_FAILURE
52dc.6d38: supR3HardNtViCallWinVerifyTrustCatFile: hFile=00000000000007d0 pwszName=\Device\HarddiskVolume2\Windows\System32\rpcss.dll
52dc.6d38: supR3HardNtViCallWinVerifyTrustCatFile: Cached context 00000209bd1aa9e0
52dc.6d38: supR3HardNtViCallWinVerifyTrustCatFile: hCatAdmin=00000209bd1aa9e0
52dc.6d38: supR3HardNtViCallWinVerifyTrustCatFile: cbHash=20 wszDigest=B18D024C5D5583708146EDA3504163B934E46ECE
52dc.6d38: supR3HardenedWinVerifyCacheProcessImportTodos: Processing 'msvcp_win.dll'...
52dc.6d38: supR3HardenedWinVerifyCacheProcessImportTodos: 'msvcp_win.dll' -> '\Device\HarddiskVolume2\Windows\System32\msvcp_win.dll' [rcNtRedir=0xc0150008]
52dc.6d38: supR3HardenedWinVerifyCacheProcessImportTodos: Processing 'combase.dll'...
52dc.6d38: supR3HardenedWinVerifyCacheProcessImportTodos: 'combase.dll' -> '\Device\HarddiskVolume2\Windows\System32\combase.dll' [rcNtRedir=0xc0150008]
52dc.6d38: supR3HardenedScreenImage/Imports: cache hit (VINF_SUCCESS) on \Device\HarddiskVolume2\Windows\System32\combase.dll
52dc.6d38: supR3HardenedWinVerifyCacheProcessImportTodos: Processing 'bcryptprimitives.dll'...
52dc.6d38: supR3HardenedWinVerifyCacheProcessImportTodos: 'bcryptprimitives.dll' -> '\Device\HarddiskVolume2\Windows\System32\bcryptprimitives.dll' [rcNtRedir=0xc0150008]
52dc.6d38: supR3HardenedScreenImage/Imports: cache hit (VINF_SUCCESS) on \Device\HarddiskVolume2\Windows\System32\bcryptprimitives.dll
52dc.6d38: supR3HardenedWinVerifyCacheProcessImportTodos: Processing 'rpcrt4.dll'...
52dc.6d38: supR3HardenedWinVerifyCacheProcessImportTodos: 'rpcrt4.dll' -> '\Device\HarddiskVolume2\Windows\System32\rpcrt4.dll' [rcNtRedir=0xc0150008]
52dc.6d38: supR3HardenedScreenImage/Imports: cache hit (VINF_SUCCESS) on \Device\HarddiskVolume2\Windows\System32\rpcrt4.dll
52dc.6d38: supR3HardenedMonitor_LdrLoadDll: returns rcNt=0x0 hMod=00007fff12620000 'C:\WINDOWS\system32\rsaenh.dll'
52dc.6d38: supR3HardenedMonitor_LdrLoadDll: returns rcNt=0x0 hMod=00007fff14730000 'C:\WINDOWS\System32\crypt32.dll'
52dc.6d38: supR3HardNtViCallWinVerifyTrustCatFile: WinVerifyTrust => 0x0; cat='C:\WINDOWS\system32\CatRoot\{F750E6C3-38EE-11D1-85E5-00C04FC295EE}\Microsoft-OneCore-CoreSystem-Core-merged-Package~31bf3856ad364e35~amd64~~10.0.26100.8246.cat'; file='\Device\HarddiskVolume2\Windows\System32\rpcss.dll'
52dc.6d38: supR3HardNtViCallWinVerifyTrustCatFile -> 0 (org 22900)
52dc.6d38: supR3HardenedWinVerifyCacheProcessWvtTodos: 0 (was 22900) fWinVerifyTrust=1 for '\Device\HarddiskVolume2\Windows\System32\rpcss.dll'
52dc.6d38: supR3HardenedScreenImage/LdrLoadDll: cache hit (VINF_SUCCESS) on \Device\HarddiskVolume2\Windows\System32\uxtheme.dll
52dc.6d38: supR3HardenedMonitor_LdrLoadDll: pName=C:\WINDOWS\system32\uxtheme.dll (rcNtResolve=0xc0150008) *pfFlags=0x0 pwszSearchPath=0000000000000009:<flags> [calling]
52dc.6d38: supR3HardenedMonitor_LdrLoadDll: returns rcNt=0x0 hMod=00007fff113e0000 'C:\WINDOWS\system32\uxtheme.dll'
52dc.6d38: supR3HardenedDllNotificationCallback: load   00007fff14e20000 LB 0x0015c000 C:\WINDOWS\System32\MSCTF.dll [fFlags=0x0]
52dc.6d38: supR3HardenedWinVerifyCacheScheduleImports: Import todo: #0 'msvcrt.dll'.
52dc.6d38: supR3HardenedWinVerifyCacheScheduleImports: Import todo: #37 'user32.dll'.
52dc.6d38: supHardenedWinVerifyImageByHandle: -> 0 (\Device\HarddiskVolume2\Windows\System32\msctf.dll)
52dc.6d38: supR3HardenedWinVerifyCacheInsert: \Device\HarddiskVolume2\Windows\System32\msctf.dll
52dc.6d38: supR3HardenedWinVerifyCacheProcessImportTodos: Processing 'user32.dll'...
52dc.6d38: supR3HardenedWinVerifyCacheProcessImportTodos: 'user32.dll' -> '\Device\HarddiskVolume2\Windows\System32\user32.dll' [rcNtRedir=0xc0150008]
52dc.6d38: supR3HardenedScreenImage/Imports: cache hit (VINF_SUCCESS) on \Device\HarddiskVolume2\Windows\System32\user32.dll
52dc.6d38: supR3HardenedWinVerifyCacheProcessImportTodos: Processing 'msvcrt.dll'...
52dc.6d38: supR3HardenedWinVerifyCacheProcessImportTodos: 'msvcrt.dll' -> '\Device\HarddiskVolume2\Windows\System32\msvcrt.dll' [rcNtRedir=0xc0150008]
52dc.6d38: supR3HardenedMonitor_LdrLoadDll: returns rcNt=0x0 hMod=00007fff12620000 'C:\WINDOWS\system32\rsaenh.dll'
52dc.6d38: supR3HardenedMonitor_LdrLoadDll: returns rcNt=0x0 hMod=00007fff14730000 'C:\WINDOWS\System32\crypt32.dll'
52dc.6d38: supR3HardenedWinVerifyCacheProcessWvtTodos: 0 (was 0) fWinVerifyTrust=1 for '\Device\HarddiskVolume2\Windows\System32\msctf.dll'
52dc.6d38: supR3HardenedMonitor_LdrLoadDll: returns rcNt=0x0 hMod=00007fff15da0000 'C:\WINDOWS\System32\USER32.dll'
52dc.6d38: supR3HardenedMonitor_LdrLoadDll: returns rcNt=0x0 hMod=00007fff12620000 'C:\WINDOWS\system32\rsaenh.dll'
52dc.6d38: supR3HardenedMonitor_LdrLoadDll: returns rcNt=0x0 hMod=00007fff14730000 'C:\WINDOWS\System32\crypt32.dll'
52dc.6d38: supR3HardenedWinVerifyCacheScheduleImports: Import todo: #19 'cfgmgr32.dll'.
52dc.6d38: supHardenedWinVerifyImageByHandle: -> 0 (\Device\HarddiskVolume2\Windows\System32\devobj.dll) WinVerifyTrust
52dc.6d38: supR3HardenedWinVerifyCacheInsert: \Device\HarddiskVolume2\Windows\System32\devobj.dll
52dc.6d38: supR3HardenedWinVerifyCacheProcessImportTodos: Processing 'cfgmgr32.dll'...
52dc.6d38: supR3HardenedWinVerifyCacheProcessImportTodos: 'cfgmgr32.dll' -> '\Device\HarddiskVolume2\Windows\System32\cfgmgr32.dll' [rcNtRedir=0xc0150008]
52dc.6d38: supR3HardenedMonitor_LdrLoadDll: returns rcNt=0x0 hMod=00007fff12620000 'C:\WINDOWS\system32\rsaenh.dll'
52dc.6d38: supR3HardenedMonitor_LdrLoadDll: returns rcNt=0x0 hMod=00007fff14730000 'C:\WINDOWS\System32\crypt32.dll'
52dc.6d38: supHardenedWinVerifyImageByHandle: -> 0 (\Device\HarddiskVolume2\Windows\System32\cfgmgr32.dll) WinVerifyTrust
52dc.6d38: supR3HardenedWinVerifyCacheInsert: \Device\HarddiskVolume2\Windows\System32\cfgmgr32.dll
52dc.6d38: supR3HardenedMonitor_LdrLoadDll: pName=C:\WINDOWS\System32\DEVOBJ.dll (Input=DEVOBJ.dll, rcNtResolve=0xc0150008) *pfFlags=0x0 pwszSearchPath=0000000000000001:<flags> [calling]
52dc.6d38: supR3HardenedScreenImage/NtCreateSection: cache hit (VINF_SUCCESS) on \Device\HarddiskVolume2\Windows\System32\devobj.dll
52dc.6d38: supR3HardenedScreenImage/NtCreateSection: cache hit (VINF_SUCCESS) on \Device\HarddiskVolume2\Windows\System32\cfgmgr32.dll
52dc.6d38: supR3HardenedDllNotificationCallback: load   00007fff135e0000 LB 0x00051000 C:\WINDOWS\SYSTEM32\cfgmgr32.dll [fFlags=0x0]
52dc.6d38: supR3HardenedScreenImage/LdrLoadDll: cache hit (VINF_SUCCESS) on \Device\HarddiskVolume2\Windows\System32\cfgmgr32.dll
52dc.6d38: supR3HardenedDllNotificationCallback: load   00007fff135b0000 LB 0x0002d000 C:\WINDOWS\System32\DEVOBJ.dll [fFlags=0x0]
52dc.6d38: supR3HardenedScreenImage/LdrLoadDll: cache hit (VINF_SUCCESS) on \Device\HarddiskVolume2\Windows\System32\devobj.dll
52dc.6d38: supR3HardenedMonitor_LdrLoadDll: returns rcNt=0x0 hMod=00007fff135b0000 'C:\WINDOWS\System32\DEVOBJ.dll'
52dc.6d38: supR3HardenedIsApiSetDll: ApiSetQueryApiSetPresence(api-ms-win-core-registry-l1-1-0.dll) -> 0x0, fPresent=1
52dc.6d38: supR3HardenedMonitor_LdrLoadDll: pName=api-ms-win-core-registry-l1-1-0.dll (rcNtResolve=0x0) *pfFlags=0x0 pwszSearchPath=0000000000000001:<flags> [calling]
52dc.6d38: supR3HardenedMonitor_LdrLoadDll: returns rcNt=0x0 hMod=00007fff13950000 'api-ms-win-core-registry-l1-1-0.dll'
52dc.6d38: supR3HardenedScreenImage/LdrLoadDll: cache hit (VINF_SUCCESS) on \Device\HarddiskVolume2\Windows\System32\wintrust.dll
52dc.6d38: supR3HardenedMonitor_LdrLoadDll: pName=C:\WINDOWS\System32\WINTRUST.dll (Input=WINTRUST.dll, rcNtResolve=0xc0150008) *pfFlags=0x0 pwszSearchPath=0000000000000001:<flags> [calling]
52dc.6d38: supR3HardenedMonitor_LdrLoadDll: returns rcNt=0x0 hMod=00007fff149e0000 'C:\WINDOWS\System32\WINTRUST.dll'
52dc.6d38: supR3HardenedMonitor_LdrLoadDll: returns rcNt=0x0 hMod=00007fff12620000 'C:\WINDOWS\system32\rsaenh.dll'
52dc.6d38: supR3HardenedMonitor_LdrLoadDll: returns rcNt=0x0 hMod=00007fff14730000 'C:\WINDOWS\System32\crypt32.dll'
52dc.6d38: supR3HardenedWinVerifyCacheScheduleImports: Import todo: #0 'gdi32.dll'.
52dc.6d38: supR3HardenedWinVerifyCacheScheduleImports: Import todo: #1 'user32.dll'.
52dc.6d38: supR3HardenedWinVerifyCacheScheduleImports: Import todo: #2 'uxtheme.dll'.
52dc.6d38: supR3HardenedWinVerifyCacheScheduleImports: Import todo: #3 'qt6widgetsvbox.dll'.
52dc.6d38: supR3HardenedWinVerifyCacheScheduleImports: Import todo: #4 'qt6guivbox.dll'.
52dc.6d38: supR3HardenedWinVerifyCacheScheduleImports: Import todo: #5 'qt6corevbox.dll'.
52dc.6d38: supR3HardenedWinVerifyCacheScheduleImports: Import todo: #7 'msvcp140.dll'.
52dc.6d38: supR3HardenedWinVerifyCacheScheduleImports: Import todo: #8 'vcruntime140.dll'.
52dc.6d38: supHardenedWinVerifyImageByHandle: -> 0 (\Device\HarddiskVolume2\Program Files\Oracle\VirtualBox\styles\qmodernwindowsstyleVBox.dll) WinVerifyTrust
52dc.6d38: supR3HardenedWinVerifyCacheInsert: \Device\HarddiskVolume2\Program Files\Oracle\VirtualBox\styles\qmodernwindowsstyleVBox.dll
52dc.6d38: supR3HardenedWinVerifyCacheProcessImportTodos: Processing 'vcruntime140.dll'...
52dc.6d38: supR3HardenedWinVerifyCacheProcessImportTodos: 'vcruntime140.dll' -> '\Device\HarddiskVolume2\Windows\System32\vcruntime140.dll' [rcNtRedir=0xc0150008]
52dc.6d38: supR3HardenedWinVerifyCacheProcessImportTodos: Processing 'msvcp140.dll'...
52dc.6d38: supR3HardenedWinVerifyCacheProcessImportTodos: 'msvcp140.dll' -> '\Device\HarddiskVolume2\Windows\System32\msvcp140.dll' [rcNtRedir=0xc0150008]
52dc.6d38: supR3HardenedWinVerifyCacheProcessImportTodos: Processing 'qt6corevbox.dll'...
52dc.6d38: supR3HardenedWinVerifyCacheProcessImportTodos: 'qt6corevbox.dll' -> '\Device\HarddiskVolume2\Program Files\Oracle\VirtualBox\qt6corevbox.dll' [rcNtRedir=0xc0150008]
52dc.6d38: supR3HardenedWinVerifyCacheProcessImportTodos: Processing 'qt6guivbox.dll'...
52dc.6d38: supR3HardenedWinVerifyCacheProcessImportTodos: 'qt6guivbox.dll' -> '\Device\HarddiskVolume2\Program Files\Oracle\VirtualBox\qt6guivbox.dll' [rcNtRedir=0xc0150008]
52dc.6d38: supR3HardenedScreenImage/Imports: cache hit (VINF_SUCCESS) on \Device\HarddiskVolume2\Program Files\Oracle\VirtualBox\Qt6GuiVBox.dll
52dc.6d38: supR3HardenedWinVerifyCacheProcessImportTodos: Processing 'qt6widgetsvbox.dll'...
52dc.6d38: supR3HardenedWinVerifyCacheProcessImportTodos: 'qt6widgetsvbox.dll' -> '\Device\HarddiskVolume2\Program Files\Oracle\VirtualBox\qt6widgetsvbox.dll' [rcNtRedir=0xc0150008]
52dc.6d38: supR3HardenedScreenImage/Imports: cache hit (VINF_SUCCESS) on \Device\HarddiskVolume2\Program Files\Oracle\VirtualBox\Qt6WidgetsVBox.dll
52dc.6d38: supR3HardenedWinVerifyCacheProcessImportTodos: Processing 'uxtheme.dll'...
52dc.6d38: supR3HardenedWinVerifyCacheProcessImportTodos: 'uxtheme.dll' -> '\Device\HarddiskVolume2\Windows\System32\uxtheme.dll' [rcNtRedir=0xc0150008]
52dc.6d38: supR3HardenedScreenImage/Imports: cache hit (VINF_SUCCESS) on \Device\HarddiskVolume2\Windows\System32\uxtheme.dll
52dc.6d38: supR3HardenedWinVerifyCacheProcessImportTodos: Processing 'user32.dll'...
52dc.6d38: supR3HardenedWinVerifyCacheProcessImportTodos: 'user32.dll' -> '\Device\HarddiskVolume2\Windows\System32\user32.dll' [rcNtRedir=0xc0150008]
52dc.6d38: supR3HardenedWinVerifyCacheProcessImportTodos: Processing 'gdi32.dll'...
52dc.6d38: supR3HardenedWinVerifyCacheProcessImportTodos: 'gdi32.dll' -> '\Device\HarddiskVolume2\Windows\System32\gdi32.dll' [rcNtRedir=0xc0150008]
52dc.6d38: supR3HardenedMonitor_LdrLoadDll: pName=C:\Program Files\Oracle\VirtualBox\styles\qmodernwindowsstyleVBox.dll (rcNtResolve=0xc0150008) *pfFlags=0x0 pwszSearchPath=0000000000000001:<flags> [calling]
52dc.6d38: supR3HardenedScreenImage/NtCreateSection: cache hit (VINF_SUCCESS) on \Device\HarddiskVolume2\Program Files\Oracle\VirtualBox\styles\qmodernwindowsstyleVBox.dll
52dc.6d38: supR3HardenedDllNotificationCallback: load   00007ffee5510000 LB 0x00036000 C:\Program Files\Oracle\VirtualBox\styles\qmodernwindowsstyleVBox.dll [fFlags=0x0]
52dc.6d38: supR3HardenedScreenImage/LdrLoadDll: cache hit (VINF_SUCCESS) on \Device\HarddiskVolume2\Program Files\Oracle\VirtualBox\styles\qmodernwindowsstyleVBox.dll
52dc.6d38: supR3HardenedMonitor_LdrLoadDll: returns rcNt=0x0 hMod=00007ffee5510000 'C:\Program Files\Oracle\VirtualBox\styles\qmodernwindowsstyleVBox.dll'
52dc.6d38: '\Device\HarddiskVolume2\Windows\System32\imageres.dll' has no imports
52dc.6d38: supHardenedWinVerifyImageByHandle: -> 22900 (\Device\HarddiskVolume2\Windows\System32\imageres.dll)
52dc.6d38: supR3HardenedWinVerifyCacheInsert: \Device\HarddiskVolume2\Windows\System32\imageres.dll
52dc.6d38: supR3HardenedMonitor_NtCreateSection: NtMapViewOfSection failed on 0000000000000820 (hFile=000000000000056c) with 0xc0000022 -> STATUS_TRUST_FAILURE
52dc.6d38: supR3HardenedScreenImage/NtCreateSection: cache hit (22900) on \Device\HarddiskVolume2\Windows\System32\imageres.dll [avoiding WinVerifyTrust]
52dc.6d38: supR3HardenedMonitor_NtCreateSection: NtMapViewOfSection failed on 000000000000056c (hFile=0000000000000820) with 0xc0000022 -> STATUS_TRUST_FAILURE
52dc.6d38: supR3HardNtViCallWinVerifyTrustCatFile: hFile=000000000000081c pwszName=\Device\HarddiskVolume2\Windows\System32\imageres.dll
52dc.6d38: supR3HardNtViCallWinVerifyTrustCatFile: Cached context 00000209bd1aa9e0
52dc.6d38: supR3HardNtViCallWinVerifyTrustCatFile: hCatAdmin=00000209bd1aa9e0
52dc.6d38: supR3HardNtViCallWinVerifyTrustCatFile: cbHash=20 wszDigest=0EE2082FDAB9E64FDEB5A51961DE49D30EFA3625
52dc.6d38: supR3HardenedMonitor_LdrLoadDll: returns rcNt=0x0 hMod=00007fff12620000 'C:\WINDOWS\system32\rsaenh.dll'
52dc.6d38: supR3HardenedMonitor_LdrLoadDll: returns rcNt=0x0 hMod=00007fff14730000 'C:\WINDOWS\System32\crypt32.dll'
52dc.6d38: supR3HardNtViCallWinVerifyTrustCatFile: WinVerifyTrust => 0x0; cat='C:\WINDOWS\system32\CatRoot\{F750E6C3-38EE-11D1-85E5-00C04FC295EE}\Microsoft-Windows-Client-Desktop-Required-Package02~31bf3856ad364e35~amd64~~10.0.26100.8246.cat'; file='\Device\HarddiskVolume2\Windows\System32\imageres.dll'
52dc.6d38: supR3HardNtViCallWinVerifyTrustCatFile -> 0 (org 22900)
52dc.6d38: supR3HardenedWinVerifyCacheProcessWvtTodos: 0 (was 22900) fWinVerifyTrust=1 for '\Device\HarddiskVolume2\Windows\System32\imageres.dll'
52dc.6d38: supR3HardNtViCallWinVerifyTrustCatFile: hFile=000000000000084c pwszName=\Device\HarddiskVolume2\Windows\System32\IconCodecService.dll
52dc.6d38: supR3HardNtViCallWinVerifyTrustCatFile: Cached context 00000209bd1aa9e0
52dc.6d38: supR3HardNtViCallWinVerifyTrustCatFile: hCatAdmin=00000209bd1aa9e0
52dc.6d38: supR3HardNtViCallWinVerifyTrustCatFile: cbHash=20 wszDigest=6A94C939C9629E54D59EAB8EB41ACFCDF775AA8B
52dc.6d38: supR3HardenedMonitor_LdrLoadDll: returns rcNt=0x0 hMod=00007fff12620000 'C:\WINDOWS\system32\rsaenh.dll'
52dc.6d38: supR3HardenedMonitor_LdrLoadDll: returns rcNt=0x0 hMod=00007fff14730000 'C:\WINDOWS\System32\crypt32.dll'
52dc.6d38: supR3HardNtViCallWinVerifyTrustCatFile: WinVerifyTrust => 0x0; cat='C:\WINDOWS\system32\CatRoot\{F750E6C3-38EE-11D1-85E5-00C04FC295EE}\Microsoft-Windows-Client-Desktop-Required-Package0518~31bf3856ad364e35~amd64~~10.0.26100.8036.cat'; file='\Device\HarddiskVolume2\Windows\System32\IconCodecService.dll'
52dc.6d38: supR3HardNtViCallWinVerifyTrustCatFile -> 0 (org 22900)
52dc.6d38: supR3HardenedWinVerifyCacheScheduleImports: Import todo: #0 'msvcrt.dll'.
52dc.6d38: supR3HardenedWinVerifyCacheScheduleImports: Import todo: #2 'user32.dll'.
52dc.6d38: supHardenedWinVerifyImageByHandle: -> 0 (\Device\HarddiskVolume2\Windows\System32\IconCodecService.dll) WinVerifyTrust
52dc.6d38: supR3HardenedWinVerifyCacheInsert: \Device\HarddiskVolume2\Windows\System32\IconCodecService.dll
52dc.6d38: supR3HardenedWinVerifyCacheProcessImportTodos: Processing 'user32.dll'...
52dc.6d38: supR3HardenedWinVerifyCacheProcessImportTodos: 'user32.dll' -> '\Device\HarddiskVolume2\Windows\System32\user32.dll' [rcNtRedir=0xc0150008]
52dc.6d38: supR3HardenedWinVerifyCacheProcessImportTodos: Processing 'msvcrt.dll'...
52dc.6d38: supR3HardenedWinVerifyCacheProcessImportTodos: 'msvcrt.dll' -> '\Device\HarddiskVolume2\Windows\System32\msvcrt.dll' [rcNtRedir=0xc0150008]
52dc.6d38: supR3HardenedMonitor_LdrLoadDll: pName=C:\WINDOWS\system32\IconCodecService.dll (rcNtResolve=0xc0150008) *pfFlags=0x0 pwszSearchPath=0000000000000001:<flags> [calling]
52dc.6d38: supR3HardenedScreenImage/NtCreateSection: cache hit (VINF_SUCCESS) on \Device\HarddiskVolume2\Windows\System32\IconCodecService.dll
52dc.6d38: supR3HardenedDllNotificationCallback: load   00007ffed7200000 LB 0x0000b000 C:\WINDOWS\system32\IconCodecService.dll [fFlags=0x0]
52dc.6d38: supR3HardenedScreenImage/LdrLoadDll: cache hit (VINF_SUCCESS) on \Device\HarddiskVolume2\Windows\System32\IconCodecService.dll
52dc.6d38: supR3HardenedMonitor_LdrLoadDll: returns rcNt=0x0 hMod=00007ffed7200000 'C:\WINDOWS\system32\IconCodecService.dll'
52dc.6d38: supHardenedWinVerifyImageByHandle: -> 0 (\Device\HarddiskVolume2\Windows\System32\WindowsCodecs.dll)
52dc.6d38: supR3HardenedWinVerifyCacheInsert: \Device\HarddiskVolume2\Windows\System32\WindowsCodecs.dll
52dc.6d38: supR3HardenedDllNotificationCallback: load   00007fff0f920000 LB 0x0022e000 C:\WINDOWS\SYSTEM32\WindowsCodecs.dll [fFlags=0x0]
52dc.6d38: supR3HardenedScreenImage/LdrLoadDll: cache hit (VINF_SUCCESS) on \Device\HarddiskVolume2\Windows\System32\WindowsCodecs.dll [avoiding WinVerifyTrust]
52dc.6d38: supR3HardenedMonitor_LdrLoadDll: returns rcNt=0x0 hMod=00007fff12620000 'C:\WINDOWS\system32\rsaenh.dll'
52dc.6d38: supR3HardenedMonitor_LdrLoadDll: returns rcNt=0x0 hMod=00007fff14730000 'C:\WINDOWS\System32\crypt32.dll'
52dc.6d38: supR3HardenedWinVerifyCacheProcessWvtTodos: 0 (was 0) fWinVerifyTrust=1 for '\Device\HarddiskVolume2\Windows\System32\WindowsCodecs.dll'
52dc.6d38: supR3HardenedMonitor_LdrLoadDll: returns rcNt=0x0 hMod=00007fff12620000 'C:\WINDOWS\system32\rsaenh.dll'
52dc.6d38: supR3HardenedMonitor_LdrLoadDll: returns rcNt=0x0 hMod=00007fff14730000 'C:\WINDOWS\System32\crypt32.dll'
52dc.6d38: supR3HardenedWinVerifyCacheScheduleImports: Import todo: #0 'msvcrt.dll'.
52dc.6d38: supR3HardenedWinVerifyCacheScheduleImports: Import todo: #39 'gdi32.dll'.
52dc.6d38: supR3HardenedWinVerifyCacheScheduleImports: Import todo: #40 'user32.dll'.
52dc.6d38: supHardenedWinVerifyImageByHandle: -> 0 (\Device\HarddiskVolume2\Windows\WinSxS\amd64_microsoft.windows.common-controls_6595b64144ccf1df_6.0.26100.8115_none_3e075c82e3354f9c\comctl32.dll) WinVerifyTrust
52dc.6d38: supR3HardenedWinVerifyCacheInsert: \Device\HarddiskVolume2\Windows\WinSxS\amd64_microsoft.windows.common-controls_6595b64144ccf1df_6.0.26100.8115_none_3e075c82e3354f9c\comctl32.dll
52dc.6d38: supR3HardenedWinVerifyCacheProcessImportTodos: Processing 'user32.dll'...
52dc.6d38: supR3HardenedWinVerifyCacheProcessImportTodos: 'user32.dll' -> '\Device\HarddiskVolume2\Windows\System32\user32.dll' [rcNtRedir=0xc0150008]
52dc.6d38: supR3HardenedWinVerifyCacheProcessImportTodos: Processing 'gdi32.dll'...
52dc.6d38: supR3HardenedWinVerifyCacheProcessImportTodos: 'gdi32.dll' -> '\Device\HarddiskVolume2\Windows\System32\gdi32.dll' [rcNtRedir=0xc0150008]
52dc.6d38: supR3HardenedWinVerifyCacheProcessImportTodos: Processing 'msvcrt.dll'...
52dc.6d38: supR3HardenedWinVerifyCacheProcessImportTodos: 'msvcrt.dll' -> '\Device\HarddiskVolume2\Windows\System32\msvcrt.dll' [rcNtRedir=0xc0150008]
52dc.6d38: supR3HardenedMonitor_LdrLoadDll: pName=C:\WINDOWS\WinSxS\amd64_microsoft.windows.common-controls_6595b64144ccf1df_6.0.26100.8115_none_3e075c82e3354f9c\comctl32.dll (Input=comctl32.dll, rcNtResolve=0x0) *pfFlags=0x0 pwszSearchPath=0000000000004001:<flags> [calling]
52dc.6d38: supR3HardenedScreenImage/NtCreateSection: cache hit (VINF_SUCCESS) on \Device\HarddiskVolume2\Windows\WinSxS\amd64_microsoft.windows.common-controls_6595b64144ccf1df_6.0.26100.8115_none_3e075c82e3354f9c\comctl32.dll
52dc.6d38: supR3HardenedDllNotificationCallback: load   00007ffef8e40000 LB 0x00293000 C:\WINDOWS\WinSxS\amd64_microsoft.windows.common-controls_6595b64144ccf1df_6.0.26100.8115_none_3e075c82e3354f9c\comctl32.dll [fFlags=0x0]
52dc.6d38: supR3HardenedScreenImage/LdrLoadDll: cache hit (VINF_SUCCESS) on \Device\HarddiskVolume2\Windows\WinSxS\amd64_microsoft.windows.common-controls_6595b64144ccf1df_6.0.26100.8115_none_3e075c82e3354f9c\comctl32.dll
52dc.6d38: supR3HardenedMonitor_LdrLoadDll: returns rcNt=0x0 hMod=00007ffef8e40000 'C:\WINDOWS\WinSxS\amd64_microsoft.windows.common-controls_6595b64144ccf1df_6.0.26100.8115_none_3e075c82e3354f9c\comctl32.dll'
52dc.6d38: supR3HardenedScreenImage/LdrLoadDll: cache hit (VINF_SUCCESS) on \Device\HarddiskVolume2\Windows\WinSxS\amd64_microsoft.windows.common-controls_6595b64144ccf1df_6.0.26100.8115_none_3e075c82e3354f9c\comctl32.dll
52dc.6d38: supR3HardenedMonitor_LdrLoadDll: pName=C:\WINDOWS\WinSxS\amd64_microsoft.windows.common-controls_6595b64144ccf1df_6.0.26100.8115_none_3e075c82e3354f9c\comctl32.dll (Input=comctl32.dll, rcNtResolve=0x0) *pfFlags=0x0 pwszSearchPath=0000000000004001:<flags> [calling]
52dc.6d38: supR3HardenedMonitor_LdrLoadDll: returns rcNt=0x0 hMod=00007ffef8e40000 'C:\WINDOWS\WinSxS\amd64_microsoft.windows.common-controls_6595b64144ccf1df_6.0.26100.8115_none_3e075c82e3354f9c\comctl32.dll'
52dc.6d38: supR3HardenedScreenImage/NtCreateSection: cache hit (VINF_SUCCESS) on \Device\HarddiskVolume2\Windows\System32\imageres.dll
52dc.6d38: supR3HardenedMonitor_NtCreateSection: NtMapViewOfSection failed on 0000000000000580 (hFile=00000000000004d0) with 0xc0000022 -> STATUS_TRUST_FAILURE
52dc.6d38: supR3HardenedScreenImage/NtCreateSection: cache hit (VINF_SUCCESS) on \Device\HarddiskVolume2\Windows\System32\imageres.dll
52dc.6d38: supR3HardenedMonitor_NtCreateSection: NtMapViewOfSection failed on 00000000000004d0 (hFile=0000000000000580) with 0xc0000022 -> STATUS_TRUST_FAILURE
52dc.6d38: supR3HardenedScreenImage/NtCreateSection: cache hit (VINF_SUCCESS) on \Device\HarddiskVolume2\Windows\System32\imageres.dll
52dc.6d38: supR3HardenedMonitor_NtCreateSection: NtMapViewOfSection failed on 0000000000000580 (hFile=00000000000004d0) with 0xc0000022 -> STATUS_TRUST_FAILURE
52dc.6d38: supR3HardenedScreenImage/NtCreateSection: cache hit (VINF_SUCCESS) on \Device\HarddiskVolume2\Windows\System32\imageres.dll
52dc.6d38: supR3HardenedMonitor_NtCreateSection: NtMapViewOfSection failed on 00000000000004d0 (hFile=0000000000000580) with 0xc0000022 -> STATUS_TRUST_FAILURE
52dc.6d38: supR3HardenedScreenImage/NtCreateSection: cache hit (VINF_SUCCESS) on \Device\HarddiskVolume2\Windows\System32\imageres.dll
52dc.6d38: supR3HardenedMonitor_NtCreateSection: NtMapViewOfSection failed on 0000000000000580 (hFile=00000000000004d0) with 0xc0000022 -> STATUS_TRUST_FAILURE
52dc.6d38: supR3HardenedScreenImage/NtCreateSection: cache hit (VINF_SUCCESS) on \Device\HarddiskVolume2\Windows\System32\imageres.dll
52dc.6d38: supR3HardenedMonitor_NtCreateSection: NtMapViewOfSection failed on 0000000000000580 (hFile=0000000000000768) with 0xc0000022 -> STATUS_TRUST_FAILURE
52dc.6d38: supR3HardenedScreenImage/NtCreateSection: cache hit (VINF_SUCCESS) on \Device\HarddiskVolume2\Windows\System32\imageres.dll
52dc.6d38: supR3HardenedMonitor_NtCreateSection: NtMapViewOfSection failed on 0000000000000768 (hFile=0000000000000580) with 0xc0000022 -> STATUS_TRUST_FAILURE
52dc.6d38: supR3HardenedMonitor_NtCreateSection: NtMapViewOfSection failed on 0000000000000878 (hFile=0000000000000864) with 0xc0000022 -> STATUS_TRUST_FAILURE
52dc.6d38: supR3HardenedMonitor_NtCreateSection: NtMapViewOfSection failed on 0000000000000864 (hFile=0000000000000878) with 0xc0000022 -> STATUS_TRUST_FAILURE
52dc.6d38: supR3HardenedMonitor_NtCreateSection: NtMapViewOfSection failed on 0000000000000878 (hFile=0000000000000864) with 0xc0000022 -> STATUS_TRUST_FAILURE
52dc.6d38: supR3HardenedMonitor_NtCreateSection: NtMapViewOfSection failed on 0000000000000864 (hFile=0000000000000878) with 0xc0000022 -> STATUS_TRUST_FAILURE
52dc.6d38: supR3HardenedMonitor_NtCreateSection: NtMapViewOfSection failed on 0000000000000878 (hFile=0000000000000864) with 0xc0000022 -> STATUS_TRUST_FAILURE
52dc.6d38: supR3HardenedDllNotificationCallback: load   00007fff164f0000 LB 0x000ae000 C:\WINDOWS\System32\clbcatq.dll [fFlags=0x0]
52dc.6d38: supR3HardenedWinVerifyCacheScheduleImports: Import todo: #0 'msvcrt.dll'.
52dc.6d38: supR3HardenedWinVerifyCacheScheduleImports: Import todo: #31 'rpcrt4.dll'.
52dc.6d38: supHardenedWinVerifyImageByHandle: -> 0 (\Device\HarddiskVolume2\Windows\System32\clbcatq.dll)
52dc.6d38: supR3HardenedWinVerifyCacheInsert: \Device\HarddiskVolume2\Windows\System32\clbcatq.dll
52dc.6d38: supR3HardenedScreenImage/NtCreateSection: cache hit (VINF_SUCCESS) on \Device\HarddiskVolume2\Windows\System32\rpcss.dll
52dc.6d38: supR3HardenedMonitor_NtCreateSection: NtMapViewOfSection failed on 0000000000000574 (hFile=00000000000004d0) with 0xc0000022 -> STATUS_TRUST_FAILURE
52dc.d68: supR3HardenedWinVerifyCacheProcessImportTodos: Processing 'rpcrt4.dll'...
52dc.d68: supR3HardenedWinVerifyCacheProcessImportTodos: 'rpcrt4.dll' -> '\Device\HarddiskVolume2\Windows\System32\rpcrt4.dll' [rcNtRedir=0xc0150008]
52dc.d68: supR3HardenedWinVerifyCacheProcessImportTodos: Processing 'msvcrt.dll'...
52dc.d68: supR3HardenedWinVerifyCacheProcessImportTodos: 'msvcrt.dll' -> '\Device\HarddiskVolume2\Windows\System32\msvcrt.dll' [rcNtRedir=0xc0150008]
52dc.d68: supR3HardenedMonitor_LdrLoadDll: returns rcNt=0x0 hMod=00007fff12620000 'C:\WINDOWS\system32\rsaenh.dll'
52dc.d68: supR3HardenedMonitor_LdrLoadDll: returns rcNt=0x0 hMod=00007fff14730000 'C:\WINDOWS\System32\crypt32.dll'
52dc.d68: supR3HardenedWinVerifyCacheProcessWvtTodos: 0 (was 0) fWinVerifyTrust=1 for '\Device\HarddiskVolume2\Windows\System32\clbcatq.dll'
52dc.d68: supR3HardenedMonitor_LdrLoadDll: returns rcNt=0x0 hMod=00007fff12620000 'C:\WINDOWS\system32\rsaenh.dll'
52dc.d68: supR3HardenedMonitor_LdrLoadDll: returns rcNt=0x0 hMod=00007fff14730000 'C:\WINDOWS\System32\crypt32.dll'
52dc.d68: supR3HardenedWinVerifyCacheScheduleImports: Import todo: #9 'advapi32.dll'.
52dc.d68: supR3HardenedWinVerifyCacheScheduleImports: Import todo: #10 'ole32.dll'.
52dc.d68: supR3HardenedWinVerifyCacheScheduleImports: Import todo: #11 'oleaut32.dll'.
52dc.d68: supR3HardenedWinVerifyCacheScheduleImports: Import todo: #12 'vcruntime140.dll'.
52dc.d68: supR3HardenedWinVerifyCacheScheduleImports: Import todo: #13 'vcruntime140_1.dll'.
52dc.d68: supR3HardenedWinVerifyCacheScheduleImports: Import todo: #14 'msvcp140.dll'.
52dc.d68: supR3HardenedWinVerifyCacheScheduleImports: Import todo: #15 'vboxrt.dll'.
52dc.d68: supHardenedWinVerifyImageByHandle: -> 0 (\Device\HarddiskVolume2\Program Files\Oracle\VirtualBox\VBoxC.dll) WinVerifyTrust
52dc.d68: supR3HardenedWinVerifyCacheInsert: \Device\HarddiskVolume2\Program Files\Oracle\VirtualBox\VBoxC.dll
52dc.d68: supR3HardenedWinVerifyCacheProcessImportTodos: Processing 'vboxrt.dll'...
52dc.d68: supR3HardenedWinVerifyCacheProcessImportTodos: 'vboxrt.dll' -> '\Device\HarddiskVolume2\Program Files\Oracle\VirtualBox\vboxrt.dll' [rcNtRedir=0xc0150008]
52dc.d68: supR3HardenedWinVerifyCacheProcessImportTodos: Processing 'msvcp140.dll'...
52dc.d68: supR3HardenedWinVerifyCacheProcessImportTodos: 'msvcp140.dll' -> '\Device\HarddiskVolume2\Windows\System32\msvcp140.dll' [rcNtRedir=0xc0150008]
52dc.d68: supR3HardenedWinVerifyCacheProcessImportTodos: Processing 'vcruntime140_1.dll'...
52dc.d68: supR3HardenedWinVerifyCacheProcessImportTodos: 'vcruntime140_1.dll' -> '\Device\HarddiskVolume2\Windows\System32\vcruntime140_1.dll' [rcNtRedir=0xc0150008]
52dc.d68: supR3HardenedWinVerifyCacheProcessImportTodos: Processing 'vcruntime140.dll'...
52dc.d68: supR3HardenedWinVerifyCacheProcessImportTodos: 'vcruntime140.dll' -> '\Device\HarddiskVolume2\Windows\System32\vcruntime140.dll' [rcNtRedir=0xc0150008]
52dc.d68: supR3HardenedWinVerifyCacheProcessImportTodos: Processing 'oleaut32.dll'...
52dc.d68: supR3HardenedWinVerifyCacheProcessImportTodos: 'oleaut32.dll' -> '\Device\HarddiskVolume2\Windows\System32\oleaut32.dll' [rcNtRedir=0xc0150008]
52dc.d68: supR3HardenedScreenImage/Imports: cache hit (VINF_SUCCESS) on \Device\HarddiskVolume2\Windows\System32\oleaut32.dll
52dc.d68: supR3HardenedWinVerifyCacheProcessImportTodos: Processing 'ole32.dll'...
52dc.d68: supR3HardenedWinVerifyCacheProcessImportTodos: 'ole32.dll' -> '\Device\HarddiskVolume2\Windows\System32\ole32.dll' [rcNtRedir=0xc0150008]
52dc.d68: supR3HardenedScreenImage/Imports: cache hit (VINF_SUCCESS) on \Device\HarddiskVolume2\Windows\System32\ole32.dll
52dc.d68: supR3HardenedWinVerifyCacheProcessImportTodos: Processing 'advapi32.dll'...
52dc.d68: supR3HardenedWinVerifyCacheProcessImportTodos: 'advapi32.dll' -> '\Device\HarddiskVolume2\Windows\System32\advapi32.dll' [rcNtRedir=0xc0150008]
52dc.d68: supR3HardenedScreenImage/Imports: cache hit (VINF_SUCCESS) on \Device\HarddiskVolume2\Windows\System32\advapi32.dll
52dc.d68: supR3HardenedMonitor_LdrLoadDll: pName=C:\Program Files\Oracle\VirtualBox\VBoxC.dll (rcNtResolve=0xc0150008) *pfFlags=0x0 pwszSearchPath=0000000000002009:<flags> [calling]
52dc.d68: supR3HardenedScreenImage/NtCreateSection: cache hit (VINF_SUCCESS) on \Device\HarddiskVolume2\Program Files\Oracle\VirtualBox\VBoxC.dll
52dc.d68: supR3HardenedDllNotificationCallback: load   00007ffe1b3f0000 LB 0x0041c000 C:\Program Files\Oracle\VirtualBox\VBoxC.dll [fFlags=0x0]
52dc.d68: supR3HardenedScreenImage/LdrLoadDll: cache hit (VINF_SUCCESS) on \Device\HarddiskVolume2\Program Files\Oracle\VirtualBox\VBoxC.dll
52dc.d68: supR3HardenedMonitor_LdrLoadDll: returns rcNt=0x0 hMod=00007ffe1b3f0000 'C:\Program Files\Oracle\VirtualBox\VBoxC.dll'
52dc.d68: supR3HardenedMonitor_LdrLoadDll: returns rcNt=0x0 hMod=00007fff12620000 'C:\WINDOWS\system32\rsaenh.dll'
52dc.d68: supR3HardenedMonitor_LdrLoadDll: returns rcNt=0x0 hMod=00007fff14730000 'C:\WINDOWS\System32\crypt32.dll'
52dc.d68: supR3HardenedWinVerifyCacheScheduleImports: Import todo: #4 'advapi32.dll'.
52dc.d68: supR3HardenedWinVerifyCacheScheduleImports: Import todo: #5 'shlwapi.dll'.
52dc.d68: supR3HardenedWinVerifyCacheScheduleImports: Import todo: #6 'ole32.dll'.
52dc.d68: supR3HardenedWinVerifyCacheScheduleImports: Import todo: #7 'oleaut32.dll'.
52dc.d68: supR3HardenedWinVerifyCacheScheduleImports: Import todo: #8 'rpcrt4.dll'.
52dc.d68: supR3HardenedWinVerifyCacheScheduleImports: Import todo: #9 'vcruntime140.dll'.
52dc.d68: supR3HardenedWinVerifyCacheScheduleImports: Import todo: #10 'vboxrt.dll'.
52dc.d68: supHardenedWinVerifyImageByHandle: -> 0 (\Device\HarddiskVolume2\Program Files\Oracle\VirtualBox\VBoxProxyStub.dll) WinVerifyTrust
52dc.d68: supR3HardenedWinVerifyCacheInsert: \Device\HarddiskVolume2\Program Files\Oracle\VirtualBox\VBoxProxyStub.dll
52dc.d68: supR3HardenedWinVerifyCacheProcessImportTodos: Processing 'vboxrt.dll'...
52dc.d68: supR3HardenedWinVerifyCacheProcessImportTodos: 'vboxrt.dll' -> '\Device\HarddiskVolume2\Program Files\Oracle\VirtualBox\vboxrt.dll' [rcNtRedir=0xc0150008]
52dc.d68: supR3HardenedWinVerifyCacheProcessImportTodos: Processing 'vcruntime140.dll'...
52dc.d68: supR3HardenedWinVerifyCacheProcessImportTodos: 'vcruntime140.dll' -> '\Device\HarddiskVolume2\Windows\System32\vcruntime140.dll' [rcNtRedir=0xc0150008]
52dc.d68: supR3HardenedWinVerifyCacheProcessImportTodos: Processing 'rpcrt4.dll'...
52dc.d68: supR3HardenedWinVerifyCacheProcessImportTodos: 'rpcrt4.dll' -> '\Device\HarddiskVolume2\Windows\System32\rpcrt4.dll' [rcNtRedir=0xc0150008]
52dc.d68: supR3HardenedWinVerifyCacheProcessImportTodos: Processing 'oleaut32.dll'...
52dc.d68: supR3HardenedWinVerifyCacheProcessImportTodos: 'oleaut32.dll' -> '\Device\HarddiskVolume2\Windows\System32\oleaut32.dll' [rcNtRedir=0xc0150008]
52dc.d68: supR3HardenedScreenImage/Imports: cache hit (VINF_SUCCESS) on \Device\HarddiskVolume2\Windows\System32\oleaut32.dll
52dc.d68: supR3HardenedWinVerifyCacheProcessImportTodos: Processing 'ole32.dll'...
52dc.d68: supR3HardenedWinVerifyCacheProcessImportTodos: 'ole32.dll' -> '\Device\HarddiskVolume2\Windows\System32\ole32.dll' [rcNtRedir=0xc0150008]
52dc.d68: supR3HardenedScreenImage/Imports: cache hit (VINF_SUCCESS) on \Device\HarddiskVolume2\Windows\System32\ole32.dll
52dc.d68: supR3HardenedWinVerifyCacheProcessImportTodos: Processing 'shlwapi.dll'...
52dc.d68: supR3HardenedWinVerifyCacheProcessImportTodos: 'shlwapi.dll' -> '\Device\HarddiskVolume2\Windows\System32\shlwapi.dll' [rcNtRedir=0xc0150008]
52dc.d68: supR3HardenedScreenImage/Imports: cache hit (VINF_SUCCESS) on \Device\HarddiskVolume2\Windows\System32\shlwapi.dll
52dc.d68: supR3HardenedWinVerifyCacheProcessImportTodos: Processing 'advapi32.dll'...
52dc.d68: supR3HardenedWinVerifyCacheProcessImportTodos: 'advapi32.dll' -> '\Device\HarddiskVolume2\Windows\System32\advapi32.dll' [rcNtRedir=0xc0150008]
52dc.d68: supR3HardenedScreenImage/Imports: cache hit (VINF_SUCCESS) on \Device\HarddiskVolume2\Windows\System32\advapi32.dll
52dc.d68: supR3HardenedMonitor_LdrLoadDll: pName=C:\Program Files\Oracle\VirtualBox\VBoxProxyStub.dll (rcNtResolve=0xc0150008) *pfFlags=0x0 pwszSearchPath=0000000000002009:<flags> [calling]
52dc.d68: supR3HardenedScreenImage/NtCreateSection: cache hit (VINF_SUCCESS) on \Device\HarddiskVolume2\Program Files\Oracle\VirtualBox\VBoxProxyStub.dll
52dc.d68: supR3HardenedDllNotificationCallback: load   00007ffe6e380000 LB 0x000e7000 C:\Program Files\Oracle\VirtualBox\VBoxProxyStub.dll [fFlags=0x0]
52dc.d68: supR3HardenedScreenImage/LdrLoadDll: cache hit (VINF_SUCCESS) on \Device\HarddiskVolume2\Program Files\Oracle\VirtualBox\VBoxProxyStub.dll
52dc.d68: supR3HardenedMonitor_LdrLoadDll: returns rcNt=0x0 hMod=00007ffe6e380000 'C:\Program Files\Oracle\VirtualBox\VBoxProxyStub.dll'
52dc.d68: supR3HardenedScreenImage/LdrLoadDll: cache hit (VINF_SUCCESS) on \Device\HarddiskVolume2\Windows\System32\oleaut32.dll
52dc.d68: supR3HardenedMonitor_LdrLoadDll: pName=C:\WINDOWS\system32\oleaut32.dll (rcNtResolve=0xc0150008) *pfFlags=0x0 pwszSearchPath=0000000000002009:<flags> [calling]
52dc.d68: supR3HardenedMonitor_LdrLoadDll: returns rcNt=0x0 hMod=00007fff15cc0000 'C:\WINDOWS\system32\oleaut32.dll'
52dc.6d38: '\Device\HarddiskVolume2\Windows\System32\tzres.dll' has no imports
52dc.6d38: supHardenedWinVerifyImageByHandle: -> 22900 (\Device\HarddiskVolume2\Windows\System32\tzres.dll)
52dc.6d38: supR3HardenedWinVerifyCacheInsert: \Device\HarddiskVolume2\Windows\System32\tzres.dll
52dc.6d38: supR3HardenedMonitor_NtCreateSection: NtMapViewOfSection failed on 000000000000097c (hFile=0000000000000924) with 0xc0000022 -> STATUS_TRUST_FAILURE
52dc.6d38: supR3HardenedScreenImage/NtCreateSection: cache hit (22900) on \Device\HarddiskVolume2\Windows\System32\tzres.dll [avoiding WinVerifyTrust]
52dc.6d38: supR3HardenedMonitor_NtCreateSection: NtMapViewOfSection failed on 0000000000000924 (hFile=000000000000097c) with 0xc0000022 -> STATUS_TRUST_FAILURE
52dc.3e10: supR3HardNtViCallWinVerifyTrustCatFile: hFile=0000000000000918 pwszName=\Device\HarddiskVolume2\Windows\System32\tzres.dll
52dc.3e10: supR3HardNtViCallWinVerifyTrustCatFile: Cached context 00000209bd1aa9e0
52dc.3e10: supR3HardNtViCallWinVerifyTrustCatFile: hCatAdmin=00000209bd1aa9e0
52dc.3e10: supR3HardNtViCallWinVerifyTrustCatFile: cbHash=20 wszDigest=12222A17319FEB9AF4802DB807C5467D6C590194
52dc.3e10: supR3HardenedMonitor_LdrLoadDll: returns rcNt=0x0 hMod=00007fff12620000 'C:\WINDOWS\system32\rsaenh.dll'
52dc.3e10: supR3HardenedMonitor_LdrLoadDll: returns rcNt=0x0 hMod=00007fff14730000 'C:\WINDOWS\System32\crypt32.dll'
52dc.3e10: supR3HardNtViCallWinVerifyTrustCatFile: WinVerifyTrust => 0x0; cat='C:\WINDOWS\system32\CatRoot\{F750E6C3-38EE-11D1-85E5-00C04FC295EE}\Microsoft-OneCore-CoreSystem-Core-merged-Package~31bf3856ad364e35~amd64~~10.0.26100.8037.cat'; file='\Device\HarddiskVolume2\Windows\System32\tzres.dll'
52dc.3e10: supR3HardNtViCallWinVerifyTrustCatFile -> 0 (org 22900)
52dc.3e10: supR3HardenedWinVerifyCacheProcessWvtTodos: 0 (was 22900) fWinVerifyTrust=1 for '\Device\HarddiskVolume2\Windows\System32\tzres.dll'
52dc.3e10: supR3HardenedMonitor_LdrLoadDll: returns rcNt=0x0 hMod=00007fff12620000 'C:\WINDOWS\system32\rsaenh.dll'
52dc.3e10: supR3HardenedMonitor_LdrLoadDll: returns rcNt=0x0 hMod=00007fff14730000 'C:\WINDOWS\System32\crypt32.dll'
52dc.3e10: supR3HardenedMonitor_LdrLoadDll: returns rcNt=0x0 hMod=00007fff12620000 'C:\WINDOWS\system32\rsaenh.dll'
52dc.3e10: supR3HardenedMonitor_LdrLoadDll: returns rcNt=0x0 hMod=00007fff14730000 'C:\WINDOWS\System32\crypt32.dll'
52dc.3e10: \Device\HarddiskVolume2\Program Files\Oracle\VirtualBox\ExtensionPacks\Oracle_VirtualBox_Extension_Pack\win.amd64\VBoxPuelMainVM.dll: Owner is administrators group.
52dc.3e10: supR3HardenedMonitor_LdrLoadDll: returns rcNt=0x0 hMod=00007fff12620000 'C:\WINDOWS\system32\rsaenh.dll'
52dc.3e10: supR3HardenedMonitor_LdrLoadDll: returns rcNt=0x0 hMod=00007fff14730000 'C:\WINDOWS\System32\crypt32.dll'
52dc.3e10: supR3HardenedWinVerifyCacheScheduleImports: Import todo: #0 'vboxrt.dll'.
52dc.3e10: supR3HardenedWinVerifyCacheScheduleImports: Import todo: #3 'vcruntime140.dll'.
52dc.3e10: supHardenedWinVerifyImageByHandle: -> 0 (\Device\HarddiskVolume2\Program Files\Oracle\VirtualBox\ExtensionPacks\Oracle_VirtualBox_Extension_Pack\win.amd64\VBoxPuelMainVM.dll) WinVerifyTrust
52dc.3e10: supR3HardenedWinVerifyCacheInsert: \Device\HarddiskVolume2\Program Files\Oracle\VirtualBox\ExtensionPacks\Oracle_VirtualBox_Extension_Pack\win.amd64\VBoxPuelMainVM.dll
52dc.3e10: supR3HardenedWinVerifyCacheProcessImportTodos: Processing 'vcruntime140.dll'...
52dc.3e10: supR3HardenedWinVerifyCacheProcessImportTodos: 'vcruntime140.dll' -> '\Device\HarddiskVolume2\Windows\System32\vcruntime140.dll' [rcNtRedir=0xc0150008]
52dc.3e10: supR3HardenedWinVerifyCacheProcessImportTodos: Processing 'vboxrt.dll'...
52dc.3e10: supR3HardenedWinVerifyCacheProcessImportTodos: 'vboxrt.dll' -> '\Device\HarddiskVolume2\Program Files\Oracle\VirtualBox\vboxrt.dll' [rcNtRedir=0xc0150008]
52dc.3e10: supR3HardenedMonitor_LdrLoadDll: pName=C:\Program Files\Oracle\VirtualBox\ExtensionPacks\Oracle_VirtualBox_Extension_Pack\win.amd64\VBoxPuelMainVM.DLL (rcNtResolve=0xc0150008) *pfFlags=0x0 pwszSearchPath=0000000000000001:<flags> [calling]
52dc.3e10: supR3HardenedScreenImage/NtCreateSection: cache hit (VINF_SUCCESS) on \Device\HarddiskVolume2\Program Files\Oracle\VirtualBox\ExtensionPacks\Oracle_VirtualBox_Extension_Pack\win.amd64\VBoxPuelMainVM.dll
52dc.3e10: supR3HardenedDllNotificationCallback: load   00007ffefb5d0000 LB 0x00008000 C:\Program Files\Oracle\VirtualBox\ExtensionPacks\Oracle_VirtualBox_Extension_Pack\win.amd64\VBoxPuelMainVM.DLL [fFlags=0x0]
52dc.3e10: supR3HardenedScreenImage/LdrLoadDll: cache hit (VINF_SUCCESS) on \Device\HarddiskVolume2\Program Files\Oracle\VirtualBox\ExtensionPacks\Oracle_VirtualBox_Extension_Pack\win.amd64\VBoxPuelMainVM.dll
52dc.3e10: supR3HardenedMonitor_LdrLoadDll: returns rcNt=0x0 hMod=00007ffefb5d0000 'C:\Program Files\Oracle\VirtualBox\ExtensionPacks\Oracle_VirtualBox_Extension_Pack\win.amd64\VBoxPuelMainVM.DLL'
52dc.3e10: supR3HardenedMonitor_LdrLoadDll: returns rcNt=0x0 hMod=00007fff12620000 'C:\WINDOWS\system32\rsaenh.dll'
52dc.3e10: supR3HardenedMonitor_LdrLoadDll: returns rcNt=0x0 hMod=00007fff14730000 'C:\WINDOWS\System32\crypt32.dll'
52dc.3e10: supR3HardenedWinVerifyCacheScheduleImports: Import todo: #0 'vboxrt.dll'.
52dc.3e10: supR3HardenedWinVerifyCacheScheduleImports: Import todo: #5 'vcruntime140.dll'.
52dc.3e10: supR3HardenedWinVerifyCacheScheduleImports: Import todo: #6 'vcruntime140_1.dll'.
52dc.3e10: supHardenedWinVerifyImageByHandle: -> 0 (\Device\HarddiskVolume2\Program Files\Oracle\VirtualBox\VBoxVMM.dll) WinVerifyTrust
52dc.3e10: supR3HardenedWinVerifyCacheInsert: \Device\HarddiskVolume2\Program Files\Oracle\VirtualBox\VBoxVMM.dll
52dc.3e10: supR3HardenedWinVerifyCacheProcessImportTodos: Processing 'vcruntime140_1.dll'...
52dc.3e10: supR3HardenedWinVerifyCacheProcessImportTodos: 'vcruntime140_1.dll' -> '\Device\HarddiskVolume2\Windows\System32\vcruntime140_1.dll' [rcNtRedir=0xc0150008]
52dc.3e10: supR3HardenedWinVerifyCacheProcessImportTodos: Processing 'vcruntime140.dll'...
52dc.3e10: supR3HardenedWinVerifyCacheProcessImportTodos: 'vcruntime140.dll' -> '\Device\HarddiskVolume2\Windows\System32\vcruntime140.dll' [rcNtRedir=0xc0150008]
52dc.3e10: supR3HardenedWinVerifyCacheProcessImportTodos: Processing 'vboxrt.dll'...
52dc.3e10: supR3HardenedWinVerifyCacheProcessImportTodos: 'vboxrt.dll' -> '\Device\HarddiskVolume2\Program Files\Oracle\VirtualBox\vboxrt.dll' [rcNtRedir=0xc0150008]
52dc.3e10: supR3HardenedMonitor_LdrLoadDll: pName=C:\Program Files\Oracle\VirtualBox\VBoxVMM.DLL (rcNtResolve=0xc0150008) *pfFlags=0x0 pwszSearchPath=0000000000000001:<flags> [calling]
52dc.3e10: supR3HardenedScreenImage/NtCreateSection: cache hit (VINF_SUCCESS) on \Device\HarddiskVolume2\Program Files\Oracle\VirtualBox\VBoxVMM.dll
52dc.3e10: supR3HardenedDllNotificationCallback: load   00007ffe0ba80000 LB 0x005b4000 C:\Program Files\Oracle\VirtualBox\VBoxVMM.DLL [fFlags=0x0]
52dc.3e10: supR3HardenedScreenImage/LdrLoadDll: cache hit (VINF_SUCCESS) on \Device\HarddiskVolume2\Program Files\Oracle\VirtualBox\VBoxVMM.dll
52dc.3e10: supR3HardenedMonitor_LdrLoadDll: returns rcNt=0x0 hMod=00007ffe0ba80000 'C:\Program Files\Oracle\VirtualBox\VBoxVMM.DLL'
52dc.6d38: supR3HardenedScreenImage/LdrLoadDll: cache hit (VINF_SUCCESS) on \Device\HarddiskVolume2\Windows\System32\oleaut32.dll
52dc.6d38: supR3HardenedMonitor_LdrLoadDll: pName=C:\Windows\System32\oleaut32.dll (rcNtResolve=0xc0150008) *pfFlags=0x0 pwszSearchPath=0000000000002009:<flags> [calling]
52dc.6d38: supR3HardenedMonitor_LdrLoadDll: returns rcNt=0x0 hMod=00007fff15cc0000 'C:\Windows\System32\oleaut32.dll'
52dc.6d38: \Device\HarddiskVolume2\Windows\System32\DriverStore\FileRepository\nv_dispi.inf_amd64_021cb587ccc8964f\nvldumdx.dll: Signature #2/3: VERR_CR_X509_CPV_NOT_VALID_AT_TIME for 0x69a1c6c8; retrying against current time: 0x69f4bb67.
52dc.6d38: \Device\HarddiskVolume2\Windows\System32\DriverStore\FileRepository\nv_dispi.inf_amd64_021cb587ccc8964f\nvldumdx.dll: Signature #2/3: VERR_CR_X509_CPV_NOT_VALID_AT_TIME (-23033) w/ timestamp=0x69f4bb67/now.
52dc.6d38: supR3HardenedMonitor_LdrLoadDll: returns rcNt=0x0 hMod=00007fff12620000 'C:\WINDOWS\system32\rsaenh.dll'
52dc.6d38: supR3HardenedMonitor_LdrLoadDll: returns rcNt=0x0 hMod=00007fff14730000 'C:\WINDOWS\System32\crypt32.dll'
52dc.6d38: supR3HardenedWinVerifyCacheScheduleImports: Import todo: #32 'version.dll'.
52dc.6d38: supR3HardenedWinVerifyCacheScheduleImports: Import todo: #33 'user32.dll'.
52dc.6d38: supHardenedWinVerifyImageByHandle: -> 0 (\Device\HarddiskVolume2\Windows\System32\DriverStore\FileRepository\nv_dispi.inf_amd64_021cb587ccc8964f\nvldumdx.dll) WinVerifyTrust
52dc.6d38: supR3HardenedWinVerifyCacheInsert: \Device\HarddiskVolume2\Windows\System32\DriverStore\FileRepository\nv_dispi.inf_amd64_021cb587ccc8964f\nvldumdx.dll
52dc.6d38: supR3HardenedWinVerifyCacheProcessImportTodos: Processing 'user32.dll'...
52dc.6d38: supR3HardenedWinVerifyCacheProcessImportTodos: 'user32.dll' -> '\Device\HarddiskVolume2\Windows\System32\user32.dll' [rcNtRedir=0xc0150008]
52dc.6d38: supR3HardenedWinVerifyCacheProcessImportTodos: Processing 'version.dll'...
52dc.6d38: supR3HardenedWinVerifyCacheProcessImportTodos: 'version.dll' -> '\Device\HarddiskVolume2\Windows\System32\version.dll' [rcNtRedir=0xc0150008]
52dc.6d38: supR3HardenedScreenImage/Imports: cache hit (VINF_SUCCESS) on \Device\HarddiskVolume2\Windows\System32\version.dll
52dc.6d38: supR3HardenedMonitor_LdrLoadDll: pName=C:\WINDOWS\System32\DriverStore\FileRepository\nv_dispi.inf_amd64_021cb587ccc8964f\nvldumdx.dll (rcNtResolve=0xc0150008) *pfFlags=0x0 pwszSearchPath=0000000000000009:<flags> [calling]
52dc.6d38: supR3HardenedScreenImage/NtCreateSection: cache hit (VINF_SUCCESS) on \Device\HarddiskVolume2\Windows\System32\DriverStore\FileRepository\nv_dispi.inf_amd64_021cb587ccc8964f\nvldumdx.dll
52dc.6d38: supR3HardenedDllNotificationCallback: load   00007fff0ce70000 LB 0x000c4000 C:\WINDOWS\System32\DriverStore\FileRepository\nv_dispi.inf_amd64_021cb587ccc8964f\nvldumdx.dll [fFlags=0x0]
52dc.6d38: supR3HardenedScreenImage/LdrLoadDll: cache hit (VINF_SUCCESS) on \Device\HarddiskVolume2\Windows\System32\DriverStore\FileRepository\nv_dispi.inf_amd64_021cb587ccc8964f\nvldumdx.dll
52dc.6d38: supR3HardenedIsApiSetDll: ApiSetQueryApiSetPresence(api-ms-win-core-synch-l1-2-0) -> 0x0, fPresent=1
52dc.6d38: supR3HardenedMonitor_LdrLoadDll: pName=api-ms-win-core-synch-l1-2-0 (rcNtResolve=0x0) *pfFlags=0x0 pwszSearchPath=0000000000000801:<flags> [calling]
52dc.6d38: supR3HardenedMonitor_LdrLoadDll: returns rcNt=0x0 hMod=00007fff13950000 'api-ms-win-core-synch-l1-2-0'
52dc.6d38: supR3HardenedIsApiSetDll: ApiSetQueryApiSetPresence(api-ms-win-core-fibers-l1-1-1) -> 0x0, fPresent=1
52dc.6d38: supR3HardenedMonitor_LdrLoadDll: pName=api-ms-win-core-fibers-l1-1-1 (rcNtResolve=0x0) *pfFlags=0x0 pwszSearchPath=0000000000000801:<flags> [calling]
52dc.6d38: supR3HardenedMonitor_LdrLoadDll: returns rcNt=0x0 hMod=00007fff13950000 'api-ms-win-core-fibers-l1-1-1'
52dc.6d38: supR3HardenedIsApiSetDll: ApiSetQueryApiSetPresence(api-ms-win-core-synch-l1-2-0) -> 0x0, fPresent=1
52dc.6d38: supR3HardenedMonitor_LdrLoadDll: pName=api-ms-win-core-synch-l1-2-0 (rcNtResolve=0x0) *pfFlags=0x0 pwszSearchPath=0000000000000801:<flags> [calling]
52dc.6d38: supR3HardenedMonitor_LdrLoadDll: returns rcNt=0x0 hMod=00007fff13950000 'api-ms-win-core-synch-l1-2-0'
52dc.6d38: supR3HardenedScreenImage/LdrLoadDll: cache hit (VINF_SUCCESS) on \Device\HarddiskVolume2\Windows\System32\kernel32.dll
52dc.6d38: supR3HardenedMonitor_LdrLoadDll: pName=C:\WINDOWS\System32\kernel32.dll (Input=kernel32, rcNtResolve=0xc0150008) *pfFlags=0x0 pwszSearchPath=0000000000000801:<flags> [calling]
52dc.6d38: supR3HardenedMonitor_LdrLoadDll: returns rcNt=0x0 hMod=00007fff16290000 'C:\WINDOWS\System32\kernel32.dll'
52dc.6d38: supR3HardenedMonitor_LdrLoadDll: returns rcNt=0x0 hMod=00007fff0ce70000 'C:\WINDOWS\System32\DriverStore\FileRepository\nv_dispi.inf_amd64_021cb587ccc8964f\nvldumdx.dll'
52dc.6d38: supR3HardenedScreenImage/LdrLoadDll: cache hit (VINF_SUCCESS) on \Device\HarddiskVolume2\Windows\System32\msasn1.dll
52dc.6d38: supR3HardenedMonitor_LdrLoadDll: pName=C:\WINDOWS\System32\msasn1.dll (Input=msasn1.dll, rcNtResolve=0xc0150008) *pfFlags=0x0 pwszSearchPath=0000000000000801:<flags> [calling]
52dc.6d38: supR3HardenedMonitor_LdrLoadDll: returns rcNt=0x0 hMod=00007fff12fa0000 'C:\WINDOWS\System32\msasn1.dll'
52dc.6d38: supR3HardenedMonitor_LdrLoadDll: returns rcNt=0x0 hMod=00007fff0d0c0000 'C:\WINDOWS\System32\cryptnet.dll'
52dc.6d38: supR3HardenedScreenImage/LdrLoadDll: cache hit (VINF_SUCCESS) on \Device\HarddiskVolume2\Windows\System32\cryptbase.dll
52dc.6d38: supR3HardenedMonitor_LdrLoadDll: pName=C:\WINDOWS\System32\cryptbase.dll (Input=cryptbase.dll, rcNtResolve=0xc0150008) *pfFlags=0x0 pwszSearchPath=0000000000000801:<flags> [calling]
52dc.6d38: supR3HardenedMonitor_LdrLoadDll: returns rcNt=0x0 hMod=00007fff12f50000 'C:\WINDOWS\System32\cryptbase.dll'
52dc.6d38: supR3HardenedMonitor_LdrLoadDll: returns rcNt=0x0 hMod=00007fff12620000 'C:\WINDOWS\system32\rsaenh.dll'
52dc.6d38: supR3HardenedMonitor_LdrLoadDll: returns rcNt=0x0 hMod=00007fff14730000 'C:\WINDOWS\System32\crypt32.dll'
52dc.6d38: supR3HardenedWinVerifyCacheScheduleImports: Import todo: #0 'msvcp_win.dll'.
52dc.6d38: supHardenedWinVerifyImageByHandle: -> 0 (\Device\HarddiskVolume2\Windows\System32\wldp.dll) WinVerifyTrust
52dc.6d38: supR3HardenedWinVerifyCacheInsert: \Device\HarddiskVolume2\Windows\System32\wldp.dll
52dc.6d38: supR3HardenedWinVerifyCacheProcessImportTodos: Processing 'msvcp_win.dll'...
52dc.6d38: supR3HardenedWinVerifyCacheProcessImportTodos: 'msvcp_win.dll' -> '\Device\HarddiskVolume2\Windows\System32\msvcp_win.dll' [rcNtRedir=0xc0150008]
52dc.6d38: supR3HardenedMonitor_LdrLoadDll: pName=C:\WINDOWS\System32\wldp.dll (Input=wldp.dll, rcNtResolve=0xc0150008) *pfFlags=0x0 pwszSearchPath=0000000000000801:<flags> [calling]
52dc.6d38: supR3HardenedScreenImage/NtCreateSection: cache hit (VINF_SUCCESS) on \Device\HarddiskVolume2\Windows\System32\wldp.dll
52dc.6d38: supR3HardenedDllNotificationCallback: load   00007fff13010000 LB 0x00068000 C:\WINDOWS\System32\wldp.dll [fFlags=0x0]
52dc.6d38: supR3HardenedScreenImage/LdrLoadDll: cache hit (VINF_SUCCESS) on \Device\HarddiskVolume2\Windows\System32\wldp.dll
52dc.6d38: supR3HardenedMonitor_LdrLoadDll: returns rcNt=0x0 hMod=00007fff13010000 'C:\WINDOWS\System32\wldp.dll'
52dc.6d38: supR3HardenedMonitor_LdrLoadDll: returns rcNt=0x0 hMod=00007fff12620000 'C:\WINDOWS\system32\rsaenh.dll'
52dc.6d38: supR3HardenedMonitor_LdrLoadDll: returns rcNt=0x0 hMod=00007fff14730000 'C:\WINDOWS\System32\crypt32.dll'
52dc.6d38: supR3HardenedWinVerifyCacheScheduleImports: Import todo: #0 'msvcrt.dll'.
52dc.6d38: supHardenedWinVerifyImageByHandle: -> 0 (\Device\HarddiskVolume2\Windows\System32\drvstore.dll) WinVerifyTrust
52dc.6d38: supR3HardenedWinVerifyCacheInsert: \Device\HarddiskVolume2\Windows\System32\drvstore.dll
52dc.6d38: supR3HardenedWinVerifyCacheProcessImportTodos: Processing 'msvcrt.dll'...
52dc.6d38: supR3HardenedWinVerifyCacheProcessImportTodos: 'msvcrt.dll' -> '\Device\HarddiskVolume2\Windows\System32\msvcrt.dll' [rcNtRedir=0xc0150008]
52dc.6d38: supR3HardenedMonitor_LdrLoadDll: pName=C:\WINDOWS\System32\drvstore.dll (Input=drvstore.dll, rcNtResolve=0xc0150008) *pfFlags=0x0 pwszSearchPath=0000000000000801:<flags> [calling]
52dc.6d38: supR3HardenedScreenImage/NtCreateSection: cache hit (VINF_SUCCESS) on \Device\HarddiskVolume2\Windows\System32\drvstore.dll
52dc.6d38: supR3HardenedDllNotificationCallback: load   00007fff0ca20000 LB 0x00178000 C:\WINDOWS\System32\drvstore.dll [fFlags=0x0]
52dc.6d38: supR3HardenedScreenImage/LdrLoadDll: cache hit (VINF_SUCCESS) on \Device\HarddiskVolume2\Windows\System32\drvstore.dll
52dc.6d38: supR3HardenedMonitor_LdrLoadDll: returns rcNt=0x0 hMod=00007fff0ca20000 'C:\WINDOWS\System32\drvstore.dll'
52dc.6d38: supR3HardenedScreenImage/LdrLoadDll: cache hit (VINF_SUCCESS) on \Device\HarddiskVolume2\Windows\System32\devobj.dll
52dc.6d38: supR3HardenedMonitor_LdrLoadDll: pName=C:\WINDOWS\System32\devobj.dll (Input=devobj.dll, rcNtResolve=0xc0150008) *pfFlags=0x0 pwszSearchPath=0000000000000801:<flags> [calling]
52dc.6d38: supR3HardenedMonitor_LdrLoadDll: returns rcNt=0x0 hMod=00007fff135b0000 'C:\WINDOWS\System32\devobj.dll'
52dc.6d38: supR3HardenedMonitor_LdrLoadDll: returns rcNt=0x0 hMod=00007fff14730000 'C:\WINDOWS\System32\crypt32.dll'
52dc.6d38: supR3HardenedScreenImage/LdrLoadDll: cache hit (VINF_SUCCESS) on \Device\HarddiskVolume2\Windows\System32\wintrust.dll
52dc.6d38: supR3HardenedMonitor_LdrLoadDll: pName=C:\WINDOWS\System32\wintrust.dll (Input=wintrust.dll, rcNtResolve=0xc0150008) *pfFlags=0x0 pwszSearchPath=0000000000000801:<flags> [calling]
52dc.6d38: supR3HardenedMonitor_LdrLoadDll: returns rcNt=0x0 hMod=00007fff149e0000 'C:\WINDOWS\System32\wintrust.dll'
52dc.6d38: \Device\HarddiskVolume2\Windows\System32\DriverStore\FileRepository\nv_dispi.inf_amd64_021cb587ccc8964f\nvgpucomp64.dll: Signature #2/3: VERR_CR_X509_CPV_NOT_VALID_AT_TIME for 0x69a1c875; retrying against current time: 0x69f4bb67.
52dc.6d38: \Device\HarddiskVolume2\Windows\System32\DriverStore\FileRepository\nv_dispi.inf_amd64_021cb587ccc8964f\nvgpucomp64.dll: Signature #2/3: VERR_CR_X509_CPV_NOT_VALID_AT_TIME (-23033) w/ timestamp=0x69f4bb67/now.
52dc.6d38: supR3HardenedMonitor_LdrLoadDll: returns rcNt=0x0 hMod=00007fff12620000 'C:\WINDOWS\system32\rsaenh.dll'
52dc.6d38: supR3HardenedMonitor_LdrLoadDll: returns rcNt=0x0 hMod=00007fff14730000 'C:\WINDOWS\System32\crypt32.dll'
52dc.6d38: supR3HardenedWinVerifyCacheScheduleImports: Import todo: #1 'ole32.dll'.
52dc.6d38: supR3HardenedWinVerifyCacheScheduleImports: Import todo: #2 'shell32.dll'.
52dc.6d38: supR3HardenedWinVerifyCacheScheduleImports: Import todo: #3 'advapi32.dll'.
52dc.6d38: supHardenedWinVerifyImageByHandle: -> 0 (\Device\HarddiskVolume2\Windows\System32\DriverStore\FileRepository\nv_dispi.inf_amd64_021cb587ccc8964f\nvgpucomp64.dll) WinVerifyTrust
52dc.6d38: supR3HardenedWinVerifyCacheInsert: \Device\HarddiskVolume2\Windows\System32\DriverStore\FileRepository\nv_dispi.inf_amd64_021cb587ccc8964f\nvgpucomp64.dll
52dc.6d38: supR3HardenedWinVerifyCacheProcessImportTodos: Processing 'advapi32.dll'...
52dc.6d38: supR3HardenedWinVerifyCacheProcessImportTodos: 'advapi32.dll' -> '\Device\HarddiskVolume2\Windows\System32\advapi32.dll' [rcNtRedir=0xc0150008]
52dc.6d38: supR3HardenedWinVerifyCacheProcessImportTodos: Processing 'shell32.dll'...
52dc.6d38: supR3HardenedWinVerifyCacheProcessImportTodos: 'shell32.dll' -> '\Device\HarddiskVolume2\Windows\System32\shell32.dll' [rcNtRedir=0xc0150008]
52dc.6d38: supR3HardenedScreenImage/Imports: cache hit (VINF_SUCCESS) on \Device\HarddiskVolume2\Windows\System32\shell32.dll
52dc.6d38: supR3HardenedWinVerifyCacheProcessImportTodos: Processing 'ole32.dll'...
52dc.6d38: supR3HardenedWinVerifyCacheProcessImportTodos: 'ole32.dll' -> '\Device\HarddiskVolume2\Windows\System32\ole32.dll' [rcNtRedir=0xc0150008]
52dc.6d38: supR3HardenedMonitor_LdrLoadDll: pName=C:\WINDOWS\System32\DriverStore\FileRepository\nv_dispi.inf_amd64_021cb587ccc8964f\nvgpucomp64.dll (rcNtResolve=0xc0150008) *pfFlags=0x0 pwszSearchPath=0000000000000001:<flags> [calling]
52dc.6d38: supR3HardenedScreenImage/NtCreateSection: cache hit (VINF_SUCCESS) on \Device\HarddiskVolume2\Windows\System32\DriverStore\FileRepository\nv_dispi.inf_amd64_021cb587ccc8964f\nvgpucomp64.dll
52dc.6d38: supR3HardenedDllNotificationCallback: load   00007fff06a50000 LB 0x04f57000 C:\WINDOWS\System32\DriverStore\FileRepository\nv_dispi.inf_amd64_021cb587ccc8964f\nvgpucomp64.dll [fFlags=0x0]
52dc.6d38: supR3HardenedScreenImage/LdrLoadDll: cache hit (VINF_SUCCESS) on \Device\HarddiskVolume2\Windows\System32\DriverStore\FileRepository\nv_dispi.inf_amd64_021cb587ccc8964f\nvgpucomp64.dll
52dc.6d38: supR3HardenedIsApiSetDll: ApiSetQueryApiSetPresence(api-ms-win-core-synch-l1-2-0) -> 0x0, fPresent=1
52dc.6d38: supR3HardenedMonitor_LdrLoadDll: pName=api-ms-win-core-synch-l1-2-0 (rcNtResolve=0x0) *pfFlags=0x0 pwszSearchPath=0000000000000801:<flags> [calling]
52dc.6d38: supR3HardenedMonitor_LdrLoadDll: returns rcNt=0x0 hMod=00007fff13950000 'api-ms-win-core-synch-l1-2-0'
52dc.6d38: supR3HardenedIsApiSetDll: ApiSetQueryApiSetPresence(api-ms-win-core-fibers-l1-1-1) -> 0x0, fPresent=1
52dc.6d38: supR3HardenedMonitor_LdrLoadDll: pName=api-ms-win-core-fibers-l1-1-1 (rcNtResolve=0x0) *pfFlags=0x0 pwszSearchPath=0000000000000801:<flags> [calling]
52dc.6d38: supR3HardenedMonitor_LdrLoadDll: returns rcNt=0x0 hMod=00007fff13950000 'api-ms-win-core-fibers-l1-1-1'
52dc.6d38: supR3HardenedIsApiSetDll: ApiSetQueryApiSetPresence(api-ms-win-core-synch-l1-2-0) -> 0x0, fPresent=1
52dc.6d38: supR3HardenedMonitor_LdrLoadDll: pName=api-ms-win-core-synch-l1-2-0 (rcNtResolve=0x0) *pfFlags=0x0 pwszSearchPath=0000000000000801:<flags> [calling]
52dc.6d38: supR3HardenedMonitor_LdrLoadDll: returns rcNt=0x0 hMod=00007fff13950000 'api-ms-win-core-synch-l1-2-0'
52dc.6d38: supR3HardenedScreenImage/LdrLoadDll: cache hit (VINF_SUCCESS) on \Device\HarddiskVolume2\Windows\System32\kernel32.dll
52dc.6d38: supR3HardenedMonitor_LdrLoadDll: pName=C:\WINDOWS\System32\kernel32.dll (Input=kernel32, rcNtResolve=0xc0150008) *pfFlags=0x0 pwszSearchPath=0000000000000801:<flags> [calling]
52dc.6d38: supR3HardenedMonitor_LdrLoadDll: returns rcNt=0x0 hMod=00007fff16290000 'C:\WINDOWS\System32\kernel32.dll'
52dc.6d38: supR3HardenedIsApiSetDll: ApiSetQueryApiSetPresence(api-ms-win-core-string-l1-1-0) -> 0x0, fPresent=1
52dc.6d38: supR3HardenedMonitor_LdrLoadDll: pName=api-ms-win-core-string-l1-1-0 (rcNtResolve=0x0) *pfFlags=0x0 pwszSearchPath=0000000000000801:<flags> [calling]
52dc.6d38: supR3HardenedMonitor_LdrLoadDll: returns rcNt=0x0 hMod=00007fff13950000 'api-ms-win-core-string-l1-1-0'
52dc.6d38: supR3HardenedIsApiSetDll: ApiSetQueryApiSetPresence(api-ms-win-core-localization-l1-2-1) -> 0x0, fPresent=1
52dc.6d38: supR3HardenedMonitor_LdrLoadDll: pName=api-ms-win-core-localization-l1-2-1 (rcNtResolve=0x0) *pfFlags=0x0 pwszSearchPath=0000000000000801:<flags> [calling]
52dc.6d38: supR3HardenedMonitor_LdrLoadDll: returns rcNt=0x0 hMod=00007fff13950000 'api-ms-win-core-localization-l1-2-1'
52dc.6d38: supR3HardenedIsApiSetDll: ApiSetQueryApiSetPresence(api-ms-win-core-datetime-l1-1-1) -> 0x0, fPresent=1
52dc.6d38: supR3HardenedMonitor_LdrLoadDll: pName=api-ms-win-core-datetime-l1-1-1 (rcNtResolve=0x0) *pfFlags=0x0 pwszSearchPath=0000000000000801:<flags> [calling]
52dc.6d38: supR3HardenedMonitor_LdrLoadDll: returns rcNt=0x0 hMod=00007fff13950000 'api-ms-win-core-datetime-l1-1-1'
52dc.6d38: supR3HardenedIsApiSetDll: ApiSetQueryApiSetPresence(api-ms-win-core-localization-obsolete-l1-2-0) -> 0x0, fPresent=1
52dc.6d38: supR3HardenedMonitor_LdrLoadDll: pName=api-ms-win-core-localization-obsolete-l1-2-0 (rcNtResolve=0x0) *pfFlags=0x0 pwszSearchPath=0000000000000801:<flags> [calling]
52dc.6d38: supR3HardenedMonitor_LdrLoadDll: returns rcNt=0x0 hMod=00007fff13950000 'api-ms-win-core-localization-obsolete-l1-2-0'
52dc.6d38: supR3HardenedMonitor_LdrLoadDll: returns rcNt=0x0 hMod=00007fff06a50000 'C:\WINDOWS\System32\DriverStore\FileRepository\nv_dispi.inf_amd64_021cb587ccc8964f\nvgpucomp64.dll'
52dc.6d38: supR3HardenedIsApiSetDll: ApiSetQueryApiSetPresence(api-ms-win-core-string-l1-1-0) -> 0x0, fPresent=1
52dc.6d38: supR3HardenedMonitor_LdrLoadDll: pName=api-ms-win-core-string-l1-1-0 (rcNtResolve=0x0) *pfFlags=0x0 pwszSearchPath=0000000000000801:<flags> [calling]
52dc.6d38: supR3HardenedMonitor_LdrLoadDll: returns rcNt=0x0 hMod=00007fff13950000 'api-ms-win-core-string-l1-1-0'
52dc.6d38: supR3HardenedIsApiSetDll: ApiSetQueryApiSetPresence(api-ms-win-core-localization-l1-2-1) -> 0x0, fPresent=1
52dc.6d38: supR3HardenedMonitor_LdrLoadDll: pName=api-ms-win-core-localization-l1-2-1 (rcNtResolve=0x0) *pfFlags=0x0 pwszSearchPath=0000000000000801:<flags> [calling]
52dc.6d38: supR3HardenedMonitor_LdrLoadDll: returns rcNt=0x0 hMod=00007fff13950000 'api-ms-win-core-localization-l1-2-1'
52dc.6d38: supR3HardenedIsApiSetDll: ApiSetQueryApiSetPresence(api-ms-win-core-datetime-l1-1-1) -> 0x0, fPresent=1
52dc.6d38: supR3HardenedMonitor_LdrLoadDll: pName=api-ms-win-core-datetime-l1-1-1 (rcNtResolve=0x0) *pfFlags=0x0 pwszSearchPath=0000000000000801:<flags> [calling]
52dc.6d38: supR3HardenedMonitor_LdrLoadDll: returns rcNt=0x0 hMod=00007fff13950000 'api-ms-win-core-datetime-l1-1-1'
52dc.6d38: supR3HardenedIsApiSetDll: ApiSetQueryApiSetPresence(api-ms-win-core-localization-obsolete-l1-2-0) -> 0x0, fPresent=1
52dc.6d38: supR3HardenedMonitor_LdrLoadDll: pName=api-ms-win-core-localization-obsolete-l1-2-0 (rcNtResolve=0x0) *pfFlags=0x0 pwszSearchPath=0000000000000801:<flags> [calling]
52dc.6d38: supR3HardenedMonitor_LdrLoadDll: returns rcNt=0x0 hMod=00007fff13950000 'api-ms-win-core-localization-obsolete-l1-2-0'
52dc.6d38: \Device\HarddiskVolume2\Windows\System32\DriverStore\FileRepository\nv_dispi.inf_amd64_021cb587ccc8964f\NvMemMapStoragex.dll: Signature #2/3: VERR_CR_X509_CPV_NOT_VALID_AT_TIME for 0x69a1ca0d; retrying against current time: 0x69f4bb68.
52dc.6d38: \Device\HarddiskVolume2\Windows\System32\DriverStore\FileRepository\nv_dispi.inf_amd64_021cb587ccc8964f\NvMemMapStoragex.dll: Signature #2/3: VERR_CR_X509_CPV_NOT_VALID_AT_TIME (-23033) w/ timestamp=0x69f4bb68/now.
52dc.6d38: supR3HardenedMonitor_LdrLoadDll: returns rcNt=0x0 hMod=00007fff12620000 'C:\WINDOWS\system32\rsaenh.dll'
52dc.6d38: supR3HardenedMonitor_LdrLoadDll: returns rcNt=0x0 hMod=00007fff14730000 'C:\WINDOWS\System32\crypt32.dll'
52dc.6d38: supR3HardenedWinVerifyCacheScheduleImports: Import todo: #0 'advapi32.dll'.
52dc.6d38: supR3HardenedWinVerifyCacheScheduleImports: Import todo: #1 'user32.dll'.
52dc.6d38: supR3HardenedWinVerifyCacheScheduleImports: Import todo: #2 'winmm.dll'.
52dc.6d38: supR3HardenedWinVerifyCacheScheduleImports: Import todo: #3 'version.dll'.
52dc.6d38: supR3HardenedWinVerifyCacheScheduleImports: Import todo: #4 'powrprof.dll'.
52dc.6d38: supR3HardenedWinVerifyCacheScheduleImports: Import todo: #5 'ole32.dll'.
52dc.6d38: supR3HardenedWinVerifyCacheScheduleImports: Import todo: #6 'shell32.dll'.
52dc.6d38: supHardenedWinVerifyImageByHandle: -> 0 (\Device\HarddiskVolume2\Windows\System32\DriverStore\FileRepository\nv_dispi.inf_amd64_021cb587ccc8964f\NvMemMapStoragex.dll) WinVerifyTrust
52dc.6d38: supR3HardenedWinVerifyCacheInsert: \Device\HarddiskVolume2\Windows\System32\DriverStore\FileRepository\nv_dispi.inf_amd64_021cb587ccc8964f\NvMemMapStoragex.dll
52dc.6d38: supR3HardenedWinVerifyCacheProcessImportTodos: Processing 'shell32.dll'...
52dc.6d38: supR3HardenedWinVerifyCacheProcessImportTodos: 'shell32.dll' -> '\Device\HarddiskVolume2\Windows\System32\shell32.dll' [rcNtRedir=0xc0150008]
52dc.6d38: supR3HardenedScreenImage/Imports: cache hit (VINF_SUCCESS) on \Device\HarddiskVolume2\Windows\System32\shell32.dll
52dc.6d38: supR3HardenedWinVerifyCacheProcessImportTodos: Processing 'ole32.dll'...
52dc.6d38: supR3HardenedWinVerifyCacheProcessImportTodos: 'ole32.dll' -> '\Device\HarddiskVolume2\Windows\System32\ole32.dll' [rcNtRedir=0xc0150008]
52dc.6d38: supR3HardenedWinVerifyCacheProcessImportTodos: Processing 'powrprof.dll'...
52dc.6d38: supR3HardenedWinVerifyCacheProcessImportTodos: 'powrprof.dll' -> '\Device\HarddiskVolume2\Windows\System32\powrprof.dll' [rcNtRedir=0xc0150008]
52dc.6d38: supR3HardenedScreenImage/Imports: cache hit (VINF_SUCCESS) on \Device\HarddiskVolume2\Windows\System32\powrprof.dll
52dc.6d38: supR3HardenedWinVerifyCacheProcessImportTodos: Processing 'version.dll'...
52dc.6d38: supR3HardenedWinVerifyCacheProcessImportTodos: 'version.dll' -> '\Device\HarddiskVolume2\Windows\System32\version.dll' [rcNtRedir=0xc0150008]
52dc.6d38: supR3HardenedScreenImage/Imports: cache hit (VINF_SUCCESS) on \Device\HarddiskVolume2\Windows\System32\version.dll
52dc.6d38: supR3HardenedWinVerifyCacheProcessImportTodos: Processing 'winmm.dll'...
52dc.6d38: supR3HardenedWinVerifyCacheProcessImportTodos: 'winmm.dll' -> '\Device\HarddiskVolume2\Windows\System32\winmm.dll' [rcNtRedir=0xc0150008]
52dc.6d38: supR3HardenedScreenImage/Imports: cache hit (VINF_SUCCESS) on \Device\HarddiskVolume2\Windows\System32\winmm.dll
52dc.6d38: supR3HardenedWinVerifyCacheProcessImportTodos: Processing 'user32.dll'...
52dc.6d38: supR3HardenedWinVerifyCacheProcessImportTodos: 'user32.dll' -> '\Device\HarddiskVolume2\Windows\System32\user32.dll' [rcNtRedir=0xc0150008]
52dc.6d38: supR3HardenedWinVerifyCacheProcessImportTodos: Processing 'advapi32.dll'...
52dc.6d38: supR3HardenedWinVerifyCacheProcessImportTodos: 'advapi32.dll' -> '\Device\HarddiskVolume2\Windows\System32\advapi32.dll' [rcNtRedir=0xc0150008]
52dc.6d38: supR3HardenedMonitor_LdrLoadDll: pName=C:\WINDOWS\System32\DriverStore\FileRepository\nv_dispi.inf_amd64_021cb587ccc8964f\NvMemMapStoragex.dll (rcNtResolve=0xc0150008) *pfFlags=0x0 pwszSearchPath=0000000000000001:<flags> [calling]
52dc.6d38: supR3HardenedScreenImage/NtCreateSection: cache hit (VINF_SUCCESS) on \Device\HarddiskVolume2\Windows\System32\DriverStore\FileRepository\nv_dispi.inf_amd64_021cb587ccc8964f\NvMemMapStoragex.dll
52dc.6d38: supR3HardenedDllNotificationCallback: load   00007fff04420000 LB 0x0013b000 C:\WINDOWS\System32\DriverStore\FileRepository\nv_dispi.inf_amd64_021cb587ccc8964f\NvMemMapStoragex.dll [fFlags=0x0]
52dc.6d38: supR3HardenedScreenImage/LdrLoadDll: cache hit (VINF_SUCCESS) on \Device\HarddiskVolume2\Windows\System32\DriverStore\FileRepository\nv_dispi.inf_amd64_021cb587ccc8964f\NvMemMapStoragex.dll
52dc.6d38: supR3HardenedIsApiSetDll: ApiSetQueryApiSetPresence(api-ms-win-core-synch-l1-2-0) -> 0x0, fPresent=1
52dc.6d38: supR3HardenedMonitor_LdrLoadDll: pName=api-ms-win-core-synch-l1-2-0 (rcNtResolve=0x0) *pfFlags=0x0 pwszSearchPath=0000000000000801:<flags> [calling]
52dc.6d38: supR3HardenedMonitor_LdrLoadDll: returns rcNt=0x0 hMod=00007fff13950000 'api-ms-win-core-synch-l1-2-0'
52dc.6d38: supR3HardenedIsApiSetDll: ApiSetQueryApiSetPresence(api-ms-win-core-fibers-l1-1-1) -> 0x0, fPresent=1
52dc.6d38: supR3HardenedMonitor_LdrLoadDll: pName=api-ms-win-core-fibers-l1-1-1 (rcNtResolve=0x0) *pfFlags=0x0 pwszSearchPath=0000000000000801:<flags> [calling]
52dc.6d38: supR3HardenedMonitor_LdrLoadDll: returns rcNt=0x0 hMod=00007fff13950000 'api-ms-win-core-fibers-l1-1-1'
52dc.6d38: supR3HardenedIsApiSetDll: ApiSetQueryApiSetPresence(api-ms-win-core-synch-l1-2-0) -> 0x0, fPresent=1
52dc.6d38: supR3HardenedMonitor_LdrLoadDll: pName=api-ms-win-core-synch-l1-2-0 (rcNtResolve=0x0) *pfFlags=0x0 pwszSearchPath=0000000000000801:<flags> [calling]
52dc.6d38: supR3HardenedMonitor_LdrLoadDll: returns rcNt=0x0 hMod=00007fff13950000 'api-ms-win-core-synch-l1-2-0'
52dc.6d38: supR3HardenedScreenImage/LdrLoadDll: cache hit (VINF_SUCCESS) on \Device\HarddiskVolume2\Windows\System32\kernel32.dll
52dc.6d38: supR3HardenedMonitor_LdrLoadDll: pName=C:\WINDOWS\System32\kernel32.dll (Input=kernel32, rcNtResolve=0xc0150008) *pfFlags=0x0 pwszSearchPath=0000000000000801:<flags> [calling]
52dc.6d38: supR3HardenedMonitor_LdrLoadDll: returns rcNt=0x0 hMod=00007fff16290000 'C:\WINDOWS\System32\kernel32.dll'
52dc.6d38: supR3HardenedIsApiSetDll: ApiSetQueryApiSetPresence(api-ms-win-core-string-l1-1-0) -> 0x0, fPresent=1
52dc.6d38: supR3HardenedMonitor_LdrLoadDll: pName=api-ms-win-core-string-l1-1-0 (rcNtResolve=0x0) *pfFlags=0x0 pwszSearchPath=0000000000000801:<flags> [calling]
52dc.6d38: supR3HardenedMonitor_LdrLoadDll: returns rcNt=0x0 hMod=00007fff13950000 'api-ms-win-core-string-l1-1-0'
52dc.6d38: supR3HardenedIsApiSetDll: ApiSetQueryApiSetPresence(api-ms-win-core-localization-l1-2-1) -> 0x0, fPresent=1
52dc.6d38: supR3HardenedMonitor_LdrLoadDll: pName=api-ms-win-core-localization-l1-2-1 (rcNtResolve=0x0) *pfFlags=0x0 pwszSearchPath=0000000000000801:<flags> [calling]
52dc.6d38: supR3HardenedMonitor_LdrLoadDll: returns rcNt=0x0 hMod=00007fff13950000 'api-ms-win-core-localization-l1-2-1'
52dc.6d38: supR3HardenedIsApiSetDll: ApiSetQueryApiSetPresence(api-ms-win-core-datetime-l1-1-1) -> 0x0, fPresent=1
52dc.6d38: supR3HardenedMonitor_LdrLoadDll: pName=api-ms-win-core-datetime-l1-1-1 (rcNtResolve=0x0) *pfFlags=0x0 pwszSearchPath=0000000000000801:<flags> [calling]
52dc.6d38: supR3HardenedMonitor_LdrLoadDll: returns rcNt=0x0 hMod=00007fff13950000 'api-ms-win-core-datetime-l1-1-1'
52dc.6d38: supR3HardenedIsApiSetDll: ApiSetQueryApiSetPresence(api-ms-win-core-localization-obsolete-l1-2-0) -> 0x0, fPresent=1
52dc.6d38: supR3HardenedMonitor_LdrLoadDll: pName=api-ms-win-core-localization-obsolete-l1-2-0 (rcNtResolve=0x0) *pfFlags=0x0 pwszSearchPath=0000000000000801:<flags> [calling]
52dc.6d38: supR3HardenedMonitor_LdrLoadDll: returns rcNt=0x0 hMod=00007fff13950000 'api-ms-win-core-localization-obsolete-l1-2-0'
52dc.6d38: supR3HardenedMonitor_LdrLoadDll: returns rcNt=0x0 hMod=00007fff04420000 'C:\WINDOWS\System32\DriverStore\FileRepository\nv_dispi.inf_amd64_021cb587ccc8964f\NvMemMapStoragex.dll'
52dc.6d38: \Device\HarddiskVolume2\Windows\System32\DriverStore\FileRepository\nv_dispi.inf_amd64_021cb587ccc8964f\nvd3dumx.dll: Signature #2/3: VERR_CR_X509_CPV_NOT_VALID_AT_TIME for 0x69a1c730; retrying against current time: 0x69f4bb68.
52dc.6d38: \Device\HarddiskVolume2\Windows\System32\DriverStore\FileRepository\nv_dispi.inf_amd64_021cb587ccc8964f\nvd3dumx.dll: Signature #2/3: VERR_CR_X509_CPV_NOT_VALID_AT_TIME (-23033) w/ timestamp=0x69f4bb68/now.
52dc.6d38: supR3HardenedMonitor_LdrLoadDll: returns rcNt=0x0 hMod=00007fff12620000 'C:\WINDOWS\system32\rsaenh.dll'
52dc.6d38: supR3HardenedMonitor_LdrLoadDll: returns rcNt=0x0 hMod=00007fff14730000 'C:\WINDOWS\System32\crypt32.dll'
52dc.6d38: supR3HardenedWinVerifyCacheScheduleImports: Import todo: #0 'version.dll'.
52dc.6d38: supR3HardenedWinVerifyCacheScheduleImports: Import todo: #1 'user32.dll'.
52dc.6d38: supR3HardenedWinVerifyCacheScheduleImports: Import todo: #3 'advapi32.dll'.
52dc.6d38: supR3HardenedWinVerifyCacheScheduleImports: Import todo: #4 'gdi32.dll'.
52dc.6d38: supR3HardenedWinVerifyCacheScheduleImports: Import todo: #5 'winmm.dll'.
52dc.6d38: supHardenedWinVerifyImageByHandle: -> 0 (\Device\HarddiskVolume2\Windows\System32\DriverStore\FileRepository\nv_dispi.inf_amd64_021cb587ccc8964f\nvd3dumx.dll) WinVerifyTrust
52dc.6d38: supR3HardenedWinVerifyCacheInsert: \Device\HarddiskVolume2\Windows\System32\DriverStore\FileRepository\nv_dispi.inf_amd64_021cb587ccc8964f\nvd3dumx.dll
52dc.6d38: supR3HardenedWinVerifyCacheProcessImportTodos: Processing 'winmm.dll'...
52dc.6d38: supR3HardenedWinVerifyCacheProcessImportTodos: 'winmm.dll' -> '\Device\HarddiskVolume2\Windows\System32\winmm.dll' [rcNtRedir=0xc0150008]
52dc.6d38: supR3HardenedScreenImage/Imports: cache hit (VINF_SUCCESS) on \Device\HarddiskVolume2\Windows\System32\winmm.dll
52dc.6d38: supR3HardenedWinVerifyCacheProcessImportTodos: Processing 'gdi32.dll'...
52dc.6d38: supR3HardenedWinVerifyCacheProcessImportTodos: 'gdi32.dll' -> '\Device\HarddiskVolume2\Windows\System32\gdi32.dll' [rcNtRedir=0xc0150008]
52dc.6d38: supR3HardenedWinVerifyCacheProcessImportTodos: Processing 'advapi32.dll'...
52dc.6d38: supR3HardenedWinVerifyCacheProcessImportTodos: 'advapi32.dll' -> '\Device\HarddiskVolume2\Windows\System32\advapi32.dll' [rcNtRedir=0xc0150008]
52dc.6d38: supR3HardenedWinVerifyCacheProcessImportTodos: Processing 'user32.dll'...
52dc.6d38: supR3HardenedWinVerifyCacheProcessImportTodos: 'user32.dll' -> '\Device\HarddiskVolume2\Windows\System32\user32.dll' [rcNtRedir=0xc0150008]
52dc.6d38: supR3HardenedWinVerifyCacheProcessImportTodos: Processing 'version.dll'...
52dc.6d38: supR3HardenedWinVerifyCacheProcessImportTodos: 'version.dll' -> '\Device\HarddiskVolume2\Windows\System32\version.dll' [rcNtRedir=0xc0150008]
52dc.6d38: supR3HardenedScreenImage/Imports: cache hit (VINF_SUCCESS) on \Device\HarddiskVolume2\Windows\System32\version.dll
52dc.6d38: supR3HardenedMonitor_LdrLoadDll: pName=C:\WINDOWS\System32\DriverStore\FileRepository\nv_dispi.inf_amd64_021cb587ccc8964f\nvd3dumx.dll (rcNtResolve=0xc0150008) *pfFlags=0x0 pwszSearchPath=0000000000000001:<flags> [calling]
52dc.6d38: supR3HardenedScreenImage/NtCreateSection: cache hit (VINF_SUCCESS) on \Device\HarddiskVolume2\Windows\System32\DriverStore\FileRepository\nv_dispi.inf_amd64_021cb587ccc8964f\nvd3dumx.dll
52dc.6d38: supR3HardenedDllNotificationCallback: load   00007ffe09340000 LB 0x02736000 C:\WINDOWS\System32\DriverStore\FileRepository\nv_dispi.inf_amd64_021cb587ccc8964f\nvd3dumx.dll [fFlags=0x0]
52dc.6d38: supR3HardenedScreenImage/LdrLoadDll: cache hit (VINF_SUCCESS) on \Device\HarddiskVolume2\Windows\System32\DriverStore\FileRepository\nv_dispi.inf_amd64_021cb587ccc8964f\nvd3dumx.dll
52dc.6d38: supR3HardenedIsApiSetDll: ApiSetQueryApiSetPresence(api-ms-win-core-synch-l1-2-0) -> 0x0, fPresent=1
52dc.6d38: supR3HardenedMonitor_LdrLoadDll: pName=api-ms-win-core-synch-l1-2-0 (rcNtResolve=0x0) *pfFlags=0x0 pwszSearchPath=0000000000000801:<flags> [calling]
52dc.6d38: supR3HardenedMonitor_LdrLoadDll: returns rcNt=0x0 hMod=00007fff13950000 'api-ms-win-core-synch-l1-2-0'
52dc.6d38: supR3HardenedIsApiSetDll: ApiSetQueryApiSetPresence(api-ms-win-core-fibers-l1-1-1) -> 0x0, fPresent=1
52dc.6d38: supR3HardenedMonitor_LdrLoadDll: pName=api-ms-win-core-fibers-l1-1-1 (rcNtResolve=0x0) *pfFlags=0x0 pwszSearchPath=0000000000000801:<flags> [calling]
52dc.6d38: supR3HardenedMonitor_LdrLoadDll: returns rcNt=0x0 hMod=00007fff13950000 'api-ms-win-core-fibers-l1-1-1'
52dc.6d38: supR3HardenedIsApiSetDll: ApiSetQueryApiSetPresence(api-ms-win-core-synch-l1-2-0) -> 0x0, fPresent=1
52dc.6d38: supR3HardenedMonitor_LdrLoadDll: pName=api-ms-win-core-synch-l1-2-0 (rcNtResolve=0x0) *pfFlags=0x0 pwszSearchPath=0000000000000801:<flags> [calling]
52dc.6d38: supR3HardenedMonitor_LdrLoadDll: returns rcNt=0x0 hMod=00007fff13950000 'api-ms-win-core-synch-l1-2-0'
52dc.6d38: supR3HardenedScreenImage/LdrLoadDll: cache hit (VINF_SUCCESS) on \Device\HarddiskVolume2\Windows\System32\kernel32.dll
52dc.6d38: supR3HardenedMonitor_LdrLoadDll: pName=C:\WINDOWS\System32\kernel32.dll (Input=kernel32, rcNtResolve=0xc0150008) *pfFlags=0x0 pwszSearchPath=0000000000000801:<flags> [calling]
52dc.6d38: supR3HardenedMonitor_LdrLoadDll: returns rcNt=0x0 hMod=00007fff16290000 'C:\WINDOWS\System32\kernel32.dll'
52dc.6d38: supR3HardenedMonitor_LdrLoadDll: returns rcNt=0x0 hMod=00007ffe09340000 'C:\WINDOWS\System32\DriverStore\FileRepository\nv_dispi.inf_amd64_021cb587ccc8964f\nvd3dumx.dll'
52dc.6d38: supR3HardenedWinVerifyCacheScheduleImports: Import todo: #12 'msvcp_win.dll'.
52dc.6d38: supHardenedWinVerifyImageByHandle: -> 0 (\Device\HarddiskVolume2\Windows\System32\directxdatabasehelper.dll)
52dc.6d38: supR3HardenedWinVerifyCacheInsert: \Device\HarddiskVolume2\Windows\System32\directxdatabasehelper.dll
52dc.6d38: supR3HardenedDllNotificationCallback: load   00007fff0e0b0000 LB 0x00061000 C:\WINDOWS\SYSTEM32\directxdatabasehelper.dll [fFlags=0x0]
52dc.6d38: supR3HardenedScreenImage/LdrLoadDll: cache hit (VINF_SUCCESS) on \Device\HarddiskVolume2\Windows\System32\directxdatabasehelper.dll [avoiding WinVerifyTrust]
52dc.6d38: supR3HardenedWinVerifyCacheProcessImportTodos: Processing 'msvcp_win.dll'...
52dc.6d38: supR3HardenedWinVerifyCacheProcessImportTodos: 'msvcp_win.dll' -> '\Device\HarddiskVolume2\Windows\System32\msvcp_win.dll' [rcNtRedir=0xc0150008]
52dc.6d38: supR3HardenedScreenImage/Imports: cache hit (VINF_SUCCESS) on \Device\HarddiskVolume2\Windows\System32\msvcp_win.dll
52dc.6d38: supR3HardenedMonitor_LdrLoadDll: returns rcNt=0x0 hMod=00007fff12620000 'C:\WINDOWS\system32\rsaenh.dll'
52dc.6d38: supR3HardenedMonitor_LdrLoadDll: returns rcNt=0x0 hMod=00007fff14730000 'C:\WINDOWS\System32\crypt32.dll'
52dc.6d38: supR3HardenedWinVerifyCacheProcessWvtTodos: 0 (was 0) fWinVerifyTrust=1 for '\Device\HarddiskVolume2\Windows\System32\directxdatabasehelper.dll'
52dc.6d38: supR3HardenedIsApiSetDll: ApiSetQueryApiSetPresence(ext-ms-win-core-resourcepolicy-l1-1-0.dll) -> 0x0, fPresent=1
52dc.6d38: supR3HardenedMonitor_LdrLoadDll: pName=ext-ms-win-core-resourcepolicy-l1-1-0.dll (rcNtResolve=0x0) *pfFlags=0x0 pwszSearchPath=0000000000000001:<flags> [calling]
52dc.6d38: supR3HardenedWinVerifyCacheScheduleImports: Import todo: #0 'msvcrt.dll'.
52dc.6d38: supR3HardenedWinVerifyCacheScheduleImports: Import todo: #11 'rpcrt4.dll'.
52dc.6d38: supHardenedWinVerifyImageByHandle: -> 0 (\Device\HarddiskVolume2\Windows\System32\ResourcePolicyClient.dll)
52dc.6d38: supR3HardenedWinVerifyCacheInsert: \Device\HarddiskVolume2\Windows\System32\ResourcePolicyClient.dll
52dc.6d38: supR3HardenedDllNotificationCallback: load   00007fff11a40000 LB 0x00014000 C:\WINDOWS\SYSTEM32\resourcepolicyclient.dll [fFlags=0x0]
52dc.6d38: supR3HardenedScreenImage/LdrLoadDll: cache hit (VINF_SUCCESS) on \Device\HarddiskVolume2\Windows\System32\ResourcePolicyClient.dll [avoiding WinVerifyTrust]
52dc.6d38: supR3HardenedMonitor_LdrLoadDll: returns rcNt=0x0 hMod=00007fff11a40000 'ext-ms-win-core-resourcepolicy-l1-1-0.dll'
52dc.6d38: supR3HardenedWinVerifyCacheProcessImportTodos: Processing 'rpcrt4.dll'...
52dc.6d38: supR3HardenedWinVerifyCacheProcessImportTodos: 'rpcrt4.dll' -> '\Device\HarddiskVolume2\Windows\System32\rpcrt4.dll' [rcNtRedir=0xc0150008]
52dc.6d38: supR3HardenedWinVerifyCacheProcessImportTodos: Processing 'msvcrt.dll'...
52dc.6d38: supR3HardenedWinVerifyCacheProcessImportTodos: 'msvcrt.dll' -> '\Device\HarddiskVolume2\Windows\System32\msvcrt.dll' [rcNtRedir=0xc0150008]
52dc.6d38: supR3HardenedMonitor_LdrLoadDll: returns rcNt=0x0 hMod=00007fff12620000 'C:\WINDOWS\system32\rsaenh.dll'
52dc.6d38: supR3HardenedMonitor_LdrLoadDll: returns rcNt=0x0 hMod=00007fff14730000 'C:\WINDOWS\System32\crypt32.dll'
52dc.6d38: supR3HardenedWinVerifyCacheProcessWvtTodos: 0 (was 0) fWinVerifyTrust=1 for '\Device\HarddiskVolume2\Windows\System32\ResourcePolicyClient.dll'
52dc.6d38: supR3HardenedDllNotificationCallback: Unload 00007fff11a40000 LB 0x00014000 C:\WINDOWS\SYSTEM32\resourcepolicyclient.dll [flags=0x0]
52dc.6d38: supR3HardenedScreenImage/LdrLoadDll: cache hit (VINF_SUCCESS) on \Device\HarddiskVolume2\Windows\System32\DriverStore\FileRepository\nv_dispi.inf_amd64_021cb587ccc8964f\nvldumdx.dll
52dc.6d38: supR3HardenedMonitor_LdrLoadDll: pName=C:\WINDOWS\System32\DriverStore\FileRepository\nv_dispi.inf_amd64_021cb587ccc8964f\nvldumdx.dll (rcNtResolve=0xc0150008) *pfFlags=0x0 pwszSearchPath=0000000000000009:<flags> [calling]
52dc.6d38: supR3HardenedMonitor_LdrLoadDll: returns rcNt=0x0 hMod=00007fff0ce70000 'C:\WINDOWS\System32\DriverStore\FileRepository\nv_dispi.inf_amd64_021cb587ccc8964f\nvldumdx.dll'
52dc.6d38: supR3HardenedMonitor_LdrLoadDll: returns rcNt=0x0 hMod=00007fff168f0000 'C:\WINDOWS\System32\gdi32.dll'
52dc.6d38: supR3HardenedDllNotificationCallback: Unload 00007ffe09340000 LB 0x02736000 C:\WINDOWS\System32\DriverStore\FileRepository\nv_dispi.inf_amd64_021cb587ccc8964f\nvd3dumx.dll [flags=0x0]
52dc.6d38: supR3HardenedDllNotificationCallback: Unload 00007fff06a50000 LB 0x04f57000 C:\WINDOWS\System32\DriverStore\FileRepository\nv_dispi.inf_amd64_021cb587ccc8964f\nvgpucomp64.dll [flags=0x0]
52dc.6d38: supR3HardenedDllNotificationCallback: Unload 00007fff04420000 LB 0x0013b000 C:\WINDOWS\System32\DriverStore\FileRepository\nv_dispi.inf_amd64_021cb587ccc8964f\NvMemMapStoragex.dll [flags=0x0]
52dc.6d38: supR3HardenedDllNotificationCallback: Unload 00007fff0ca20000 LB 0x00178000 C:\WINDOWS\System32\drvstore.dll [flags=0x0]
52dc.6d38: supR3HardenedDllNotificationCallback: Unload 00007fff13010000 LB 0x00068000 C:\WINDOWS\System32\wldp.dll [flags=0x0]
52dc.6d38: supR3HardenedDllNotificationCallback: Unload 00007fff0ce70000 LB 0x000c4000 C:\WINDOWS\System32\DriverStore\FileRepository\nv_dispi.inf_amd64_021cb587ccc8964f\nvldumdx.dll [flags=0x0]
52dc.6d38: supR3HardNtViCallWinVerifyTrustCatFile: hFile=0000000000000c20 pwszName=\Device\HarddiskVolume2\Windows\System32\DataExchange.dll
52dc.6d38: supR3HardNtViCallWinVerifyTrustCatFile: Cached context 00000209bd1aa9e0
52dc.6d38: supR3HardNtViCallWinVerifyTrustCatFile: hCatAdmin=00000209bd1aa9e0
52dc.6d38: supR3HardNtViCallWinVerifyTrustCatFile: cbHash=20 wszDigest=63FC53769F66DBC5C581C47D039D514722077651
52dc.6d38: supR3HardenedMonitor_LdrLoadDll: returns rcNt=0x0 hMod=00007fff12620000 'C:\WINDOWS\system32\rsaenh.dll'
52dc.6d38: supR3HardenedMonitor_LdrLoadDll: returns rcNt=0x0 hMod=00007fff14730000 'C:\WINDOWS\System32\crypt32.dll'
52dc.6d38: supR3HardNtViCallWinVerifyTrustCatFile: WinVerifyTrust => 0x0; cat='C:\WINDOWS\system32\CatRoot\{F750E6C3-38EE-11D1-85E5-00C04FC295EE}\Microsoft-Windows-Client-Desktop-Required-Package041120~31bf3856ad364e35~amd64~~10.0.26100.8246.cat'; file='\Device\HarddiskVolume2\Windows\System32\DataExchange.dll'
52dc.6d38: supR3HardNtViCallWinVerifyTrustCatFile -> 0 (org 22900)
52dc.6d38: supR3HardenedWinVerifyCacheScheduleImports: Import todo: #28 'msvcp_win.dll'.
52dc.6d38: supHardenedWinVerifyImageByHandle: -> 0 (\Device\HarddiskVolume2\Windows\System32\DataExchange.dll) WinVerifyTrust
52dc.6d38: supR3HardenedWinVerifyCacheInsert: \Device\HarddiskVolume2\Windows\System32\DataExchange.dll
52dc.6d38: supR3HardenedWinVerifyCacheProcessImportTodos: Processing 'msvcp_win.dll'...
52dc.6d38: supR3HardenedWinVerifyCacheProcessImportTodos: 'msvcp_win.dll' -> '\Device\HarddiskVolume2\Windows\System32\msvcp_win.dll' [rcNtRedir=0xc0150008]
52dc.6d38: supR3HardenedMonitor_LdrLoadDll: pName=C:\WINDOWS\system32\dataexchange.dll (rcNtResolve=0xc0150008) *pfFlags=0x0 pwszSearchPath=0000000000002009:<flags> [calling]
52dc.6d38: supR3HardenedScreenImage/NtCreateSection: cache hit (VINF_SUCCESS) on \Device\HarddiskVolume2\Windows\System32\DataExchange.dll
52dc.6d38: supR3HardenedDllNotificationCallback: load   00007ffed5d70000 LB 0x0005a000 C:\WINDOWS\system32\dataexchange.dll [fFlags=0x0]
52dc.6d38: supR3HardenedScreenImage/LdrLoadDll: cache hit (VINF_SUCCESS) on \Device\HarddiskVolume2\Windows\System32\DataExchange.dll
52dc.6d38: supR3HardenedMonitor_LdrLoadDll: returns rcNt=0x0 hMod=00007ffed5d70000 'C:\WINDOWS\system32\dataexchange.dll'
52dc.6d38: supR3HardenedWinVerifyCacheScheduleImports: Import todo: #39 'combase.dll'.
52dc.6d38: supR3HardenedWinVerifyCacheScheduleImports: Import todo: #41 'msvcp_win.dll'.
52dc.6d38: supHardenedWinVerifyImageByHandle: -> 0 (\Device\HarddiskVolume2\Windows\System32\twinapi.appcore.dll)
52dc.6d38: supR3HardenedWinVerifyCacheInsert: \Device\HarddiskVolume2\Windows\System32\twinapi.appcore.dll
52dc.6d38: supR3HardenedDllNotificationCallback: load   00007fff05a20000 LB 0x0024d000 C:\WINDOWS\system32\twinapi.appcore.dll [fFlags=0x0]
52dc.6d38: supR3HardenedScreenImage/LdrLoadDll: cache hit (VINF_SUCCESS) on \Device\HarddiskVolume2\Windows\System32\twinapi.appcore.dll [avoiding WinVerifyTrust]
52dc.6d38: supR3HardenedWinVerifyCacheScheduleImports: Import todo: #0 'msvcrt.dll'.
52dc.6d38: supR3HardenedWinVerifyCacheScheduleImports: Import todo: #17 'oleaut32.dll'.
52dc.6d38: supR3HardenedWinVerifyCacheScheduleImports: Import todo: #18 'rpcrt4.dll'.
52dc.6d38: supHardenedWinVerifyImageByHandle: -> 0 (\Device\HarddiskVolume2\Windows\System32\TextInputFramework.dll)
52dc.6d38: supR3HardenedWinVerifyCacheInsert: \Device\HarddiskVolume2\Windows\System32\TextInputFramework.dll
52dc.6d38: supR3HardenedDllNotificationCallback: load   00007ffee6f90000 LB 0x00148000 C:\WINDOWS\SYSTEM32\textinputframework.dll [fFlags=0x0]
52dc.6d38: supR3HardenedScreenImage/LdrLoadDll: cache hit (VINF_SUCCESS) on \Device\HarddiskVolume2\Windows\System32\TextInputFramework.dll [avoiding WinVerifyTrust]
52dc.6d38: supR3HardenedWinVerifyCacheProcessImportTodos: Processing 'rpcrt4.dll'...
52dc.6d38: supR3HardenedWinVerifyCacheProcessImportTodos: 'rpcrt4.dll' -> '\Device\HarddiskVolume2\Windows\System32\rpcrt4.dll' [rcNtRedir=0xc0150008]
52dc.6d38: supR3HardenedWinVerifyCacheProcessImportTodos: Processing 'oleaut32.dll'...
52dc.6d38: supR3HardenedWinVerifyCacheProcessImportTodos: 'oleaut32.dll' -> '\Device\HarddiskVolume2\Windows\System32\oleaut32.dll' [rcNtRedir=0xc0150008]
52dc.6d38: supR3HardenedScreenImage/Imports: cache hit (VINF_SUCCESS) on \Device\HarddiskVolume2\Windows\System32\oleaut32.dll
52dc.6d38: supR3HardenedWinVerifyCacheProcessImportTodos: Processing 'msvcrt.dll'...
52dc.6d38: supR3HardenedWinVerifyCacheProcessImportTodos: 'msvcrt.dll' -> '\Device\HarddiskVolume2\Windows\System32\msvcrt.dll' [rcNtRedir=0xc0150008]
52dc.6d38: supR3HardenedScreenImage/Imports: cache hit (VINF_SUCCESS) on \Device\HarddiskVolume2\Windows\System32\msvcrt.dll
52dc.6d38: supR3HardenedWinVerifyCacheProcessImportTodos: Processing 'msvcp_win.dll'...
52dc.6d38: supR3HardenedWinVerifyCacheProcessImportTodos: 'msvcp_win.dll' -> '\Device\HarddiskVolume2\Windows\System32\msvcp_win.dll' [rcNtRedir=0xc0150008]
52dc.6d38: supR3HardenedWinVerifyCacheProcessImportTodos: Processing 'combase.dll'...
52dc.6d38: supR3HardenedWinVerifyCacheProcessImportTodos: 'combase.dll' -> '\Device\HarddiskVolume2\Windows\System32\combase.dll' [rcNtRedir=0xc0150008]
52dc.6d38: supR3HardenedScreenImage/Imports: cache hit (VINF_SUCCESS) on \Device\HarddiskVolume2\Windows\System32\combase.dll
52dc.6d38: supR3HardenedMonitor_LdrLoadDll: returns rcNt=0x0 hMod=00007fff12620000 'C:\WINDOWS\system32\rsaenh.dll'
52dc.6d38: supR3HardenedMonitor_LdrLoadDll: returns rcNt=0x0 hMod=00007fff14730000 'C:\WINDOWS\System32\crypt32.dll'
52dc.6d38: supR3HardenedWinVerifyCacheProcessWvtTodos: 0 (was 0) fWinVerifyTrust=1 for '\Device\HarddiskVolume2\Windows\System32\TextInputFramework.dll'
52dc.6d38: supR3HardenedMonitor_LdrLoadDll: returns rcNt=0x0 hMod=00007fff12620000 'C:\WINDOWS\system32\rsaenh.dll'
52dc.6d38: supR3HardenedMonitor_LdrLoadDll: returns rcNt=0x0 hMod=00007fff14730000 'C:\WINDOWS\System32\crypt32.dll'
52dc.6d38: supR3HardenedWinVerifyCacheProcessWvtTodos: 0 (was 0) fWinVerifyTrust=1 for '\Device\HarddiskVolume2\Windows\System32\twinapi.appcore.dll'
52dc.6d38: supR3HardenedMonitor_LdrLoadDll: returns rcNt=0x0 hMod=00007fff16de0000 'C:\WINDOWS\System32\ADVAPI32.dll'
52dc.6d38: supR3HardenedMonitor_LdrLoadDll: returns rcNt=0x0 hMod=00007fff16ea0000 'C:\WINDOWS\System32\ole32.dll'
52dc.6d38: supR3HardenedMonitor_LdrLoadDll: returns rcNt=0x0 hMod=00007fff15cc0000 'C:\WINDOWS\System32\OLEAUT32.dll'
52dc.6d38: supR3HardNtViCallWinVerifyTrustCatFile: hFile=0000000000000e4c pwszName=\Device\HarddiskVolume2\Windows\System32\wbem\wbemprox.dll
52dc.6d38: supR3HardNtViCallWinVerifyTrustCatFile: Cached context 00000209bd1aa9e0
52dc.6d38: supR3HardNtViCallWinVerifyTrustCatFile: hCatAdmin=00000209bd1aa9e0
52dc.6d38: supR3HardNtViCallWinVerifyTrustCatFile: cbHash=20 wszDigest=5B364C688520F72D6A68EFE76BA43B6991058645
52dc.6d38: supR3HardenedMonitor_LdrLoadDll: returns rcNt=0x0 hMod=00007fff12620000 'C:\WINDOWS\system32\rsaenh.dll'
52dc.6d38: supR3HardenedMonitor_LdrLoadDll: returns rcNt=0x0 hMod=00007fff14730000 'C:\WINDOWS\System32\crypt32.dll'
52dc.6d38: supR3HardNtViCallWinVerifyTrustCatFile: WinVerifyTrust => 0x0; cat='C:\WINDOWS\system32\CatRoot\{F750E6C3-38EE-11D1-85E5-00C04FC295EE}\Microsoft-Windows-Client-Desktop-Required-Package0012~31bf3856ad364e35~amd64~~10.0.26100.8246.cat'; file='\Device\HarddiskVolume2\Windows\System32\wbem\wbemprox.dll'
52dc.6d38: supR3HardNtViCallWinVerifyTrustCatFile -> 0 (org 22900)
52dc.6d38: supR3HardenedWinVerifyCacheScheduleImports: Import todo: #0 'msvcrt.dll'.
52dc.6d38: supR3HardenedWinVerifyCacheScheduleImports: Import todo: #16 'wbemcomn.dll'.
52dc.6d38: supHardenedWinVerifyImageByHandle: -> 0 (\Device\HarddiskVolume2\Windows\System32\wbem\wbemprox.dll) WinVerifyTrust
52dc.6d38: supR3HardenedWinVerifyCacheInsert: \Device\HarddiskVolume2\Windows\System32\wbem\wbemprox.dll
52dc.6d38: supR3HardenedWinVerifyCacheProcessImportTodos: Processing 'wbemcomn.dll'...
52dc.6d38: supR3HardenedWinVerifyCacheProcessImportTodos: 'wbemcomn.dll' -> '\Device\HarddiskVolume2\Windows\System32\wbemcomn.dll' [rcNtRedir=0xc0150008]
52dc.6d38: supR3HardNtViCallWinVerifyTrustCatFile: hFile=0000000000000d98 pwszName=\Device\HarddiskVolume2\Windows\System32\wbemcomn.dll
52dc.6d38: supR3HardNtViCallWinVerifyTrustCatFile: Cached context 00000209bd1aa9e0
52dc.6d38: supR3HardNtViCallWinVerifyTrustCatFile: hCatAdmin=00000209bd1aa9e0
52dc.6d38: supR3HardNtViCallWinVerifyTrustCatFile: cbHash=20 wszDigest=C99010447EBD6E4E146E224DEB9B34693D817638
52dc.6d38: supR3HardenedMonitor_LdrLoadDll: returns rcNt=0x0 hMod=00007fff12620000 'C:\WINDOWS\system32\rsaenh.dll'
52dc.6d38: supR3HardenedMonitor_LdrLoadDll: returns rcNt=0x0 hMod=00007fff14730000 'C:\WINDOWS\System32\crypt32.dll'
52dc.6d38: supR3HardNtViCallWinVerifyTrustCatFile: WinVerifyTrust => 0x0; cat='C:\WINDOWS\system32\CatRoot\{F750E6C3-38EE-11D1-85E5-00C04FC295EE}\Microsoft-Windows-Client-Desktop-Required-Package0012~31bf3856ad364e35~amd64~~10.0.26100.8246.cat'; file='\Device\HarddiskVolume2\Windows\System32\wbemcomn.dll'
52dc.6d38: supR3HardNtViCallWinVerifyTrustCatFile -> 0 (org 22900)
52dc.6d38: supR3HardenedWinVerifyCacheScheduleImports: Import todo: #0 'msvcrt.dll'.
52dc.6d38: supHardenedWinVerifyImageByHandle: -> 0 (\Device\HarddiskVolume2\Windows\System32\wbemcomn.dll) WinVerifyTrust
52dc.6d38: supR3HardenedWinVerifyCacheInsert: \Device\HarddiskVolume2\Windows\System32\wbemcomn.dll
52dc.6d38: supR3HardenedWinVerifyCacheProcessImportTodos: Processing 'msvcrt.dll'...
52dc.6d38: supR3HardenedWinVerifyCacheProcessImportTodos: 'msvcrt.dll' -> '\Device\HarddiskVolume2\Windows\System32\msvcrt.dll' [rcNtRedir=0xc0150008]
52dc.6d38: supR3HardenedWinVerifyCacheProcessImportTodos: Processing 'msvcrt.dll'...
52dc.6d38: supR3HardenedWinVerifyCacheProcessImportTodos: 'msvcrt.dll' -> '\Device\HarddiskVolume2\Windows\System32\msvcrt.dll' [rcNtRedir=0xc0150008]
52dc.6d38: supR3HardenedMonitor_LdrLoadDll: pName=C:\WINDOWS\system32\wbem\wbemprox.dll (rcNtResolve=0xc0150008) *pfFlags=0x0 pwszSearchPath=0000000000002009:<flags> [calling]
52dc.6d38: supR3HardenedScreenImage/NtCreateSection: cache hit (VINF_SUCCESS) on \Device\HarddiskVolume2\Windows\System32\wbem\wbemprox.dll
52dc.6d38: supR3HardenedScreenImage/NtCreateSection: cache hit (VINF_SUCCESS) on \Device\HarddiskVolume2\Windows\System32\wbemcomn.dll
52dc.6d38: supR3HardenedDllNotificationCallback: load   00007ffef67b0000 LB 0x0007a000 C:\WINDOWS\SYSTEM32\wbemcomn.dll [fFlags=0x0]
52dc.6d38: supR3HardenedScreenImage/LdrLoadDll: cache hit (VINF_SUCCESS) on \Device\HarddiskVolume2\Windows\System32\wbemcomn.dll
52dc.6d38: supR3HardenedDllNotificationCallback: load   00007ffef22b0000 LB 0x00012000 C:\WINDOWS\system32\wbem\wbemprox.dll [fFlags=0x0]
52dc.6d38: supR3HardenedScreenImage/LdrLoadDll: cache hit (VINF_SUCCESS) on \Device\HarddiskVolume2\Windows\System32\wbem\wbemprox.dll
52dc.6d38: supR3HardenedIsApiSetDll: ApiSetQueryApiSetPresence(API-MS-Win-Core-LocalRegistry-L1-1-0.dll) -> 0x0, fPresent=1
52dc.6d38: supR3HardenedMonitor_LdrLoadDll: pName=API-MS-Win-Core-LocalRegistry-L1-1-0.dll (rcNtResolve=0x0) *pfFlags=0x0 pwszSearchPath=0000000000000009:<flags> [calling]
52dc.6d38: supR3HardenedMonitor_LdrLoadDll: returns rcNt=0x0 hMod=00007fff13950000 'API-MS-Win-Core-LocalRegistry-L1-1-0.dll'
52dc.6d38: supR3HardenedMonitor_LdrLoadDll: returns rcNt=0x0 hMod=00007ffef22b0000 'C:\WINDOWS\system32\wbem\wbemprox.dll'
52dc.6d38: supR3HardNtViCallWinVerifyTrustCatFile: hFile=0000000000000990 pwszName=\Device\HarddiskVolume2\Windows\System32\wbem\wbemsvc.dll
52dc.6d38: supR3HardNtViCallWinVerifyTrustCatFile: Cached context 00000209bd1aa9e0
52dc.6d38: supR3HardNtViCallWinVerifyTrustCatFile: hCatAdmin=00000209bd1aa9e0
52dc.6d38: supR3HardNtViCallWinVerifyTrustCatFile: cbHash=20 wszDigest=9F5F78188B59B0CF9CA8B41635E75D96D2128148
52dc.6d38: supR3HardenedMonitor_LdrLoadDll: returns rcNt=0x0 hMod=00007fff12620000 'C:\WINDOWS\system32\rsaenh.dll'
52dc.6d38: supR3HardenedMonitor_LdrLoadDll: returns rcNt=0x0 hMod=00007fff14730000 'C:\WINDOWS\System32\crypt32.dll'
52dc.6d38: supR3HardNtViCallWinVerifyTrustCatFile: WinVerifyTrust => 0x0; cat='C:\WINDOWS\system32\CatRoot\{F750E6C3-38EE-11D1-85E5-00C04FC295EE}\Microsoft-Windows-Client-Desktop-Required-Package0012~31bf3856ad364e35~amd64~~10.0.26100.8246.cat'; file='\Device\HarddiskVolume2\Windows\System32\wbem\wbemsvc.dll'
52dc.6d38: supR3HardNtViCallWinVerifyTrustCatFile -> 0 (org 22900)
52dc.6d38: supR3HardenedWinVerifyCacheScheduleImports: Import todo: #0 'msvcrt.dll'.
52dc.6d38: supR3HardenedWinVerifyCacheScheduleImports: Import todo: #1 'rpcrt4.dll'.
52dc.6d38: supHardenedWinVerifyImageByHandle: -> 0 (\Device\HarddiskVolume2\Windows\System32\wbem\wbemsvc.dll) WinVerifyTrust
52dc.6d38: supR3HardenedWinVerifyCacheInsert: \Device\HarddiskVolume2\Windows\System32\wbem\wbemsvc.dll
52dc.6d38: supR3HardenedWinVerifyCacheProcessImportTodos: Processing 'rpcrt4.dll'...
52dc.6d38: supR3HardenedWinVerifyCacheProcessImportTodos: 'rpcrt4.dll' -> '\Device\HarddiskVolume2\Windows\System32\rpcrt4.dll' [rcNtRedir=0xc0150008]
52dc.6d38: supR3HardenedWinVerifyCacheProcessImportTodos: Processing 'msvcrt.dll'...
52dc.6d38: supR3HardenedWinVerifyCacheProcessImportTodos: 'msvcrt.dll' -> '\Device\HarddiskVolume2\Windows\System32\msvcrt.dll' [rcNtRedir=0xc0150008]
52dc.6d38: supR3HardenedMonitor_LdrLoadDll: pName=C:\WINDOWS\system32\wbem\wbemsvc.dll (rcNtResolve=0xc0150008) *pfFlags=0x0 pwszSearchPath=0000000000002009:<flags> [calling]
52dc.6d38: supR3HardenedScreenImage/NtCreateSection: cache hit (VINF_SUCCESS) on \Device\HarddiskVolume2\Windows\System32\wbem\wbemsvc.dll
52dc.6d38: supR3HardenedDllNotificationCallback: load   00007ffef18c0000 LB 0x00015000 C:\WINDOWS\system32\wbem\wbemsvc.dll [fFlags=0x0]
52dc.6d38: supR3HardenedScreenImage/LdrLoadDll: cache hit (VINF_SUCCESS) on \Device\HarddiskVolume2\Windows\System32\wbem\wbemsvc.dll
52dc.6d38: supR3HardenedMonitor_LdrLoadDll: returns rcNt=0x0 hMod=00007ffef18c0000 'C:\WINDOWS\system32\wbem\wbemsvc.dll'
52dc.6d38: supR3HardenedIsApiSetDll: ApiSetQueryApiSetPresence(api-ms-win-core-localization-l1-2-0.dll) -> 0x0, fPresent=1
52dc.6d38: supR3HardenedMonitor_LdrLoadDll: pName=api-ms-win-core-localization-l1-2-0.dll (rcNtResolve=0x0) *pfFlags=0x0 pwszSearchPath=0000000000000009:<flags> [calling]
52dc.6d38: supR3HardenedMonitor_LdrLoadDll: returns rcNt=0x0 hMod=00007fff13950000 'api-ms-win-core-localization-l1-2-0.dll'
52dc.6d38: supR3HardenedIsApiSetDll: ApiSetQueryApiSetPresence(api-ms-win-core-localization-obsolete-l1-1-0.dll) -> 0x0, fPresent=1
52dc.6d38: supR3HardenedMonitor_LdrLoadDll: pName=api-ms-win-core-localization-obsolete-l1-1-0.dll (rcNtResolve=0x0) *pfFlags=0x0 pwszSearchPath=0000000000000009:<flags> [calling]
52dc.6d38: supR3HardenedMonitor_LdrLoadDll: returns rcNt=0x0 hMod=00007fff13950000 'api-ms-win-core-localization-obsolete-l1-1-0.dll'
52dc.6d38: supR3HardNtViCallWinVerifyTrustCatFile: hFile=0000000000000de8 pwszName=\Device\HarddiskVolume2\Windows\System32\wbem\fastprox.dll
52dc.6d38: supR3HardNtViCallWinVerifyTrustCatFile: Cached context 00000209bd1aa9e0
52dc.6d38: supR3HardNtViCallWinVerifyTrustCatFile: hCatAdmin=00000209bd1aa9e0
52dc.6d38: supR3HardNtViCallWinVerifyTrustCatFile: cbHash=20 wszDigest=4691A81A75F64622C91729537EE8CE4601AA016F
52dc.6d38: supR3HardenedMonitor_LdrLoadDll: returns rcNt=0x0 hMod=00007fff12620000 'C:\WINDOWS\system32\rsaenh.dll'
52dc.6d38: supR3HardenedMonitor_LdrLoadDll: returns rcNt=0x0 hMod=00007fff14730000 'C:\WINDOWS\System32\crypt32.dll'
52dc.6d38: supR3HardNtViCallWinVerifyTrustCatFile: WinVerifyTrust => 0x0; cat='C:\WINDOWS\system32\CatRoot\{F750E6C3-38EE-11D1-85E5-00C04FC295EE}\Microsoft-Windows-Client-Desktop-Required-Package0012~31bf3856ad364e35~amd64~~10.0.26100.8246.cat'; file='\Device\HarddiskVolume2\Windows\System32\wbem\fastprox.dll'
52dc.6d38: supR3HardNtViCallWinVerifyTrustCatFile -> 0 (org 22900)
52dc.6d38: supR3HardenedWinVerifyCacheScheduleImports: Import todo: #0 'msvcrt.dll'.
52dc.6d38: supR3HardenedWinVerifyCacheScheduleImports: Import todo: #20 'wbemcomn.dll'.
52dc.6d38: supHardenedWinVerifyImageByHandle: -> 0 (\Device\HarddiskVolume2\Windows\System32\wbem\fastprox.dll) WinVerifyTrust
52dc.6d38: supR3HardenedWinVerifyCacheInsert: \Device\HarddiskVolume2\Windows\System32\wbem\fastprox.dll
52dc.6d38: supR3HardenedWinVerifyCacheProcessImportTodos: Processing 'wbemcomn.dll'...
52dc.6d38: supR3HardenedWinVerifyCacheProcessImportTodos: 'wbemcomn.dll' -> '\Device\HarddiskVolume2\Windows\System32\wbemcomn.dll' [rcNtRedir=0xc0150008]
52dc.6d38: supR3HardenedScreenImage/Imports: cache hit (VINF_SUCCESS) on \Device\HarddiskVolume2\Windows\System32\wbemcomn.dll
52dc.6d38: supR3HardenedWinVerifyCacheProcessImportTodos: Processing 'msvcrt.dll'...
52dc.6d38: supR3HardenedWinVerifyCacheProcessImportTodos: 'msvcrt.dll' -> '\Device\HarddiskVolume2\Windows\System32\msvcrt.dll' [rcNtRedir=0xc0150008]
52dc.6d38: supR3HardenedMonitor_LdrLoadDll: pName=C:\WINDOWS\system32\wbem\fastprox.dll (rcNtResolve=0xc0150008) *pfFlags=0x0 pwszSearchPath=0000000000002009:<flags> [calling]
52dc.6d38: supR3HardenedScreenImage/NtCreateSection: cache hit (VINF_SUCCESS) on \Device\HarddiskVolume2\Windows\System32\wbem\fastprox.dll
52dc.6d38: supR3HardenedDllNotificationCallback: load   00007ffef18e0000 LB 0x000f0000 C:\WINDOWS\system32\wbem\fastprox.dll [fFlags=0x0]
52dc.6d38: supR3HardenedScreenImage/LdrLoadDll: cache hit (VINF_SUCCESS) on \Device\HarddiskVolume2\Windows\System32\wbem\fastprox.dll
52dc.6d38: supR3HardenedMonitor_LdrLoadDll: returns rcNt=0x0 hMod=00007ffef18e0000 'C:\WINDOWS\system32\wbem\fastprox.dll'
52dc.6d38: supR3HardNtViCallWinVerifyTrustCatFile: hFile=0000000000000e00 pwszName=\Device\HarddiskVolume2\Windows\System32\amsi.dll
52dc.6d38: supR3HardNtViCallWinVerifyTrustCatFile: Cached context 00000209bd1aa9e0
52dc.6d38: supR3HardNtViCallWinVerifyTrustCatFile: hCatAdmin=00000209bd1aa9e0
52dc.6d38: supR3HardNtViCallWinVerifyTrustCatFile: cbHash=20 wszDigest=184D676080373693A88754BAB4C700D01D774483
52dc.6d38: supR3HardenedMonitor_LdrLoadDll: returns rcNt=0x0 hMod=00007fff12620000 'C:\WINDOWS\system32\rsaenh.dll'
52dc.6d38: supR3HardenedMonitor_LdrLoadDll: returns rcNt=0x0 hMod=00007fff14730000 'C:\WINDOWS\System32\crypt32.dll'
52dc.6d38: supR3HardNtViCallWinVerifyTrustCatFile: WinVerifyTrust => 0x0; cat='C:\WINDOWS\system32\CatRoot\{F750E6C3-38EE-11D1-85E5-00C04FC295EE}\Microsoft-Windows-Client-Desktop-Required-Package0410~31bf3856ad364e35~amd64~~10.0.26100.8246.cat'; file='\Device\HarddiskVolume2\Windows\System32\amsi.dll'
52dc.6d38: supR3HardNtViCallWinVerifyTrustCatFile -> 0 (org 22900)
52dc.6d38: supR3HardenedWinVerifyCacheScheduleImports: Import todo: #0 'msvcrt.dll'.
52dc.6d38: supR3HardenedWinVerifyCacheScheduleImports: Import todo: #15 'rpcrt4.dll'.
52dc.6d38: supHardenedWinVerifyImageByHandle: -> 0 (\Device\HarddiskVolume2\Windows\System32\amsi.dll) WinVerifyTrust
52dc.6d38: supR3HardenedWinVerifyCacheInsert: \Device\HarddiskVolume2\Windows\System32\amsi.dll
52dc.6d38: supR3HardenedWinVerifyCacheProcessImportTodos: Processing 'rpcrt4.dll'...
52dc.6d38: supR3HardenedWinVerifyCacheProcessImportTodos: 'rpcrt4.dll' -> '\Device\HarddiskVolume2\Windows\System32\rpcrt4.dll' [rcNtRedir=0xc0150008]
52dc.6d38: supR3HardenedWinVerifyCacheProcessImportTodos: Processing 'msvcrt.dll'...
52dc.6d38: supR3HardenedWinVerifyCacheProcessImportTodos: 'msvcrt.dll' -> '\Device\HarddiskVolume2\Windows\System32\msvcrt.dll' [rcNtRedir=0xc0150008]
52dc.6d38: supR3HardenedMonitor_LdrLoadDll: pName=C:\WINDOWS\System32\amsi.dll (Input=amsi.dll, rcNtResolve=0xc0150008) *pfFlags=0x0 pwszSearchPath=0000000000000801:<flags> [calling]
52dc.6d38: supR3HardenedScreenImage/NtCreateSection: cache hit (VINF_SUCCESS) on \Device\HarddiskVolume2\Windows\System32\amsi.dll
52dc.6d38: supR3HardenedDllNotificationCallback: load   00007ffef2150000 LB 0x0001d000 C:\WINDOWS\System32\amsi.dll [fFlags=0x0]
52dc.6d38: supR3HardenedScreenImage/LdrLoadDll: cache hit (VINF_SUCCESS) on \Device\HarddiskVolume2\Windows\System32\amsi.dll
52dc.6d38: supR3HardenedMonitor_LdrLoadDll: returns rcNt=0x0 hMod=00007ffef2150000 'C:\WINDOWS\System32\amsi.dll'
52dc.6d38: supR3HardenedMonitor_LdrLoadDll: returns rcNt=0x0 hMod=00007fff12620000 'C:\WINDOWS\system32\rsaenh.dll'
52dc.6d38: supR3HardenedMonitor_LdrLoadDll: returns rcNt=0x0 hMod=00007fff14730000 'C:\WINDOWS\System32\crypt32.dll'
52dc.6d38: supR3HardenedWinVerifyCacheScheduleImports: Import todo: #2 'advapi32.dll'.
52dc.6d38: supR3HardenedWinVerifyCacheScheduleImports: Import todo: #3 'oleaut32.dll'.
52dc.6d38: supR3HardenedWinVerifyCacheScheduleImports: Import todo: #4 'ole32.dll'.
52dc.6d38: supHardenedWinVerifyImageByHandle: -> 0 (\Device\HarddiskVolume2\ProgramData\Microsoft\Windows Defender\Platform\4.18.26030.3011-0\MpOAV.dll) WinVerifyTrust
52dc.6d38: supR3HardenedWinVerifyCacheInsert: \Device\HarddiskVolume2\ProgramData\Microsoft\Windows Defender\Platform\4.18.26030.3011-0\MpOAV.dll
52dc.6d38: supR3HardenedWinVerifyCacheProcessImportTodos: Processing 'ole32.dll'...
52dc.6d38: supR3HardenedWinVerifyCacheProcessImportTodos: 'ole32.dll' -> '\Device\HarddiskVolume2\Windows\System32\ole32.dll' [rcNtRedir=0xc0150008]
52dc.6d38: supR3HardenedWinVerifyCacheProcessImportTodos: Processing 'oleaut32.dll'...
52dc.6d38: supR3HardenedWinVerifyCacheProcessImportTodos: 'oleaut32.dll' -> '\Device\HarddiskVolume2\Windows\System32\oleaut32.dll' [rcNtRedir=0xc0150008]
52dc.6d38: supR3HardenedWinVerifyCacheProcessImportTodos: Processing 'advapi32.dll'...
52dc.6d38: supR3HardenedWinVerifyCacheProcessImportTodos: 'advapi32.dll' -> '\Device\HarddiskVolume2\Windows\System32\advapi32.dll' [rcNtRedir=0xc0150008]
52dc.6d38: supR3HardenedMonitor_LdrLoadDll: pName=C:\ProgramData\Microsoft\Windows Defender\Platform\4.18.26030.3011-0\MpOav.dll (rcNtResolve=0xc0150008) *pfFlags=0x0 pwszSearchPath=0000000000000001:<flags> [calling]
52dc.6d38: supR3HardenedScreenImage/NtCreateSection: cache hit (VINF_SUCCESS) on \Device\HarddiskVolume2\ProgramData\Microsoft\Windows Defender\Platform\4.18.26030.3011-0\MpOAV.dll
52dc.6d38: supR3HardenedDllNotificationCallback: load   00007ffef1f30000 LB 0x000a2000 C:\ProgramData\Microsoft\Windows Defender\Platform\4.18.26030.3011-0\MpOav.dll [fFlags=0x0]
52dc.6d38: supR3HardenedScreenImage/LdrLoadDll: cache hit (VINF_SUCCESS) on \Device\HarddiskVolume2\ProgramData\Microsoft\Windows Defender\Platform\4.18.26030.3011-0\MpOAV.dll
52dc.6d38: supR3HardenedIsApiSetDll: ApiSetQueryApiSetPresence(api-ms-win-core-synch-l1-2-0) -> 0x0, fPresent=1
52dc.6d38: supR3HardenedMonitor_LdrLoadDll: pName=api-ms-win-core-synch-l1-2-0 (rcNtResolve=0x0) *pfFlags=0x0 pwszSearchPath=0000000000000801:<flags> [calling]
52dc.6d38: supR3HardenedMonitor_LdrLoadDll: returns rcNt=0x0 hMod=00007fff13950000 'api-ms-win-core-synch-l1-2-0'
52dc.6d38: supR3HardenedIsApiSetDll: ApiSetQueryApiSetPresence(api-ms-win-core-fibers-l1-1-1) -> 0x0, fPresent=1
52dc.6d38: supR3HardenedMonitor_LdrLoadDll: pName=api-ms-win-core-fibers-l1-1-1 (rcNtResolve=0x0) *pfFlags=0x0 pwszSearchPath=0000000000000801:<flags> [calling]
52dc.6d38: supR3HardenedMonitor_LdrLoadDll: returns rcNt=0x0 hMod=00007fff13950000 'api-ms-win-core-fibers-l1-1-1'
52dc.6d38: supR3HardenedIsApiSetDll: ApiSetQueryApiSetPresence(api-ms-win-core-fibers-l1-1-2) -> 0x0, fPresent=1
52dc.6d38: supR3HardenedMonitor_LdrLoadDll: pName=api-ms-win-core-fibers-l1-1-2 (rcNtResolve=0x0) *pfFlags=0x0 pwszSearchPath=0000000000000801:<flags> [calling]
52dc.6d38: supR3HardenedMonitor_LdrLoadDll: returns rcNt=0x0 hMod=00007fff13950000 'api-ms-win-core-fibers-l1-1-2'
52dc.6d38: supR3HardenedScreenImage/LdrLoadDll: cache hit (VINF_SUCCESS) on \Device\HarddiskVolume2\Windows\System32\kernel32.dll
52dc.6d38: supR3HardenedMonitor_LdrLoadDll: pName=C:\WINDOWS\System32\kernel32.dll (Input=kernel32, rcNtResolve=0xc0150008) *pfFlags=0x0 pwszSearchPath=0000000000000801:<flags> [calling]
52dc.6d38: supR3HardenedMonitor_LdrLoadDll: returns rcNt=0x0 hMod=00007fff16290000 'C:\WINDOWS\System32\kernel32.dll'
52dc.6d38: supR3HardenedScreenImage/LdrLoadDll: cache hit (VINF_SUCCESS) on \Device\HarddiskVolume2\Windows\System32\version.dll
52dc.6d38: supR3HardenedMonitor_LdrLoadDll: pName=C:\WINDOWS\system32\version.dll (rcNtResolve=0xc0150008) *pfFlags=0x0 pwszSearchPath=0000000000000009:<flags> [calling]
52dc.6d38: supR3HardenedMonitor_LdrLoadDll: returns rcNt=0x0 hMod=00007fff0d100000 'C:\WINDOWS\system32\version.dll'
52dc.6d38: supR3HardenedMonitor_LdrLoadDll: returns rcNt=0x0 hMod=00007ffef1f30000 'C:\ProgramData\Microsoft\Windows Defender\Platform\4.18.26030.3011-0\MpOav.dll'
52dc.70f0: supR3HardenedMonitor_LdrLoadDll: returns rcNt=0x0 hMod=00007fff16ea0000 'C:\WINDOWS\system32\ole32.dll'
52dc.70f0: supR3HardenedMonitor_LdrLoadDll: returns rcNt=0x0 hMod=00007fff12620000 'C:\WINDOWS\system32\rsaenh.dll'
52dc.70f0: supR3HardenedMonitor_LdrLoadDll: returns rcNt=0x0 hMod=00007fff14730000 'C:\WINDOWS\System32\crypt32.dll'
52dc.fd8: supR3HardenedMonitor_LdrLoadDll: returns rcNt=0x0 hMod=00007fff12620000 'C:\WINDOWS\system32\rsaenh.dll'
52dc.fd8: supR3HardenedScreenImage/LdrLoadDll: cache hit (VINF_SUCCESS) on \Device\HarddiskVolume2\Windows\System32\crypt32.dll
52dc.fd8: supR3HardenedMonitor_LdrLoadDll: pName=C:\WINDOWS\System32\crypt32.dll (Input=crypt32.dll, rcNtResolve=0xc0150008) *pfFlags=0x0 pwszSearchPath=0000000000000001:<flags> [calling]
52dc.fd8: supR3HardenedMonitor_LdrLoadDll: returns rcNt=0x0 hMod=00007fff14730000 'C:\WINDOWS\System32\crypt32.dll'
52dc.fd8: supR3HardenedWinVerifyCacheScheduleImports: Import todo: #0 'vboxrt.dll'.
52dc.fd8: supR3HardenedWinVerifyCacheScheduleImports: Import todo: #3 'user32.dll'.
52dc.fd8: supR3HardenedWinVerifyCacheScheduleImports: Import todo: #4 'shell32.dll'.
52dc.fd8: supR3HardenedWinVerifyCacheScheduleImports: Import todo: #5 'ole32.dll'.
52dc.fd8: supR3HardenedWinVerifyCacheScheduleImports: Import todo: #6 'vcruntime140.dll'.
52dc.fd8: supR3HardenedWinVerifyCacheScheduleImports: Import todo: #7 'vcruntime140_1.dll'.
52dc.fd8: supR3HardenedWinVerifyCacheScheduleImports: Import todo: #8 'msvcp140.dll'.
52dc.fd8: supHardenedWinVerifyImageByHandle: -> 0 (\Device\HarddiskVolume2\Program Files\Oracle\VirtualBox\VBoxSharedClipboard.dll) WinVerifyTrust
52dc.fd8: supR3HardenedWinVerifyCacheInsert: \Device\HarddiskVolume2\Program Files\Oracle\VirtualBox\VBoxSharedClipboard.dll
52dc.fd8: supR3HardenedWinVerifyCacheProcessImportTodos: Processing 'msvcp140.dll'...
52dc.fd8: supR3HardenedWinVerifyCacheProcessImportTodos: 'msvcp140.dll' -> '\Device\HarddiskVolume2\Windows\System32\msvcp140.dll' [rcNtRedir=0xc0150008]
52dc.fd8: supR3HardenedScreenImage/Imports: cache hit (VINF_SUCCESS) on \Device\HarddiskVolume2\Windows\System32\msvcp140.dll
52dc.fd8: supR3HardenedWinVerifyCacheProcessImportTodos: Processing 'vcruntime140_1.dll'...
52dc.fd8: supR3HardenedWinVerifyCacheProcessImportTodos: 'vcruntime140_1.dll' -> '\Device\HarddiskVolume2\Windows\System32\vcruntime140_1.dll' [rcNtRedir=0xc0150008]
52dc.fd8: supR3HardenedWinVerifyCacheProcessImportTodos: Processing 'vcruntime140.dll'...
52dc.fd8: supR3HardenedWinVerifyCacheProcessImportTodos: 'vcruntime140.dll' -> '\Device\HarddiskVolume2\Windows\System32\vcruntime140.dll' [rcNtRedir=0xc0150008]
52dc.fd8: supR3HardenedWinVerifyCacheProcessImportTodos: Processing 'ole32.dll'...
52dc.fd8: supR3HardenedWinVerifyCacheProcessImportTodos: 'ole32.dll' -> '\Device\HarddiskVolume2\Windows\System32\ole32.dll' [rcNtRedir=0xc0150008]
52dc.fd8: supR3HardenedWinVerifyCacheProcessImportTodos: Processing 'shell32.dll'...
52dc.fd8: supR3HardenedWinVerifyCacheProcessImportTodos: 'shell32.dll' -> '\Device\HarddiskVolume2\Windows\System32\shell32.dll' [rcNtRedir=0xc0150008]
52dc.fd8: supR3HardenedScreenImage/Imports: cache hit (VINF_SUCCESS) on \Device\HarddiskVolume2\Windows\System32\shell32.dll
52dc.fd8: supR3HardenedWinVerifyCacheProcessImportTodos: Processing 'user32.dll'...
52dc.fd8: supR3HardenedWinVerifyCacheProcessImportTodos: 'user32.dll' -> '\Device\HarddiskVolume2\Windows\System32\user32.dll' [rcNtRedir=0xc0150008]
52dc.fd8: supR3HardenedWinVerifyCacheProcessImportTodos: Processing 'vboxrt.dll'...
52dc.fd8: supR3HardenedWinVerifyCacheProcessImportTodos: 'vboxrt.dll' -> '\Device\HarddiskVolume2\Program Files\Oracle\VirtualBox\vboxrt.dll' [rcNtRedir=0xc0150008]
52dc.fd8: supR3HardenedMonitor_LdrLoadDll: pName=C:\Program Files\Oracle\VirtualBox\VBoxSharedClipboard.DLL (rcNtResolve=0xc0150008) *pfFlags=0x0 pwszSearchPath=0000000000000001:<flags> [calling]
52dc.fd8: supR3HardenedScreenImage/NtCreateSection: cache hit (VINF_SUCCESS) on \Device\HarddiskVolume2\Program Files\Oracle\VirtualBox\VBoxSharedClipboard.dll
52dc.fd8: supR3HardenedDllNotificationCallback: load   00007ffeee9f0000 LB 0x00022000 C:\Program Files\Oracle\VirtualBox\VBoxSharedClipboard.DLL [fFlags=0x0]
52dc.fd8: supR3HardenedScreenImage/LdrLoadDll: cache hit (VINF_SUCCESS) on \Device\HarddiskVolume2\Program Files\Oracle\VirtualBox\VBoxSharedClipboard.dll
52dc.fd8: supR3HardenedMonitor_LdrLoadDll: returns rcNt=0x0 hMod=00007ffeee9f0000 'C:\Program Files\Oracle\VirtualBox\VBoxSharedClipboard.DLL'
52dc.65f4: supR3HardenedMonitor_LdrLoadDll: returns rcNt=0x0 hMod=00007fff12620000 'C:\WINDOWS\system32\rsaenh.dll'
52dc.65f4: supR3HardenedMonitor_LdrLoadDll: returns rcNt=0x0 hMod=00007fff14730000 'C:\WINDOWS\System32\crypt32.dll'
52dc.65f4: supR3HardenedWinVerifyCacheScheduleImports: Import todo: #0 'vboxrt.dll'.
52dc.65f4: supR3HardenedWinVerifyCacheScheduleImports: Import todo: #2 'vcruntime140.dll'.
52dc.65f4: supR3HardenedWinVerifyCacheScheduleImports: Import todo: #3 'vcruntime140_1.dll'.
52dc.65f4: supR3HardenedWinVerifyCacheScheduleImports: Import todo: #4 'msvcp140.dll'.
52dc.65f4: supHardenedWinVerifyImageByHandle: -> 0 (\Device\HarddiskVolume2\Program Files\Oracle\VirtualBox\VBoxDragAndDropSvc.dll) WinVerifyTrust
52dc.65f4: supR3HardenedWinVerifyCacheInsert: \Device\HarddiskVolume2\Program Files\Oracle\VirtualBox\VBoxDragAndDropSvc.dll
52dc.65f4: supR3HardenedWinVerifyCacheProcessImportTodos: Processing 'msvcp140.dll'...
52dc.65f4: supR3HardenedWinVerifyCacheProcessImportTodos: 'msvcp140.dll' -> '\Device\HarddiskVolume2\Windows\System32\msvcp140.dll' [rcNtRedir=0xc0150008]
52dc.65f4: supR3HardenedWinVerifyCacheProcessImportTodos: Processing 'vcruntime140_1.dll'...
52dc.65f4: supR3HardenedWinVerifyCacheProcessImportTodos: 'vcruntime140_1.dll' -> '\Device\HarddiskVolume2\Windows\System32\vcruntime140_1.dll' [rcNtRedir=0xc0150008]
52dc.65f4: supR3HardenedScreenImage/Imports: cache hit (VINF_SUCCESS) on \Device\HarddiskVolume2\Windows\System32\vcruntime140_1.dll
52dc.65f4: supR3HardenedWinVerifyCacheProcessImportTodos: Processing 'vcruntime140.dll'...
52dc.65f4: supR3HardenedWinVerifyCacheProcessImportTodos: 'vcruntime140.dll' -> '\Device\HarddiskVolume2\Windows\System32\vcruntime140.dll' [rcNtRedir=0xc0150008]
52dc.65f4: supR3HardenedWinVerifyCacheProcessImportTodos: Processing 'vboxrt.dll'...
52dc.65f4: supR3HardenedWinVerifyCacheProcessImportTodos: 'vboxrt.dll' -> '\Device\HarddiskVolume2\Program Files\Oracle\VirtualBox\vboxrt.dll' [rcNtRedir=0xc0150008]
52dc.65f4: supR3HardenedMonitor_LdrLoadDll: pName=C:\Program Files\Oracle\VirtualBox\VBoxDragAndDropSvc.DLL (rcNtResolve=0xc0150008) *pfFlags=0x0 pwszSearchPath=0000000000000001:<flags> [calling]
52dc.65f4: supR3HardenedScreenImage/NtCreateSection: cache hit (VINF_SUCCESS) on \Device\HarddiskVolume2\Program Files\Oracle\VirtualBox\VBoxDragAndDropSvc.dll
52dc.65f4: supR3HardenedDllNotificationCallback: load   00007ffefb5c0000 LB 0x0000d000 C:\Program Files\Oracle\VirtualBox\VBoxDragAndDropSvc.DLL [fFlags=0x0]
52dc.65f4: supR3HardenedScreenImage/LdrLoadDll: cache hit (VINF_SUCCESS) on \Device\HarddiskVolume2\Program Files\Oracle\VirtualBox\VBoxDragAndDropSvc.dll
52dc.65f4: supR3HardenedMonitor_LdrLoadDll: returns rcNt=0x0 hMod=00007ffefb5c0000 'C:\Program Files\Oracle\VirtualBox\VBoxDragAndDropSvc.DLL'
52dc.70f0: supR3HardenedMonitor_LdrLoadDll: returns rcNt=0x0 hMod=00007fff15050000 'C:\WINDOWS\system32\Shell32.dll'
52dc.70f0: supR3HardNtViCallWinVerifyTrustCatFile: hFile=0000000000001194 pwszName=\Device\HarddiskVolume2\Windows\System32\WinHvPlatform.dll
52dc.70f0: supR3HardNtViCallWinVerifyTrustCatFile: Cached context 00000209bd1aa9e0
52dc.70f0: supR3HardNtViCallWinVerifyTrustCatFile: hCatAdmin=00000209bd1aa9e0
52dc.70f0: supR3HardNtViCallWinVerifyTrustCatFile: cbHash=20 wszDigest=9F9310DDD773827A63A1F3F156518AABB04594E7
52dc.70f0: supR3HardenedMonitor_LdrLoadDll: returns rcNt=0x0 hMod=00007fff12620000 'C:\WINDOWS\system32\rsaenh.dll'
52dc.70f0: supR3HardenedMonitor_LdrLoadDll: returns rcNt=0x0 hMod=00007fff14730000 'C:\WINDOWS\System32\crypt32.dll'
52dc.70f0: supR3HardNtViCallWinVerifyTrustCatFile: WinVerifyTrust => 0x0; cat='C:\WINDOWS\system32\CatRoot\{F750E6C3-38EE-11D1-85E5-00C04FC295EE}\Microsoft-Windows-Client-Features-Package~31bf3856ad364e35~amd64~~10.0.26100.8246.cat'; file='\Device\HarddiskVolume2\Windows\System32\WinHvPlatform.dll'
52dc.70f0: supR3HardNtViCallWinVerifyTrustCatFile -> 0 (org 22900)
52dc.70f0: supR3HardenedWinVerifyCacheScheduleImports: Import todo: #27 'devobj.dll'.
52dc.70f0: supHardenedWinVerifyImageByHandle: -> 0 (\Device\HarddiskVolume2\Windows\System32\WinHvPlatform.dll) WinVerifyTrust
52dc.70f0: supR3HardenedWinVerifyCacheInsert: \Device\HarddiskVolume2\Windows\System32\WinHvPlatform.dll
52dc.70f0: supR3HardenedWinVerifyCacheProcessImportTodos: Processing 'devobj.dll'...
52dc.70f0: supR3HardenedWinVerifyCacheProcessImportTodos: 'devobj.dll' -> '\Device\HarddiskVolume2\Windows\System32\devobj.dll' [rcNtRedir=0xc0150008]
52dc.70f0: supR3HardenedScreenImage/Imports: cache hit (VINF_SUCCESS) on \Device\HarddiskVolume2\Windows\System32\devobj.dll
52dc.70f0: supR3HardenedMonitor_LdrLoadDll: pName=C:\WINDOWS\system32\WinHvPlatform.dll (rcNtResolve=0xc0150008) *pfFlags=0x0 pwszSearchPath=0000000000000001:<flags> [calling]
52dc.70f0: supR3HardenedScreenImage/NtCreateSection: cache hit (VINF_SUCCESS) on \Device\HarddiskVolume2\Windows\System32\WinHvPlatform.dll
52dc.70f0: supR3HardenedDllNotificationCallback: load   00007ffe97700000 LB 0x00060000 C:\WINDOWS\system32\WinHvPlatform.dll [fFlags=0x0]
52dc.70f0: supR3HardenedScreenImage/LdrLoadDll: cache hit (VINF_SUCCESS) on \Device\HarddiskVolume2\Windows\System32\WinHvPlatform.dll
52dc.70f0: supR3HardenedMonitor_LdrLoadDll: returns rcNt=0x0 hMod=00007ffe97700000 'C:\WINDOWS\system32\WinHvPlatform.dll'
52dc.70f0: supR3HardenedMonitor_LdrLoadDll: returns rcNt=0x0 hMod=00007fff12620000 'C:\WINDOWS\system32\rsaenh.dll'
52dc.70f0: supR3HardenedMonitor_LdrLoadDll: returns rcNt=0x0 hMod=00007fff14730000 'C:\WINDOWS\System32\crypt32.dll'
52dc.70f0: supHardenedWinVerifyImageByHandle: -> 0 (\Device\HarddiskVolume2\Windows\System32\vid.dll) WinVerifyTrust
52dc.70f0: supR3HardenedWinVerifyCacheInsert: \Device\HarddiskVolume2\Windows\System32\vid.dll
52dc.70f0: supR3HardenedMonitor_LdrLoadDll: pName=C:\WINDOWS\system32\vid.dll (rcNtResolve=0xc0150008) *pfFlags=0x0 pwszSearchPath=0000000000000001:<flags> [calling]
52dc.70f0: supR3HardenedScreenImage/NtCreateSection: cache hit (VINF_SUCCESS) on \Device\HarddiskVolume2\Windows\System32\vid.dll
52dc.70f0: supR3HardenedDllNotificationCallback: load   00007ffe9b050000 LB 0x0003e000 C:\WINDOWS\system32\vid.dll [fFlags=0x0]
52dc.70f0: supR3HardenedScreenImage/LdrLoadDll: cache hit (VINF_SUCCESS) on \Device\HarddiskVolume2\Windows\System32\vid.dll
52dc.70f0: supR3HardenedMonitor_LdrLoadDll: returns rcNt=0x0 hMod=00007ffe9b050000 'C:\WINDOWS\system32\vid.dll'
52dc.70f0: supR3HardenedMonitor_LdrLoadDll: returns rcNt=0x0 hMod=00007fff12620000 'C:\WINDOWS\system32\rsaenh.dll'
52dc.70f0: supR3HardenedMonitor_LdrLoadDll: returns rcNt=0x0 hMod=00007fff14730000 'C:\WINDOWS\System32\crypt32.dll'
52dc.70f0: '\Device\HarddiskVolume2\Windows\System32\ntdll.dll' has no imports
52dc.70f0: supHardenedWinVerifyImageByHandle: -> 0 (\Device\HarddiskVolume2\Windows\System32\ntdll.dll) WinVerifyTrust
52dc.70f0: supR3HardenedWinVerifyCacheInsert: \Device\HarddiskVolume2\Windows\System32\ntdll.dll
52dc.70f0: supR3HardenedMonitor_LdrLoadDll: pName=C:\WINDOWS\system32\NTDLL.DLL (rcNtResolve=0xc0150008) *pfFlags=0x0 pwszSearchPath=0000000000000001:<flags> [calling]
52dc.70f0: supR3HardenedMonitor_LdrLoadDll: returns rcNt=0x0 hMod=00007fff17080000 'C:\WINDOWS\system32\NTDLL.DLL'
52dc.70f0: supR3HardenedScreenImage/LdrLoadDll: cache hit (VINF_SUCCESS) on \Device\HarddiskVolume2\Windows\System32\rsaenh.dll
52dc.70f0: supR3HardenedMonitor_LdrLoadDll: pName=C:\WINDOWS\system32\rsaenh.dll (rcNtResolve=0xc0150008) *pfFlags=0x0 pwszSearchPath=0000000000000001:<flags> [calling]
52dc.70f0: supR3HardenedMonitor_LdrLoadDll: returns rcNt=0x0 hMod=00007fff12620000 'C:\WINDOWS\system32\rsaenh.dll'
52dc.70f0: supR3HardenedMonitor_LdrLoadDll: returns rcNt=0x0 hMod=00007fff14730000 'C:\WINDOWS\System32\crypt32.dll'
52dc.70f0: supR3HardenedMonitor_LdrLoadDll: returns rcNt=0x0 hMod=00007fff12620000 'C:\WINDOWS\system32\rsaenh.dll'
52dc.70f0: supR3HardenedMonitor_LdrLoadDll: returns rcNt=0x0 hMod=00007fff14730000 'C:\WINDOWS\System32\crypt32.dll'
52dc.70f0: supR3HardenedWinVerifyCacheScheduleImports: Import todo: #0 'vboxrt.dll'.
52dc.70f0: supR3HardenedWinVerifyCacheScheduleImports: Import todo: #1 'vboxddu.dll'.
52dc.70f0: supR3HardenedWinVerifyCacheScheduleImports: Import todo: #2 'vboxdd2.dll'.
52dc.70f0: supR3HardenedWinVerifyCacheScheduleImports: Import todo: #4 'user32.dll'.
52dc.70f0: supR3HardenedWinVerifyCacheScheduleImports: Import todo: #5 'setupapi.dll'.
52dc.70f0: supR3HardenedWinVerifyCacheScheduleImports: Import todo: #6 'ws2_32.dll'.
52dc.70f0: supR3HardenedWinVerifyCacheScheduleImports: Import todo: #7 'ole32.dll'.
52dc.70f0: supR3HardenedWinVerifyCacheScheduleImports: Import todo: #8 'oleaut32.dll'.
52dc.70f0: supR3HardenedWinVerifyCacheScheduleImports: Import todo: #9 'iphlpapi.dll'.
52dc.70f0: supR3HardenedWinVerifyCacheScheduleImports: Import todo: #21 'vcruntime140.dll'.
52dc.70f0: supR3HardenedWinVerifyCacheScheduleImports: Import todo: #22 'vcruntime140_1.dll'.
52dc.70f0: supHardenedWinVerifyImageByHandle: -> 0 (\Device\HarddiskVolume2\Program Files\Oracle\VirtualBox\VBoxDD.dll) WinVerifyTrust
52dc.70f0: supR3HardenedWinVerifyCacheInsert: \Device\HarddiskVolume2\Program Files\Oracle\VirtualBox\VBoxDD.dll
52dc.70f0: supR3HardenedWinVerifyCacheProcessImportTodos: Processing 'vcruntime140_1.dll'...
52dc.70f0: supR3HardenedWinVerifyCacheProcessImportTodos: 'vcruntime140_1.dll' -> '\Device\HarddiskVolume2\Windows\System32\vcruntime140_1.dll' [rcNtRedir=0xc0150008]
52dc.70f0: supR3HardenedWinVerifyCacheProcessImportTodos: Processing 'vcruntime140.dll'...
52dc.70f0: supR3HardenedWinVerifyCacheProcessImportTodos: 'vcruntime140.dll' -> '\Device\HarddiskVolume2\Windows\System32\vcruntime140.dll' [rcNtRedir=0xc0150008]
52dc.70f0: supR3HardenedWinVerifyCacheProcessImportTodos: Processing 'iphlpapi.dll'...
52dc.70f0: supR3HardenedWinVerifyCacheProcessImportTodos: 'iphlpapi.dll' -> '\Device\HarddiskVolume2\Windows\System32\iphlpapi.dll' [rcNtRedir=0xc0150008]
52dc.70f0: supR3HardenedMonitor_LdrLoadDll: returns rcNt=0x0 hMod=00007fff12620000 'C:\WINDOWS\system32\rsaenh.dll'
52dc.70f0: supR3HardenedMonitor_LdrLoadDll: returns rcNt=0x0 hMod=00007fff14730000 'C:\WINDOWS\System32\crypt32.dll'
52dc.70f0: supHardenedWinVerifyImageByHandle: -> 0 (\Device\HarddiskVolume2\Windows\System32\IPHLPAPI.DLL) WinVerifyTrust
52dc.70f0: supR3HardenedWinVerifyCacheInsert: \Device\HarddiskVolume2\Windows\System32\IPHLPAPI.DLL
52dc.70f0: supR3HardenedWinVerifyCacheProcessImportTodos: Processing 'oleaut32.dll'...
52dc.70f0: supR3HardenedWinVerifyCacheProcessImportTodos: 'oleaut32.dll' -> '\Device\HarddiskVolume2\Windows\System32\oleaut32.dll' [rcNtRedir=0xc0150008]
52dc.70f0: supR3HardenedWinVerifyCacheProcessImportTodos: Processing 'ole32.dll'...
52dc.70f0: supR3HardenedWinVerifyCacheProcessImportTodos: 'ole32.dll' -> '\Device\HarddiskVolume2\Windows\System32\ole32.dll' [rcNtRedir=0xc0150008]
52dc.70f0: supR3HardenedWinVerifyCacheProcessImportTodos: Processing 'ws2_32.dll'...
52dc.70f0: supR3HardenedWinVerifyCacheProcessImportTodos: 'ws2_32.dll' -> '\Device\HarddiskVolume2\Windows\System32\ws2_32.dll' [rcNtRedir=0xc0150008]
52dc.70f0: supR3HardenedScreenImage/Imports: cache hit (VINF_SUCCESS) on \Device\HarddiskVolume2\Windows\System32\ws2_32.dll
52dc.70f0: supR3HardenedWinVerifyCacheProcessImportTodos: Processing 'setupapi.dll'...
52dc.70f0: supR3HardenedWinVerifyCacheProcessImportTodos: 'setupapi.dll' -> '\Device\HarddiskVolume2\Windows\System32\setupapi.dll' [rcNtRedir=0xc0150008]
52dc.70f0: supR3HardenedScreenImage/Imports: cache hit (VINF_SUCCESS) on \Device\HarddiskVolume2\Windows\System32\setupapi.dll
52dc.70f0: supR3HardenedWinVerifyCacheProcessImportTodos: Processing 'user32.dll'...
52dc.70f0: supR3HardenedWinVerifyCacheProcessImportTodos: 'user32.dll' -> '\Device\HarddiskVolume2\Windows\System32\user32.dll' [rcNtRedir=0xc0150008]
52dc.70f0: supR3HardenedWinVerifyCacheProcessImportTodos: Processing 'vboxdd2.dll'...
52dc.70f0: supR3HardenedWinVerifyCacheProcessImportTodos: 'vboxdd2.dll' -> '\Device\HarddiskVolume2\Program Files\Oracle\VirtualBox\vboxdd2.dll' [rcNtRedir=0xc0150008]
52dc.70f0: supR3HardenedMonitor_LdrLoadDll: returns rcNt=0x0 hMod=00007fff12620000 'C:\WINDOWS\system32\rsaenh.dll'
52dc.70f0: supR3HardenedMonitor_LdrLoadDll: returns rcNt=0x0 hMod=00007fff14730000 'C:\WINDOWS\System32\crypt32.dll'
52dc.70f0: supR3HardenedWinVerifyCacheScheduleImports: Import todo: #0 'vboxrt.dll'.
52dc.70f0: supR3HardenedWinVerifyCacheScheduleImports: Import todo: #3 'vcruntime140.dll'.
52dc.70f0: supHardenedWinVerifyImageByHandle: -> 0 (\Device\HarddiskVolume2\Program Files\Oracle\VirtualBox\VBoxDD2.dll) WinVerifyTrust
52dc.70f0: supR3HardenedWinVerifyCacheInsert: \Device\HarddiskVolume2\Program Files\Oracle\VirtualBox\VBoxDD2.dll
52dc.70f0: supR3HardenedWinVerifyCacheProcessImportTodos: Processing 'vboxddu.dll'...
52dc.70f0: supR3HardenedWinVerifyCacheProcessImportTodos: 'vboxddu.dll' -> '\Device\HarddiskVolume2\Program Files\Oracle\VirtualBox\vboxddu.dll' [rcNtRedir=0xc0150008]
52dc.70f0: supR3HardenedWinVerifyCacheProcessImportTodos: Processing 'vcruntime140.dll'...
52dc.70f0: supR3HardenedWinVerifyCacheProcessImportTodos: 'vcruntime140.dll' -> '\Device\HarddiskVolume2\Windows\System32\vcruntime140.dll' [rcNtRedir=0xc0150008]
52dc.70f0: supR3HardenedWinVerifyCacheProcessImportTodos: Processing 'vboxrt.dll'...
52dc.70f0: supR3HardenedWinVerifyCacheProcessImportTodos: 'vboxrt.dll' -> '\Device\HarddiskVolume2\Program Files\Oracle\VirtualBox\vboxrt.dll' [rcNtRedir=0xc0150008]
52dc.70f0: supR3HardenedMonitor_LdrLoadDll: returns rcNt=0x0 hMod=00007fff12620000 'C:\WINDOWS\system32\rsaenh.dll'
52dc.70f0: supR3HardenedMonitor_LdrLoadDll: returns rcNt=0x0 hMod=00007fff14730000 'C:\WINDOWS\System32\crypt32.dll'
52dc.70f0: supR3HardenedWinVerifyCacheScheduleImports: Import todo: #0 'vboxrt.dll'.
52dc.70f0: supR3HardenedWinVerifyCacheScheduleImports: Import todo: #2 'user32.dll'.
52dc.70f0: supR3HardenedWinVerifyCacheScheduleImports: Import todo: #3 'setupapi.dll'.
52dc.70f0: supR3HardenedWinVerifyCacheScheduleImports: Import todo: #5 'vcruntime140.dll'.
52dc.70f0: supR3HardenedWinVerifyCacheScheduleImports: Import todo: #6 'advapi32.dll'.
52dc.70f0: supHardenedWinVerifyImageByHandle: -> 0 (\Device\HarddiskVolume2\Program Files\Oracle\VirtualBox\VBoxDDU.dll) WinVerifyTrust
52dc.70f0: supR3HardenedWinVerifyCacheInsert: \Device\HarddiskVolume2\Program Files\Oracle\VirtualBox\VBoxDDU.dll
52dc.70f0: supR3HardenedWinVerifyCacheProcessImportTodos: Processing 'vboxrt.dll'...
52dc.70f0: supR3HardenedWinVerifyCacheProcessImportTodos: 'vboxrt.dll' -> '\Device\HarddiskVolume2\Program Files\Oracle\VirtualBox\vboxrt.dll' [rcNtRedir=0xc0150008]
52dc.70f0: supR3HardenedWinVerifyCacheProcessImportTodos: Processing 'advapi32.dll'...
52dc.70f0: supR3HardenedWinVerifyCacheProcessImportTodos: 'advapi32.dll' -> '\Device\HarddiskVolume2\Windows\System32\advapi32.dll' [rcNtRedir=0xc0150008]
52dc.70f0: supR3HardenedWinVerifyCacheProcessImportTodos: Processing 'vcruntime140.dll'...
52dc.70f0: supR3HardenedWinVerifyCacheProcessImportTodos: 'vcruntime140.dll' -> '\Device\HarddiskVolume2\Windows\System32\vcruntime140.dll' [rcNtRedir=0xc0150008]
52dc.70f0: supR3HardenedWinVerifyCacheProcessImportTodos: Processing 'setupapi.dll'...
52dc.70f0: supR3HardenedWinVerifyCacheProcessImportTodos: 'setupapi.dll' -> '\Device\HarddiskVolume2\Windows\System32\setupapi.dll' [rcNtRedir=0xc0150008]
52dc.70f0: supR3HardenedScreenImage/Imports: cache hit (VINF_SUCCESS) on \Device\HarddiskVolume2\Windows\System32\setupapi.dll
52dc.70f0: supR3HardenedWinVerifyCacheProcessImportTodos: Processing 'user32.dll'...
52dc.70f0: supR3HardenedWinVerifyCacheProcessImportTodos: 'user32.dll' -> '\Device\HarddiskVolume2\Windows\System32\user32.dll' [rcNtRedir=0xc0150008]
52dc.70f0: supR3HardenedWinVerifyCacheProcessImportTodos: Processing 'vboxrt.dll'...
52dc.70f0: supR3HardenedWinVerifyCacheProcessImportTodos: 'vboxrt.dll' -> '\Device\HarddiskVolume2\Program Files\Oracle\VirtualBox\vboxrt.dll' [rcNtRedir=0xc0150008]
52dc.70f0: supR3HardenedMonitor_LdrLoadDll: pName=C:\Program Files\Oracle\VirtualBox\VBoxDD.DLL (rcNtResolve=0xc0150008) *pfFlags=0x0 pwszSearchPath=0000000000000001:<flags> [calling]
52dc.70f0: supR3HardenedScreenImage/NtCreateSection: cache hit (VINF_SUCCESS) on \Device\HarddiskVolume2\Program Files\Oracle\VirtualBox\VBoxDD.dll
52dc.70f0: supR3HardenedScreenImage/NtCreateSection: cache hit (VINF_SUCCESS) on \Device\HarddiskVolume2\Program Files\Oracle\VirtualBox\VBoxDDU.dll
52dc.70f0: supR3HardenedScreenImage/NtCreateSection: cache hit (VINF_SUCCESS) on \Device\HarddiskVolume2\Program Files\Oracle\VirtualBox\VBoxDD2.dll
52dc.70f0: supR3HardenedScreenImage/NtCreateSection: cache hit (VINF_SUCCESS) on \Device\HarddiskVolume2\Windows\System32\IPHLPAPI.DLL
52dc.70f0: supR3HardenedDllNotificationCallback: load   00007ffe6f0a0000 LB 0x00073000 C:\Program Files\Oracle\VirtualBox\VBoxDDU.dll [fFlags=0x0]
52dc.70f0: supR3HardenedScreenImage/LdrLoadDll: cache hit (VINF_SUCCESS) on \Device\HarddiskVolume2\Program Files\Oracle\VirtualBox\VBoxDDU.dll
52dc.70f0: supR3HardenedDllNotificationCallback: load   00007ffe0a130000 LB 0x00e5e000 C:\Program Files\Oracle\VirtualBox\VBoxDD2.dll [fFlags=0x0]
52dc.70f0: supR3HardenedScreenImage/LdrLoadDll: cache hit (VINF_SUCCESS) on \Device\HarddiskVolume2\Program Files\Oracle\VirtualBox\VBoxDD2.dll
52dc.70f0: supR3HardenedDllNotificationCallback: load   00007fff12090000 LB 0x00032000 C:\WINDOWS\SYSTEM32\IPHLPAPI.DLL [fFlags=0x0]
52dc.70f0: supR3HardenedScreenImage/LdrLoadDll: cache hit (VINF_SUCCESS) on \Device\HarddiskVolume2\Windows\System32\IPHLPAPI.DLL
52dc.70f0: supR3HardenedDllNotificationCallback: load   00007ffe0af90000 LB 0x00ae2000 C:\Program Files\Oracle\VirtualBox\VBoxDD.DLL [fFlags=0x0]
52dc.70f0: supR3HardenedScreenImage/LdrLoadDll: cache hit (VINF_SUCCESS) on \Device\HarddiskVolume2\Program Files\Oracle\VirtualBox\VBoxDD.dll
52dc.70f0: supR3HardenedMonitor_LdrLoadDll: returns rcNt=0x0 hMod=00007ffe0af90000 'C:\Program Files\Oracle\VirtualBox\VBoxDD.DLL'
52dc.70f0: supR3HardenedMonitor_LdrLoadDll: returns rcNt=0x0 hMod=00007fff12620000 'C:\WINDOWS\system32\rsaenh.dll'
52dc.70f0: supR3HardenedMonitor_LdrLoadDll: returns rcNt=0x0 hMod=00007fff14730000 'C:\WINDOWS\System32\crypt32.dll'
52dc.70f0: supR3HardenedScreenImage/LdrLoadDll: cache hit (VINF_SUCCESS) on \Device\HarddiskVolume2\Program Files\Oracle\VirtualBox\VBoxC.dll
52dc.70f0: supR3HardenedMonitor_LdrLoadDll: pName=C:\Program Files\Oracle\VirtualBox\VBoxC.DLL (rcNtResolve=0xc0150008) *pfFlags=0x0 pwszSearchPath=0000000000000001:<flags> [calling]
52dc.70f0: supR3HardenedMonitor_LdrLoadDll: returns rcNt=0x0 hMod=00007ffe1b3f0000 'C:\Program Files\Oracle\VirtualBox\VBoxC.DLL'
52dc.70f0: supR3HardenedMonitor_LdrLoadDll: returns rcNt=0x0 hMod=00007fff12620000 'C:\WINDOWS\system32\rsaenh.dll'
52dc.70f0: supR3HardenedMonitor_LdrLoadDll: returns rcNt=0x0 hMod=00007fff14730000 'C:\WINDOWS\System32\crypt32.dll'
52dc.70f0: supR3HardenedScreenImage/LdrLoadDll: cache hit (VINF_SUCCESS) on \Device\HarddiskVolume2\Program Files\Oracle\VirtualBox\VBoxDD2.dll
52dc.70f0: supR3HardenedMonitor_LdrLoadDll: pName=C:\Program Files\Oracle\VirtualBox\VBoxDD2.DLL (rcNtResolve=0xc0150008) *pfFlags=0x0 pwszSearchPath=0000000000000001:<flags> [calling]
52dc.70f0: supR3HardenedMonitor_LdrLoadDll: returns rcNt=0x0 hMod=00007ffe0a130000 'C:\Program Files\Oracle\VirtualBox\VBoxDD2.DLL'
52dc.70f0: supR3HardenedMonitor_LdrLoadDll: returns rcNt=0x0 hMod=00007fff12620000 'C:\WINDOWS\system32\rsaenh.dll'
52dc.70f0: supR3HardenedMonitor_LdrLoadDll: returns rcNt=0x0 hMod=00007fff14730000 'C:\WINDOWS\System32\crypt32.dll'
52dc.70f0: \Device\HarddiskVolume2\Program Files\Oracle\VirtualBox\ExtensionPacks\Oracle_VirtualBox_Extension_Pack\win.amd64\VBoxUsbCardReaderR3.dll: Owner is administrators group.
52dc.70f0: supR3HardenedMonitor_LdrLoadDll: returns rcNt=0x0 hMod=00007fff12620000 'C:\WINDOWS\system32\rsaenh.dll'
52dc.70f0: supR3HardenedMonitor_LdrLoadDll: returns rcNt=0x0 hMod=00007fff14730000 'C:\WINDOWS\System32\crypt32.dll'
52dc.70f0: supR3HardenedWinVerifyCacheScheduleImports: Import todo: #1 'vcruntime140.dll'.
52dc.70f0: supR3HardenedWinVerifyCacheScheduleImports: Import todo: #2 'vboxrt.dll'.
52dc.70f0: supHardenedWinVerifyImageByHandle: -> 0 (\Device\HarddiskVolume2\Program Files\Oracle\VirtualBox\ExtensionPacks\Oracle_VirtualBox_Extension_Pack\win.amd64\VBoxUsbCardReaderR3.dll) WinVerifyTrust
52dc.70f0: supR3HardenedWinVerifyCacheInsert: \Device\HarddiskVolume2\Program Files\Oracle\VirtualBox\ExtensionPacks\Oracle_VirtualBox_Extension_Pack\win.amd64\VBoxUsbCardReaderR3.dll
52dc.70f0: supR3HardenedWinVerifyCacheProcessImportTodos: Processing 'vboxrt.dll'...
52dc.70f0: supR3HardenedWinVerifyCacheProcessImportTodos: 'vboxrt.dll' -> '\Device\HarddiskVolume2\Program Files\Oracle\VirtualBox\vboxrt.dll' [rcNtRedir=0xc0150008]
52dc.70f0: supR3HardenedWinVerifyCacheProcessImportTodos: Processing 'vcruntime140.dll'...
52dc.70f0: supR3HardenedWinVerifyCacheProcessImportTodos: 'vcruntime140.dll' -> '\Device\HarddiskVolume2\Windows\System32\vcruntime140.dll' [rcNtRedir=0xc0150008]
52dc.70f0: supR3HardenedMonitor_LdrLoadDll: pName=C:\Program Files\Oracle\VirtualBox\ExtensionPacks\Oracle_VirtualBox_Extension_Pack\win.amd64\VBoxUsbCardReaderR3.DLL (rcNtResolve=0xc0150008) *pfFlags=0x0 pwszSearchPath=0000000000000001:<flags> [calling]
52dc.70f0: supR3HardenedScreenImage/NtCreateSection: cache hit (VINF_SUCCESS) on \Device\HarddiskVolume2\Program Files\Oracle\VirtualBox\ExtensionPacks\Oracle_VirtualBox_Extension_Pack\win.amd64\VBoxUsbCardReaderR3.dll
52dc.70f0: supR3HardenedDllNotificationCallback: load   00007ffeee8f0000 LB 0x00013000 C:\Program Files\Oracle\VirtualBox\ExtensionPacks\Oracle_VirtualBox_Extension_Pack\win.amd64\VBoxUsbCardReaderR3.DLL [fFlags=0x0]
52dc.70f0: supR3HardenedScreenImage/LdrLoadDll: cache hit (VINF_SUCCESS) on \Device\HarddiskVolume2\Program Files\Oracle\VirtualBox\ExtensionPacks\Oracle_VirtualBox_Extension_Pack\win.amd64\VBoxUsbCardReaderR3.dll
52dc.70f0: supR3HardenedMonitor_LdrLoadDll: returns rcNt=0x0 hMod=00007ffeee8f0000 'C:\Program Files\Oracle\VirtualBox\ExtensionPacks\Oracle_VirtualBox_Extension_Pack\win.amd64\VBoxUsbCardReaderR3.DLL'
52dc.3284: supR3HardenedMonitor_LdrLoadDll: returns rcNt=0x0 hMod=00007fff12620000 'C:\WINDOWS\system32\rsaenh.dll'
52dc.3284: supR3HardenedMonitor_LdrLoadDll: returns rcNt=0x0 hMod=00007fff14730000 'C:\WINDOWS\System32\crypt32.dll'
52dc.3284: supR3HardenedWinVerifyCacheScheduleImports: Import todo: #0 'vboxrt.dll'.
52dc.3284: supR3HardenedWinVerifyCacheScheduleImports: Import todo: #1 'vcruntime140.dll'.
52dc.3284: supHardenedWinVerifyImageByHandle: -> 0 (\Device\HarddiskVolume2\Program Files\Oracle\VirtualBox\VBoxSharedFolders.dll) WinVerifyTrust
52dc.3284: supR3HardenedWinVerifyCacheInsert: \Device\HarddiskVolume2\Program Files\Oracle\VirtualBox\VBoxSharedFolders.dll
52dc.3284: supR3HardenedWinVerifyCacheProcessImportTodos: Processing 'vcruntime140.dll'...
52dc.3284: supR3HardenedWinVerifyCacheProcessImportTodos: 'vcruntime140.dll' -> '\Device\HarddiskVolume2\Windows\System32\vcruntime140.dll' [rcNtRedir=0xc0150008]
52dc.3284: supR3HardenedWinVerifyCacheProcessImportTodos: Processing 'vboxrt.dll'...
52dc.3284: supR3HardenedWinVerifyCacheProcessImportTodos: 'vboxrt.dll' -> '\Device\HarddiskVolume2\Program Files\Oracle\VirtualBox\vboxrt.dll' [rcNtRedir=0xc0150008]
52dc.3284: supR3HardenedMonitor_LdrLoadDll: pName=C:\Program Files\Oracle\VirtualBox\VBoxSharedFolders.DLL (rcNtResolve=0xc0150008) *pfFlags=0x0 pwszSearchPath=0000000000000001:<flags> [calling]
52dc.3284: supR3HardenedScreenImage/NtCreateSection: cache hit (VINF_SUCCESS) on \Device\HarddiskVolume2\Program Files\Oracle\VirtualBox\VBoxSharedFolders.dll
52dc.3284: supR3HardenedDllNotificationCallback: load   00007ffeee890000 LB 0x00015000 C:\Program Files\Oracle\VirtualBox\VBoxSharedFolders.DLL [fFlags=0x0]
52dc.3284: supR3HardenedScreenImage/LdrLoadDll: cache hit (VINF_SUCCESS) on \Device\HarddiskVolume2\Program Files\Oracle\VirtualBox\VBoxSharedFolders.dll
52dc.3284: supR3HardenedMonitor_LdrLoadDll: returns rcNt=0x0 hMod=00007ffeee890000 'C:\Program Files\Oracle\VirtualBox\VBoxSharedFolders.DLL'
52dc.3e84: supR3HardenedMonitor_LdrLoadDll: returns rcNt=0x0 hMod=00007fff12620000 'C:\WINDOWS\system32\rsaenh.dll'
52dc.3e84: supR3HardenedMonitor_LdrLoadDll: returns rcNt=0x0 hMod=00007fff14730000 'C:\WINDOWS\System32\crypt32.dll'
52dc.3e84: supR3HardenedWinVerifyCacheScheduleImports: Import todo: #0 'vboxrt.dll'.
52dc.3e84: supR3HardenedWinVerifyCacheScheduleImports: Import todo: #2 'vcruntime140.dll'.
52dc.3e84: supR3HardenedWinVerifyCacheScheduleImports: Import todo: #3 'vcruntime140_1.dll'.
52dc.3e84: supR3HardenedWinVerifyCacheScheduleImports: Import todo: #4 'msvcp140.dll'.
52dc.3e84: supHardenedWinVerifyImageByHandle: -> 0 (\Device\HarddiskVolume2\Program Files\Oracle\VirtualBox\VBoxGuestControlSvc.dll) WinVerifyTrust
52dc.3e84: supR3HardenedWinVerifyCacheInsert: \Device\HarddiskVolume2\Program Files\Oracle\VirtualBox\VBoxGuestControlSvc.dll
52dc.3e84: supR3HardenedWinVerifyCacheProcessImportTodos: Processing 'msvcp140.dll'...
52dc.3e84: supR3HardenedWinVerifyCacheProcessImportTodos: 'msvcp140.dll' -> '\Device\HarddiskVolume2\Windows\System32\msvcp140.dll' [rcNtRedir=0xc0150008]
52dc.3e84: supR3HardenedWinVerifyCacheProcessImportTodos: Processing 'vcruntime140_1.dll'...
52dc.3e84: supR3HardenedWinVerifyCacheProcessImportTodos: 'vcruntime140_1.dll' -> '\Device\HarddiskVolume2\Windows\System32\vcruntime140_1.dll' [rcNtRedir=0xc0150008]
52dc.3e84: supR3HardenedWinVerifyCacheProcessImportTodos: Processing 'vcruntime140.dll'...
52dc.3e84: supR3HardenedWinVerifyCacheProcessImportTodos: 'vcruntime140.dll' -> '\Device\HarddiskVolume2\Windows\System32\vcruntime140.dll' [rcNtRedir=0xc0150008]
52dc.3e84: supR3HardenedWinVerifyCacheProcessImportTodos: Processing 'vboxrt.dll'...
52dc.3e84: supR3HardenedWinVerifyCacheProcessImportTodos: 'vboxrt.dll' -> '\Device\HarddiskVolume2\Program Files\Oracle\VirtualBox\vboxrt.dll' [rcNtRedir=0xc0150008]
52dc.3e84: supR3HardenedMonitor_LdrLoadDll: pName=C:\Program Files\Oracle\VirtualBox\VBoxGuestControlSvc.DLL (rcNtResolve=0xc0150008) *pfFlags=0x0 pwszSearchPath=0000000000000001:<flags> [calling]
52dc.3e84: supR3HardenedScreenImage/NtCreateSection: cache hit (VINF_SUCCESS) on \Device\HarddiskVolume2\Program Files\Oracle\VirtualBox\VBoxGuestControlSvc.dll
52dc.3e84: supR3HardenedDllNotificationCallback: load   00007ffefb290000 LB 0x0000c000 C:\Program Files\Oracle\VirtualBox\VBoxGuestControlSvc.DLL [fFlags=0x0]
52dc.3e84: supR3HardenedScreenImage/LdrLoadDll: cache hit (VINF_SUCCESS) on \Device\HarddiskVolume2\Program Files\Oracle\VirtualBox\VBoxGuestControlSvc.dll
52dc.3e84: supR3HardenedMonitor_LdrLoadDll: returns rcNt=0x0 hMod=00007ffefb290000 'C:\Program Files\Oracle\VirtualBox\VBoxGuestControlSvc.DLL'
52dc.1e40: supR3HardenedMonitor_LdrLoadDll: returns rcNt=0x0 hMod=00007fff12620000 'C:\WINDOWS\system32\rsaenh.dll'
52dc.1e40: supR3HardenedMonitor_LdrLoadDll: returns rcNt=0x0 hMod=00007fff14730000 'C:\WINDOWS\System32\crypt32.dll'
52dc.1e40: supR3HardenedWinVerifyCacheScheduleImports: Import todo: #0 'vboxrt.dll'.
52dc.1e40: supR3HardenedWinVerifyCacheScheduleImports: Import todo: #2 'vcruntime140.dll'.
52dc.1e40: supR3HardenedWinVerifyCacheScheduleImports: Import todo: #3 'vcruntime140_1.dll'.
52dc.1e40: supR3HardenedWinVerifyCacheScheduleImports: Import todo: #4 'msvcp140.dll'.
52dc.1e40: supHardenedWinVerifyImageByHandle: -> 0 (\Device\HarddiskVolume2\Program Files\Oracle\VirtualBox\VBoxGuestPropSvc.dll) WinVerifyTrust
52dc.1e40: supR3HardenedWinVerifyCacheInsert: \Device\HarddiskVolume2\Program Files\Oracle\VirtualBox\VBoxGuestPropSvc.dll
52dc.1e40: supR3HardenedWinVerifyCacheProcessImportTodos: Processing 'msvcp140.dll'...
52dc.1e40: supR3HardenedWinVerifyCacheProcessImportTodos: 'msvcp140.dll' -> '\Device\HarddiskVolume2\Windows\System32\msvcp140.dll' [rcNtRedir=0xc0150008]
52dc.1e40: supR3HardenedWinVerifyCacheProcessImportTodos: Processing 'vcruntime140_1.dll'...
52dc.1e40: supR3HardenedWinVerifyCacheProcessImportTodos: 'vcruntime140_1.dll' -> '\Device\HarddiskVolume2\Windows\System32\vcruntime140_1.dll' [rcNtRedir=0xc0150008]
52dc.1e40: supR3HardenedWinVerifyCacheProcessImportTodos: Processing 'vcruntime140.dll'...
52dc.1e40: supR3HardenedWinVerifyCacheProcessImportTodos: 'vcruntime140.dll' -> '\Device\HarddiskVolume2\Windows\System32\vcruntime140.dll' [rcNtRedir=0xc0150008]
52dc.1e40: supR3HardenedWinVerifyCacheProcessImportTodos: Processing 'vboxrt.dll'...
52dc.1e40: supR3HardenedWinVerifyCacheProcessImportTodos: 'vboxrt.dll' -> '\Device\HarddiskVolume2\Program Files\Oracle\VirtualBox\vboxrt.dll' [rcNtRedir=0xc0150008]
52dc.1e40: supR3HardenedMonitor_LdrLoadDll: pName=C:\Program Files\Oracle\VirtualBox\VBoxGuestPropSvc.DLL (rcNtResolve=0xc0150008) *pfFlags=0x0 pwszSearchPath=0000000000000001:<flags> [calling]
52dc.1e40: supR3HardenedScreenImage/NtCreateSection: cache hit (VINF_SUCCESS) on \Device\HarddiskVolume2\Program Files\Oracle\VirtualBox\VBoxGuestPropSvc.dll
52dc.1e40: supR3HardenedDllNotificationCallback: load   00007ffef37b0000 LB 0x0000d000 C:\Program Files\Oracle\VirtualBox\VBoxGuestPropSvc.DLL [fFlags=0x0]
52dc.1e40: supR3HardenedScreenImage/LdrLoadDll: cache hit (VINF_SUCCESS) on \Device\HarddiskVolume2\Program Files\Oracle\VirtualBox\VBoxGuestPropSvc.dll
52dc.1e40: supR3HardenedMonitor_LdrLoadDll: returns rcNt=0x0 hMod=00007ffef37b0000 'C:\Program Files\Oracle\VirtualBox\VBoxGuestPropSvc.DLL'
52dc.70f0: supR3HardenedMonitor_LdrLoadDll: returns rcNt=0x0 hMod=00007fff12620000 'C:\WINDOWS\system32\rsaenh.dll'
52dc.70f0: supR3HardenedMonitor_LdrLoadDll: returns rcNt=0x0 hMod=00007fff14730000 'C:\WINDOWS\System32\crypt32.dll'
52dc.70f0: \Device\HarddiskVolume2\Program Files\Oracle\VirtualBox\ExtensionPacks\Oracle_VirtualBox_Extension_Pack\win.amd64\VDPluginCrypt.dll: Owner is administrators group.
52dc.70f0: supR3HardenedMonitor_LdrLoadDll: returns rcNt=0x0 hMod=00007fff12620000 'C:\WINDOWS\system32\rsaenh.dll'
52dc.70f0: supR3HardenedMonitor_LdrLoadDll: returns rcNt=0x0 hMod=00007fff14730000 'C:\WINDOWS\System32\crypt32.dll'
52dc.70f0: supR3HardenedWinVerifyCacheScheduleImports: Import todo: #1 'vcruntime140.dll'.
52dc.70f0: supR3HardenedWinVerifyCacheScheduleImports: Import todo: #2 'vboxrt.dll'.
52dc.70f0: supHardenedWinVerifyImageByHandle: -> 0 (\Device\HarddiskVolume2\Program Files\Oracle\VirtualBox\ExtensionPacks\Oracle_VirtualBox_Extension_Pack\win.amd64\VDPluginCrypt.dll) WinVerifyTrust
52dc.70f0: supR3HardenedWinVerifyCacheInsert: \Device\HarddiskVolume2\Program Files\Oracle\VirtualBox\ExtensionPacks\Oracle_VirtualBox_Extension_Pack\win.amd64\VDPluginCrypt.dll
52dc.70f0: supR3HardenedWinVerifyCacheProcessImportTodos: Processing 'vboxrt.dll'...
52dc.70f0: supR3HardenedWinVerifyCacheProcessImportTodos: 'vboxrt.dll' -> '\Device\HarddiskVolume2\Program Files\Oracle\VirtualBox\vboxrt.dll' [rcNtRedir=0xc0150008]
52dc.70f0: supR3HardenedWinVerifyCacheProcessImportTodos: Processing 'vcruntime140.dll'...
52dc.70f0: supR3HardenedWinVerifyCacheProcessImportTodos: 'vcruntime140.dll' -> '\Device\HarddiskVolume2\Windows\System32\vcruntime140.dll' [rcNtRedir=0xc0150008]
52dc.70f0: supR3HardenedScreenImage/Imports: cache hit (VINF_SUCCESS) on \Device\HarddiskVolume2\Windows\System32\vcruntime140.dll
52dc.70f0: supR3HardenedMonitor_LdrLoadDll: pName=C:\Program Files\Oracle\VirtualBox\ExtensionPacks\Oracle_VirtualBox_Extension_Pack\win.amd64\VDPluginCrypt.DLL (rcNtResolve=0xc0150008) *pfFlags=0x0 pwszSearchPath=0000000000000001:<flags> [calling]
52dc.70f0: supR3HardenedScreenImage/NtCreateSection: cache hit (VINF_SUCCESS) on \Device\HarddiskVolume2\Program Files\Oracle\VirtualBox\ExtensionPacks\Oracle_VirtualBox_Extension_Pack\win.amd64\VDPluginCrypt.dll
52dc.70f0: supR3HardenedDllNotificationCallback: load   00007ffefb330000 LB 0x0000a000 C:\Program Files\Oracle\VirtualBox\ExtensionPacks\Oracle_VirtualBox_Extension_Pack\win.amd64\VDPluginCrypt.DLL [fFlags=0x0]
52dc.70f0: supR3HardenedScreenImage/LdrLoadDll: cache hit (VINF_SUCCESS) on \Device\HarddiskVolume2\Program Files\Oracle\VirtualBox\ExtensionPacks\Oracle_VirtualBox_Extension_Pack\win.amd64\VDPluginCrypt.dll
52dc.70f0: supR3HardenedMonitor_LdrLoadDll: returns rcNt=0x0 hMod=00007ffefb330000 'C:\Program Files\Oracle\VirtualBox\ExtensionPacks\Oracle_VirtualBox_Extension_Pack\win.amd64\VDPluginCrypt.DLL'
52dc.70f0: supR3HardenedMonitor_LdrLoadDll: returns rcNt=0x0 hMod=00007fff12620000 'C:\WINDOWS\system32\rsaenh.dll'
52dc.70f0: supR3HardenedMonitor_LdrLoadDll: returns rcNt=0x0 hMod=00007fff14730000 'C:\WINDOWS\System32\crypt32.dll'
52dc.70f0: supR3HardenedWinVerifyCacheScheduleImports: Import todo: #15 'ws2_32.dll'.
52dc.70f0: supR3HardenedWinVerifyCacheScheduleImports: Import todo: #23 'rpcrt4.dll'.
52dc.70f0: supHardenedWinVerifyImageByHandle: -> 0 (\Device\HarddiskVolume2\Windows\System32\mswsock.dll) WinVerifyTrust
52dc.70f0: supR3HardenedWinVerifyCacheInsert: \Device\HarddiskVolume2\Windows\System32\mswsock.dll
52dc.70f0: supR3HardenedWinVerifyCacheProcessImportTodos: Processing 'rpcrt4.dll'...
52dc.70f0: supR3HardenedWinVerifyCacheProcessImportTodos: 'rpcrt4.dll' -> '\Device\HarddiskVolume2\Windows\System32\rpcrt4.dll' [rcNtRedir=0xc0150008]
52dc.70f0: supR3HardenedWinVerifyCacheProcessImportTodos: Processing 'ws2_32.dll'...
52dc.70f0: supR3HardenedWinVerifyCacheProcessImportTodos: 'ws2_32.dll' -> '\Device\HarddiskVolume2\Windows\System32\ws2_32.dll' [rcNtRedir=0xc0150008]
52dc.70f0: supR3HardenedScreenImage/Imports: cache hit (VINF_SUCCESS) on \Device\HarddiskVolume2\Windows\System32\ws2_32.dll
52dc.70f0: supR3HardenedMonitor_LdrLoadDll: pName=C:\WINDOWS\system32\mswsock.dll (rcNtResolve=0xc0150008) *pfFlags=0x0 pwszSearchPath=0000000000000001:<flags> [calling]
52dc.70f0: supR3HardenedScreenImage/NtCreateSection: cache hit (VINF_SUCCESS) on \Device\HarddiskVolume2\Windows\System32\mswsock.dll
52dc.70f0: supR3HardenedDllNotificationCallback: load   00007fff12c50000 LB 0x0006c000 C:\WINDOWS\system32\mswsock.dll [fFlags=0x0]
52dc.70f0: supR3HardenedScreenImage/LdrLoadDll: cache hit (VINF_SUCCESS) on \Device\HarddiskVolume2\Windows\System32\mswsock.dll
52dc.70f0: supR3HardenedMonitor_LdrLoadDll: returns rcNt=0x0 hMod=00007fff12c50000 'C:\WINDOWS\system32\mswsock.dll'
52dc.70f0: supR3HardenedMonitor_LdrLoadDll: returns rcNt=0x0 hMod=00007fff12620000 'C:\WINDOWS\system32\rsaenh.dll'
52dc.70f0: supR3HardenedMonitor_LdrLoadDll: returns rcNt=0x0 hMod=00007fff14730000 'C:\WINDOWS\System32\crypt32.dll'
52dc.70f0: supR3HardenedWinVerifyCacheScheduleImports: Import todo: #0 'msvcp_win.dll'.
52dc.70f0: supHardenedWinVerifyImageByHandle: -> 0 (\Device\HarddiskVolume2\Windows\System32\MMDevAPI.dll) WinVerifyTrust
52dc.70f0: supR3HardenedWinVerifyCacheInsert: \Device\HarddiskVolume2\Windows\System32\MMDevAPI.dll
52dc.70f0: supR3HardenedWinVerifyCacheProcessImportTodos: Processing 'msvcp_win.dll'...
52dc.70f0: supR3HardenedWinVerifyCacheProcessImportTodos: 'msvcp_win.dll' -> '\Device\HarddiskVolume2\Windows\System32\msvcp_win.dll' [rcNtRedir=0xc0150008]
52dc.70f0: supR3HardenedMonitor_LdrLoadDll: pName=C:\WINDOWS\System32\MMDevApi.dll (rcNtResolve=0xc0150008) *pfFlags=0x0 pwszSearchPath=0000000000002009:<flags> [calling]
52dc.70f0: supR3HardenedScreenImage/NtCreateSection: cache hit (VINF_SUCCESS) on \Device\HarddiskVolume2\Windows\System32\MMDevAPI.dll
52dc.70f0: supR3HardenedDllNotificationCallback: load   00007fff0c580000 LB 0x00097000 C:\WINDOWS\System32\MMDevApi.dll [fFlags=0x0]
52dc.70f0: supR3HardenedScreenImage/LdrLoadDll: cache hit (VINF_SUCCESS) on \Device\HarddiskVolume2\Windows\System32\MMDevAPI.dll
52dc.70f0: supR3HardenedMonitor_LdrLoadDll: returns rcNt=0x0 hMod=00007fff0c580000 'C:\WINDOWS\System32\MMDevApi.dll'
52dc.70f0: supR3HardenedScreenImage/LdrLoadDll: cache hit (VINF_SUCCESS) on \Device\HarddiskVolume2\Windows\System32\MMDevAPI.dll
52dc.70f0: supR3HardenedMonitor_LdrLoadDll: pName=C:\WINDOWS\System32\MMDEVAPI.DLL (Input=MMDEVAPI.DLL, rcNtResolve=0xc0150008) *pfFlags=0x0 pwszSearchPath=0000000000000001:<flags> [calling]
52dc.70f0: supR3HardenedMonitor_LdrLoadDll: returns rcNt=0x0 hMod=00007fff0c580000 'C:\WINDOWS\System32\MMDEVAPI.DLL'
52dc.6d38: supR3HardenedScreenImage/LdrLoadDll: cache hit (VINF_SUCCESS) on \Device\HarddiskVolume2\Windows\System32\msctf.dll
52dc.6d38: supR3HardenedMonitor_LdrLoadDll: pName=C:\WINDOWS\System32\MSCTF.dll (rcNtResolve=0xc0150008) *pfFlags=0x0 pwszSearchPath=0000000000000009:<flags> [calling]
52dc.6d38: supR3HardenedMonitor_LdrLoadDll: returns rcNt=0x0 hMod=00007fff14e20000 'C:\WINDOWS\System32\MSCTF.dll'
52dc.6d38: supR3HardenedWinVerifyCacheScheduleImports: Import todo: #18 'msvcp_win.dll'.
52dc.6d38: supHardenedWinVerifyImageByHandle: -> 0 (\Device\HarddiskVolume2\Windows\System32\CoreMessaging.dll)
52dc.6d38: supR3HardenedWinVerifyCacheInsert: \Device\HarddiskVolume2\Windows\System32\CoreMessaging.dll
52dc.6d38: supR3HardenedDllNotificationCallback: load   00007fff10db0000 LB 0x00127000 C:\WINDOWS\SYSTEM32\CoreMessaging.dll [fFlags=0x0]
52dc.6d38: supR3HardenedScreenImage/LdrLoadDll: cache hit (VINF_SUCCESS) on \Device\HarddiskVolume2\Windows\System32\CoreMessaging.dll [avoiding WinVerifyTrust]
52dc.6d38: supR3HardenedWinVerifyCacheProcessImportTodos: Processing 'msvcp_win.dll'...
52dc.6d38: supR3HardenedWinVerifyCacheProcessImportTodos: 'msvcp_win.dll' -> '\Device\HarddiskVolume2\Windows\System32\msvcp_win.dll' [rcNtRedir=0xc0150008]
52dc.6d38: supR3HardenedMonitor_LdrLoadDll: returns rcNt=0x0 hMod=00007fff12620000 'C:\WINDOWS\system32\rsaenh.dll'
52dc.6d38: supR3HardenedMonitor_LdrLoadDll: returns rcNt=0x0 hMod=00007fff14730000 'C:\WINDOWS\System32\crypt32.dll'
52dc.6d38: supR3HardenedWinVerifyCacheProcessWvtTodos: 0 (was 0) fWinVerifyTrust=1 for '\Device\HarddiskVolume2\Windows\System32\CoreMessaging.dll'
52dc.6d38: supR3HardenedIsApiSetDll: ApiSetQueryApiSetPresence(api-ms-win-security-sddl-l1-1-0.dll) -> 0x0, fPresent=1
52dc.6d38: supR3HardenedMonitor_LdrLoadDll: pName=api-ms-win-security-sddl-l1-1-0.dll (rcNtResolve=0x0) *pfFlags=0x0 pwszSearchPath=0000000000000001:<flags> [calling]
52dc.6d38: supR3HardenedMonitor_LdrLoadDll: returns rcNt=0x0 hMod=00007fff16790000 'api-ms-win-security-sddl-l1-1-0.dll'
52dc.6d38: supR3HardenedIsApiSetDll: ApiSetQueryApiSetPresence(ext-ms-win-rtcore-ntuser-window-ext-l1-1-0.dll) -> 0x0, fPresent=1
52dc.6d38: supR3HardenedMonitor_LdrLoadDll: pName=ext-ms-win-rtcore-ntuser-window-ext-l1-1-0.dll (rcNtResolve=0x0) *pfFlags=0x0 pwszSearchPath=0000000000000001:<flags> [calling]
52dc.6d38: supR3HardenedMonitor_LdrLoadDll: returns rcNt=0x0 hMod=00007fff15da0000 'ext-ms-win-rtcore-ntuser-window-ext-l1-1-0.dll'
52dc.6d38: supR3HardenedIsApiSetDll: ApiSetQueryApiSetPresence(ext-ms-win-rtcore-ntuser-integration-l1-1-0.dll) -> 0x0, fPresent=1
52dc.6d38: supR3HardenedMonitor_LdrLoadDll: pName=ext-ms-win-rtcore-ntuser-integration-l1-1-0.dll (rcNtResolve=0x0) *pfFlags=0x0 pwszSearchPath=0000000000000001:<flags> [calling]
52dc.6d38: supR3HardenedMonitor_LdrLoadDll: returns rcNt=0x0 hMod=00007fff15da0000 'ext-ms-win-rtcore-ntuser-integration-l1-1-0.dll'
52dc.6d38: supR3HardenedWinVerifyCacheScheduleImports: Import todo: #0 'msvcrt.dll'.
52dc.6d38: supR3HardenedWinVerifyCacheScheduleImports: Import todo: #33 'coremessaging.dll'.
52dc.6d38: supHardenedWinVerifyImageByHandle: -> 0 (\Device\HarddiskVolume2\Windows\System32\CoreUIComponents.dll)
52dc.6d38: supR3HardenedWinVerifyCacheInsert: \Device\HarddiskVolume2\Windows\System32\CoreUIComponents.dll
52dc.6d38: supR3HardenedDllNotificationCallback: load   00007fff0d900000 LB 0x002e2000 C:\WINDOWS\SYSTEM32\CoreUIComponents.dll [fFlags=0x0]
52dc.6d38: supR3HardenedScreenImage/LdrLoadDll: cache hit (VINF_SUCCESS) on \Device\HarddiskVolume2\Windows\System32\CoreUIComponents.dll [avoiding WinVerifyTrust]
52dc.6d38: supR3HardenedWinVerifyCacheProcessImportTodos: Processing 'coremessaging.dll'...
52dc.6d38: supR3HardenedWinVerifyCacheProcessImportTodos: 'coremessaging.dll' -> '\Device\HarddiskVolume2\Windows\System32\coremessaging.dll' [rcNtRedir=0xc0150008]
52dc.6d38: supR3HardenedScreenImage/Imports: cache hit (VINF_SUCCESS) on \Device\HarddiskVolume2\Windows\System32\CoreMessaging.dll
52dc.6d38: supR3HardenedWinVerifyCacheProcessImportTodos: Processing 'msvcrt.dll'...
52dc.6d38: supR3HardenedWinVerifyCacheProcessImportTodos: 'msvcrt.dll' -> '\Device\HarddiskVolume2\Windows\System32\msvcrt.dll' [rcNtRedir=0xc0150008]
52dc.6d38: supR3HardenedMonitor_LdrLoadDll: returns rcNt=0x0 hMod=00007fff12620000 'C:\WINDOWS\system32\rsaenh.dll'
52dc.6d38: supR3HardenedMonitor_LdrLoadDll: returns rcNt=0x0 hMod=00007fff14730000 'C:\WINDOWS\System32\crypt32.dll'
52dc.6d38: supR3HardenedWinVerifyCacheProcessWvtTodos: 0 (was 0) fWinVerifyTrust=1 for '\Device\HarddiskVolume2\Windows\System32\CoreUIComponents.dll'
52dc.6d38: supR3HardenedMonitor_LdrLoadDll: returns rcNt=0x0 hMod=00007fff15f70000 'C:\WINDOWS\System32\RPCRT4.dll'
52dc.6d38: supR3HardenedIsApiSetDll: ApiSetQueryApiSetPresence(api-ms-win-security-systemfunctions-l1-1-0) -> 0x0, fPresent=1
52dc.6d38: supR3HardenedMonitor_LdrLoadDll: pName=api-ms-win-security-systemfunctions-l1-1-0 (rcNtResolve=0x0) *pfFlags=0x0 pwszSearchPath=0000000000000801:<flags> [calling]
52dc.6d38: supR3HardenedMonitor_LdrLoadDll: returns rcNt=0x0 hMod=00007fff16de0000 'api-ms-win-security-systemfunctions-l1-1-0'
52dc.1e40: supR3HardenedDllNotificationCallback: Unload 00007ffef37b0000 LB 0x0000d000 C:\Program Files\Oracle\VirtualBox\VBoxGuestPropSvc.DLL [flags=0x0]
52dc.3e84: supR3HardenedDllNotificationCallback: Unload 00007ffefb290000 LB 0x0000c000 C:\Program Files\Oracle\VirtualBox\VBoxGuestControlSvc.DLL [flags=0x0]
52dc.3284: supR3HardenedDllNotificationCallback: Unload 00007ffeee890000 LB 0x00015000 C:\Program Files\Oracle\VirtualBox\VBoxSharedFolders.DLL [flags=0x0]
52dc.65f4: supR3HardenedDllNotificationCallback: Unload 00007ffefb5c0000 LB 0x0000d000 C:\Program Files\Oracle\VirtualBox\VBoxDragAndDropSvc.DLL [flags=0x0]
52dc.fd8: supR3HardenedWinVerifyCacheScheduleImports: Import todo: #0 'msvcrt.dll'.
52dc.fd8: supHardenedWinVerifyImageByHandle: -> 22900 (\Device\HarddiskVolume2\Windows\System32\edputil.dll)
52dc.fd8: supR3HardenedWinVerifyCacheInsert: \Device\HarddiskVolume2\Windows\System32\edputil.dll
52dc.fd8: supR3HardenedDllNotificationCallback: load   00007ffeea560000 LB 0x00029000 C:\WINDOWS\SYSTEM32\edputil.dll [fFlags=0x0]
52dc.fd8: supR3HardenedScreenImage/LdrLoadDll: cache hit (22900) on \Device\HarddiskVolume2\Windows\System32\edputil.dll [avoiding WinVerifyTrust]
52dc.fd8: supR3HardenedDllNotificationCallback: Unload 00007ffeee9f0000 LB 0x00022000 C:\Program Files\Oracle\VirtualBox\VBoxSharedClipboard.DLL [flags=0x0]
52dc.70f0: supR3HardenedDllNotificationCallback: Unload 00007ffeee8f0000 LB 0x00013000 C:\Program Files\Oracle\VirtualBox\ExtensionPacks\Oracle_VirtualBox_Extension_Pack\win.amd64\VBoxUsbCardReaderR3.DLL [flags=0x0]
52dc.70f0: supR3HardenedDllNotificationCallback: Unload 00007ffe0af90000 LB 0x00ae2000 C:\Program Files\Oracle\VirtualBox\VBoxDD.DLL [flags=0x0]
52dc.70f0: supR3HardenedDllNotificationCallback: Unload 00007ffe6f0a0000 LB 0x00073000 C:\Program Files\Oracle\VirtualBox\VBoxDDU.dll [flags=0x0]
52dc.70f0: supR3HardenedDllNotificationCallback: Unload 00007ffe0a130000 LB 0x00e5e000 C:\Program Files\Oracle\VirtualBox\VBoxDD2.dll [flags=0x0]
52dc.70f0: supR3HardenedDllNotificationCallback: Unload 00007fff12090000 LB 0x00032000 C:\WINDOWS\SYSTEM32\IPHLPAPI.DLL [flags=0x0]
52dc.6d38: supR3HardenedDllNotificationCallback: Unload 00007ffefb5d0000 LB 0x00008000 C:\Program Files\Oracle\VirtualBox\ExtensionPacks\Oracle_VirtualBox_Extension_Pack\win.amd64\VBoxPuelMainVM.DLL [flags=0x0]
52dc.6d38: supR3HardenedDllNotificationCallback: Unload 00007ffe0ba80000 LB 0x005b4000 C:\Program Files\Oracle\VirtualBox\VBoxVMM.DLL [flags=0x0]
52dc.6d38: supR3HardenedDllNotificationCallback: Unload 00007ffef18c0000 LB 0x00015000 C:\WINDOWS\system32\wbem\wbemsvc.dll [flags=0x0]
52dc.6d38: supR3HardenedDllNotificationCallback: Unload 00007ffed5d70000 LB 0x0005a000 C:\WINDOWS\system32\dataexchange.dll [flags=0x0]
52dc.6d38: supR3HardenedDllNotificationCallback: Unload 00007fff05a20000 LB 0x0024d000 C:\WINDOWS\system32\twinapi.appcore.dll [flags=0x0]
52dc.6d38: supR3HardenedDllNotificationCallback: Unload 00007ffef18e0000 LB 0x000f0000 C:\WINDOWS\system32\wbem\fastprox.dll [flags=0x0]
52dc.6d38: supR3HardenedDllNotificationCallback: Unload 00007ffe6e380000 LB 0x000e7000 C:\Program Files\Oracle\VirtualBox\VBoxProxyStub.dll [flags=0x0]
52dc.6d38: supR3HardenedDllNotificationCallback: Unload 00007ffef22b0000 LB 0x00012000 C:\WINDOWS\system32\wbem\wbemprox.dll [flags=0x0]
52dc.6d38: supR3HardenedDllNotificationCallback: Unload 00007ffef67b0000 LB 0x0007a000 C:\WINDOWS\SYSTEM32\wbemcomn.dll [flags=0x0]
52dc.6d38: supR3HardenedDllNotificationCallback: Unload 00007ffe1b3f0000 LB 0x0041c000 C:\Program Files\Oracle\VirtualBox\VBoxC.dll [flags=0x0]
52dc.6d38: Terminating the normal way: rcExit=0
1b54.2948: supR3HardNtChildWaitFor[2]: Quitting: ExitCode=0x0 (rcNtWait=0x0, rcNt1=0x0, rcNt2=0x103, rcNt3=0x103, 13462 ms, the end);
3dc.6f88: supR3HardNtChildWaitFor[1]: Quitting: ExitCode=0x0 (rcNtWait=0x0, rcNt1=0x0, rcNt2=0x103, rcNt3=0x103, 14416 ms, the end);
