00:00:03.805368 VirtualBox VM 7.2.4 r170995 win.amd64 (Oct 17 2025 12:31:09) release log
00:00:03.805370 Log opened 2026-05-01T14:40:40.676517900Z
00:00:03.805370 Build Type: release
00:00:03.805371 OS Product: Windows 11
00:00:03.817158 OS Release: 10.0.26200.8246
00:00:03.817160 OS Service Pack: 
00:00:03.874255 DMI Product Name: B550 GAMING X
00:00:03.878953 DMI Product Version: Default string
00:00:03.878958 Firmware type: UEFI
00:00:03.879342 Secure Boot: Enabled
00:00:03.879349 Host RAM: 32671MB (31.9GB) total, 19588MB (19.1GB) available
00:00:03.879351 Executable: C:\Program Files\Oracle\VirtualBox\VirtualBoxVM.exe
00:00:03.879352 Process ID: 21212
00:00:03.879352 Package type: WINDOWS_64BITS_GENERIC
00:00:03.879352 Windows Features:
00:00:03.879352   Core Isolation (Memory Integrity): Not supported
00:00:03.880068 Installed Extension Packs:
00:00:03.880081   Oracle VirtualBox Extension Pack (Version: 7.2.4 r170995; VRDE Module: VBoxVRDP; Crypto Module: VBoxPuelCrypto)
00:00:03.880538 Console: Machine state changed to 'Restoring'
00:00:03.880715 GUI: Qt version: 6.8.0
00:00:03.880727 GUI: HID LEDs sync is enabled
00:00:03.885401 GUI: UIMediumEnumerator: Medium-enumeration finished!
00:00:03.922269 GUI: Cannot notify guest about VM window out-of-focus event
00:00:03.928131 SUP: seg #0: R   0x00000000 LB 0x00001000
00:00:03.928145 SUP: seg #1: R X 0x00001000 LB 0x001fd000
00:00:03.928149 SUP: seg #2: R   0x001fe000 LB 0x00054000
00:00:03.928153 SUP: seg #3: RW  0x00252000 LB 0x00013000
00:00:03.928156 SUP: seg #4: R   0x00265000 LB 0x00014000
00:00:03.928159 SUP: seg #5: RW  0x00279000 LB 0x00004000
00:00:03.928162 SUP: seg #6: R   0x0027d000 LB 0x00008000
00:00:03.928165 SUP: seg #7: R X 0x00285000 LB 0x00002000
00:00:03.928168 SUP: seg #8: R   0x00287000 LB 0x00007000
00:00:03.931235 SUP: Loaded VMMR0.r0 (C:\Program Files\Oracle\VirtualBox/VMMR0.r0) at 0xXXXXXXXXXXXXXXXX - ModuleInit at XXXXXXXXXXXXXXXX and ModuleTerm at XXXXXXXXXXXXXXXX using the native ring-0 loader
00:00:03.931520 SUP: VMMR0EntryEx located at XXXXXXXXXXXXXXXX and VMMR0EntryFast at XXXXXXXXXXXXXXXX
00:00:03.931526 SUP: windbg> .reload /f C:\Program Files\Oracle\VirtualBox/VMMR0.r0=0xXXXXXXXXXXXXXXXX
00:00:03.934413 Guest architecture: x86
00:00:03.934448 Guest OS type: 'Ubuntu_64'
00:00:03.934826 fHMForced=true - No raw-mode support in this build!
00:00:03.934838 Using execution engine 1
00:00:03.937132 File system of 'C:\Users\deadn1ntendogs\VirtualBox VMs\Ubuntu\Snapshots' (snapshots) is ntfs
00:00:03.937141 File system of 'C:\Users\deadn1ntendogs\VirtualBox VMs\Ubuntu\Ubuntu.vdi' is ntfs
00:00:03.950850 Shared Clipboard: Initialized OLE
00:00:03.950897 Shared Clipboard: Service loaded
00:00:03.950905 Shared Clipboard: Mode: Off
00:00:03.950971 Shared Clipboard: Service running in normal mode
00:00:03.961044 Drag and drop service loaded
00:00:03.961059 Drag and drop mode: Off
00:00:03.961777 Audio: Detected default audio driver type is 'HostAudioWas'
00:00:03.964808 ************************* CFGM dump *************************
00:00:03.964815 [/] (level 0)
00:00:03.964816   CpuExecutionCap   <integer> = 0x0000000000000064 (100)
00:00:03.964818   EnablePAE         <integer> = 0x0000000000000001 (1)
00:00:03.964818   HMEnabled         <integer> = 0x0000000000000001 (1)
00:00:03.964819   MemBalloonSize    <integer> = 0x0000000000000000 (0, 0 B)
00:00:03.964820   Name              <string>  = "Ubuntu" (cb=7)
00:00:03.964821   NumCPUs           <integer> = 0x0000000000000001 (1)
00:00:03.964821   PageFusionAllowed <integer> = 0x0000000000000000 (0)
00:00:03.964821   RamHoleSize       <integer> = 0x0000000020000000 (536 870 912, 512.0 MiB)
00:00:03.964822   RamSize           <integer> = 0x0000000080000000 (2 147 483 648, 2.0 GiB)
00:00:03.964823   TimerMillies      <integer> = 0x000000000000000a (10)
00:00:03.964823   UUID              <bytes>   = "3f f2 db b2 e4 89 ec 45 9c 34 b8 61 27 c4 90 5e" (cb=16)
00:00:03.964825 
00:00:03.964825 [/CPUM/] (level 1)
00:00:03.964826   Enable64bit        <integer> = 0x0000000000000001 (1)
00:00:03.964826   GuestCpuName       <string>  = "host" (cb=5)
00:00:03.964827   NestedHWVirt       <integer> = 0x0000000000000000 (0)
00:00:03.964827   PortableCpuIdLevel <integer> = 0x0000000000000000 (0)
00:00:03.964827   SpecCtrl           <integer> = 0x0000000000000000 (0)
00:00:03.964828 
00:00:03.964828 [/CPUM/IsaExts/] (level 2)
00:00:03.964829 
00:00:03.964829 [/DBGC/] (level 1)
00:00:03.964829   GlobalInitScript <string>  = "C:\Users\deadn1ntendogs\.VirtualBox/dbgc-init" (cb=46)
00:00:03.964830   HistoryFile      <string>  = "C:\Users\deadn1ntendogs\.VirtualBox/dbgc-history" (cb=49)
00:00:03.964830   LocalInitScript  <string>  = "C:\Users\deadn1ntendogs\VirtualBox VMs\Ubuntu/dbgc-init" (cb=56)
00:00:03.964830 
00:00:03.964830 [/DBGF/] (level 1)
00:00:03.964831   Path <string>  = "C:\Users\deadn1ntendogs\VirtualBox VMs\Ubuntu/debug/;C:\Users\deadn1ntendogs\VirtualBox VMs\Ubuntu/;cache*C:\Users\deadn1ntendogs\VirtualBox VMs\Ubuntu/dbgcache/;C:\Users\deadn1ntendogs\" (cb=187)
00:00:03.964831 
00:00:03.964831 [/Devices/] (level 1)
00:00:03.964832 
00:00:03.964832 [/Devices/3c501/] (level 2)
00:00:03.964832 
00:00:03.964832 [/Devices/8237A/] (level 2)
00:00:03.964833 
00:00:03.964833 [/Devices/8237A/0/] (level 3)
00:00:03.964833   Trusted <integer> = 0x0000000000000001 (1)
00:00:03.964834 
00:00:03.964834 [/Devices/GIMDev/] (level 2)
00:00:03.964834 
00:00:03.964834 [/Devices/GIMDev/0/] (level 3)
00:00:03.964835   Trusted <integer> = 0x0000000000000001 (1)
00:00:03.964835 
00:00:03.964835 [/Devices/VMMDev/] (level 2)
00:00:03.964836 
00:00:03.964836 [/Devices/VMMDev/0/] (level 3)
00:00:03.964836   PCIBusNo      <integer> = 0x0000000000000000 (0)
00:00:03.964837   PCIDeviceNo   <integer> = 0x0000000000000004 (4)
00:00:03.964837   PCIFunctionNo <integer> = 0x0000000000000000 (0)
00:00:03.964837   Trusted       <integer> = 0x0000000000000001 (1)
00:00:03.964838 
00:00:03.964838 [/Devices/VMMDev/0/Config/] (level 4)
00:00:03.964838   GuestCoreDumpDir <string>  = "C:\Users\deadn1ntendogs\VirtualBox VMs\Ubuntu\Snapshots" (cb=56)
00:00:03.964839 
00:00:03.964839 [/Devices/VMMDev/0/LUN#0/] (level 4)
00:00:03.964839   Driver <string>  = "HGCM" (cb=5)
00:00:03.964840 
00:00:03.964840 [/Devices/VMMDev/0/LUN#0/Config/] (level 5)
00:00:03.964840 
00:00:03.964841 [/Devices/VMMDev/0/LUN#999/] (level 4)
00:00:03.964841   Driver <string>  = "MainStatus" (cb=11)
00:00:03.964841 
00:00:03.964842 [/Devices/VMMDev/0/LUN#999/Config/] (level 5)
00:00:03.964842   First                <integer> = 0x0000000000000000 (0)
00:00:03.964843   HasMediumAttachments <integer> = 0x0000000000000000 (0)
00:00:03.964843   Last                 <integer> = 0x0000000000000000 (0)
00:00:03.964843   iLedSet              <integer> = 0x0000000000000005 (5)
00:00:03.964844 
00:00:03.964844 [/Devices/acpi/] (level 2)
00:00:03.964844 
00:00:03.964844 [/Devices/acpi/0/] (level 3)
00:00:03.964845   PCIBusNo      <integer> = 0x0000000000000000 (0)
00:00:03.964845   PCIDeviceNo   <integer> = 0x0000000000000007 (7)
00:00:03.964845   PCIFunctionNo <integer> = 0x0000000000000000 (0)
00:00:03.964846   Trusted       <integer> = 0x0000000000000001 (1)
00:00:03.964846 
00:00:03.964846 [/Devices/acpi/0/Config/] (level 4)
00:00:03.964847   CpuHotPlug          <integer> = 0x0000000000000000 (0)
00:00:03.964847   FdcEnabled          <integer> = 0x0000000000000000 (0)
00:00:03.964848   HostBusPciAddress   <integer> = 0x0000000000000000 (0)
00:00:03.964848   HpetEnabled         <integer> = 0x0000000000000000 (0)
00:00:03.964848   IOAPIC              <integer> = 0x0000000000000001 (1)
00:00:03.964849   IocPciAddress       <integer> = 0x0000000000010000 (65 536)
00:00:03.964849   NumCPUs             <integer> = 0x0000000000000001 (1)
00:00:03.964850   Parallel0IoPortBase <integer> = 0x0000000000000000 (0)
00:00:03.964850   Parallel0Irq        <integer> = 0x0000000000000000 (0)
00:00:03.964850   Parallel1IoPortBase <integer> = 0x0000000000000000 (0)
00:00:03.964851   Parallel1Irq        <integer> = 0x0000000000000000 (0)
00:00:03.964851   Serial0IoPortBase   <integer> = 0x0000000000000000 (0)
00:00:03.964851   Serial0Irq          <integer> = 0x0000000000000000 (0)
00:00:03.964852   Serial1IoPortBase   <integer> = 0x0000000000000000 (0)
00:00:03.964852   Serial1Irq          <integer> = 0x0000000000000000 (0)
00:00:03.964852   ShowCpu             <integer> = 0x0000000000000001 (1)
00:00:03.964853   ShowRtc             <integer> = 0x0000000000000000 (0)
00:00:03.964853   SmcEnabled          <integer> = 0x0000000000000000 (0)
00:00:03.964853 
00:00:03.964854 [/Devices/acpi/0/LUN#0/] (level 4)
00:00:03.964854   Driver <string>  = "ACPIHost" (cb=9)
00:00:03.964854 
00:00:03.964854 [/Devices/acpi/0/LUN#0/Config/] (level 5)
00:00:03.964855 
00:00:03.964855 [/Devices/apic/] (level 2)
00:00:03.964856 
00:00:03.964856 [/Devices/apic/0/] (level 3)
00:00:03.964856   Trusted <integer> = 0x0000000000000001 (1)
00:00:03.964856 
00:00:03.964857 [/Devices/apic/0/Config/] (level 4)
00:00:03.964857   IOAPIC  <integer> = 0x0000000000000001 (1)
00:00:03.964857   Mode    <integer> = 0x0000000000000003 (3)
00:00:03.964858   NumCPUs <integer> = 0x0000000000000001 (1)
00:00:03.964858 
00:00:03.964858 [/Devices/dp8390/] (level 2)
00:00:03.964859 
00:00:03.964859 [/Devices/e1000/] (level 2)
00:00:03.964859 
00:00:03.964859 [/Devices/e1000/0/] (level 3)
00:00:03.964860   PCIBusNo      <integer> = 0x0000000000000000 (0)
00:00:03.964860   PCIDeviceNo   <integer> = 0x0000000000000003 (3)
00:00:03.964860   PCIFunctionNo <integer> = 0x0000000000000000 (0)
00:00:03.964861   Trusted       <integer> = 0x0000000000000001 (1)
00:00:03.964861 
00:00:03.964861 [/Devices/e1000/0/Config/] (level 4)
00:00:03.964862   AdapterType    <integer> = 0x0000000000000000 (0)
00:00:03.964862   CableConnected <integer> = 0x0000000000000001 (1)
00:00:03.964862   LineSpeed      <integer> = 0x0000000000000000 (0)
00:00:03.964863   MAC            <bytes>   = "08 00 27 d0 8f f8" (cb=6)
00:00:03.964863 
00:00:03.964864 [/Devices/e1000/0/LUN#0/] (level 4)
00:00:03.964864   Driver <string>  = "NAT" (cb=4)
00:00:03.964865 
00:00:03.964865 [/Devices/e1000/0/LUN#0/Config/] (level 5)
00:00:03.964866   AliasMode          <integer> = 0x0000000000000000 (0)
00:00:03.964866   DNSProxy           <integer> = 0x0000000000000000 (0)
00:00:03.964866   EnableTFTP         <integer> = 0x0000000000000000 (0)
00:00:03.964867   ForwardBroadcast   <integer> = 0x0000000000000000 (0)
00:00:03.964867   LocalhostReachable <integer> = 0x0000000000000000 (0)
00:00:03.964867   Network            <string>  = "10.0.2.0/24" (cb=12)
00:00:03.964868   PassDomain         <integer> = 0x0000000000000001 (1)
00:00:03.964868   UseHostResolver    <integer> = 0x0000000000000000 (0)
00:00:03.964868 
00:00:03.964869 [/Devices/e1000/0/LUN#999/] (level 4)
00:00:03.964869   Driver <string>  = "MainStatus" (cb=11)
00:00:03.964869 
00:00:03.964870 [/Devices/e1000/0/LUN#999/Config/] (level 5)
00:00:03.964870   First                <integer> = 0x0000000000000000 (0)
00:00:03.964871   HasMediumAttachments <integer> = 0x0000000000000000 (0)
00:00:03.964871   Last                 <integer> = 0x0000000000000000 (0)
00:00:03.964871   iLedSet              <integer> = 0x0000000000000004 (4)
00:00:03.964872 
00:00:03.964872 [/Devices/i8254/] (level 2)
00:00:03.964872 
00:00:03.964872 [/Devices/i8254/0/] (level 3)
00:00:03.964873 
00:00:03.964873 [/Devices/i8254/0/Config/] (level 4)
00:00:03.964874 
00:00:03.964874 [/Devices/i8259/] (level 2)
00:00:03.964874 
00:00:03.964874 [/Devices/i8259/0/] (level 3)
00:00:03.964875   Trusted <integer> = 0x0000000000000001 (1)
00:00:03.964875 
00:00:03.964875 [/Devices/i8259/0/Config/] (level 4)
00:00:03.964875 
00:00:03.964876 [/Devices/ichac97/] (level 2)
00:00:03.964876 
00:00:03.964876 [/Devices/ichac97/0/] (level 3)
00:00:03.964877   PCIBusNo      <integer> = 0x0000000000000000 (0)
00:00:03.964877   PCIDeviceNo   <integer> = 0x0000000000000005 (5)
00:00:03.964877   PCIFunctionNo <integer> = 0x0000000000000000 (0)
00:00:03.964877   Trusted       <integer> = 0x0000000000000001 (1)
00:00:03.964878 
00:00:03.964878 [/Devices/ichac97/0/AudioConfig/] (level 4)
00:00:03.964878 
00:00:03.964879 [/Devices/ichac97/0/Config/] (level 4)
00:00:03.964879   Codec        <string>  = "AD1980" (cb=7)
00:00:03.964879   DebugEnabled <integer> = 0x0000000000000000 (0)
00:00:03.964880 
00:00:03.964880 [/Devices/ichac97/0/LUN#0/] (level 4)
00:00:03.964880   Driver <string>  = "AUDIO" (cb=6)
00:00:03.964881 
00:00:03.964881 [/Devices/ichac97/0/LUN#0/AttachedDriver/] (level 5)
00:00:03.964881   Driver <string>  = "HostAudioWas" (cb=13)
00:00:03.964882 
00:00:03.964882 [/Devices/ichac97/0/LUN#0/AttachedDriver/Config/] (level 6)
00:00:03.964882   VmName <string>  = "Ubuntu" (cb=7)
00:00:03.964883   VmUuid <string>  = "b2dbf23f-89e4-45ec-9c34-b86127c4905e" (cb=37)
00:00:03.964883 
00:00:03.964883 [/Devices/ichac97/0/LUN#0/Config/] (level 5)
00:00:03.964884   DriverName    <string>  = "HostAudioWas" (cb=13)
00:00:03.964884   InputEnabled  <integer> = 0x0000000000000000 (0)
00:00:03.964884   OutputEnabled <integer> = 0x0000000000000001 (1)
00:00:03.964884 
00:00:03.964885 [/Devices/ichac97/0/LUN#1/] (level 4)
00:00:03.964885   Driver <string>  = "AUDIO" (cb=6)
00:00:03.964885 
00:00:03.964885 [/Devices/ichac97/0/LUN#2/] (level 4)
00:00:03.964886   Driver <string>  = "AUDIO" (cb=6)
00:00:03.964886 
00:00:03.964886 [/Devices/ioapic/] (level 2)
00:00:03.964887 
00:00:03.964887 [/Devices/ioapic/0/] (level 3)
00:00:03.964887   Trusted <integer> = 0x0000000000000001 (1)
00:00:03.964888 
00:00:03.964888 [/Devices/ioapic/0/Config/] (level 4)
00:00:03.964888   NumCPUs <integer> = 0x0000000000000001 (1)
00:00:03.964889 
00:00:03.964889 [/Devices/mc146818/] (level 2)
00:00:03.964889 
00:00:03.964889 [/Devices/mc146818/0/] (level 3)
00:00:03.964890 
00:00:03.964890 [/Devices/mc146818/0/Config/] (level 4)
00:00:03.964890   UseUTC <integer> = 0x0000000000000001 (1)
00:00:03.964891 
00:00:03.964891 [/Devices/parallel/] (level 2)
00:00:03.964891 
00:00:03.964891 [/Devices/pcarch/] (level 2)
00:00:03.964892 
00:00:03.964892 [/Devices/pcarch/0/] (level 3)
00:00:03.964892   Trusted <integer> = 0x0000000000000001 (1)
00:00:03.964892 
00:00:03.964892 [/Devices/pcarch/0/Config/] (level 4)
00:00:03.964893 
00:00:03.964893 [/Devices/pcbios/] (level 2)
00:00:03.964893 
00:00:03.964894 [/Devices/pcbios/0/] (level 3)
00:00:03.964894   Trusted <integer> = 0x0000000000000001 (1)
00:00:03.964894 
00:00:03.964894 [/Devices/pcbios/0/Config/] (level 4)
00:00:03.964895   APIC            <integer> = 0x0000000000000001 (1)
00:00:03.964896   BootDevice0     <string>  = "FLOPPY" (cb=7)
00:00:03.964896   BootDevice1     <string>  = "DVD" (cb=4)
00:00:03.964896   BootDevice2     <string>  = "IDE" (cb=4)
00:00:03.964896   BootDevice3     <string>  = "NONE" (cb=5)
00:00:03.964897   DmiSystemSerial <string>  = "VirtualBox-<DmiSystemUuid>" (cb=27)
00:00:03.964897   FloppyDevice    <string>  = "i82078" (cb=7)
00:00:03.964898   HardDiskDevice  <string>  = "piix3ide" (cb=9)
00:00:03.964898   IOAPIC          <integer> = 0x0000000000000001 (1)
00:00:03.964898   LanBootRom      <string>  = "C:\Program Files\Oracle\VirtualBox\ExtensionPacks\Oracle_VirtualBox_Extension_Pack\PXE-Intel.rom" (cb=97)
00:00:03.964899   McfgBase        <integer> = 0x0000000000000000 (0)
00:00:03.964899   McfgLength      <integer> = 0x0000000000000000 (0)
00:00:03.964899   NumCPUs         <integer> = 0x0000000000000001 (1)
00:00:03.964900   PXEDebug        <integer> = 0x0000000000000000 (0)
00:00:03.964900   UUID            <bytes>   = "3f f2 db b2 e4 89 ec 45 9c 34 b8 61 27 c4 90 5e" (cb=16)
00:00:03.964901   UuidLe          <integer> = 0x0000000000000001 (1)
00:00:03.964902 
00:00:03.964902 [/Devices/pcbios/0/Config/NetBoot/] (level 5)
00:00:03.964902 
00:00:03.964902 [/Devices/pcbios/0/Config/NetBoot/0/] (level 6)
00:00:03.964903   NIC           <integer> = 0x0000000000000000 (0)
00:00:03.964903   PCIBusNo      <integer> = 0x0000000000000000 (0)
00:00:03.964904   PCIDeviceNo   <integer> = 0x0000000000000003 (3)
00:00:03.964904   PCIFunctionNo <integer> = 0x0000000000000000 (0)
00:00:03.964904 
00:00:03.964904 [/Devices/pci/] (level 2)
00:00:03.964905 
00:00:03.964905 [/Devices/pci/0/] (level 3)
00:00:03.964905   Trusted <integer> = 0x0000000000000001 (1)
00:00:03.964906 
00:00:03.964906 [/Devices/pci/0/Config/] (level 4)
00:00:03.964906   IOAPIC <integer> = 0x0000000000000001 (1)
00:00:03.964907 
00:00:03.964907 [/Devices/pcibridge/] (level 2)
00:00:03.964908 
00:00:03.964908 [/Devices/pckbd/] (level 2)
00:00:03.964908 
00:00:03.964908 [/Devices/pckbd/0/] (level 3)
00:00:03.964909   Trusted <integer> = 0x0000000000000001 (1)
00:00:03.964909 
00:00:03.964909 [/Devices/pckbd/0/Config/] (level 4)
00:00:03.964910 
00:00:03.964910 [/Devices/pckbd/0/LUN#0/] (level 4)
00:00:03.964911   Driver <string>  = "KeyboardQueue" (cb=14)
00:00:03.964911 
00:00:03.964911 [/Devices/pckbd/0/LUN#0/AttachedDriver/] (level 5)
00:00:03.964912   Driver <string>  = "MainKeyboard" (cb=13)
00:00:03.964912 
00:00:03.964912 [/Devices/pckbd/0/LUN#0/Config/] (level 5)
00:00:03.964913   QueueSize <integer> = 0x0000000000000040 (64, 64 B)
00:00:03.964913 
00:00:03.964913 [/Devices/pckbd/0/LUN#1/] (level 4)
00:00:03.964914   Driver <string>  = "MouseQueue" (cb=11)
00:00:03.964914 
00:00:03.964914 [/Devices/pckbd/0/LUN#1/AttachedDriver/] (level 5)
00:00:03.964915   Driver <string>  = "MainMouse" (cb=10)
00:00:03.964916 
00:00:03.964916 [/Devices/pckbd/0/LUN#1/Config/] (level 5)
00:00:03.964916   QueueSize <integer> = 0x0000000000000080 (128, 128 B)
00:00:03.964917 
00:00:03.964917 [/Devices/pcnet/] (level 2)
00:00:03.964917 
00:00:03.964917 [/Devices/piix3ide/] (level 2)
00:00:03.964918 
00:00:03.964918 [/Devices/piix3ide/0/] (level 3)
00:00:03.964919   PCIBusNo      <integer> = 0x0000000000000000 (0)
00:00:03.964919   PCIDeviceNo   <integer> = 0x0000000000000001 (1)
00:00:03.964919   PCIFunctionNo <integer> = 0x0000000000000001 (1)
00:00:03.964919   Trusted       <integer> = 0x0000000000000001 (1)
00:00:03.964920 
00:00:03.964920 [/Devices/piix3ide/0/Config/] (level 4)
00:00:03.964920   Type <string>  = "PIIX4" (cb=6)
00:00:03.964921 
00:00:03.964921 [/Devices/piix3ide/0/LUN#0/] (level 4)
00:00:03.964921   Driver <string>  = "VD" (cb=3)
00:00:03.964922 
00:00:03.964922 [/Devices/piix3ide/0/LUN#0/Config/] (level 5)
00:00:03.964922   Format    <string>  = "VDI" (cb=4)
00:00:03.964923   Mountable <integer> = 0x0000000000000000 (0)
00:00:03.964923   Path      <string>  = "C:\Users\deadn1ntendogs\VirtualBox VMs\Ubuntu\Ubuntu.vdi" (cb=57)
00:00:03.964923   Type      <string>  = "HardDisk" (cb=9)
00:00:03.964924 
00:00:03.964924 [/Devices/piix3ide/0/LUN#0/Config/Plugins/] (level 6)
00:00:03.964924 
00:00:03.964924 [/Devices/piix3ide/0/LUN#0/Config/Plugins/VDPluginCrypt/] (level 7)
00:00:03.964925   Path <string>  = "C:\Program Files\Oracle\VirtualBox\ExtensionPacks\Oracle_VirtualBox_Extension_Pack\win.amd64\VDPluginCrypt.DLL" (cb=111)
00:00:03.964926 
00:00:03.964926 [/Devices/piix3ide/0/LUN#0/Config/VDConfig/] (level 6)
00:00:03.964926   AllocationBlockSize <string>  = "1048576" (cb=8)
00:00:03.964927 
00:00:03.964927 [/Devices/piix3ide/0/LUN#999/] (level 4)
00:00:03.964927   Driver <string>  = "MainStatus" (cb=11)
00:00:03.964928 
00:00:03.964928 [/Devices/piix3ide/0/LUN#999/Config/] (level 5)
00:00:03.964929   DeviceInstance       <string>  = "piix3ide/0" (cb=11)
00:00:03.964929   First                <integer> = 0x0000000000000000 (0)
00:00:03.964929   HasMediumAttachments <integer> = 0x0000000000000001 (1)
00:00:03.964930   Last                 <integer> = 0x0000000000000003 (3)
00:00:03.964930   iLedSet              <integer> = 0x0000000000000003 (3)
00:00:03.964931 
00:00:03.964931 [/Devices/serial/] (level 2)
00:00:03.964931 
00:00:03.964931 [/Devices/usb-ehci/] (level 2)
00:00:03.964932 
00:00:03.964932 [/Devices/usb-ehci/0/] (level 3)
00:00:03.964932   PCIBusNo      <integer> = 0x0000000000000000 (0)
00:00:03.964933   PCIDeviceNo   <integer> = 0x000000000000000b (11)
00:00:03.964933   PCIFunctionNo <integer> = 0x0000000000000000 (0)
00:00:03.964933   Trusted       <integer> = 0x0000000000000001 (1)
00:00:03.964934 
00:00:03.964934 [/Devices/usb-ehci/0/Config/] (level 4)
00:00:03.964934 
00:00:03.964934 [/Devices/usb-ehci/0/LUN#0/] (level 4)
00:00:03.964935   Driver <string>  = "VUSBRootHub" (cb=12)
00:00:03.964935 
00:00:03.964935 [/Devices/usb-ehci/0/LUN#0/Config/] (level 5)
00:00:03.964936 
00:00:03.964936 [/Devices/usb-ehci/0/LUN#999/] (level 4)
00:00:03.964936   Driver <string>  = "MainStatus" (cb=11)
00:00:03.964937 
00:00:03.964937 [/Devices/usb-ehci/0/LUN#999/Config/] (level 5)
00:00:03.964937   First                <integer> = 0x0000000000000000 (0)
00:00:03.964938   HasMediumAttachments <integer> = 0x0000000000000000 (0)
00:00:03.964938   Last                 <integer> = 0x0000000000000000 (0)
00:00:03.964938   iLedSet              <integer> = 0x0000000000000002 (2)
00:00:03.964939 
00:00:03.964939 [/Devices/usb-ohci/] (level 2)
00:00:03.964939 
00:00:03.964939 [/Devices/usb-ohci/0/] (level 3)
00:00:03.964940   PCIBusNo      <integer> = 0x0000000000000000 (0)
00:00:03.964940   PCIDeviceNo   <integer> = 0x0000000000000006 (6)
00:00:03.964941   PCIFunctionNo <integer> = 0x0000000000000000 (0)
00:00:03.964941   Trusted       <integer> = 0x0000000000000001 (1)
00:00:03.964941 
00:00:03.964941 [/Devices/usb-ohci/0/Config/] (level 4)
00:00:03.964942 
00:00:03.964942 [/Devices/usb-ohci/0/LUN#0/] (level 4)
00:00:03.964942   Driver <string>  = "VUSBRootHub" (cb=12)
00:00:03.964943 
00:00:03.964943 [/Devices/usb-ohci/0/LUN#0/Config/] (level 5)
00:00:03.964943 
00:00:03.964943 [/Devices/usb-ohci/0/LUN#999/] (level 4)
00:00:03.964944   Driver <string>  = "MainStatus" (cb=11)
00:00:03.964944 
00:00:03.964944 [/Devices/usb-ohci/0/LUN#999/Config/] (level 5)
00:00:03.964945   First                <integer> = 0x0000000000000000 (0)
00:00:03.964945   HasMediumAttachments <integer> = 0x0000000000000000 (0)
00:00:03.964946   Last                 <integer> = 0x0000000000000000 (0)
00:00:03.964946   iLedSet              <integer> = 0x0000000000000001 (1)
00:00:03.964946 
00:00:03.964946 [/Devices/vga/] (level 2)
00:00:03.964947 
00:00:03.964947 [/Devices/vga/0/] (level 3)
00:00:03.964948   PCIBusNo      <integer> = 0x0000000000000000 (0)
00:00:03.964948   PCIDeviceNo   <integer> = 0x0000000000000002 (2)
00:00:03.964948   PCIFunctionNo <integer> = 0x0000000000000000 (0)
00:00:03.964948   Trusted       <integer> = 0x0000000000000001 (1)
00:00:03.964949 
00:00:03.964949 [/Devices/vga/0/Config/] (level 4)
00:00:03.964950   3DEnabled             <integer> = 0x0000000000000000 (0)
00:00:03.964950   CustomVideoModes      <integer> = 0x0000000000000000 (0)
00:00:03.964951   FadeIn                <integer> = 0x0000000000000001 (1)
00:00:03.964951   FadeOut               <integer> = 0x0000000000000001 (1)
00:00:03.964952   HeightReduction       <integer> = 0x0000000000000000 (0)
00:00:03.964952   LogoFile              <string>  = "" (cb=1)
00:00:03.964952   LogoTime              <integer> = 0x0000000000000000 (0)
00:00:03.964953   MonitorCount          <integer> = 0x0000000000000001 (1)
00:00:03.964953   ShowBootMenu          <integer> = 0x0000000000000002 (2)
00:00:03.964953   VMSVGA3dEnabled       <integer> = 0x0000000000000000 (0)
00:00:03.964954   VMSVGAEnabled         <integer> = 0x0000000000000001 (1)
00:00:03.964954   VMSVGAPciBarLayout    <integer> = 0x0000000000000001 (1)
00:00:03.964954   VMSVGAPciId           <integer> = 0x0000000000000001 (1)
00:00:03.964955   VRamSize              <integer> = 0x0000000001000000 (16 777 216, 16.0 MiB)
00:00:03.964956   VmSvga3               <integer> = 0x0000000000000000 (0)
00:00:03.964956   VmSvgaExposeLegacyVga <integer> = 0x0000000000000001 (1)
00:00:03.964956 
00:00:03.964956 [/Devices/vga/0/LUN#0/] (level 4)
00:00:03.964957   Driver <string>  = "MainDisplay" (cb=12)
00:00:03.964957 
00:00:03.964957 [/Devices/vga/0/LUN#0/Config/] (level 5)
00:00:03.964958 
00:00:03.964958 [/Devices/vga/0/LUN#999/] (level 4)
00:00:03.964958   Driver <string>  = "MainStatus" (cb=11)
00:00:03.964959 
00:00:03.964959 [/Devices/vga/0/LUN#999/Config/] (level 5)
00:00:03.964959   First                <integer> = 0x0000000000000000 (0)
00:00:03.964960   HasMediumAttachments <integer> = 0x0000000000000000 (0)
00:00:03.964960   Last                 <integer> = 0x0000000000000000 (0)
00:00:03.964961   iLedSet              <integer> = 0x0000000000000000 (0)
00:00:03.964961 
00:00:03.964961 [/Devices/virtio-net/] (level 2)
00:00:03.964961 
00:00:03.964962 [/EM/] (level 1)
00:00:03.964962   TripleFaultReset <integer> = 0x0000000000000000 (0)
00:00:03.964962 
00:00:03.964962 [/GCM/] (level 1)
00:00:03.964963   MesaVmsvgaDrv <integer> = 0x0000000000000001 (1)
00:00:03.964963 
00:00:03.964963 [/GIM/] (level 1)
00:00:03.964964   Provider <string>  = "KVM" (cb=4)
00:00:03.964964 
00:00:03.964964 [/HM/] (level 1)
00:00:03.964965   64bitEnabled            <integer> = 0x0000000000000001 (1)
00:00:03.964965   EnableLargePages        <integer> = 0x0000000000000001 (1)
00:00:03.964966   EnableNestedPaging      <integer> = 0x0000000000000001 (1)
00:00:03.964966   EnableUX                <integer> = 0x0000000000000001 (1)
00:00:03.964966   EnableVPID              <integer> = 0x0000000000000001 (1)
00:00:03.964967   Exclusive               <integer> = 0x0000000000000000 (0)
00:00:03.964967   HMForced                <integer> = 0x0000000000000001 (1)
00:00:03.964968   IBPBOnVMEntry           <integer> = 0x0000000000000000 (0)
00:00:03.964968   IBPBOnVMExit            <integer> = 0x0000000000000000 (0)
00:00:03.964968   L1DFlushOnSched         <integer> = 0x0000000000000001 (1)
00:00:03.964969   L1DFlushOnVMEntry       <integer> = 0x0000000000000000 (0)
00:00:03.964969   LovelyMesaDrvWorkaround <integer> = 0x0000000000000001 (1)
00:00:03.964969   MDSClearOnSched         <integer> = 0x0000000000000001 (1)
00:00:03.964970   MDSClearOnVMEntry       <integer> = 0x0000000000000000 (0)
00:00:03.964970   SpecCtrlByHost          <integer> = 0x0000000000000000 (0)
00:00:03.964970   SvmVirtVmsaveVmload     <integer> = 0x0000000000000000 (0)
00:00:03.964971   UseNEMInstead           <integer> = 0x0000000000000000 (0)
00:00:03.964971 
00:00:03.964971 [/MM/] (level 1)
00:00:03.964972   CanUseLargerHeap <integer> = 0x0000000000000000 (0)
00:00:03.964972 
00:00:03.964972 [/NEM/] (level 1)
00:00:03.964972   Allow64BitGuests        <integer> = 0x0000000000000001 (1)
00:00:03.964973   IBPBOnVMEntry           <integer> = 0x0000000000000000 (0)
00:00:03.964973   IBPBOnVMExit            <integer> = 0x0000000000000000 (0)
00:00:03.964973   L1DFlushOnSched         <integer> = 0x0000000000000001 (1)
00:00:03.964974   L1DFlushOnVMEntry       <integer> = 0x0000000000000000 (0)
00:00:03.964974   LovelyMesaDrvWorkaround <integer> = 0x0000000000000001 (1)
00:00:03.964974   MDSClearOnSched         <integer> = 0x0000000000000001 (1)
00:00:03.964975   MDSClearOnVMEntry       <integer> = 0x0000000000000000 (0)
00:00:03.964975 
00:00:03.964975 [/PDM/] (level 1)
00:00:03.964975 
00:00:03.964976 [/PDM/AsyncCompletion/] (level 2)
00:00:03.964976 
00:00:03.964976 [/PDM/AsyncCompletion/File/] (level 3)
00:00:03.964977 
00:00:03.964977 [/PDM/AsyncCompletion/File/BwGroups/] (level 4)
00:00:03.964977 
00:00:03.964977 [/PDM/BlkCache/] (level 2)
00:00:03.964978   CacheSize <integer> = 0x0000000000500000 (5 242 880, 5.0 MiB)
00:00:03.964978 
00:00:03.964978 [/PDM/Devices/] (level 2)
00:00:03.964979 
00:00:03.964979 [/PDM/Drivers/] (level 2)
00:00:03.964979 
00:00:03.964979 [/PDM/Drivers/VBoxC/] (level 3)
00:00:03.964980   Path <string>  = "VBoxC" (cb=6)
00:00:03.964980 
00:00:03.964980 [/PDM/NetworkShaper/] (level 2)
00:00:03.964981 
00:00:03.964981 [/PDM/NetworkShaper/BwGroups/] (level 3)
00:00:03.964981 
00:00:03.964981 [/PDM/USB/] (level 2)
00:00:03.964982 
00:00:03.964982 [/PDM/USB/VBoxUsbCardReader/] (level 3)
00:00:03.964982   Path <string>  = "C:\Program Files\Oracle\VirtualBox\ExtensionPacks\Oracle_VirtualBox_Extension_Pack\win.amd64\VBoxUsbCardReaderR3.DLL" (cb=117)
00:00:03.964983 
00:00:03.964983 [/TM/] (level 1)
00:00:03.964983   UTCOffset <integer> = 0x0000000000000000 (0)
00:00:03.964983 
00:00:03.964983 [/USB/] (level 1)
00:00:03.964984 
00:00:03.964984 [/USB/HidMouse/] (level 2)
00:00:03.964984 
00:00:03.964984 [/USB/HidMouse/0/] (level 3)
00:00:03.964985 
00:00:03.964985 [/USB/HidMouse/0/Config/] (level 4)
00:00:03.964985   Mode <string>  = "absolute" (cb=9)
00:00:03.964986 
00:00:03.964986 [/USB/HidMouse/0/LUN#0/] (level 4)
00:00:03.964986   Driver <string>  = "MouseQueue" (cb=11)
00:00:03.964986 
00:00:03.964987 [/USB/HidMouse/0/LUN#0/AttachedDriver/] (level 5)
00:00:03.964987   Driver <string>  = "MainMouse" (cb=10)
00:00:03.964987 
00:00:03.964988 [/USB/HidMouse/0/LUN#0/Config/] (level 5)
00:00:03.964988   QueueSize <integer> = 0x0000000000000080 (128, 128 B)
00:00:03.964988 
00:00:03.964989 [/USB/USBProxy/] (level 2)
00:00:03.964989 
00:00:03.964989 [/USB/USBProxy/GlobalConfig/] (level 3)
00:00:03.964989 
00:00:03.964990 ********************* End of CFGM dump **********************
00:00:03.965044 HM: HMR3Init: Attempting fall back to NEM: AMD-V is not available
00:00:04.007172 NEM:  info: Found optional import WinHvPlatform.dll!WHvQueryGpaRangeDirtyBitmap.
00:00:04.007189 NEM:  info: Found optional import WinHvPlatform.dll!WHvResumePartitionTime.
00:00:04.007195 NEM:  info: Found optional import WinHvPlatform.dll!WHvSuspendPartitionTime.
00:00:04.007201 NEM:  info: Found optional import WinHvPlatform.dll!WHvRequestInterrupt.
00:00:04.007206 NEM:  info: Found optional import WinHvPlatform.dll!WHvGetVirtualProcessorXsaveState.
00:00:04.007210 NEM:  info: Found optional import WinHvPlatform.dll!WHvSetVirtualProcessorXsaveState.
00:00:04.007213 NEM:  info: Found optional import WinHvPlatform.dll!WHvGetVirtualProcessorState.
00:00:04.007216 NEM:  info: Found optional import WinHvPlatform.dll!WHvSetVirtualProcessorState.
00:00:04.007219 NEM:  info: Found optional import WinHvPlatform.dll!WHvGetVirtualProcessorInterruptControllerState.
00:00:04.007222 NEM:  info: Found optional import WinHvPlatform.dll!WHvSetVirtualProcessorInterruptControllerState.
00:00:04.007227 NEM:  info: Found optional import WinHvPlatform.dll!WHvGetVirtualProcessorInterruptControllerState2.
00:00:04.007232 NEM:  info: Found optional import WinHvPlatform.dll!WHvSetVirtualProcessorInterruptControllerState2.
00:00:04.007244 NEM:  info: Found optional import vid.dll!VidGetHvPartitionId.
00:00:04.007248 NEM:  info: Found optional import vid.dll!VidGetPartitionProperty.
00:00:04.007400 NEM: WHvCapabilityCodeHypervisorPresent is TRUE, so this might work...
00:00:04.007407 NEM: WHvCapabilityCodeExtendedVmExits      = 0x0000000000007fff
00:00:04.007412 NEM:                           X64CpuidExit: 1
00:00:04.007415 NEM:                             X64MsrExit: 1
00:00:04.007418 NEM:                          ExceptionExit: 1
00:00:04.007421 NEM:                           X64RdtscExit: 1
00:00:04.007424 NEM:                     X64ApicSmiExitTrap: 1
00:00:04.007427 NEM:                          HypercallExit: 1
00:00:04.007430 NEM:                X64ApicInitSipiExitTrap: 1
00:00:04.007433 NEM:              X64ApicWriteLint0ExitTrap: 1
00:00:04.007436 NEM:              X64ApicWriteLint1ExitTrap: 1
00:00:04.007438 NEM:                X64ApicWriteSvrExitTrap: 1
00:00:04.007441 NEM:                 UnknownSynicConnection: 1
00:00:04.007444 NEM:              RetargetUnknownVpciDevice: 1
00:00:04.007448 NEM:                X64ApicWriteLdrExitTrap: 1
00:00:04.007451 NEM:                X64ApicWriteDfrExitTrap: 1
00:00:04.007454 NEM:                     GpaAccessFaultExit: 1
00:00:04.007457 NEM: WHvCapabilityCodeFeatures             = 0x00000000000002ff
00:00:04.007462 NEM:                           PartialUnmap: 1
00:00:04.007465 NEM:                     LocalApicEmulation: 1
00:00:04.007468 NEM:                                  Xsave: 1
00:00:04.007474 NEM:                      DirtyPageTracking: 1
00:00:04.007478 NEM:                     SpeculationControl: 1
00:00:04.007481 NEM:                         ApicRemoteRead: 1
00:00:04.007484 NEM:                            IdleSuspend: 1
00:00:04.007487 NEM:                VirtualPciDeviceSupport: 1
00:00:04.007489 NEM:                           IommuSupport: 0
00:00:04.007492 NEM:                         VpHotAddRemove: 1
00:00:04.007501 NEM: Supported xsave features: 0x50381f
00:00:04.007504 NEM:                           XsaveSupport: 1
00:00:04.007507 NEM:                        XsaveoptSupport: 1
00:00:04.007510 NEM:                             AvxSupport: 1
00:00:04.007513 NEM:                            Avx2Support: 1
00:00:04.007516 NEM:                             FmaSupport: 1
00:00:04.007519 NEM:                             MpxSupport: 0
00:00:04.007522 NEM:                          Avx512Support: 0
00:00:04.007525 NEM:                        Avx512DQSupport: 0
00:00:04.007527 NEM:                        Avx512BWSupport: 0
00:00:04.007531 NEM:                        Avx512VLSupport: 0
00:00:04.007534 NEM:                       XsaveCompSupport: 1
00:00:04.007536 NEM:                 XsaveSupervisorSupport: 1
00:00:04.007539 NEM:                            Xcr1Support: 1
00:00:04.007542 NEM:                    Avx512BitalgSupport: 0
00:00:04.007545 NEM:                      Avx512IfmaSupport: 0
00:00:04.007548 NEM:                      Avx512VBmiSupport: 0
00:00:04.007551 NEM:                     Avx512VBmi2Support: 0
00:00:04.007554 NEM:                      Avx512VnniSupport: 0
00:00:04.007556 NEM:                            GfniSupport: 0
00:00:04.007559 NEM:                            VaesSupport: 1
00:00:04.007562 NEM:                 Avx512VPopcntdqSupport: 0
00:00:04.007565 NEM:                      VpclmulqdqSupport: 1
00:00:04.007568 NEM:                      Avx512Bf16Support: 0
00:00:04.007571 NEM:              Avx512Vp2IntersectSupport: 0
00:00:04.007573 NEM:                      Avx512Fp16Support: 0
00:00:04.007576 NEM:                             XfdSupport: 0
00:00:04.007579 NEM:                         AmxTileSupport: 0
00:00:04.007582 NEM:                         AmxBf16Support: 0
00:00:04.007585 NEM:                         AmxInt8Support: 0
00:00:04.007588 NEM:                         AvxVnniSupport: 0
00:00:04.007591 NEM: Supported exception exit bitmap: 0xf7dfb
00:00:04.007598 NEM: WHvCapabilityCodeProcessorVendor      = 0 - AMD
00:00:04.007608 NEM: WHvCapabilityCodeProcessorFeatures    = 0x06037fcb67f39fbf
00:00:04.007611 NEM:                            Sse3Support: 1
00:00:04.007614 NEM:                        LahfSahfSupport: 1
00:00:04.007617 NEM:                           Ssse3Support: 1
00:00:04.007620 NEM:                          Sse4_1Support: 1
00:00:04.007623 NEM:                          Sse4_2Support: 1
00:00:04.007625 NEM:                           Sse4aSupport: 1
00:00:04.007628 NEM:                             XopSupport: 0
00:00:04.007631 NEM:                          PopCntSupport: 1
00:00:04.007634 NEM:                      Cmpxchg16bSupport: 1
00:00:04.007637 NEM:                       Altmovcr8Support: 1
00:00:04.007640 NEM:                           LzcntSupport: 1
00:00:04.007643 NEM:                     MisAlignSseSupport: 1
00:00:04.007646 NEM:                          MmxExtSupport: 1
00:00:04.007649 NEM:                        Amd3DNowSupport: 0
00:00:04.007652 NEM:                ExtendedAmd3DNowSupport: 0
00:00:04.007654 NEM:                         Page1GbSupport: 1
00:00:04.007657 NEM:                             AesSupport: 1
00:00:04.007660 NEM:                       PclmulqdqSupport: 1
00:00:04.007663 NEM:                            PcidSupport: 0
00:00:04.007666 NEM:                            Fma4Support: 0
00:00:04.007669 NEM:                            F16CSupport: 1
00:00:04.007672 NEM:                          RdRandSupport: 1
00:00:04.007675 NEM:                        RdWrFsGsSupport: 1
00:00:04.007679 NEM:                            SmepSupport: 1
00:00:04.007682 NEM:              EnhancedFastStringSupport: 1
00:00:04.007685 NEM:                            Bmi1Support: 1
00:00:04.007688 NEM:                            Bmi2Support: 1
00:00:04.007691 NEM:                              Reserved1: 0
00:00:04.007694 NEM:                           MovbeSupport: 1
00:00:04.007697 NEM:                          Npiep1Support: 1
00:00:04.007700 NEM:                   DepX87FPUSaveSupport: 0
00:00:04.007703 NEM:                          RdSeedSupport: 1
00:00:04.007706 NEM:                             AdxSupport: 1
00:00:04.007708 NEM:                   IntelPrefetchSupport: 0
00:00:04.007711 NEM:                            SmapSupport: 1
00:00:04.007714 NEM:                             HleSupport: 0
00:00:04.007717 NEM:                             RtmSupport: 0
00:00:04.007720 NEM:                          RdtscpSupport: 1
00:00:04.007723 NEM:                      ClflushoptSupport: 1
00:00:04.007726 NEM:                            ClwbSupport: 1
00:00:04.007729 NEM:                             ShaSupport: 1
00:00:04.007731 NEM:                X87PointersSavedSupport: 1
00:00:04.007734 NEM:                         InvpcidSupport: 1
00:00:04.007737 NEM:                            IbrsSupport: 1
00:00:04.007740 NEM:                           StibpSupport: 1
00:00:04.007743 NEM:                            IbpbSupport: 1
00:00:04.007746 NEM:                              Reserved2: 0
00:00:04.007749 NEM:                            SsbdSupport: 1
00:00:04.007751 NEM:                 FastShortRepMovSupport: 1
00:00:04.007754 NEM:                              Reserved3: 0
00:00:04.007757 NEM:                                 RdclNo: 0
00:00:04.007760 NEM:                         IbrsAllSupport: 0
00:00:04.007763 NEM:                              Reserved4: 0
00:00:04.007766 NEM:                                  SsbNo: 0
00:00:04.007769 NEM:                                 RsbANo: 0
00:00:04.007772 NEM:                              Reserved5: 0
00:00:04.007775 NEM:                           RdPidSupport: 1
00:00:04.007777 NEM:                            UmipSupport: 1
00:00:04.007780 NEM:                           MdsNoSupport: 0
00:00:04.007783 NEM:                         MdClearSupport: 0
00:00:04.007786 NEM:                           TaaNoSupport: 0
00:00:04.007789 NEM:                         TsxCtrlSupport: 0
00:00:04.007792 NEM:                              Reserved6: 0
00:00:04.007798 NEM: WHvCapabilityCodeProcessorClFlushSize = 2^8
00:00:04.007802 NEM: Warning! Unknown capability 0x4 returning: 3f 00 00 00 00 00 00 00 00 00 00 00 00 00 00 00 00 00 00 00 00 00 00 00
00:00:04.007807 NEM: Warning! Unknown capability 0x5 returning: 03 00 00 00 00 00 00 00 00 00 00 00 00 00 00 00 00 00 00 00 00 00 00 00
00:00:04.007820 NEM: Warning! Unknown capability 0x6 returning: 00 00 00 00 00 00 00 00 00 00 00 00 00 00 00 00 00 00 00 00 00 00 00 00
00:00:04.008037 NEM: Warning! Unknown capability 0x1003 returning: 1f 38 50 00 00 00 00 00 00 00 00 00 00 00 00 00 00 00 00 00 00 00 00 00
00:00:04.008050 NEM: Warning! Unknown capability 0x1004 returning: 76 18 20 dc 00 00 00 00 00 00 00 00 00 00 00 00 00 00 00 00 00 00 00 00
00:00:04.008055 NEM: Warning! Unknown capability 0x1005 returning: 00 c2 eb 0b 00 00 00 00 00 00 00 00 00 00 00 00 00 00 00 00 00 00 00 00
00:00:04.008059 NEM: Warning! Unknown capability 0x1006 returning: 02 00 00 00 00 00 00 00 bf 9f f3 67 cb 7f 03 06 ef 01 00 a0 00 00 00 04
00:00:04.008063 NEM: Warning! Unknown capability 0x1007 returning: 00 00 00 00 00 00 00 00 00 00 00 00 00 00 00 00 00 00 00 00 00 00 00 00
00:00:04.008070 NEM: Warning! Unknown capability 0x1008 returning: 01 00 00 00 00 00 00 00 ff 8f 44 ff 6f 00 00 00 00 00 00 00 00 00 00 00
00:00:04.008077 NEM: Warning! Unknown capability 0x1009 returning: 01 00 00 00 00 00 00 00 00 00 00 00 00 00 00 00 00 00 00 00 00 00 00 00
00:00:04.008085 NEM: Warning! Unknown capability 0x100a returning: 30 00 00 00 00 00 00 00 00 00 00 00 00 00 00 00 00 00 00 00 00 00 00 00
00:00:04.008743 NEM: Created partition 00000209bd849f30. APIC emulation mode: VirtualBox
00:00:04.008757 NEM: Adjusting APIC configuration from X2APIC to APIC max mode.  X2APIC is not supported by the WinHvPlatform API!
00:00:04.008761 NEM: Disable Hyper-V if you need X2APIC for your guests!
00:00:04.008773 PGM: Enabling NEM mode
00:00:04.008831 NEM:
00:00:04.008831 NEM: NEMR3Init: Snail execution mode is active!
00:00:04.008831 NEM: Note! VirtualBox is not able to run at its full potential in this execution mode.
00:00:04.008831 NEM:       To see VirtualBox run at max speed you need to disable all Windows features
00:00:04.008831 NEM:       making use of Hyper-V.  That is a moving target, so google how and carefully
00:00:04.008831 NEM:       consider the consequences of disabling these features.
00:00:04.008832 NEM:
00:00:04.008851 CPUM: No hardware-virtualization capability detected
00:00:04.008855 CPUM: fXStateHostMask=0x7; host XCR0=0x7
00:00:04.011276 CPUM: Matched host CPU AMD 0x19/0x21/0x0 AMD_Unknown with CPU DB entry 'AMD Ryzen 7 1800X Eight-Core' (AMD 0x17/0x1/0x1 AMD_Zen_Ryzen)
00:00:04.014266 CPUM: MXCSR_MASK=0x2ffff (host: 0x2ffff)
00:00:04.014291 CPUM: Microcode revision 0x0A201030
00:00:04.014311 CPUM: MSR fudge: 0x00000017 IA32_PLATFORM_ID
00:00:04.014341 CPUM: MSR fudge: 0x000001a0 IA32_MISC_ENABLE
00:00:04.014356 CPUM: MSR fudge: 0x000002ff IA32_MTRR_DEF_TYPE
00:00:04.014370 CPUM: MSR fudge: 0x0000002c P4_EBC_FREQUENCY_ID
00:00:04.014420 CPUM: SetGuestCpuIdFeature: Enabled SYSENTER/EXIT
00:00:04.014425 CPUM: SetGuestCpuIdFeature: Enabled SYSCALL/RET
00:00:04.014427 CPUM: SetGuestCpuIdFeature: Enabled PAE
00:00:04.014430 CPUM: SetGuestCpuIdFeature: Enabled LAHF/SAHF
00:00:04.014433 CPUM: SetGuestCpuIdFeature: Enabled NX
00:00:04.014435 CPUM: SetGuestCpuIdFeature: Enabled LONG MODE
00:00:04.014438 CPUM: Set SSBD not required flag for AMD to work around some buggy Linux kernels!
00:00:04.014441 CPUM: Enabled MTRR read-write support
00:00:04.014445 CPUM: Enabled fixed-range MTRRs and 16 (virtualized) variable-range MTRRs
00:00:04.015517 NEM: HvPartitionPropertyProcessorVendor=0x0 (0)
00:00:04.015617 NEM: cbXSaveArea=872
00:00:04.015642 NEM: Default XSAVE area returned by Hyper-V
00:00:04.015643 000000ba468fd620/0000: 00 00 00 00 00 00 00 00-00 00 00 00 00 00 00 00 ................
00:00:04.015645 000000ba468fd630/0010: 00 00 00 00 00 00 00 00-80 1f 00 00 ff ff 02 00 ................
00:00:04.015646 000000ba468fd640/0020: 00 00 00 00 00 00 00 00-00 00 00 00 00 00 00 00 ................
00:00:04.015647 000000ba468fd650/0030: 00 00 00 00 00 00 00 00-00 00 00 00 00 00 00 00 ................
00:00:04.015648 000000ba468fd660/0040: 00 00 00 00 00 00 00 00-00 00 00 00 00 00 00 00 ................
00:00:04.015649 000000ba468fd670/0050: 00 00 00 00 00 00 00 00-00 00 00 00 00 00 00 00 ................
00:00:04.015650 000000ba468fd680/0060: 00 00 00 00 00 00 00 00-00 00 00 00 00 00 00 00 ................
00:00:04.015651 000000ba468fd690/0070: 00 00 00 00 00 00 00 00-00 00 00 00 00 00 00 00 ................
00:00:04.015652 000000ba468fd6a0/0080: 00 00 00 00 00 00 00 00-00 00 00 00 00 00 00 00 ................
00:00:04.015653 000000ba468fd6b0/0090: 00 00 00 00 00 00 00 00-00 00 00 00 00 00 00 00 ................
00:00:04.015654 000000ba468fd6c0/00a0: 00 00 00 00 00 00 00 00-00 00 00 00 00 00 00 00 ................
00:00:04.015655 000000ba468fd6d0/00b0: 00 00 00 00 00 00 00 00-00 00 00 00 00 00 00 00 ................
00:00:04.015656 000000ba468fd6e0/00c0: 00 00 00 00 00 00 00 00-00 00 00 00 00 00 00 00 ................
00:00:04.015657 000000ba468fd6f0/00d0: 00 00 00 00 00 00 00 00-00 00 00 00 00 00 00 00 ................
00:00:04.015658 000000ba468fd700/00e0: 00 00 00 00 00 00 00 00-00 00 00 00 00 00 00 00 ................
00:00:04.015658 000000ba468fd710/00f0: 00 00 00 00 00 00 00 00-00 00 00 00 00 00 00 00 ................
00:00:04.015659 000000ba468fd720/0100: 00 00 00 00 00 00 00 00-00 00 00 00 00 00 00 00 ................
00:00:04.015660 000000ba468fd730/0110: 00 00 00 00 00 00 00 00-00 00 00 00 00 00 00 00 ................
00:00:04.015661 000000ba468fd740/0120: 00 00 00 00 00 00 00 00-00 00 00 00 00 00 00 00 ................
00:00:04.015662 000000ba468fd750/0130: 00 00 00 00 00 00 00 00-00 00 00 00 00 00 00 00 ................
00:00:04.015663 000000ba468fd760/0140: 00 00 00 00 00 00 00 00-00 00 00 00 00 00 00 00 ................
00:00:04.015664 000000ba468fd770/0150: 00 00 00 00 00 00 00 00-00 00 00 00 00 00 00 00 ................
00:00:04.015665 000000ba468fd780/0160: 00 00 00 00 00 00 00 00-00 00 00 00 00 00 00 00 ................
00:00:04.015666 000000ba468fd790/0170: 00 00 00 00 00 00 00 00-00 00 00 00 00 00 00 00 ................
00:00:04.015667 000000ba468fd7a0/0180: 00 00 00 00 00 00 00 00-00 00 00 00 00 00 00 00 ................
00:00:04.015668 000000ba468fd7b0/0190: 00 00 00 00 00 00 00 00-00 00 00 00 00 00 00 00 ................
00:00:04.015669 000000ba468fd7c0/01a0: 00 00 00 00 00 00 00 00-00 00 00 00 00 00 00 00 ................
00:00:04.015670 000000ba468fd7d0/01b0: 00 00 00 00 00 00 00 00-00 00 00 00 00 00 00 00 ................
00:00:04.015671 000000ba468fd7e0/01c0: 00 00 00 00 00 00 00 00-00 00 00 00 00 00 00 00 ................
00:00:04.015672 000000ba468fd7f0/01d0: 00 00 00 00 00 00 00 00-00 00 00 00 00 00 00 00 ................
00:00:04.015672 000000ba468fd800/01e0: 00 00 00 00 00 00 00 00-00 00 00 00 00 00 00 00 ................
00:00:04.015673 000000ba468fd810/01f0: 00 00 00 00 00 00 00 00-00 00 00 00 00 00 00 00 ................
00:00:04.015674 000000ba468fd820/0200: 02 18 00 00 00 00 00 00-07 18 00 00 00 00 00 80 ................
00:00:04.015675 000000ba468fd830/0210: 00 00 00 00 00 00 00 00-00 00 00 00 00 00 00 00 ................
00:00:04.015676 000000ba468fd840/0220: 00 00 00 00 00 00 00 00-00 00 00 00 00 00 00 00 ................
00:00:04.015677 000000ba468fd850/0230: 00 00 00 00 00 00 00 00-00 00 00 00 00 00 00 00 ................
00:00:04.015678 000000ba468fd860/0240: 00 00 00 00 00 00 00 00-00 00 00 00 00 00 00 00 ................
00:00:04.015679 000000ba468fd870/0250: 00 00 00 00 00 00 00 00-00 00 00 00 00 00 00 00 ................
00:00:04.015680 000000ba468fd880/0260: 00 00 00 00 00 00 00 00-00 00 00 00 00 00 00 00 ................
00:00:04.015681 000000ba468fd890/0270: 00 00 00 00 00 00 00 00-00 00 00 00 00 00 00 00 ................
00:00:04.015682 000000ba468fd8a0/0280: 00 00 00 00 00 00 00 00-00 00 00 00 00 00 00 00 ................
00:00:04.015683 000000ba468fd8b0/0290: 00 00 00 00 00 00 00 00-00 00 00 00 00 00 00 00 ................
00:00:04.015684 000000ba468fd8c0/02a0: 00 00 00 00 00 00 00 00-00 00 00 00 00 00 00 00 ................
00:00:04.015685 000000ba468fd8d0/02b0: 00 00 00 00 00 00 00 00-00 00 00 00 00 00 00 00 ................
00:00:04.015685 000000ba468fd8e0/02c0: 00 00 00 00 00 00 00 00-00 00 00 00 00 00 00 00 ................
00:00:04.015686 000000ba468fd8f0/02d0: 00 00 00 00 00 00 00 00-00 00 00 00 00 00 00 00 ................
00:00:04.015687 000000ba468fd900/02e0: 00 00 00 00 00 00 00 00-00 00 00 00 00 00 00 00 ................
00:00:04.015688 000000ba468fd910/02f0: 00 00 00 00 00 00 00 00-00 00 00 00 00 00 00 00 ................
00:00:04.015689 000000ba468fd920/0300: 00 00 00 00 00 00 00 00-00 00 00 00 00 00 00 00 ................
00:00:04.015690 000000ba468fd930/0310: 00 00 00 00 00 00 00 00-00 00 00 00 00 00 00 00 ................
00:00:04.015691 000000ba468fd940/0320: 00 00 00 00 00 00 00 00-00 00 00 00 00 00 00 00 ................
00:00:04.015692 000000ba468fd950/0330: 00 00 00 00 00 00 00 00-00 00 00 00 00 00 00 00 ................
00:00:04.015693 000000ba468fd960/0340: 00 00 00 00 00 00 00 00-00 00 00 00 00 00 00 00 ................
00:00:04.015694 000000ba468fd970/0350: 00 00 00 00 00 00 00 00-00 00 00 00 00 00 00 00 ................
00:00:04.015696 000000ba468fd980/0360: 00 00 00 00 00 00 00 00                         ........
00:00:04.015710 NEM: Successfully set up partition (device handle 00000000000011cd, partition ID 0x0)
00:00:04.015858 PGM: Host paging mode: AMD64+PGE+NX
00:00:04.015867 PGM: PGMPool: cMaxPages=1280 (u64MaxPages=1058)
00:00:04.015871 PGM: pgmR3PoolInit: cMaxPages=0x500 cMaxUsers=0xa00 cMaxPhysExts=0xa00 fCacheEnable=true
00:00:04.017363 SUPLib: MEM_LARGE_PAGES privilege not held.
00:00:04.050672 ERROR [COM]: aRC=VBOX_E_IPRT_ERROR (0x80bb0005) aIID={6ac83d89-6ee7-4e33-8ae6-b257b2e81be8} aComponent={ConsoleWrap} aText={The VBoxGuestPropSvc service call failed with the error VERR_HGCM_SERVICE_NOT_FOUND}, preserve=false aResultDetail=-2900
00:00:04.060094 TM: GIP - u32Mode=3 (Invariant) u32UpdateHz=93 u32UpdateIntervalNS=10741500 enmUseTscDelta=2 (Practically Zero) fGetGipCpu=0x3b cCpus=12
00:00:04.060094 TM: GIP - u64CpuHz=3 693 090 833 (0xdc201811)  SUPGetCpuHzFromGip => 3 693 090 833
00:00:04.060094 TM: GIP - CPU: iCpuSet=0x0 idCpu=0x0 idApic=0x0 iGipCpu=0x3 i64TSCDelta=0 enmState=3 u64CpuHz=3693090221(*) cErrors=0
00:00:04.060094 TM: GIP - CPU: iCpuSet=0x1 idCpu=0x1 idApic=0x1 iGipCpu=0x7 i64TSCDelta=0 enmState=3 u64CpuHz=3693090839(*) cErrors=0
00:00:04.060094 TM: GIP - CPU: iCpuSet=0x2 idCpu=0x2 idApic=0x2 iGipCpu=0x9 i64TSCDelta=0 enmState=3 u64CpuHz=3693090779(*) cErrors=0
00:00:04.060094 TM: GIP - CPU: iCpuSet=0x3 idCpu=0x3 idApic=0x3 iGipCpu=0x6 i64TSCDelta=0 enmState=3 u64CpuHz=3693090866(*) cErrors=0
00:00:04.060094 TM: GIP - CPU: iCpuSet=0x4 idCpu=0x4 idApic=0x4 iGipCpu=0x2 i64TSCDelta=0 enmState=3 u64CpuHz=3693086219(*) cErrors=0
00:00:04.060094 TM: GIP - CPU: iCpuSet=0x5 idCpu=0x5 idApic=0x5 iGipCpu=0x4 i64TSCDelta=0 enmState=3 u64CpuHz=3693090414(*) cErrors=0
00:00:04.060094 TM: GIP - CPU: iCpuSet=0x6 idCpu=0x6 idApic=0x6 iGipCpu=0xb i64TSCDelta=0 enmState=3 u64CpuHz=3693090829(*) cErrors=0
00:00:04.060094 TM: GIP - CPU: iCpuSet=0x7 idCpu=0x7 idApic=0x7 iGipCpu=0x8 i64TSCDelta=0 enmState=3 u64CpuHz=3693090732(*) cErrors=0
00:00:04.060094 TM: GIP - CPU: iCpuSet=0x8 idCpu=0x8 idApic=0x8 iGipCpu=0x0 i64TSCDelta=0 enmState=3 u64CpuHz=3693090833(*) cErrors=0
00:00:04.060094 TM: GIP - CPU: iCpuSet=0x9 idCpu=0x9 idApic=0x9 iGipCpu=0x5 i64TSCDelta=0 enmState=3 u64CpuHz=3693090490(*) cErrors=0
00:00:04.060094 TM: GIP - CPU: iCpuSet=0xa idCpu=0xa idApic=0xa iGipCpu=0x1 i64TSCDelta=0 enmState=3 u64CpuHz=3693091050(*) cErrors=0
00:00:04.060094 TM: GIP - CPU: iCpuSet=0xb idCpu=0xb idApic=0xb iGipCpu=0xa i64TSCDelta=0 enmState=3 u64CpuHz=3693090762(*) cErrors=0
00:00:04.060094 TM: NEM overrides the /TM/TSCModeSwitchAllowed setting.
00:00:04.060094 TM:     cTSCTicksPerSecond=3 693 090 833 (0xdc201811) enmTSCMode=4 (NativeApi) TSCMultiplier=1
00:00:04.060094 TM: cTSCTicksPerSecondHost=3 693 090 833 (0xdc201811)
00:00:04.060094 TM: TSCTiedToExecution=false TSCNotTiedToHalt=false
00:00:04.060973 EMR3Init: fIemExecutesAll=false fGuruOnTripleFault=true
00:00:04.061105 IEM: TargetCpu=CURRENT, Microarch=AMD_Unknown aidxTargetCpuEflFlavour={2,0}
00:00:04.061581 GIM: Using provider 'KVM' (Implementation version: 0)
00:00:04.061589 CPUM: SetGuestCpuIdFeature: Enabled Hypervisor Present bit
00:00:04.061649 GCM: Initialized - Fixer bits: 0x8 (MesaVmsvgaDrv)
00:00:04.061706 AIOMgr: Default manager type is 'Async'
00:00:04.061710 AIOMgr: Default file backend is 'NonBuffered'
00:00:04.061752 BlkCache: Cache successfully initialized. Cache size is 5242880 bytes
00:00:04.061757 BlkCache: Cache commit interval is 10000 ms
00:00:04.061760 BlkCache: Cache commit threshold is 2621440 bytes
00:00:04.367905 PcBios: [SMP] BIOS with 1 CPUs
00:00:04.367927 PcBios: Using the 386+ BIOS image.
00:00:04.367976 PcBios: MPS table at 000e1300
00:00:04.368282 PcBios: Using LAN ROM 'C:\Program Files\Oracle\VirtualBox\ExtensionPacks\Oracle_VirtualBox_Extension_Pack\PXE-Intel.rom' with a size of 0xc000 bytes
00:00:04.368425 PcBios: fCheckShutdownStatusForSoftReset=true  fClearShutdownStatusOnHardReset=true
00:00:04.368579 PDM: VirtualBox APIC backend registered
00:00:04.368616 CPUM: SetGuestCpuIdFeature: Enabled xAPIC
00:00:04.369382 IOAPIC: Version=2.0 ChipType=ICH9
00:00:04.369434 PIT: mode=3 count=0x10000 (65536) - 18.20 Hz (ch=0)
00:00:04.369559 VMMDev: cbDefaultBudget: 1 073 741 824 (40000000)
00:00:04.381966 Shared Folders service loaded
00:00:04.391164 Guest Control service loaded
00:00:04.402121 VGA: Using the 386+ BIOS image.
00:00:04.403600 VD: VDInit finished with VINF_SUCCESS
00:00:04.424569 DrvVD: Flushes will be ignored
00:00:04.424574 DrvVD: Async flushes will be passed to the disk
00:00:04.424753 VD: Opening the disk took 168319 ns
00:00:04.424799 PIIX3 ATA: LUN#0: disk, PCHS=16383/16/63, total number of sectors 52428800
00:00:04.424847 PIIX3 ATA: LUN#1: no unit
00:00:04.424898 PIIX3 ATA: LUN#2: no unit
00:00:04.424907 PIIX3 ATA: LUN#3: no unit
00:00:04.424971 PIIX3 ATA: Ctl#0: finished processing RESET
00:00:04.424993 PIIX3 ATA: Ctl#1: finished processing RESET
00:00:04.425044 E1000#0: Chip=82540EM LinkUpDelay=5000ms EthernetCRC=on GSO=enabled Itr=disabled ItrRx=enabled TID=disabled R0=disabled RC=disabled
00:00:04.436786 AC97: Using codec 'AD1980'
00:00:04.451852 WasAPI: Input device is: {Default} (iface 00000209bdad7850)
00:00:04.453327 WasAPI: Output device is: {Default} (iface 00000209bdad8430)
00:00:04.458289 Audio: Found 9 devices for driver 'WasAPI'
00:00:04.458302 Audio: Device 'Headphones (WH-1000XM6)':
00:00:04.458303 Audio:   ID              = {0.0.0.00000000}.{c05eb996-00c0-4351-b37d-7d2fd2a16073}
00:00:04.458303 Audio:   Usage           = output
00:00:04.458303 Audio:   Flags           = DEFAULT_OUT
00:00:04.458303 Audio:   Input channels  = 0
00:00:04.458304 Audio:   Output channels = 2
00:00:04.458308 Audio: Device 'Headphones (HyperX Cloud Alpha Wireless)':
00:00:04.458308 Audio:   ID              = {0.0.0.00000000}.{59bc9c6b-b558-4f65-8054-444a2b04dbe7}
00:00:04.458308 Audio:   Usage           = output
00:00:04.458308 Audio:   Flags           = NONE
00:00:04.458308 Audio:   Input channels  = 0
00:00:04.458309 Audio:   Output channels = 2
00:00:04.458311 Audio: Device 'LG TV SSCR2 (NVIDIA High Definition Audio)':
00:00:04.458312 Audio:   ID              = {0.0.0.00000000}.{5b0fcb36-0ec0-4895-bb05-a2225bd30d40}
00:00:04.458312 Audio:   Usage           = output
00:00:04.458312 Audio:   Flags           = NONE
00:00:04.458312 Audio:   Input channels  = 0
00:00:04.458312 Audio:   Output channels = 2
00:00:04.458315 Audio: Device 'MSI G271 (NVIDIA High Definition Audio)':
00:00:04.458315 Audio:   ID              = {0.0.0.00000000}.{a7193894-7d9a-4562-bca1-6515bd72928f}
00:00:04.458315 Audio:   Usage           = output
00:00:04.458315 Audio:   Flags           = NONE
00:00:04.458315 Audio:   Input channels  = 0
00:00:04.458316 Audio:   Output channels = 2
00:00:04.458318 Audio: Device 'Headphones (WH-1000XM6)':
00:00:04.458318 Audio:   ID              = {0.0.0.00000000}.{c05eb996-00c0-4351-b37d-7d2fd2a16073}
00:00:04.458318 Audio:   Usage           = output
00:00:04.458319 Audio:   Flags           = NONE
00:00:04.458319 Audio:   Input channels  = 0
00:00:04.458319 Audio:   Output channels = 2
00:00:04.458321 Audio: Device 'Q27G42XNE (NVIDIA High Definition Audio)':
00:00:04.458322 Audio:   ID              = {0.0.0.00000000}.{c93865de-122a-4dc6-a0b9-0247c4e2600b}
00:00:04.458322 Audio:   Usage           = output
00:00:04.458322 Audio:   Flags           = NONE
00:00:04.458322 Audio:   Input channels  = 0
00:00:04.458322 Audio:   Output channels = 2
00:00:04.458325 Audio: Device 'Microphone (HyperX Cloud Alpha Wireless)':
00:00:04.458325 Audio:   ID              = {0.0.1.00000000}.{40aabd5b-0159-40c0-b67d-3fc18ac9ecf1}
00:00:04.458325 Audio:   Usage           = input
00:00:04.458325 Audio:   Flags           = DEFAULT_IN
00:00:04.458326 Audio:   Input channels  = 1
00:00:04.458326 Audio:   Output channels = 0
00:00:04.458328 Audio: Device 'Microphone (HyperX Cloud Alpha Wireless)':
00:00:04.458328 Audio:   ID              = {0.0.1.00000000}.{40aabd5b-0159-40c0-b67d-3fc18ac9ecf1}
00:00:04.458329 Audio:   Usage           = input
00:00:04.458329 Audio:   Flags           = NONE
00:00:04.458329 Audio:   Input channels  = 1
00:00:04.458329 Audio:   Output channels = 0
00:00:04.458335 Audio: Device 'Headset (WH-1000XM6)':
00:00:04.458336 Audio:   ID              = {0.0.1.00000000}.{6662829d-4b5f-4494-9ecf-69f78b48846e}
00:00:04.458336 Audio:   Usage           = input
00:00:04.458336 Audio:   Flags           = NONE
00:00:04.458336 Audio:   Input channels  = 1
00:00:04.458336 Audio:   Output channels = 0
00:00:04.458506 AC97: Reset
00:00:04.458518 AC97: Mixer reset (EAID=0x809, EACS=0x9)
00:00:04.458523 AC97: Record select to left=mic, right=mic
00:00:04.458530 Audio Mixer: MUTING master volume of 'AC'97 Mixer' -- channel volumes: ff ff ff ff ff ff ff ff ff ff ff ff
00:00:04.458538 Audio Mixer: MUTING sink 'AC'97 Mixer/Line In' -- channel volumes: 00 00 00 00 00 00 00 00 00 00 00 00
00:00:04.458546 Audio Mixer: MUTING sink 'AC'97 Mixer/Microphone In' -- channel volumes: 00 00 00 00 00 00 00 00 00 00 00 00
00:00:04.458552 Audio Mixer: MUTING sink 'AC'97 Mixer/PCM Output' -- channel volumes: 00 00 00 00 00 00 00 00 00 00 00 00
00:00:04.458557 Audio Mixer: MUTING sink 'AC'97 Mixer/PCM Output' -- channel volumes: 00 00 00 00 00 00 00 00 00 00 00 00
00:00:04.458561 Audio Mixer: MUTING sink 'AC'97 Mixer/Line In' -- channel volumes: 00 00 00 00 00 00 00 00 00 00 00 00
00:00:04.458564 Audio Mixer: MUTING sink 'AC'97 Mixer/Line In' -- channel volumes: 00 00 00 00 00 00 00 00 00 00 00 00
00:00:04.458567 Audio Mixer: MUTING sink 'AC'97 Mixer/Microphone In' -- channel volumes: 00 00 00 00 00 00 00 00 00 00 00 00
00:00:04.459348 VUSB: Attached 'HidMouse' to port 1 on RootHub#1 (FullSpeed)
00:00:04.459367 PGM: The CPU physical address width is 48 bits
00:00:04.459371 PGM: PGMR3InitFinalize: 4 MB PSE mask 0000ffffffffffff -> VINF_SUCCESS
00:00:04.459378 TM: TMR3InitFinalize: fTSCModeSwitchAllowed=false
00:00:04.459663 CPUM: Mapped 1.0MiB (1048576 bytes) of RAM using fixed-range MTRRs
00:00:04.459672 CPUM: Mapped 2.0GiB (2147483648 bytes) of RAM using 1 variable-range MTRRs
00:00:04.459746 VMM: Thread-context hooks unavailable
00:00:04.459752 VMM: RTThreadPreemptIsPending() can be trusted
00:00:04.459756 VMM: Kernel preemption is possible
00:00:04.459768 EM: Exit history optimizations: enabled=true enabled-r0=true enabled-r0-no-preemption=false
00:00:04.459786 PcBios: ATA LUN#0 LCHS=1024/255/63
00:00:04.459796 APIC: fPostedIntrsEnabled=false fVirtApicRegsEnabled=false fSupportsTscDeadline=false
00:00:04.459802 TMR3UtcNow: nsNow=1 777 646 441 330 854 300 nsPrev=0 -> cNsDelta=1 777 646 441 330 854 300 (offLag=0 offVirtualSync=0 offVirtualSyncGivenUp=0, NowAgain=1 777 646 441 330 854 300)
00:00:04.459809 VMM: fUsePeriodicPreemptionTimers=true
00:00:04.459815 CPUM: Logical host processors: 12 present, 12 max, 12 online, online mask: 0000000000000fff
00:00:04.459816 CPUM: Physical host cores: 6
00:00:04.459816 ************************ CPUID dump *************************
00:00:04.462102          Raw Standard CPUID Leaves
00:00:04.462102      Leaf/sub-leaf  eax      ebx      ecx      edx
00:00:04.462104 Gst: 00000000/0000  0000000d 68747541 444d4163 69746e65
00:00:04.462105 Hst:                0000000d 68747541 444d4163 69746e65
00:00:04.462106 Gst: 00000001/0000  00a20f10 00010800 f6d83203 178bfbff
00:00:04.462106 Hst:                00a20f10 020c0800 fed8320b 178bfbff
00:00:04.462107 Gst: 00000002/0000  00000000 00000000 00000000 00000000
00:00:04.462107 Hst:                00000000 00000000 00000000 00000000
00:00:04.462107 Gst: 00000003/0000  00000000 00000000 00000000 00000000
00:00:04.462108 Hst:                00000000 00000000 00000000 00000000
00:00:04.462108 Gst: 00000004/0000  00000000 00000000 00000000 00000000
00:00:04.462108 Hst:                00000000 00000000 00000000 00000000
00:00:04.462109 Gst: 00000005/0000  00000000 00000000 00000000 00000000
00:00:04.462109 Hst:                00000040 00000040 00000003 00000011
00:00:04.462109 Gst: 00000006/0000  00000004 00000000 00000000 00000000
00:00:04.462110 Hst:                00000000 00000000 00000001 00000000
00:00:04.462110 Gst: 00000007/0000  00000000 208c0529 00000000 00000000
00:00:04.462110 Hst:                00000000 219c97a9 00400684 00000010
00:00:04.462111 Gst: 00000007/0001  00000000 00000000 00000000 00000000
00:00:04.462111 Hst:                00000000 00000000 00000000 00000000
00:00:04.462111 Gst: 00000007/0002  00000000 00000000 00000000 00000000
00:00:04.462112 Hst:                00000000 00000000 00000000 00000000
00:00:04.462112 Gst: 00000008/0000  00000000 00000000 00000000 00000000
00:00:04.462112 Hst:                00000000 00000000 00000000 00000000
00:00:04.462113 Gst: 00000009/0000  00000000 00000000 00000000 00000000
00:00:04.462113 Hst:                00000000 00000000 00000000 00000000
00:00:04.462113 Gst: 0000000a/0000  00000000 00000000 00000000 00000000
00:00:04.462114 Hst:                00000000 00000000 00000000 00000000
00:00:04.462114 Gst: 0000000b/0000  00000000 00000001 00000100 00000000
00:00:04.462114 Hst:                00000001 00000002 00000100 00000002
00:00:04.462115 Gst: 0000000b/0001  00000001 00000001 00000201 00000000
00:00:04.462115 Hst:                00000004 0000000c 00000201 00000002
00:00:04.462115 Gst: 0000000b/0002  00000000 00000000 00000002 00000000
00:00:04.462116 Hst:                00000000 00000000 00000002 00000002
00:00:04.462116 Gst: 0000000c/0000  00000000 00000000 00000000 00000000
00:00:04.462116 Hst:                00000000 00000000 00000000 00000000
00:00:04.462117 Gst: 0000000d/0000  00000007 00000340 00000340 00000000
00:00:04.462117 Hst:                00000007 00000340 00000340 00000000
00:00:04.462117 Gst: 0000000d/0001  00000000 00000350 00000000 00000000
00:00:04.462117 Hst:                0000000f 00000350 00001800 00000000
00:00:04.462118 Gst: 0000000d/0002  00000100 00000240 00000000 00000000
00:00:04.462118 Hst:                00000100 00000240 00000000 00000000
00:00:04.462119 Gst: 0000000d/0003  00000000 00000000 00000000 00000000
00:00:04.462119 Hst:                00000000 00000000 00000000 00000000
00:00:04.462119 Gst: 0000000d/0004  00000000 00000000 00000000 00000000
00:00:04.462119 Hst:                00000000 00000000 00000000 00000000
00:00:04.462120 Gst: 0000000d/0005  00000000 00000000 00000000 00000000
00:00:04.462120 Hst:                00000000 00000000 00000000 00000000
00:00:04.462120 Gst: 0000000d/0006  00000000 00000000 00000000 00000000
00:00:04.462121 Hst:                00000000 00000000 00000000 00000000
00:00:04.462121 Gst: 0000000d/0007  00000000 00000000 00000000 00000000
00:00:04.462121 Hst:                00000000 00000000 00000000 00000000
00:00:04.462122 Gst: 0000000d/0008  00000000 00000000 00000000 00000000
00:00:04.462122 Hst:                00000000 00000000 00000000 00000000
00:00:04.462122 Gst: 0000000d/0009  00000000 00000000 00000000 00000000
00:00:04.462123 Hst:                00000000 00000000 00000000 00000000
00:00:04.462123 Gst: 0000000d/000a  00000000 00000000 00000000 00000000
00:00:04.462123 Hst:                00000000 00000000 00000000 00000000
00:00:04.462124 Gst: 0000000d/000b  00000000 00000000 00000000 00000000
00:00:04.462124 Hst:                00000010 00000000 00000001 00000000
00:00:04.462124 Gst: 0000000d/000c  00000000 00000000 00000000 00000000
00:00:04.462125 Hst:                00000018 00000000 00000001 00000000
00:00:04.462125 Gst: 0000000d/000d  00000000 00000000 00000000 00000000
00:00:04.462125 Hst:                00000000 00000000 00000000 00000000
00:00:04.462126                                Name: AuthenticAMD
00:00:04.462126                            Supports: 0x00000000-0x0000000d
00:00:04.462127                              Family: 15 	Extended: 10 	Effective: 25
00:00:04.462128                               Model:  1 	Extended: 2 	Effective: 33
00:00:04.462129                            Stepping: 0
00:00:04.462129                                Type: 0 (primary)
00:00:04.462129                             APIC ID: 0x00
00:00:04.462130                        Logical CPUs: 1
00:00:04.462130                        CLFLUSH Size: 8
00:00:04.462131                            Brand ID: 0x00
00:00:04.462131 Features
00:00:04.462131   Mnemonic - Description                                  = Guest (Host)
00:00:04.462132   FPU - x87 FPU on Chip                                   = 1 (1)
00:00:04.462133   VME - Virtual 8086 Mode Enhancements                    = 1 (1)
00:00:04.462134   DE - Debugging extensions                               = 1 (1)
00:00:04.462134   PSE - Page Size Extension                               = 1 (1)
00:00:04.462136   TSC - Time Stamp Counter                                = 1 (1)
00:00:04.462137   MSR - Model Specific Registers                          = 1 (1)
00:00:04.462138   PAE - Physical Address Extension                        = 1 (1)
00:00:04.462138   MCE - Machine Check Exception                           = 1 (1)
00:00:04.462139   CX8 - CMPXCHG8B instruction                             = 1 (1)
00:00:04.462139   APIC - APIC On-Chip                                     = 1 (1)
00:00:04.462140   SEP - SYSENTER and SYSEXIT Present                      = 1 (1)
00:00:04.462140   MTRR - Memory Type Range Registers                      = 1 (1)
00:00:04.462141   PGE - PTE Global Bit                                    = 1 (1)
00:00:04.462141   MCA - Machine Check Architecture                        = 1 (1)
00:00:04.462142   CMOV - Conditional Move instructions                    = 1 (1)
00:00:04.462142   PAT - Page Attribute Table                              = 1 (1)
00:00:04.462143   PSE-36 - 36-bit Page Size Extension                     = 1 (1)
00:00:04.462143   PSN - Processor Serial Number                           = 0 (0)
00:00:04.462144   CLFSH - CLFLUSH instruction                             = 1 (1)
00:00:04.462144   DS - Debug Store                                        = 0 (0)
00:00:04.462145   ACPI - Thermal Mon. & Soft. Clock Ctrl.                 = 0 (0)
00:00:04.462145   MMX - Intel MMX Technology                              = 1 (1)
00:00:04.462146   FXSR - FXSAVE and FXRSTOR instructions                  = 1 (1)
00:00:04.462146   SSE - SSE support                                       = 1 (1)
00:00:04.462147   SSE2 - SSE2 support                                     = 1 (1)
00:00:04.462148   SS - Self Snoop                                         = 0 (0)
00:00:04.462148   HTT - Hyper-Threading Technology                        = 1 (1)
00:00:04.462149   TM - Therm. Monitor                                     = 0 (0)
00:00:04.462149   PBE - Pending Break Enabled                             = 0 (0)
00:00:04.462150   SSE3 - SSE3 support                                     = 1 (1)
00:00:04.462150   PCLMUL - PCLMULQDQ support (for AES-GCM)                = 1 (1)
00:00:04.462151   DTES64 - DS Area 64-bit Layout                          = 0 (0)
00:00:04.462151   MONITOR - MONITOR/MWAIT instructions                    = 0 (1)
00:00:04.462152   CPL-DS - CPL Qualified Debug Store                      = 0 (0)
00:00:04.462152   VMX - Virtual Machine Extensions                        = 0 (0)
00:00:04.462153   SMX - Safer Mode Extensions                             = 0 (0)
00:00:04.462153   EST - Enhanced SpeedStep Technology                     = 0 (0)
00:00:04.462154   TM2 - Terminal Monitor 2                                = 0 (0)
00:00:04.462154   SSSE3 - Supplemental Streaming SIMD Extensions 3        = 1 (1)
00:00:04.462155   CNTX-ID - L1 Context ID                                 = 0 (0)
00:00:04.462155   SDBG - Silicon Debug interface                          = 0 (0)
00:00:04.462156   FMA - Fused Multiply Add extensions                     = 1 (1)
00:00:04.462156   CX16 - CMPXCHG16B instruction                           = 1 (1)
00:00:04.462157   TPRUPDATE - xTPR Update Control                         = 0 (0)
00:00:04.462157   PDCM - Perf/Debug Capability MSR                        = 0 (0)
00:00:04.462158   PCID - Process Context Identifiers                      = 0 (0)
00:00:04.462158   DCA - Direct Cache Access                               = 0 (0)
00:00:04.462159   SSE4_1 - SSE4_1 support                                 = 1 (1)
00:00:04.462159   SSE4_2 - SSE4_2 support                                 = 1 (1)
00:00:04.462160   X2APIC - x2APIC support                                 = 0 (0)
00:00:04.462160   MOVBE - MOVBE instruction                               = 1 (1)
00:00:04.462161   POPCNT - POPCNT instruction                             = 1 (1)
00:00:04.462161   TSCDEADL - Time Stamp Counter Deadline                  = 0 (0)
00:00:04.462162   AES - AES instructions                                  = 1 (1)
00:00:04.462162   XSAVE - XSAVE instruction                               = 1 (1)
00:00:04.462163   OSXSAVE - OSXSAVE instruction                           = 0 (1)
00:00:04.462163   AVX - AVX support                                       = 1 (1)
00:00:04.462164   F16C - 16-bit floating point conversion instructions    = 1 (1)
00:00:04.462164   RDRAND - RDRAND instruction                             = 1 (1)
00:00:04.462165   HVP - Hypervisor Present (we're a guest)                = 1 (1)
00:00:04.462165 Structured Extended Feature Flags Enumeration (leaf 7):
00:00:04.462165 Sub-leaf 0
00:00:04.462166   Mnemonic - Description                                  = Guest (Host)
00:00:04.462166   FSGSBASE - RDFSBASE/RDGSBASE/WRFSBASE/WRGSBASE instr.   = 1 (1)
00:00:04.462167   TSCADJUST - Supports MSR_IA32_TSC_ADJUST                = 0 (0)
00:00:04.462167   SGX - Supports Software Guard Extensions                = 0 (0)
00:00:04.462167   BMI1 - Advanced Bit Manipulation extension 1            = 1 (1)
00:00:04.462168   HLE - Hardware Lock Elision                             = 0 (0)
00:00:04.462168   AVX2 - Advanced Vector Extensions 2                     = 1 (1)
00:00:04.462169   FDP_EXCPTN_ONLY - FPU DP only updated on exceptions     = 0 (0)
00:00:04.462169   SMEP - Supervisor Mode Execution Prevention             = 0 (1)
00:00:04.462170   BMI2 - Advanced Bit Manipulation extension 2            = 1 (1)
00:00:04.462171   ERMS - Enhanced REP MOVSB/STOSB instructions            = 0 (1)
00:00:04.462171   INVPCID - INVPCID instruction                           = 1 (1)
00:00:04.462172   RTM - Restricted Transactional Memory                   = 0 (0)
00:00:04.462173   PQM - Platform Quality of Service Monitoring            = 0 (1)
00:00:04.462173   DEPFPU_CS_DS - Deprecates FPU CS, FPU DS values if set  = 0 (0)
00:00:04.462173   MPE - Intel Memory Protection Extensions                = 0 (0)
00:00:04.462174   PQE - Platform Quality of Service Enforcement           = 0 (1)
00:00:04.462174   AVX512F - AVX512 Foundation instructions                = 0 (0)
00:00:04.462175   RDSEED - RDSEED instruction                             = 1 (1)
00:00:04.462175   ADX - ADCX/ADOX instructions                            = 1 (1)
00:00:04.462176   SMAP - Supervisor Mode Access Prevention                = 0 (1)
00:00:04.462176   CLFLUSHOPT - CLFLUSHOPT (Cache Line Flush) instruction  = 1 (1)
00:00:04.462176   CLWB - CLWB instruction                                 = 0 (1)
00:00:04.462177   INTEL_PT - Intel Processor Trace                        = 0 (0)
00:00:04.462177   AVX512PF - AVX512 Prefetch instructions                 = 0 (0)
00:00:04.462178   AVX512ER - AVX512 Exponential & Reciprocal instructions = 0 (0)
00:00:04.462178   AVX512CD - AVX512 Conflict Detection instructions       = 0 (0)
00:00:04.462179   SHA - Secure Hash Algorithm extensions                  = 1 (1)
00:00:04.462179   PREFETCHWT1 - PREFETCHWT1 instruction                   = 0 (0)
00:00:04.462180   UMIP - User mode insturction prevention                 = 0 (1)
00:00:04.462180   PKU - Protection Key for Usermode pages                 = 0 (0)
00:00:04.462180   OSPKE - CR4.PKU mirror                                  = 0 (0)
00:00:04.462181    7 - Reserved                                           = 0 (1)
00:00:04.462182    9 - Reserved                                           = 0 (1)
00:00:04.462182   10 - Reserved                                           = 0 (1)
00:00:04.462183   MAWAU - Value used by BNDLDX & BNDSTX                   = 0x0 (0x0)
00:00:04.462184   RDPID - Read processor ID support                       = 0 (1)
00:00:04.462184   SGX_LC - Supports SGX Launch Configuration              = 0 (0)
00:00:04.462184    4 - Reserved                                           = 0 (1)
00:00:04.462185   MCU_OPT_CTRL - Supports IA32_MCU_OPT_CTRL               = 0 (0)
00:00:04.462186   MD_CLEAR - Supports MDS related buffer clearing         = 0 (0)
00:00:04.462186   TSX_FORCE_ABORT - Supports IA32_TSX_FORCE_ABORT         = 0 (0)
00:00:04.462186   CET_IBT - Supports indirect branch tracking w/ CET      = 0 (0)
00:00:04.462187   IBRS_IBPB - IA32_SPEC_CTRL.IBRS and IA32_PRED_CMD.IBPB  = 0 (0)
00:00:04.462187   STIBP - Supports IA32_SPEC_CTRL.STIBP                   = 0 (0)
00:00:04.462187   FLUSH_CMD - Supports IA32_FLUSH_CMD                     = 0 (0)
00:00:04.462188   ARCHCAP - Supports IA32_ARCH_CAP                        = 0 (0)
00:00:04.462188   CORECAP - Supports IA32_CORE_CAP                        = 0 (0)
00:00:04.462189   SSBD - Supports IA32_SPEC_CTRL.SSBD                     = 0 (0)
00:00:04.462189  Sub-leaf 2
00:00:04.462190   Mnemonic - Description                                  = Guest (Host)
00:00:04.462190   PSFD - Supports IA32_SPEC_CTRL[7] (PSFD)                = 0 (0)
00:00:04.462190   IPRED_CTRL - Supports IA32_SPEC_CTRL[4:3] (IPRED_DIS)   = 0 (0)
00:00:04.462191   RRSBA_CTRL - Supports IA32_SPEC_CTRL[6:5] (RRSBA_DIS)   = 0 (0)
00:00:04.462191   DDPD_U - Supports IA32_SPEC_CTRL[8] (DDPD_U)            = 0 (0)
00:00:04.462192   BHI_CTRL - Supports IA32_SPEC_CTRL[10] (BHI_DIS_S)      = 0 (0)
00:00:04.462192   MCDT_NO - No MXCSR Config Dependent Timing issues       = 0 (0)
00:00:04.462192   UC_LOCK_DIS - Supports UC-lock disable and causing #AC  = 0 (0)
00:00:04.462193   MONITOR_MITG_NO - No MONITOR/UMONITOR power issues      = 0 (0)
00:00:04.462193 Processor Extended State Enumeration (leaf 0xd):
00:00:04.462193    XSAVE area cur/max size by XCR0, Guest: 0x340/0x340
00:00:04.462194    XSAVE area cur/max size by XCR0,  Host: 0x340/0x340
00:00:04.462194                    Valid XCR0 bits, Guest: 0x00000000`00000007 ( x87 SSE YMM_Hi128 )
00:00:04.462195                    Valid XCR0 bits,  Host: 0x00000000`00000007 ( x87 SSE YMM_Hi128 )
00:00:04.462196                     XSAVE features, Guest
00:00:04.462196                     XSAVE features,  Host XSAVEOPT XSAVEC XGETBC1 XSAVES
00:00:04.462197       XSAVE area cur size XCR0|XSS, Guest: 0x350
00:00:04.462198       XSAVE area cur size XCR0|XSS,  Host: 0x350
00:00:04.462198                Valid IA32_XSS bits, Guest: 0x00000000`00000000
00:00:04.462198                Valid IA32_XSS bits,  Host: 0x00001800`00000000 ( 43 44 )
00:00:04.462199   State #2, Guest: off=0x0240, cb=0x0100 IA32_XSS-bit -- YMM_Hi128
00:00:04.462200   State #2,  Host:  off=0x0240, cb=0x0100 IA32_XSS-bit -- YMM_Hi128
00:00:04.462201   State #11,  Host:  off=0x0000, cb=0x0010 XCR0-bit -- 11
00:00:04.462202   State #12,  Host:  off=0x0000, cb=0x0018 XCR0-bit -- 12
00:00:04.462205          Raw Hypervisor CPUID Leaves
00:00:04.462205      Leaf/sub-leaf  eax      ebx      ecx      edx
00:00:04.462205 Gst: 40000000/0000  40000001 4b4d564b 564b4d56 0000004d
00:00:04.462206 Hst:                4000000c 7263694d 666f736f 76482074
00:00:04.462206 Gst: 40000001/0000  01000089 00000000 00000000 00000000
00:00:04.462207 Hst:                31237648 00000000 00000000 00000000
00:00:04.462207 Hst: 40000002/0000  000065f4 000a0000 00000008 00002036
00:00:04.462208 Hst: 40000003/0000  00003fff 002bb9ff 00000662 73fffbf6
00:00:04.462208 Hst: 40000004/0000  00940d1c 00000000 00000000 00000000
00:00:04.462208 Hst: 40000005/0000  00000800 00000800 000008b8 00000000
00:00:04.462209 Hst: 40000006/0000  081e00ae 00000030 00000000 00000000
00:00:04.462209 Hst: 40000007/0000  80000007 0000000b 00000000 00000000
00:00:04.462210 Hst: 40000008/0000  00100003 00010000 00000000 00000000
00:00:04.462210 Hst: 40000009/0000  00000000 00000000 00000000 00000000
00:00:04.462210 Hst: 4000000a/0000  00000000 00000000 00000000 00000000
00:00:04.462211 Hst: 4000000b/0000  00000000 00000000 00000000 00000000
00:00:04.462211 Hst: 4000000c/0000  00000000 00000000 00000000 00000000
00:00:04.462212          Raw Extended CPUID Leaves
00:00:04.462212      Leaf/sub-leaf  eax      ebx      ecx      edx
00:00:04.462212 Gst: 80000000/0000  80000021 68747541 444d4163 69746e65
00:00:04.462212 Hst:                80000023 68747541 444d4163 69746e65
00:00:04.462213 Gst: 80000001/0000  00a20f10 20000000 000001f1 2bd3fb7f
00:00:04.462213 Hst:                00a20f10 20000000 20c023f3 2fd3fbff
00:00:04.462214 Gst: 80000002/0000  20444d41 657a7952 2035206e 30303635
00:00:04.462214 Hst:                20444d41 657a7952 2035206e 30303635
00:00:04.462214 Gst: 80000003/0000  2d362058 65726f43 6f725020 73736563
00:00:04.462215 Hst:                2d362058 65726f43 6f725020 73736563
00:00:04.462215 Gst: 80000004/0000  2020726f 20202020 20202020 00202020
00:00:04.462216 Hst:                2020726f 20202020 20202020 00202020
00:00:04.462216 Gst: 80000005/0000  ff40ff40 ff40ff40 20080140 20080140
00:00:04.462216 Hst:                ff40ff40 ff40ff40 20080140 20080140
00:00:04.462217 Gst: 80000006/0000  48002200 68004200 02006140 01009140
00:00:04.462217 Hst:                48002200 68004200 02006140 01009140
00:00:04.462217 Gst: 80000007/0000  00000000 00000000 00000000 00000100
00:00:04.462218 Hst:                00000000 0000001b 00000000 00006789
00:00:04.462218 Gst: 80000008/0000  00003030 24000000 00000000 00000000
00:00:04.462219 Hst:                00003030 3112d215 0000400b 00010000
00:00:04.462219 Gst: 80000009/0000  00000000 00000000 00000000 00000000
00:00:04.462219 Hst:                00000000 00000000 00000000 00000000
00:00:04.462220 Gst: 8000000a/0000  00000000 00000000 00000000 00000000
00:00:04.462220 Hst:                00000000 00000000 00000000 00000000
00:00:04.462220 Gst: 8000000b/0000  00000000 00000000 00000000 00000000
00:00:04.462221 Hst:                00000000 00000000 00000000 00000000
00:00:04.462221 Gst: 8000000c/0000  00000000 00000000 00000000 00000000
00:00:04.462221 Hst:                00000000 00000000 00000000 00000000
00:00:04.462222 Gst: 8000000d/0000  00000000 00000000 00000000 00000000
00:00:04.462222 Hst:                00000000 00000000 00000000 00000000
00:00:04.462222 Gst: 8000000e/0000  00000000 00000000 00000000 00000000
00:00:04.462223 Hst:                00000000 00000000 00000000 00000000
00:00:04.462223 Gst: 8000000f/0000  00000000 00000000 00000000 00000000
00:00:04.462223 Hst:                00000000 00000000 00000000 00000000
00:00:04.462224 Gst: 80000010/0000  00000000 00000000 00000000 00000000
00:00:04.462224 Hst:                00000000 00000000 00000000 00000000
00:00:04.462224 Gst: 80000011/0000  00000000 00000000 00000000 00000000
00:00:04.462225 Hst:                00000000 00000000 00000000 00000000
00:00:04.462225 Gst: 80000012/0000  00000000 00000000 00000000 00000000
00:00:04.462225 Hst:                00000000 00000000 00000000 00000000
00:00:04.462226 Gst: 80000013/0000  00000000 00000000 00000000 00000000
00:00:04.462226 Hst:                00000000 00000000 00000000 00000000
00:00:04.462226 Gst: 80000014/0000  00000000 00000000 00000000 00000000
00:00:04.462227 Hst:                00000000 00000000 00000000 00000000
00:00:04.462227 Gst: 80000015/0000  00000000 00000000 00000000 00000000
00:00:04.462227 Hst:                00000000 00000000 00000000 00000000
00:00:04.462228 Gst: 80000016/0000  00000000 00000000 00000000 00000000
00:00:04.462228 Hst:                00000000 00000000 00000000 00000000
00:00:04.462228 Gst: 80000017/0000  00000000 00000000 00000000 00000000
00:00:04.462229 Hst:                00000000 00000000 00000000 00000000
00:00:04.462229 Gst: 80000018/0000  00000000 00000000 00000000 00000000
00:00:04.462230 Hst:                00000000 00000000 00000000 00000000
00:00:04.462230 Gst: 80000019/0000  00000000 00000000 00000000 00000000
00:00:04.462230 Hst:                00000000 00000000 00000000 00000000
00:00:04.462231 Gst: 8000001a/0000  00000002 00000000 00000000 00000000
00:00:04.462231 Hst:                00000006 00000000 00000000 00000000
00:00:04.462231 Gst: 8000001b/0000  00000000 00000000 00000000 00000000
00:00:04.462232 Hst:                00000000 00000000 00000000 00000000
00:00:04.462232 Gst: 8000001c/0000  00000000 00000000 00000000 00000000
00:00:04.462232 Hst:                00000000 00000000 00000000 00000000
00:00:04.462233 Gst: 8000001d/0000  00000121 01c0003f 0000003f 00000000
00:00:04.462233 Hst:                00004121 01c0003f 0000003f 00000000
00:00:04.462233 Gst: 8000001d/0001  00000122 01c0003f 0000003f 00000000
00:00:04.462234 Hst:                00004122 01c0003f 0000003f 00000000
00:00:04.462234 Gst: 8000001d/0002  00000143 01c0003f 000003ff 00000002
00:00:04.462235 Hst:                00004143 01c0003f 000003ff 00000002
00:00:04.462235 Gst: 8000001d/0003  00000163 03c0003f 00007fff 00000001
00:00:04.462235 Hst:                0002c163 03c0003f 00007fff 00000001
00:00:04.462236 Gst: 8000001d/0004  00000000 00000000 00000000 00000000
00:00:04.462236 Hst:                00000000 00000000 00000000 00000000
00:00:04.462236 Gst: 8000001e/0000  00000000 00000000 00000000 00000000
00:00:04.462237 Hst:                0000000b 00000105 00000000 00000000
00:00:04.462237 Gst: 8000001f/0000  0001780f 00000173 000001fd 00000001
00:00:04.462237 Hst:                0001780f 00000173 000001fd 00000001
00:00:04.462238 Gst: 80000020/0000  00000000 00000000 00000000 00000000
00:00:04.462238 Hst:                00000000 00000000 00000000 00000000
00:00:04.462239 Gst: 80000021/0000  00000000 00000000 00000000 00000000
00:00:04.462239 Hst:                00000021 00000000 00000000 00000000
00:00:04.462239 Hst: 80000022/0000  00000000 00000000 00000000 00000000
00:00:04.462240 Hst: 80000023/0000  00000000 00000000 00000000 00000000
00:00:04.462240 Ext Name:                        AuthenticAMD
00:00:04.462240 Ext Supports:                    0x80000000-0x80000021
00:00:04.462241 Family:                          15  	Extended: 10 	Effective: 25
00:00:04.462241 Model:                           1  	Extended: 2 	Effective: 33
00:00:04.462241 Stepping:                        0
00:00:04.462242 Brand ID:                        0x000
00:00:04.462242 Ext Features
00:00:04.462242   Mnemonic - Description                                  = Guest (Host)
00:00:04.462243   FPU - x87 FPU on Chip                                   = 1 (1)
00:00:04.462243   VME - Virtual 8086 Mode Enhancements                    = 1 (1)
00:00:04.462244   DE - Debugging extensions                               = 1 (1)
00:00:04.462244   PSE - Page Size Extension                               = 1 (1)
00:00:04.462245   TSC - Time Stamp Counter                                = 1 (1)
00:00:04.462246   MSR - K86 Model Specific Registers                      = 1 (1)
00:00:04.462247   PAE - Physical Address Extension                        = 1 (1)
00:00:04.462247   MCE - Machine Check Exception                           = 0 (1)
00:00:04.462248   CX8 - CMPXCHG8B instruction                             = 1 (1)
00:00:04.462249   APIC - APIC On-Chip                                     = 1 (1)
00:00:04.462249   SEP - SYSCALL/SYSRET                                    = 1 (1)
00:00:04.462250   MTRR - Memory Type Range Registers                      = 1 (1)
00:00:04.462250   PGE - PTE Global Bit                                    = 1 (1)
00:00:04.462251   MCA - Machine Check Architecture                        = 1 (1)
00:00:04.462251   CMOV - Conditional Move instructions                    = 1 (1)
00:00:04.462252   PAT - Page Attribute Table                              = 1 (1)
00:00:04.462252   PSE-36 - 36-bit Page Size Extension                     = 1 (1)
00:00:04.462253   NX - No-Execute/Execute-Disable                         = 1 (1)
00:00:04.462253   AXMMX - AMD Extensions to MMX instructions              = 1 (1)
00:00:04.462254   MMX - Intel MMX Technology                              = 1 (1)
00:00:04.462254   FXSR - FXSAVE and FXRSTOR Instructions                  = 1 (1)
00:00:04.462255   FFXSR - AMD fast FXSAVE and FXRSTOR instructions        = 1 (1)
00:00:04.462255   Page1GB - 1 GB large page                               = 0 (1)
00:00:04.462256   RDTSCP - RDTSCP instruction                             = 1 (1)
00:00:04.462256   LM - AMD64 Long Mode                                    = 1 (1)
00:00:04.462257   3DNOWEXT - AMD Extensions to 3DNow                      = 0 (0)
00:00:04.462257   3DNOW - AMD 3DNow                                       = 0 (0)
00:00:04.462258   LahfSahf - LAHF/SAHF support in 64-bit mode             = 1 (1)
00:00:04.462258   CmpLegacy - Core multi-processing legacy mode           = 0 (1)
00:00:04.462259   SVM - AMD Secure Virtual Machine extensions             = 0 (0)
00:00:04.462259   EXTAPIC - AMD Extended APIC registers                   = 0 (0)
00:00:04.462259   CR8L - AMD LOCK MOV CR0 means MOV CR8                   = 1 (1)
00:00:04.462260   ABM - AMD Advanced Bit Manipulation                     = 1 (1)
00:00:04.462260   SSE4A - SSE4A instructions                              = 1 (1)
00:00:04.462261   MISALIGNSSE - AMD Misaligned SSE mode                   = 1 (1)
00:00:04.462261   3DNOWPRF - AMD PREFETCH and PREFETCHW instructions      = 1 (1)
00:00:04.462262   OSVW - AMD OS Visible Workaround                        = 0 (1)
00:00:04.462262   IBS - Instruct Based Sampling                           = 0 (0)
00:00:04.462263   XOP - Extended Operation support                        = 0 (0)
00:00:04.462263   SKINIT - SKINIT, STGI, and DEV support                  = 0 (0)
00:00:04.462263   WDT - AMD Watchdog Timer support                        = 0 (1)
00:00:04.462264   LWP - Lightweight Profiling support                     = 0 (0)
00:00:04.462264   FMA4 - Four operand FMA instruction support             = 0 (0)
00:00:04.462265   TCE - Translation Cache Extension support               = 0 (0)
00:00:04.462265   NodeId - NodeId in MSR C001_100C                        = 0 (0)
00:00:04.462266   TBM - Trailing Bit Manipulation instructions            = 0 (0)
00:00:04.462266   TOPOEXT - Topology Extensions                           = 0 (1)
00:00:04.462267   PRFEXTCORE - Performance Counter Extensions support     = 0 (1)
00:00:04.462267   PRFEXTNB - NB Performance Counter Extensions support    = 0 (0)
00:00:04.462267   DATABPEXT - Data-access Breakpoint Extension            = 0 (0)
00:00:04.462268   PERFTSC - Performance Time Stamp Counter                = 0 (0)
00:00:04.462268   PCX_L2I - L2I/L3 Performance Counter Extensions         = 0 (0)
00:00:04.462269   MONITORX - MWAITX and MONITORX instructions             = 0 (1)
00:00:04.462269   AddrMaskExt - BP Addressing masking extended to bit 31  = 0 (0)
00:00:04.462269 Full Name:                       "AMD Ryzen 5 5600X 6-Core Processor             "
00:00:04.462270 TLB 2/4M Instr/Uni:              fully  64 entries
00:00:04.462270 TLB 2/4M Data:                   fully  64 entries
00:00:04.462270 TLB 4K Instr/Uni:                fully  64 entries
00:00:04.462271 TLB 4K Data:                     fully  64 entries
00:00:04.462271 L1 Instr Cache Line Size:        64 bytes
00:00:04.462271 L1 Instr Cache Lines Per Tag:    1
00:00:04.462271 L1 Instr Cache Associativity:    8 way
00:00:04.462272 L1 Instr Cache Size:             32 KB
00:00:04.462272 L1 Data Cache Line Size:         64 bytes
00:00:04.462272 L1 Data Cache Lines Per Tag:     1
00:00:04.462272 L1 Data Cache Associativity:     8 way
00:00:04.462272 L1 Data Cache Size:              32 KB
00:00:04.462273 L2 TLB 2/4M Instr/Uni:           2 way   512 entries
00:00:04.462273 L2 TLB 2/4M Data:                4 way  2048 entries
00:00:04.462273 L2 TLB 4K Instr/Uni:             4 way   512 entries
00:00:04.462273 L2 TLB 4K Data:                  8 way  2048 entries
00:00:04.462274 L2 Cache Line Size:              64 bytes
00:00:04.462274 L2 Cache Lines Per Tag:          1
00:00:04.462274 L2 Cache Associativity:          8 way 
00:00:04.462274 L2 Cache Size:                   512 KB
00:00:04.462274 L3 Cache Line Size:              64 bytes
00:00:04.462275 L3 Cache Lines Per Tag:          1
00:00:04.462275 L3 Cache Associativity:          tpoext
00:00:04.462275 L3 Cache Size:                   32768 KB
00:00:04.462277 APM Features EDX
00:00:04.462277   Mnemonic - Description                                  = Guest (Host)
00:00:04.462279   TS - Temperature Sensor                                 = 0 (1)
00:00:04.462280   FID - Frequency ID control                              = 0 (0)
00:00:04.462280   VID - Voltage ID control                                = 0 (0)
00:00:04.462281   TTP - Thermal Trip                                      = 0 (1)
00:00:04.462282   TM - Hardware Thermal Control (HTC)                     = 0 (0)
00:00:04.462282   100MHzSteps - 100 MHz Multiplier control                = 0 (0)
00:00:04.462282   HwPstate - Hardware P-state control                     = 0 (1)
00:00:04.462283   TscInvariant - Invariant Time Stamp Counter             = 1 (1)
00:00:04.462283   CPB - Core Performance Boost                            = 0 (1)
00:00:04.462284   EffFreqRO - Read-only Effective Frequency Interface     = 0 (1)
00:00:04.462285   ProcFdbkIf - Processor Feedback Interface               = 0 (0)
00:00:04.462285   ProcPwrRep - Core power reporting interface support     = 0 (0)
00:00:04.462285   ConnectedStandby - Connected Standby                    = 0 (1)
00:00:04.462286   RAPL - Running average power limit                      = 0 (1)
00:00:04.462286 Ext Features ext IDs EBX
00:00:04.462287   Mnemonic - Description                                  = Guest (Host)
00:00:04.462287   CLZERO - Clear zero instruction (cacheline)             = 0 (1)
00:00:04.462288   IRPerf - Instructions retired count support             = 0 (0)
00:00:04.462288   XSaveErPtr - Save/restore error pointers (FXSAVE/RSTOR) = 0 (1)
00:00:04.462288   INVLPGB - INVLPGB and TLBSYNC instructions              = 0 (0)
00:00:04.462289   RDPRU - RDPRU instruction                               = 0 (1)
00:00:04.462289   BE - Bandwidth Enforcement extension                    = 0 (0)
00:00:04.462290   MCOMMIT - MCOMMIT instruction                           = 0 (0)
00:00:04.462290   WBNOINVD - WBNOINVD instruction                         = 0 (1)
00:00:04.462291   IBPB - Supports the IBPB command in IA32_PRED_CMD       = 0 (1)
00:00:04.462291   INT_WBINVD - WBINVD/WBNOINVD interruptible              = 0 (0)
00:00:04.462292   IBRS - Indirect Branch Restricted Speculation           = 0 (1)
00:00:04.462292   STIBP - Single Thread Indirect Branch Prediction        = 0 (1)
00:00:04.462293   IbrsAlwaysOn - Processor prefers that IBRS be left on   = 0 (0)
00:00:04.462293   StibpAlwaysOn - Processor prefers that STIBP be left on = 0 (1)
00:00:04.462293   IbrsPreferred - IBRS preferred over software solution   = 0 (0)
00:00:04.462294   IbrsSameMode - IBRS limits same mode speculation        = 0 (0)
00:00:04.462294   EferLmsleUnsupported - EFER.LMSLE is unsupported        = 0 (1)
00:00:04.462294   INVLPGBnestedPages - INVLPGB for nested translation     = 0 (0)
00:00:04.462295   PPIN - Protected processor inventory number             = 0 (0)
00:00:04.462295   SSBD - Speculative Store Bypass Disable                 = 0 (1)
00:00:04.462296   SsbdVirtSpecCtrl - Use VIRT_SPEC_CTL for SSBD           = 0 (0)
00:00:04.462296   SsbdNotRequired - SSBD not needed on this processor     = 1 (0)
00:00:04.462296   CPPC - Collaborative Processor Performance Control      = 0 (0)
00:00:04.462297   PSFD - Predictive Store Forward Disable                 = 0 (1)
00:00:04.462297   BTC_NO - Unaffected by branch type confusion            = 1 (1)
00:00:04.462298   IBPB_RET - Clears RA predictor when PRED_CMD.IBPB set   = 0 (0)
00:00:04.462298 Physical Address Width:          48 bits
00:00:04.462298 Virtual Address Width:           48 bits
00:00:04.462299 Guest Physical Address Width:    48 bits (0)
00:00:04.462299 Physical Core Count:             1
00:00:04.462299 APIC ID size:                    1 (0x1)
00:00:04.462299 Performance TSC size:            40 bits
00:00:04.462299 Max page count for INVLPGB:      0x3030
00:00:04.462300 Max ECX for RDPRU:               0x0
00:00:04.462301 ********************* End of CPUID dump *********************
00:00:04.462340 VMEmt: Halt method global1 (5)
00:00:04.462402 VMEmt: HaltedGlobal1 config: cNsSpinBlockThresholdCfg=50000
00:00:04.462408 Changing the VM state from 'CREATING' to 'CREATED'
00:00:04.463211 NAT: DNS settings changed, triggering update
00:00:04.463219 NAT DNS Update: Stored 1678026946 as nameserver #0
00:00:04.463222 NAT DNS Update: Stored 1678289090 as nameserver #1
00:00:04.463225 NAT DNS Update: Stored 2 total nameservers
00:00:04.463452 Changing the VM state from 'CREATED' to 'LOADING'
00:00:04.463603 SSM: File header: Format 2.0, VirtualBox Version 7.2.4 r170995, 64-bit host, cbGCPhys=8, cbGCPtr=8
00:00:04.463750 SSM: Saved state info:
00:00:04.463760 SSM:   Build Type: release
00:00:04.463765 SSM:   Host OS: win.amd64
00:00:04.463854 PCI:    PIIX3/0: register 60: 80 -> 0b
00:00:04.463860 PCI:    PIIX3/0: register 61: 00 -> 0a
00:00:04.463863 PCI:    PIIX3/0: register 62: 00 -> 09
00:00:04.463865 PCI:    PIIX3/0: register 63: 00 -> 0b
00:00:04.463870 PCI: piix3ide/0: 32-bit field BASE_ADDRESS_4: 1 -> d001
00:00:04.463874 PCI: piix3ide/0: register 40: 00 -> 11
00:00:04.463877 PCI: piix3ide/0: register 42: 00 -> 11
00:00:04.463882 PCI:      vga/0: 32-bit field BASE_ADDRESS_0: 1 -> d011
00:00:04.463885 PCI:      vga/0: 32-bit field BASE_ADDRESS_1: 8 -> e0000008
00:00:04.463888 PCI:      vga/0: 32-bit field BASE_ADDRESS_2: 0 -> f0000000
00:00:04.463891 PCI:      vga/0:  8-bit field INTERRUPT_LINE: 0 -> a
00:00:04.463894 PCI:      vga/0: 16-bit field COMMAND: 0 -> 3
00:00:04.464164 PCI:    e1000/0: 32-bit field BASE_ADDRESS_0: 0 -> f0200000
00:00:04.464169 PCI:    e1000/0: 32-bit field BASE_ADDRESS_2: 1 -> d021
00:00:04.464172 PCI:    e1000/0:  8-bit field INTERRUPT_LINE: 0 -> 9
00:00:04.464175 PCI:    e1000/0: 16-bit field COMMAND: 0 -> 3
00:00:04.464184 PCI:   VMMDev/0: 32-bit field BASE_ADDRESS_0: 1 -> d041
00:00:04.464187 PCI:   VMMDev/0: 32-bit field BASE_ADDRESS_1: 0 -> f0400000
00:00:04.464190 PCI:   VMMDev/0: 32-bit field BASE_ADDRESS_2: 8 -> f0800008
00:00:04.464193 PCI:   VMMDev/0:  8-bit field INTERRUPT_LINE: 0 -> b
00:00:04.464196 PCI:   VMMDev/0: 16-bit field COMMAND: 0 -> 3
00:00:04.464276 PCI:  ichac97/0: 32-bit field BASE_ADDRESS_0: 1 -> d101
00:00:04.464281 PCI:  ichac97/0: 32-bit field BASE_ADDRESS_1: 1 -> d201
00:00:04.464284 PCI:  ichac97/0:  8-bit field INTERRUPT_LINE: 0 -> b
00:00:04.464287 PCI:  ichac97/0: 16-bit field COMMAND: 0 -> 1
00:00:04.464292 PCI: usb-ohci/0: 32-bit field BASE_ADDRESS_0: 0 -> f0804000
00:00:04.464295 PCI: usb-ohci/0:  8-bit field INTERRUPT_LINE: 0 -> a
00:00:04.464298 PCI: usb-ohci/0: 16-bit field COMMAND: 0 -> 2
00:00:04.464306 PCI: usb-ehci/0: 32-bit field BASE_ADDRESS_0: 0 -> f0805000
00:00:04.464309 PCI: usb-ehci/0:  8-bit field INTERRUPT_LINE: 0 -> 9
00:00:04.464312 PCI: usb-ehci/0: 16-bit field COMMAND: 0 -> 2
00:00:05.108364 TM: cTSCTicksPerSecond=0xdc201811 (3 693 090 833) enmTSCMode=4 (NativeApi) (state load)
00:00:05.108482 PIT: mode=2 count=0x10000 (65536) - 18.20 Hz (ch=0) (restore)
00:00:05.108495 RTC: Stopped the periodic timer (restore)
00:00:05.108526 HGCM: Restoring [VBoxGuestPropSvc]
00:00:05.108539 HGCM: Restoring [VBoxGuestControlSvc]
00:00:05.108544 HGCM: Restoring [VBoxSharedFolders]
00:00:05.108547 HGCM: Restoring [VBoxDragAndDropSvc]
00:00:05.108549 HGCM: Restoring [VBoxSharedClipboard]
00:00:05.108736 VGA: VMSVGA2dGBO enabled in VM config and SVGA_CAP_GBOBJECTS is present in Caps. 3D state should be loaded.
00:00:05.108771 GUI: UISession::sltAdditionsChange: GA state doesn't really changed, still notifying listeners.
00:00:05.108784 GUI: UIMachineLogicNormal::sltCheckForRequestedVisualStateType: Requested-state=1, Machine-state=14
00:00:05.109147 VMSVGA3d: cap[0]=0x00000000 {3D}
00:00:05.109149 VMSVGA3d: cap[1]=0x00000000 {MAX_LIGHTS}
00:00:05.109149 VMSVGA3d: cap[2]=0x00000000 {MAX_TEXTURES}
00:00:05.109150 VMSVGA3d: cap[3]=0x00000000 {MAX_CLIP_PLANES}
00:00:05.109150 VMSVGA3d: cap[4]=0x00000000 {VERTEX_SHADER_VERSION}
00:00:05.109151 VMSVGA3d: cap[5]=0x00000000 {VERTEX_SHADER}
00:00:05.109151 VMSVGA3d: cap[6]=0x00000000 {FRAGMENT_SHADER_VERSION}
00:00:05.109152 VMSVGA3d: cap[7]=0x00000000 {FRAGMENT_SHADER}
00:00:05.109152 VMSVGA3d: cap[8]=0x00000000 {MAX_RENDER_TARGETS}
00:00:05.109153 VMSVGA3d: cap[9]=0x00000000 {S23E8_TEXTURES}
00:00:05.109153 VMSVGA3d: cap[10]=0x00000000 {S10E5_TEXTURES}
00:00:05.109154 VMSVGA3d: cap[11]=0x00000000 {MAX_FIXED_VERTEXBLEND}
00:00:05.109154 VMSVGA3d: cap[12]=0x00000000 {D16_BUFFER_FORMAT}
00:00:05.109155 VMSVGA3d: cap[13]=0x00000000 {D24S8_BUFFER_FORMAT}
00:00:05.109155 VMSVGA3d: cap[14]=0x00000000 {D24X8_BUFFER_FORMAT}
00:00:05.109156 VMSVGA3d: cap[15]=0x00000000 {QUERY_TYPES}
00:00:05.109156 VMSVGA3d: cap[16]=0x00000000 {TEXTURE_GRADIENT_SAMPLING}
00:00:05.109157 VMSVGA3d: cap[17]=0.000000 {MAX_POINT_SIZE}
00:00:05.109157 VMSVGA3d: cap[18]=0x00000000 {MAX_SHADER_TEXTURES}
00:00:05.109159 VMSVGA3d: cap[19]=0x00004000 {MAX_TEXTURE_WIDTH}
00:00:05.109160 VMSVGA3d: cap[20]=0x00004000 {MAX_TEXTURE_HEIGHT}
00:00:05.109160 VMSVGA3d: cap[21]=0x00000000 {MAX_VOLUME_EXTENT}
00:00:05.109161 VMSVGA3d: cap[22]=0x00000000 {MAX_TEXTURE_REPEAT}
00:00:05.109161 VMSVGA3d: cap[23]=0x00000000 {MAX_TEXTURE_ASPECT_RATIO}
00:00:05.109161 VMSVGA3d: cap[24]=0x00000000 {MAX_TEXTURE_ANISOTROPY}
00:00:05.109162 VMSVGA3d: cap[25]=0x00000000 {MAX_PRIMITIVE_COUNT}
00:00:05.109162 VMSVGA3d: cap[26]=0x00000000 {MAX_VERTEX_INDEX}
00:00:05.109163 VMSVGA3d: cap[27]=0x00000000 {MAX_VERTEX_SHADER_INSTRUCTIONS}
00:00:05.109163 VMSVGA3d: cap[28]=0x00000000 {MAX_FRAGMENT_SHADER_INSTRUCTIONS}
00:00:05.109164 VMSVGA3d: cap[29]=0x00000000 {MAX_VERTEX_SHADER_TEMPS}
00:00:05.109164 VMSVGA3d: cap[30]=0x00000000 {MAX_FRAGMENT_SHADER_TEMPS}
00:00:05.109165 VMSVGA3d: cap[31]=0x00000000 {TEXTURE_OPS}
00:00:05.109165 VMSVGA3d: cap[32]=0x00000000 {SURFACEFMT_X8R8G8B8}
00:00:05.109165 VMSVGA3d: cap[33]=0x00000000 {SURFACEFMT_A8R8G8B8}
00:00:05.109166 VMSVGA3d: cap[34]=0x00000000 {SURFACEFMT_A2R10G10B10}
00:00:05.109166 VMSVGA3d: cap[35]=0x00000000 {SURFACEFMT_X1R5G5B5}
00:00:05.109167 VMSVGA3d: cap[36]=0x00000000 {SURFACEFMT_A1R5G5B5}
00:00:05.109167 VMSVGA3d: cap[37]=0x00000000 {SURFACEFMT_A4R4G4B4}
00:00:05.109171 VMSVGA3d: cap[38]=0x00000000 {SURFACEFMT_R5G6B5}
00:00:05.109172 VMSVGA3d: cap[39]=0x00000000 {SURFACEFMT_LUMINANCE16}
00:00:05.109172 VMSVGA3d: cap[40]=0x00000000 {SURFACEFMT_LUMINANCE8_ALPHA8}
00:00:05.109173 VMSVGA3d: cap[41]=0x00000000 {SURFACEFMT_ALPHA8}
00:00:05.109173 VMSVGA3d: cap[42]=0x00000000 {SURFACEFMT_LUMINANCE8}
00:00:05.109174 VMSVGA3d: cap[43]=0x00000000 {SURFACEFMT_Z_D16}
00:00:05.109174 VMSVGA3d: cap[44]=0x00000000 {SURFACEFMT_Z_D24S8}
00:00:05.109175 VMSVGA3d: cap[45]=0x00000000 {SURFACEFMT_Z_D24X8}
00:00:05.109175 VMSVGA3d: cap[46]=0x00000000 {SURFACEFMT_DXT1}
00:00:05.109175 VMSVGA3d: cap[47]=0x00000000 {SURFACEFMT_DXT2}
00:00:05.109176 VMSVGA3d: cap[48]=0x00000000 {SURFACEFMT_DXT3}
00:00:05.109176 VMSVGA3d: cap[49]=0x00000000 {SURFACEFMT_DXT4}
00:00:05.109176 VMSVGA3d: cap[50]=0x00000000 {SURFACEFMT_DXT5}
00:00:05.109177 VMSVGA3d: cap[51]=0x00000000 {SURFACEFMT_BUMPX8L8V8U8}
00:00:05.109177 VMSVGA3d: cap[52]=0x00000000 {SURFACEFMT_A2W10V10U10}
00:00:05.109178 VMSVGA3d: cap[53]=0x00000000 {SURFACEFMT_BUMPU8V8}
00:00:05.109178 VMSVGA3d: cap[54]=0x00000000 {SURFACEFMT_Q8W8V8U8}
00:00:05.109179 VMSVGA3d: cap[55]=0x00000000 {SURFACEFMT_CxV8U8}
00:00:05.109179 VMSVGA3d: cap[56]=0x00000000 {SURFACEFMT_R_S10E5}
00:00:05.109179 VMSVGA3d: cap[57]=0x00000000 {SURFACEFMT_R_S23E8}
00:00:05.109180 VMSVGA3d: cap[58]=0x00000000 {SURFACEFMT_RG_S10E5}
00:00:05.109180 VMSVGA3d: cap[59]=0x00000000 {SURFACEFMT_RG_S23E8}
00:00:05.109180 VMSVGA3d: cap[60]=0x00000000 {SURFACEFMT_ARGB_S10E5}
00:00:05.109181 VMSVGA3d: cap[61]=0x00000000 {SURFACEFMT_ARGB_S23E8}
00:00:05.109181 VMSVGA3d: cap[62]=0x00000000 {MISSING62}
00:00:05.109182 VMSVGA3d: cap[63]=0x00000000 {MAX_VERTEX_SHADER_TEXTURES}
00:00:05.109182 VMSVGA3d: cap[64]=0x00000000 {MAX_SIMULTANEOUS_RENDER_TARGETS}
00:00:05.109183 VMSVGA3d: cap[65]=0x00000000 {SURFACEFMT_V16U16}
00:00:05.109183 VMSVGA3d: cap[66]=0x00000000 {SURFACEFMT_G16R16}
00:00:05.109183 VMSVGA3d: cap[67]=0x00000000 {SURFACEFMT_A16B16G16R16}
00:00:05.109184 VMSVGA3d: cap[68]=0x00000000 {SURFACEFMT_UYVY}
00:00:05.109184 VMSVGA3d: cap[69]=0x00000000 {SURFACEFMT_YUY2}
00:00:05.109185 VMSVGA3d: cap[70]=0x00000000 {DEAD4}
00:00:05.109185 VMSVGA3d: cap[71]=0x00000000 {DEAD5}
00:00:05.109185 VMSVGA3d: cap[72]=0x00000000 {DEAD7}
00:00:05.109186 VMSVGA3d: cap[73]=0x00000000 {DEAD6}
00:00:05.109186 VMSVGA3d: cap[74]=0x00000000 {AUTOGENMIPMAPS}
00:00:05.109187 VMSVGA3d: cap[75]=0x00000000 {SURFACEFMT_NV12}
00:00:05.109187 VMSVGA3d: cap[76]=0x00000000 {DEAD10}
00:00:05.109187 VMSVGA3d: cap[77]=0x00000000 {MAX_CONTEXT_IDS}
00:00:05.109188 VMSVGA3d: cap[78]=0x00000000 {MAX_SURFACE_IDS}
00:00:05.109188 VMSVGA3d: cap[79]=0x00000000 {SURFACEFMT_Z_DF16}
00:00:05.109189 VMSVGA3d: cap[80]=0x00000000 {SURFACEFMT_Z_DF24}
00:00:05.109189 VMSVGA3d: cap[81]=0x00000000 {SURFACEFMT_Z_D24S8_INT}
00:00:05.109190 VMSVGA3d: cap[82]=0x00000000 {SURFACEFMT_ATI1}
00:00:05.109190 VMSVGA3d: cap[83]=0x00000000 {SURFACEFMT_ATI2}
00:00:05.109191 VMSVGA3d: cap[84]=0x00000000 {DEAD1}
00:00:05.109191 VMSVGA3d: cap[85]=0x00000000 {DEAD8}
00:00:05.109191 VMSVGA3d: cap[86]=0x00000000 {DEAD9}
00:00:05.109192 VMSVGA3d: cap[87]=0x00000000 {LINE_AA}
00:00:05.109192 VMSVGA3d: cap[88]=0x00000000 {LINE_STIPPLE}
00:00:05.109193 VMSVGA3d: cap[89]=0.000000 {MAX_LINE_WIDTH}
00:00:05.109193 VMSVGA3d: cap[90]=0.000000 {MAX_AA_LINE_WIDTH}
00:00:05.109195 VMSVGA3d: cap[91]=0x00000000 {SURFACEFMT_YV12}
00:00:05.109195 VMSVGA3d: cap[92]=0x00000000 {DEAD3}
00:00:05.109196 VMSVGA3d: cap[93]=0x00000000 {TS_COLOR_KEY}
00:00:05.109196 VMSVGA3d: cap[94]=0x00000000 {DEAD2}
00:00:05.109197 VMSVGA3d: cap[95]=0x00000000 {DXCONTEXT}
00:00:05.109197 VMSVGA3d: cap[96]=0x00000000 {DEAD11}
00:00:05.109197 VMSVGA3d: cap[97]=0x00000000 {DX_MAX_VERTEXBUFFERS}
00:00:05.109198 VMSVGA3d: cap[98]=0x00000000 {DX_MAX_CONSTANT_BUFFERS}
00:00:05.109198 VMSVGA3d: cap[99]=0x00000000 {DX_PROVOKING_VERTEX}
00:00:05.109199 VMSVGA3d: cap[100]=0x00000005 {DXFMT_X8R8G8B8}
00:00:05.109199 VMSVGA3d: cap[101]=0x00000000 {DXFMT_A8R8G8B8}
00:00:05.109200 VMSVGA3d: cap[102]=0x00000000 {DXFMT_R5G6B5}
00:00:05.109200 VMSVGA3d: cap[103]=0x00000000 {DXFMT_X1R5G5B5}
00:00:05.109201 VMSVGA3d: cap[104]=0x00000000 {DXFMT_A1R5G5B5}
00:00:05.109201 VMSVGA3d: cap[105]=0x00000000 {DXFMT_A4R4G4B4}
00:00:05.109201 VMSVGA3d: cap[106]=0x00000000 {DXFMT_Z_D32}
00:00:05.109202 VMSVGA3d: cap[107]=0x00000000 {DXFMT_Z_D16}
00:00:05.109202 VMSVGA3d: cap[108]=0x00000000 {DXFMT_Z_D24S8}
00:00:05.109203 VMSVGA3d: cap[109]=0x00000000 {DXFMT_Z_D15S1}
00:00:05.109203 VMSVGA3d: cap[110]=0x00000000 {DXFMT_LUMINANCE8}
00:00:05.109204 VMSVGA3d: cap[111]=0x00000000 {DXFMT_LUMINANCE4_ALPHA4}
00:00:05.109204 VMSVGA3d: cap[112]=0x00000000 {DXFMT_LUMINANCE16}
00:00:05.109204 VMSVGA3d: cap[113]=0x00000000 {DXFMT_LUMINANCE8_ALPHA8}
00:00:05.109205 VMSVGA3d: cap[114]=0x00000000 {DXFMT_DXT1}
00:00:05.109205 VMSVGA3d: cap[115]=0x00000000 {DXFMT_DXT2}
00:00:05.109207 VMSVGA3d: cap[116]=0x00000000 {DXFMT_DXT3}
00:00:05.109208 VMSVGA3d: cap[117]=0x00000000 {DXFMT_DXT4}
00:00:05.109208 VMSVGA3d: cap[118]=0x00000000 {DXFMT_DXT5}
00:00:05.109208 VMSVGA3d: cap[119]=0x00000000 {DXFMT_BUMPU8V8}
00:00:05.109209 VMSVGA3d: cap[120]=0x00000000 {DXFMT_BUMPL6V5U5}
00:00:05.109209 VMSVGA3d: cap[121]=0x00000000 {DXFMT_BUMPX8L8V8U8}
00:00:05.109210 VMSVGA3d: cap[122]=0x00000000 {DXFMT_FORMAT_DEAD1}
00:00:05.109210 VMSVGA3d: cap[123]=0x00000000 {DXFMT_ARGB_S10E5}
00:00:05.109210 VMSVGA3d: cap[124]=0x00000000 {DXFMT_ARGB_S23E8}
00:00:05.109211 VMSVGA3d: cap[125]=0x00000000 {DXFMT_A2R10G10B10}
00:00:05.109211 VMSVGA3d: cap[126]=0x00000000 {DXFMT_V8U8}
00:00:05.109212 VMSVGA3d: cap[127]=0x00000000 {DXFMT_Q8W8V8U8}
00:00:05.109212 VMSVGA3d: cap[128]=0x00000000 {DXFMT_CxV8U8}
00:00:05.109212 VMSVGA3d: cap[129]=0x00000000 {DXFMT_X8L8V8U8}
00:00:05.109213 VMSVGA3d: cap[130]=0x00000000 {DXFMT_A2W10V10U10}
00:00:05.109213 VMSVGA3d: cap[131]=0x00000000 {DXFMT_ALPHA8}
00:00:05.109214 VMSVGA3d: cap[132]=0x00000000 {DXFMT_R_S10E5}
00:00:05.109214 VMSVGA3d: cap[133]=0x00000000 {DXFMT_R_S23E8}
00:00:05.109215 VMSVGA3d: cap[134]=0x00000000 {DXFMT_RG_S10E5}
00:00:05.109215 VMSVGA3d: cap[135]=0x00000000 {DXFMT_RG_S23E8}
00:00:05.109215 VMSVGA3d: cap[136]=0x00000000 {DXFMT_BUFFER}
00:00:05.109216 VMSVGA3d: cap[137]=0x00000000 {DXFMT_Z_D24X8}
00:00:05.109216 VMSVGA3d: cap[138]=0x00000000 {DXFMT_V16U16}
00:00:05.109216 VMSVGA3d: cap[139]=0x00000000 {DXFMT_G16R16}
00:00:05.109217 VMSVGA3d: cap[140]=0x00000000 {DXFMT_A16B16G16R16}
00:00:05.109217 VMSVGA3d: cap[141]=0x00000000 {DXFMT_UYVY}
00:00:05.109218 VMSVGA3d: cap[142]=0x00000000 {DXFMT_YUY2}
00:00:05.109218 VMSVGA3d: cap[143]=0x00000000 {DXFMT_NV12}
00:00:05.109218 VMSVGA3d: cap[144]=0x00000000 {DXFMT_FORMAT_DEAD2}
00:00:05.109219 VMSVGA3d: cap[145]=0x00000000 {DXFMT_R32G32B32A32_TYPELESS}
00:00:05.109219 VMSVGA3d: cap[146]=0x00000000 {DXFMT_R32G32B32A32_UINT}
00:00:05.109220 VMSVGA3d: cap[147]=0x00000000 {DXFMT_R32G32B32A32_SINT}
00:00:05.109220 VMSVGA3d: cap[148]=0x00000000 {DXFMT_R32G32B32_TYPELESS}
00:00:05.109221 VMSVGA3d: cap[149]=0x00000000 {DXFMT_R32G32B32_FLOAT}
00:00:05.109221 VMSVGA3d: cap[150]=0x00000000 {DXFMT_R32G32B32_UINT}
00:00:05.109221 VMSVGA3d: cap[151]=0x00000000 {DXFMT_R32G32B32_SINT}
00:00:05.109222 VMSVGA3d: cap[152]=0x00000000 {DXFMT_R16G16B16A16_TYPELESS}
00:00:05.109222 VMSVGA3d: cap[153]=0x00000000 {DXFMT_R16G16B16A16_UINT}
00:00:05.109223 VMSVGA3d: cap[154]=0x00000000 {DXFMT_R16G16B16A16_SNORM}
00:00:05.109223 VMSVGA3d: cap[155]=0x00000000 {DXFMT_R16G16B16A16_SINT}
00:00:05.109224 VMSVGA3d: cap[156]=0x00000000 {DXFMT_R32G32_TYPELESS}
00:00:05.109224 VMSVGA3d: cap[157]=0x00000000 {DXFMT_R32G32_UINT}
00:00:05.109227 VMSVGA3d: cap[158]=0x00000000 {DXFMT_R32G32_SINT}
00:00:05.109227 VMSVGA3d: cap[159]=0x00000000 {DXFMT_R32G8X24_TYPELESS}
00:00:05.109228 VMSVGA3d: cap[160]=0x00000000 {DXFMT_D32_FLOAT_S8X24_UINT}
00:00:05.109228 VMSVGA3d: cap[161]=0x00000000 {DXFMT_R32_FLOAT_X8X24}
00:00:05.109229 VMSVGA3d: cap[162]=0x00000000 {DXFMT_X32_G8X24_UINT}
00:00:05.109229 VMSVGA3d: cap[163]=0x00000000 {DXFMT_R10G10B10A2_TYPELESS}
00:00:05.109230 VMSVGA3d: cap[164]=0x00000000 {DXFMT_R10G10B10A2_UINT}
00:00:05.109230 VMSVGA3d: cap[165]=0x00000000 {DXFMT_R11G11B10_FLOAT}
00:00:05.109230 VMSVGA3d: cap[166]=0x00000000 {DXFMT_R8G8B8A8_TYPELESS}
00:00:05.109231 VMSVGA3d: cap[167]=0x00000000 {DXFMT_R8G8B8A8_UNORM}
00:00:05.109231 VMSVGA3d: cap[168]=0x00000000 {DXFMT_R8G8B8A8_UNORM_SRGB}
00:00:05.109232 VMSVGA3d: cap[169]=0x00000000 {DXFMT_R8G8B8A8_UINT}
00:00:05.109232 VMSVGA3d: cap[170]=0x00000000 {DXFMT_R8G8B8A8_SINT}
00:00:05.109233 VMSVGA3d: cap[171]=0x00000000 {DXFMT_R16G16_TYPELESS}
00:00:05.109233 VMSVGA3d: cap[172]=0x00000000 {DXFMT_R16G16_UINT}
00:00:05.109233 VMSVGA3d: cap[173]=0x00000000 {DXFMT_R16G16_SINT}
00:00:05.109234 VMSVGA3d: cap[174]=0x00000000 {DXFMT_R32_TYPELESS}
00:00:05.109234 VMSVGA3d: cap[175]=0x00000000 {DXFMT_D32_FLOAT}
00:00:05.109235 VMSVGA3d: cap[176]=0x00000000 {DXFMT_R32_UINT}
00:00:05.109235 VMSVGA3d: cap[177]=0x00000000 {DXFMT_R32_SINT}
00:00:05.109235 VMSVGA3d: cap[178]=0x00000000 {DXFMT_R24G8_TYPELESS}
00:00:05.109236 VMSVGA3d: cap[179]=0x00000000 {DXFMT_D24_UNORM_S8_UINT}
00:00:05.109236 VMSVGA3d: cap[180]=0x00000000 {DXFMT_R24_UNORM_X8}
00:00:05.109237 VMSVGA3d: cap[181]=0x00000000 {DXFMT_X24_G8_UINT}
00:00:05.109237 VMSVGA3d: cap[182]=0x00000000 {DXFMT_R8G8_TYPELESS}
00:00:05.109237 VMSVGA3d: cap[183]=0x00000000 {DXFMT_R8G8_UNORM}
00:00:05.109238 VMSVGA3d: cap[184]=0x00000000 {DXFMT_R8G8_UINT}
00:00:05.109238 VMSVGA3d: cap[185]=0x00000000 {DXFMT_R8G8_SINT}
00:00:05.109239 VMSVGA3d: cap[186]=0x00000000 {DXFMT_R16_TYPELESS}
00:00:05.109239 VMSVGA3d: cap[187]=0x00000000 {DXFMT_R16_UNORM}
00:00:05.109239 VMSVGA3d: cap[188]=0x00000000 {DXFMT_R16_UINT}
00:00:05.109240 VMSVGA3d: cap[189]=0x00000000 {DXFMT_R16_SNORM}
00:00:05.109240 VMSVGA3d: cap[190]=0x00000000 {DXFMT_R16_SINT}
00:00:05.109241 VMSVGA3d: cap[191]=0x00000000 {DXFMT_R8_TYPELESS}
00:00:05.109241 VMSVGA3d: cap[192]=0x00000000 {DXFMT_R8_UNORM}
00:00:05.109241 VMSVGA3d: cap[193]=0x00000000 {DXFMT_R8_UINT}
00:00:05.109242 VMSVGA3d: cap[194]=0x00000000 {DXFMT_R8_SNORM}
00:00:05.109242 VMSVGA3d: cap[195]=0x00000000 {DXFMT_R8_SINT}
00:00:05.109243 VMSVGA3d: cap[196]=0x00000000 {DXFMT_P8}
00:00:05.109243 VMSVGA3d: cap[197]=0x00000000 {DXFMT_R9G9B9E5_SHAREDEXP}
00:00:05.109243 VMSVGA3d: cap[198]=0x00000000 {DXFMT_R8G8_B8G8_UNORM}
00:00:05.109244 VMSVGA3d: cap[199]=0x00000000 {DXFMT_G8R8_G8B8_UNORM}
00:00:05.109244 VMSVGA3d: cap[200]=0x00000000 {DXFMT_BC1_TYPELESS}
00:00:05.109245 VMSVGA3d: cap[201]=0x00000000 {DXFMT_BC1_UNORM_SRGB}
00:00:05.109245 VMSVGA3d: cap[202]=0x00000000 {DXFMT_BC2_TYPELESS}
00:00:05.109245 VMSVGA3d: cap[203]=0x00000000 {DXFMT_BC2_UNORM_SRGB}
00:00:05.109246 VMSVGA3d: cap[204]=0x00000000 {DXFMT_BC3_TYPELESS}
00:00:05.109246 VMSVGA3d: cap[205]=0x00000000 {DXFMT_BC3_UNORM_SRGB}
00:00:05.109247 VMSVGA3d: cap[206]=0x00000000 {DXFMT_BC4_TYPELESS}
00:00:05.109247 VMSVGA3d: cap[207]=0x00000000 {DXFMT_ATI1}
00:00:05.109247 VMSVGA3d: cap[208]=0x00000000 {DXFMT_BC4_SNORM}
00:00:05.109248 VMSVGA3d: cap[209]=0x00000000 {DXFMT_BC5_TYPELESS}
00:00:05.109248 VMSVGA3d: cap[210]=0x00000000 {DXFMT_ATI2}
00:00:05.109248 VMSVGA3d: cap[211]=0x00000000 {DXFMT_BC5_SNORM}
00:00:05.109249 VMSVGA3d: cap[212]=0x00000000 {DXFMT_R10G10B10_XR_BIAS_A2_UNORM}
00:00:05.109249 VMSVGA3d: cap[213]=0x00000000 {DXFMT_B8G8R8A8_TYPELESS}
00:00:05.109250 VMSVGA3d: cap[214]=0x00000000 {DXFMT_B8G8R8A8_UNORM_SRGB}
00:00:05.109250 VMSVGA3d: cap[215]=0x00000000 {DXFMT_B8G8R8X8_TYPELESS}
00:00:05.109251 VMSVGA3d: cap[216]=0x00000000 {DXFMT_B8G8R8X8_UNORM_SRGB}
00:00:05.109251 VMSVGA3d: cap[217]=0x00000000 {DXFMT_Z_DF16}
00:00:05.109251 VMSVGA3d: cap[218]=0x00000000 {DXFMT_Z_DF24}
00:00:05.109252 VMSVGA3d: cap[219]=0x00000000 {DXFMT_Z_D24S8_INT}
00:00:05.109252 VMSVGA3d: cap[220]=0x00000000 {DXFMT_YV12}
00:00:05.109253 VMSVGA3d: cap[221]=0x00000000 {DXFMT_R32G32B32A32_FLOAT}
00:00:05.109253 VMSVGA3d: cap[222]=0x00000000 {DXFMT_R16G16B16A16_FLOAT}
00:00:05.109253 VMSVGA3d: cap[223]=0x00000000 {DXFMT_R16G16B16A16_UNORM}
00:00:05.109254 VMSVGA3d: cap[224]=0x00000000 {DXFMT_R32G32_FLOAT}
00:00:05.109254 VMSVGA3d: cap[225]=0x00000000 {DXFMT_R10G10B10A2_UNORM}
00:00:05.109254 VMSVGA3d: cap[226]=0x00000000 {DXFMT_R8G8B8A8_SNORM}
00:00:05.109255 VMSVGA3d: cap[227]=0x00000000 {DXFMT_R16G16_FLOAT}
00:00:05.109255 VMSVGA3d: cap[228]=0x00000000 {DXFMT_R16G16_UNORM}
00:00:05.109256 VMSVGA3d: cap[229]=0x00000000 {DXFMT_R16G16_SNORM}
00:00:05.109256 VMSVGA3d: cap[230]=0x00000000 {DXFMT_R32_FLOAT}
00:00:05.109256 VMSVGA3d: cap[231]=0x00000000 {DXFMT_R8G8_SNORM}
00:00:05.109257 VMSVGA3d: cap[232]=0x00000000 {DXFMT_R16_FLOAT}
00:00:05.109257 VMSVGA3d: cap[233]=0x00000000 {DXFMT_D16_UNORM}
00:00:05.109258 VMSVGA3d: cap[234]=0x00000000 {DXFMT_A8_UNORM}
00:00:05.109258 VMSVGA3d: cap[235]=0x00000000 {DXFMT_BC1_UNORM}
00:00:05.109258 VMSVGA3d: cap[236]=0x00000000 {DXFMT_BC2_UNORM}
00:00:05.109259 VMSVGA3d: cap[237]=0x00000000 {DXFMT_BC3_UNORM}
00:00:05.109259 VMSVGA3d: cap[238]=0x00000000 {DXFMT_B5G6R5_UNORM}
00:00:05.109260 VMSVGA3d: cap[239]=0x00000000 {DXFMT_B5G5R5A1_UNORM}
00:00:05.109260 VMSVGA3d: cap[240]=0x00000000 {DXFMT_B8G8R8A8_UNORM}
00:00:05.109260 VMSVGA3d: cap[241]=0x00000000 {DXFMT_B8G8R8X8_UNORM}
00:00:05.109261 VMSVGA3d: cap[242]=0x00000000 {DXFMT_BC4_UNORM}
00:00:05.109261 VMSVGA3d: cap[243]=0x00000000 {DXFMT_BC5_UNORM}
00:00:05.109262 VMSVGA3d: cap[244]=0x00000000 {SM41}
00:00:05.109262 VMSVGA3d: cap[245]=0x00000000 {MULTISAMPLE_2X}
00:00:05.109262 VMSVGA3d: cap[246]=0x00000000 {MULTISAMPLE_4X}
00:00:05.109265 VMSVGA3d: cap[247]=0x00000000 {MS_FULL_QUALITY}
00:00:05.109265 VMSVGA3d: cap[248]=0x00000000 {LOGICOPS}
00:00:05.109266 VMSVGA3d: cap[249]=0x00000000 {LOGIC_BLENDOPS}
00:00:05.109266 VMSVGA3d: cap[250]=0x00000000 {RESERVED_1}
00:00:05.109267 VMSVGA3d: cap[251]=0x00000000 {DXFMT_BC6H_TYPELESS}
00:00:05.109267 VMSVGA3d: cap[252]=0x00000000 {DXFMT_BC6H_UF16}
00:00:05.109268 VMSVGA3d: cap[253]=0x00000000 {DXFMT_BC6H_SF16}
00:00:05.109268 VMSVGA3d: cap[254]=0x00000000 {DXFMT_BC7_TYPELESS}
00:00:05.109268 VMSVGA3d: cap[255]=0x00000000 {DXFMT_BC7_UNORM}
00:00:05.109269 VMSVGA3d: cap[256]=0x00000000 {DXFMT_BC7_UNORM_SRGB}
00:00:05.109269 VMSVGA3d: cap[257]=0x00000000 {RESERVED_2}
00:00:05.109270 VMSVGA3d: cap[258]=0x00000000 {SM5}
00:00:05.109270 VMSVGA3d: cap[259]=0x00000000 {MULTISAMPLE_8X}
00:00:05.109367 E1000#0: Interrupt attempts: 0
00:00:05.109391 E1000#0: Interrupts raised : 0
00:00:05.109399 E1000#0: Interrupts lowered: 0
00:00:05.109404 E1000#0: ICR outside ISR   : 0
00:00:05.109409 E1000#0: IMS raised ints   : 0
00:00:05.109413 E1000#0: Interrupts skipped: 0
00:00:05.109429 E1000#0: Masked interrupts : 0
00:00:05.109435 E1000#0: Early interrupts  : 0
00:00:05.109442 E1000#0: Late interrupts   : 0
00:00:05.109446 E1000#0: Lost interrupts   : 0
00:00:05.109450 E1000#0: Interrupts by RX  : 0
00:00:05.109454 E1000#0: Interrupts by TX  : 0
00:00:05.109458 E1000#0: Interrupts by ICS : 0
00:00:05.109462 E1000#0: Interrupts by RDTR: 0
00:00:05.109466 E1000#0: Interrupts by RDMT: 0
00:00:05.109469 E1000#0: Interrupts by TXQE: 0
00:00:05.109474 E1000#0: TX int delay asked: 0
00:00:05.109478 E1000#0: TX delayed:         0
00:00:05.109482 E1000#0: TX delay expired:   0
00:00:05.109486 E1000#0: TX no report asked: 0
00:00:05.109491 E1000#0: TX abs timer expd : 0
00:00:05.109495 E1000#0: TX int timer expd : 0
00:00:05.109524 E1000#0: RX abs timer expd : 0
00:00:05.109534 E1000#0: RX int timer expd : 0
00:00:05.109539 E1000#0: TX CTX descriptors: 0
00:00:05.109543 E1000#0: TX DAT descriptors: 0
00:00:05.109546 E1000#0: TX LEG descriptors: 0
00:00:05.109553 E1000#0: Received frames   : 0
00:00:05.109557 E1000#0: Transmitted frames: 0
00:00:05.109563 E1000#0: TX frames up to 1514: 0
00:00:05.109567 E1000#0: TX frames up to 2962: 0
00:00:05.109571 E1000#0: TX frames up to 4410: 0
00:00:05.109575 E1000#0: TX frames up to 5858: 0
00:00:05.109578 E1000#0: TX frames up to 7306: 0
00:00:05.109582 E1000#0: TX frames up to 8754: 0
00:00:05.109586 E1000#0: TX frames up to 16384: 0
00:00:05.109590 E1000#0: TX frames up to 32768: 0
00:00:05.109594 E1000#0: Larger TX frames    : 0
00:00:05.109598 E1000#0: Max TX Delay        : 0
00:00:05.109609 AC97: Record select to left=mic, right=mic
00:00:05.109614 Audio Mixer: MUTING master volume of 'AC'97 Mixer' -- channel volumes: ff ff ff ff ff ff ff ff ff ff ff ff
00:00:05.109624 Audio Mixer: MUTING sink 'AC'97 Mixer/Line In' -- channel volumes: 00 00 00 00 00 00 00 00 00 00 00 00
00:00:05.109630 Audio Mixer: MUTING sink 'AC'97 Mixer/Microphone In' -- channel volumes: 00 00 00 00 00 00 00 00 00 00 00 00
00:00:05.109635 Audio Mixer: MUTING sink 'AC'97 Mixer/PCM Output' -- channel volumes: 00 00 00 00 00 00 00 00 00 00 00 00
00:00:05.109642 Audio Mixer: MUTING sink 'AC'97 Mixer/PCM Output' -- channel volumes: 00 00 00 00 00 00 00 00 00 00 00 00
00:00:05.109647 Audio Mixer: MUTING sink 'AC'97 Mixer/Microphone In' -- channel volumes: 00 00 00 00 00 00 00 00 00 00 00 00
00:00:05.109651 Audio Mixer: MUTING sink 'AC'97 Mixer/Line In' -- channel volumes: 00 00 00 00 00 00 00 00 00 00 00 00
00:00:05.109656 Audio Mixer: MUTING sink 'AC'97 Mixer/Line In' -- channel volumes: 00 00 00 00 00 00 00 00 00 00 00 00
00:00:05.111354 Changing the VM state from 'LOADING' to 'SUSPENDED'
00:00:05.111403 Changing the VM state from 'SUSPENDED' to 'RESUMING'
00:00:05.111528 Changing the VM state from 'RESUMING' to 'RUNNING'
00:00:05.111546 Console: Machine state changed to 'Running'
00:00:05.156649 GUI: UIMachineViewNormal::adjustGuestScreenSize: Adjust guest-screen size if necessary
00:00:05.156684 GUI: UIMachineView::sltPerformGuestResize: Omitting to send size-hint 720x400 to guest-screen 0 because frame-buffer is already of the same size.
00:00:05.161740 GUI: UIMachineLogicNormal::sltCheckForRequestedVisualStateType: Requested-state=1, Machine-state=6
00:00:05.368714 VUSB: Attached 'HidMouse' to port 1 on RootHub#1 (FullSpeed)
00:00:09.080575 Changing the VM state from 'RUNNING' to 'SUSPENDING'
00:00:09.090473 PDMR3Suspend: 9 863 212 ns run time
00:00:09.090484 Changing the VM state from 'SUSPENDING' to 'SUSPENDED'
00:00:09.090491 Console: Machine state changed to 'Paused'
00:00:11.874290 GUI: Request for close-action to power VM off.
00:00:11.874436 GUI: Powering VM off..
00:00:11.878429 Console: Machine state changed to 'Stopping'
00:00:11.878780 Console::powerDown(): A request to power off the VM has been issued (mMachineState=Stopping, InUninit=0)
00:00:11.878970 Changing the VM state from 'SUSPENDED' to 'POWERING_OFF'
00:00:11.878986 ****************** Guest state at power off for VCpu 0 ******************
00:00:11.878991 Guest CPUM (VCPU 0) state: 
00:00:11.879002 eax=00000000 ebx=00000133 ecx=0000f000 edx=0000040f esi=00000000 edi=0000fff0
00:00:11.879003 eip=0000f0ac esp=000077f8 ebp=000077f8 iopl=0  iopl=0 nv up ei pl zr na po nc
00:00:11.879004 cs={f000 base=00000000000f0000 limit=0000ffff flags=0000009b} dr0=00000000 dr1=00000000
00:00:11.879006 ds={f000 base=00000000000f0000 limit=0000ffff flags=00000093} dr2=00000000 dr3=00000000
00:00:11.879007 es={f000 base=00000000000f0000 limit=0000ffff flags=00000093} dr4=00000000 dr5=00000000
00:00:11.879008 fs={0000 base=0000000000000000 limit=0000ffff flags=00000093} dr6=ffff0ff0 dr7=00000400
00:00:11.879009 gs={0000 base=0000000000000000 limit=0000ffff flags=00000093} cr0=00000010 cr2=00000000
00:00:11.879009 ss={0000 base=0000000000000000 limit=0000ffff flags=00000093} cr3=00000000 cr4=00000000
00:00:11.879010 gdtr=00000000000fe89f:0047  idtr=0000000000000000:ffff  eflags=00200246
00:00:11.879011 ldtr={0000 base=00000000 limit=0000ffff flags=00000082}
00:00:11.879012 tr  ={0000 base=00000000 limit=0000ffff flags=0000008b}
00:00:11.879012 SysEnter={cs=0000 eip=00000000 esp=00000000}
00:00:11.879013 xcr=0000000000000001 xcr1=0000000000000000 xss=0000000000000000 (fXStateMask=0000000000000000)
00:00:11.879016 FCW=0000 FSW=0000 FTW=0000 FOP=0000 MXCSR=00001f80 MXCSR_MASK=0002ffff
00:00:11.879017 FPUIP=00000000 CS=0000 Rsrvd1=0000  FPUDP=00000000 DS=0000 Rsvrd2=0000
00:00:11.879018 ST(0)=FPR0={0000'00000000'00000000} t0 +0.0000000000000000000000 * 2 ^ -16383 (*)
00:00:11.879020 ST(1)=FPR1={0000'00000000'00000000} t0 +0.0000000000000000000000 * 2 ^ -16383 (*)
00:00:11.879021 ST(2)=FPR2={0000'00000000'00000000} t0 +0.0000000000000000000000 * 2 ^ -16383 (*)
00:00:11.879022 ST(3)=FPR3={0000'00000000'00000000} t0 +0.0000000000000000000000 * 2 ^ -16383 (*)
00:00:11.879023 ST(4)=FPR4={0000'00000000'00000000} t0 +0.0000000000000000000000 * 2 ^ -16383 (*)
00:00:11.879024 ST(5)=FPR5={0000'00000000'00000000} t0 +0.0000000000000000000000 * 2 ^ -16383 (*)
00:00:11.879025 ST(6)=FPR6={0000'00000000'00000000} t0 +0.0000000000000000000000 * 2 ^ -16383 (*)
00:00:11.879026 ST(7)=FPR7={0000'00000000'00000000} t0 +0.0000000000000000000000 * 2 ^ -16383 (*)
00:00:11.879027 XMM0 =00000000'00000000'00000000'00000000  XMM1 =00000000'00000000'00000000'00000000
00:00:11.879029 XMM2 =00000000'00000000'00000000'00000000  XMM3 =00000000'00000000'00000000'00000000
00:00:11.879030 XMM4 =00000000'00000000'00000000'00000000  XMM5 =00000000'00000000'00000000'00000000
00:00:11.879031 XMM6 =00000000'00000000'00000000'00000000  XMM7 =00000000'00000000'00000000'00000000
00:00:11.879032 XMM8 =00000000'00000000'00000000'00000000  XMM9 =00000000'00000000'00000000'00000000
00:00:11.879034 XMM10=00000000'00000000'00000000'00000000  XMM11=00000000'00000000'00000000'00000000
00:00:11.879035 XMM12=00000000'00000000'00000000'00000000  XMM13=00000000'00000000'00000000'00000000
00:00:11.879036 XMM14=00000000'00000000'00000000'00000000  XMM15=00000000'00000000'00000000'00000000
00:00:11.879038 EFER         =0000000000000000
00:00:11.879038 PAT          =0007040600070406
00:00:11.879039 STAR         =0000000000000000
00:00:11.879039 CSTAR        =0000000000000000
00:00:11.879039 LSTAR        =0000000000000000
00:00:11.879040 SFMASK       =0000000000000000
00:00:11.879040 KERNELGSBASE =0000000000000000
00:00:11.879041 MTRR_CAP          =0000000000000510
00:00:11.879041 MTRR_DEF_TYPE     =0000000000000c00
00:00:11.879041 MTRR_FIX64K_00000 =0606060606060606
00:00:11.879042 MTRR_FIX16K_80000 =0606060606060606
00:00:11.879042 MTRR_FIX16K_A0000 =0000000000000000
00:00:11.879043 MTRR_FIX4K_C0000  =0505050505050505
00:00:11.879043 MTRR_FIX4K_C8000  =0505050505050505
00:00:11.879043 MTRR_FIX4K_D0000  =0505050505050505
00:00:11.879044 MTRR_FIX4K_D8000  =0505050505050505
00:00:11.879044 MTRR_FIX4K_E0000  =0505050505050505
00:00:11.879044 MTRR_FIX4K_E8000  =0505050505050505
00:00:11.879045 MTRR_FIX4K_F0000  =0505050505050505
00:00:11.879045 MTRR_FIX4K_F8000  =0505050505050505
00:00:11.879046 MTRR_PHYSBASE[ 0] =0000000000000006 First=0000000000000000      0 MB [WB]
00:00:11.879047 MTRR_PHYSMASK[ 0] =0000ffff80000800 Last =000000007fffffff   2047 MB [2048 MB]
00:00:11.879048 MTRR_PHYSBASE[ 1] =0000000000000000
00:00:11.879049 MTRR_PHYSMASK[ 1] =0000000000000000
00:00:11.879049 MTRR_PHYSBASE[ 2] =0000000000000000
00:00:11.879049 MTRR_PHYSMASK[ 2] =0000000000000000
00:00:11.879050 MTRR_PHYSBASE[ 3] =0000000000000000
00:00:11.879050 MTRR_PHYSMASK[ 3] =0000000000000000
00:00:11.879051 MTRR_PHYSBASE[ 4] =0000000000000000
00:00:11.879051 MTRR_PHYSMASK[ 4] =0000000000000000
00:00:11.879052 MTRR_PHYSBASE[ 5] =0000000000000000
00:00:11.879052 MTRR_PHYSMASK[ 5] =0000000000000000
00:00:11.879052 MTRR_PHYSBASE[ 6] =0000000000000000
00:00:11.879053 MTRR_PHYSMASK[ 6] =0000000000000000
00:00:11.879053 MTRR_PHYSBASE[ 7] =0000000000000000
00:00:11.879054 MTRR_PHYSMASK[ 7] =0000000000000000
00:00:11.879054 MTRR_PHYSBASE[ 8] =0000000000000000
00:00:11.879055 MTRR_PHYSMASK[ 8] =0000000000000000
00:00:11.879055 MTRR_PHYSBASE[ 9] =0000000000000000
00:00:11.879055 MTRR_PHYSMASK[ 9] =0000000000000000
00:00:11.879056 MTRR_PHYSBASE[10] =0000000000000000
00:00:11.879056 MTRR_PHYSMASK[10] =0000000000000000
00:00:11.879057 MTRR_PHYSBASE[11] =0000000000000000
00:00:11.879057 MTRR_PHYSMASK[11] =0000000000000000
00:00:11.879058 MTRR_PHYSBASE[12] =0000000000000000
00:00:11.879058 MTRR_PHYSMASK[12] =0000000000000000
00:00:11.879059 MTRR_PHYSBASE[13] =0000000000000000
00:00:11.879059 MTRR_PHYSMASK[13] =0000000000000000
00:00:11.879060 MTRR_PHYSBASE[14] =0000000000000000
00:00:11.879060 MTRR_PHYSMASK[14] =0000000000000000
00:00:11.879060 MTRR_PHYSBASE[15] =0000000000000000
00:00:11.879061 MTRR_PHYSMASK[15] =0000000000000000
00:00:11.879063 ***
00:00:11.879067 VCPU[0] hardware virtualization state:
00:00:11.879068 fSavedInhibit                = 0x0
00:00:11.879069 In nested-guest hwvirt mode  = false
00:00:11.879072 Hwvirt state disabled.
00:00:11.879073 ***
00:00:11.879077 Guest paging mode (VCPU #0):  Real (changed 2 times), A20 disabled (changed 0 times)
00:00:11.879081 Guest SLAT mode (VCPU #0): Direct
00:00:11.879082 Shadow paging mode (VCPU #0): None
00:00:11.879083 Host paging mode:             AMD64+G+NX
00:00:11.879084 ***
00:00:11.879085 Active Timers (pVM=00000209c6b80000)
00:00:11.879086 pTimerR3         offNext  offPrev  offSched Clock               Time             Expire HzHint State                     Description
00:00:11.879090 00000209c6f70180 00000007 ffffffff ffffffff Real            15842424           15839644      0 2-ACTIVE                  VGA Refresh
00:00:11.879092 00000209c6f70380 ffffffff 00000003 ffffffff Real            15842424           15840022      0 2-ACTIVE                  CPU Load Timer
00:00:11.879094 0000020a487c0100 00000004 ffffffff ffffffff VrSy          9871352666         9881280635     18 2-ACTIVE                  i8254 PIT
00:00:11.879095 0000020a487c0200 00000009 00000002 ffffffff VrSy          9871352666         9990000000      0 2-ACTIVE                  MC146818 RTC Second
00:00:11.879096 0000020a487c0480 ffffffff 00000004 ffffffff VrSy          9871352666       599932016159      0 2-ACTIVE                  ACPI PM
00:00:11.879098 ***
00:00:11.879100 Guest GDT (GCAddr=00000000000fe89f limit=47):
00:00:11.879103 0010 - 0000ffff 00cf9b00 - base=00000000 limit=ffffffff dpl=0 CodeER Accessed Present Page 32-bit 
00:00:11.879104 0018 - 0000ffff 00cf9300 - base=00000000 limit=ffffffff dpl=0 DataRW Accessed Present Page 32-bit 
00:00:11.879105 0020 - 0000ffff 00009b0f - base=000f0000 limit=0000ffff dpl=0 CodeER Accessed Present 16-bit 
00:00:11.879106 0028 - 0000ffff 00009300 - base=00000000 limit=0000ffff dpl=0 DataRW Accessed Present 16-bit 
00:00:11.879106 0040 - 0400ffff 00009300 - base=00000400 limit=0000ffff dpl=0 DataRW Accessed Present 16-bit 
00:00:11.879107 ************** End of Guest state at power off ***************
00:00:11.879410 PDMR3PowerOff: 287 984 ns run time
00:00:11.879423 Changing the VM state from 'POWERING_OFF' to 'OFF'
00:00:11.883301 Changing the VM state from 'OFF' to 'DESTROYING'
00:00:11.883328 ************************* Statistics *************************
00:00:11.883340 /CPUM/MSR-Totals/Reads                             0 times
00:00:11.883344 /CPUM/MSR-Totals/ReadsRaisingGP                    0 times
00:00:11.883348 /CPUM/MSR-Totals/ReadsUnknown                      0 times
00:00:11.883352 /CPUM/MSR-Totals/Writes                            0 times
00:00:11.883355 /CPUM/MSR-Totals/WritesRaisingGP                   0 times
00:00:11.883358 /CPUM/MSR-Totals/WritesToIgnoredBits               0 times
00:00:11.883360 /CPUM/MSR-Totals/WritesUnknown                     0 times
00:00:11.883364 /Devices/8237A/DmaRun                              0 ticks/call (           0 ticks,       0 calls, max         0, min      -1)
00:00:11.883368 /Devices/IDE0/ATA0/Unit0/AtapiDMA                  0 times
00:00:11.883371 /Devices/IDE0/ATA0/Unit0/AtapiPIO                  0 times
00:00:11.883374 /Devices/IDE0/ATA0/Unit0/DMA                       0 times
00:00:11.883377 /Devices/IDE0/ATA0/Unit0/PIO                       0 times
00:00:11.883380 /Devices/IDE0/ATA0/Unit0/ReadBytes                 0 bytes
00:00:11.883383 /Devices/IDE0/ATA0/Unit0/StatusYields              0 ticks/call (           0 ticks,       0 calls, max         0, min      -1)
00:00:11.883387 /Devices/IDE0/ATA0/Unit0/WrittenBytes              0 bytes
00:00:11.883390 /Devices/IDE0/ATA0/Unit1/AtapiDMA                  0 times
00:00:11.883393 /Devices/IDE0/ATA0/Unit1/AtapiPIO                  0 times
00:00:11.883396 /Devices/IDE0/ATA0/Unit1/DMA                       0 times
00:00:11.883399 /Devices/IDE0/ATA0/Unit1/PIO                       0 times
00:00:11.883402 /Devices/IDE0/ATA0/Unit1/ReadBytes                 0 bytes
00:00:11.883405 /Devices/IDE0/ATA0/Unit1/StatusYields              0 ticks/call (           0 ticks,       0 calls, max         0, min      -1)
00:00:11.883408 /Devices/IDE0/ATA0/Unit1/WrittenBytes              0 bytes
00:00:11.883411 /Devices/IDE0/ATA1/Unit0/AtapiDMA                  0 times
00:00:11.883414 /Devices/IDE0/ATA1/Unit0/AtapiPIO                  0 times
00:00:11.883416 /Devices/IDE0/ATA1/Unit0/DMA                       0 times
00:00:11.883419 /Devices/IDE0/ATA1/Unit0/PIO                       0 times
00:00:11.883422 /Devices/IDE0/ATA1/Unit0/ReadBytes                 0 bytes
00:00:11.883425 /Devices/IDE0/ATA1/Unit0/StatusYields              0 ticks/call (           0 ticks,       0 calls, max         0, min      -1)
00:00:11.883428 /Devices/IDE0/ATA1/Unit0/WrittenBytes              0 bytes
00:00:11.883431 /Devices/IDE0/ATA1/Unit1/AtapiDMA                  0 times
00:00:11.883434 /Devices/IDE0/ATA1/Unit1/AtapiPIO                  0 times
00:00:11.883437 /Devices/IDE0/ATA1/Unit1/DMA                       0 times
00:00:11.883440 /Devices/IDE0/ATA1/Unit1/PIO                       0 times
00:00:11.883443 /Devices/IDE0/ATA1/Unit1/ReadBytes                 0 bytes
00:00:11.883446 /Devices/IDE0/ATA1/Unit1/StatusYields              0 ticks/call (           0 ticks,       0 calls, max         0, min      -1)
00:00:11.883451 /Devices/IDE0/ATA1/Unit1/WrittenBytes              0 bytes
00:00:11.883455 /Devices/VMMDev/BalloonChunks                      0 count
00:00:11.883459 /Devices/VMMDev/FastIrqAckR3                       0 count
00:00:11.883462 /Devices/VMMDev/FastIrqAckRZ                       0 count
00:00:11.883465 /Devices/VMMDev/HGCM-Kernel/BudgetAvailable 1073741824 bytes
00:00:11.883468 /Devices/VMMDev/HGCM-Kernel/BudgetConfig   1073741824 bytes
00:00:11.883471 /Devices/VMMDev/HGCM-Kernel/BudgetOverruns         0 bytes
00:00:11.883474 /Devices/VMMDev/HGCM-Kernel/MessageHeapUsage         0 bytes/call (           0 bytes,       0 calls, max         0, min      -1)
00:00:11.883477 /Devices/VMMDev/HGCM-Root/BudgetAvailable  1073741824 bytes
00:00:11.883480 /Devices/VMMDev/HGCM-Root/BudgetConfig     1073741824 bytes
00:00:11.883483 /Devices/VMMDev/HGCM-Root/BudgetOverruns           0 bytes
00:00:11.883486 /Devices/VMMDev/HGCM-Root/MessageHeapUsage         0 bytes/call (           0 bytes,       0 calls, max         0, min      -1)
00:00:11.883489 /Devices/VMMDev/HGCM-User/BudgetAvailable  1073741824 bytes
00:00:11.883492 /Devices/VMMDev/HGCM-User/BudgetConfig     1073741824 bytes
00:00:11.883495 /Devices/VMMDev/HGCM-User/BudgetOverruns           0 bytes
00:00:11.883500 /Devices/VMMDev/HGCM-User/MessageHeapUsage         0 bytes/call (           0 bytes,       0 calls, max         0, min      -1)
00:00:11.883503 /Devices/VMMDev/LargeReqBufAllocs                  0 count
00:00:11.883507 /Devices/VMMDev/SlowIrqAck                         0 count
00:00:11.883511 /Devices/apic/0                                    0 times
00:00:11.883534 /Devices/e1000#0/ReceiveBytes                      0 bytes
00:00:11.883537 /Devices/e1000#0/TransmitBytes                     0 bytes
00:00:11.883540 /Devices/e1000#0/iStatIntLost                      0 ns
00:00:11.883543 /Devices/e1000#0/iStatIntLostOne                   0 ns
00:00:11.883546 /Devices/e1000#0/u64ArmedAt                        0 ns
00:00:11.883549 /Devices/e1000#0/uStatDescCtx                      0 ns
00:00:11.883552 /Devices/e1000#0/uStatDescDat                      0 ns
00:00:11.883555 /Devices/e1000#0/uStatDescLeg                      0 ns
00:00:11.883558 /Devices/e1000#0/uStatInt                          0 ns
00:00:11.883561 /Devices/e1000#0/uStatIntEarly                     0 ns
00:00:11.883564 /Devices/e1000#0/uStatIntICS                       0 ns
00:00:11.883567 /Devices/e1000#0/uStatIntIMS                       0 ns
00:00:11.883570 /Devices/e1000#0/uStatIntLate                      0 ns
00:00:11.883572 /Devices/e1000#0/uStatIntLower                     0 ns
00:00:11.883575 /Devices/e1000#0/uStatIntMasked                    0 ns
00:00:11.883578 /Devices/e1000#0/uStatIntRDTR                      0 ns
00:00:11.883581 /Devices/e1000#0/uStatIntRXDMT0                    0 ns
00:00:11.883584 /Devices/e1000#0/uStatIntRx                        0 ns
00:00:11.883587 /Devices/e1000#0/uStatIntSkip                      0 ns
00:00:11.883590 /Devices/e1000#0/uStatIntTXQE                      0 ns
00:00:11.883592 /Devices/e1000#0/uStatIntTry                       0 ns
00:00:11.883595 /Devices/e1000#0/uStatIntTx                        0 ns
00:00:11.883598 /Devices/e1000#0/uStatMaxTxDelay                   0 ns
00:00:11.883601 /Devices/e1000#0/uStatNoIntICR                     0 ns
00:00:11.883604 /Devices/e1000#0/uStatRAD                          0 ns
00:00:11.883607 /Devices/e1000#0/uStatRID                          0 ns
00:00:11.883610 /Devices/e1000#0/uStatRxFrm                        0 ns
00:00:11.883613 /Devices/e1000#0/uStatTAD                          0 ns
00:00:11.883615 /Devices/e1000#0/uStatTID                          0 ns
00:00:11.883618 /Devices/e1000#0/uStatTx1514                       0 ns
00:00:11.883621 /Devices/e1000#0/uStatTx16384                      0 ns
00:00:11.883625 /Devices/e1000#0/uStatTx2962                       0 ns
00:00:11.883629 /Devices/e1000#0/uStatTx32768                      0 ns
00:00:11.883633 /Devices/e1000#0/uStatTx4410                       0 ns
00:00:11.883636 /Devices/e1000#0/uStatTx5858                       0 ns
00:00:11.883638 /Devices/e1000#0/uStatTx7306                       0 ns
00:00:11.883641 /Devices/e1000#0/uStatTx8754                       0 ns
00:00:11.883644 /Devices/e1000#0/uStatTxDelayExp                   0 ns
00:00:11.883647 /Devices/e1000#0/uStatTxDelayed                    0 ns
00:00:11.883650 /Devices/e1000#0/uStatTxFrm                        0 ns
00:00:11.883653 /Devices/e1000#0/uStatTxIDE                        0 ns
00:00:11.883656 /Devices/e1000#0/uStatTxLarge                      0 ns
00:00:11.883659 /Devices/e1000#0/uStatTxNoRS                       0 ns
00:00:11.883664 /Devices/ichac97/Stream0/reg-CR                    0 
00:00:11.883668 /Devices/ichac97/Stream0/reg-SR                    0 
00:00:11.883672 /Devices/ichac97/Stream1/reg-CR                    0 
00:00:11.883675 /Devices/ichac97/Stream1/reg-SR                    0 
00:00:11.883680 /Devices/ichac97/Stream2/reg-CR                    0 
00:00:11.883683 /Devices/ichac97/Stream2/reg-SR                    0 
00:00:11.883686 /Devices/ichac97/UnimplementedNabmReads            0 times
00:00:11.883689 /Devices/ichac97/UnimplementedNabmWrites           0 times
00:00:11.883692 /Devices/ichac97/UnimplementedNamReads             0 times
00:00:11.883695 /Devices/ichac97/UnimplementedNamWrites            0 times
00:00:11.883712 /Devices/mc146818/Irq                              0 times
00:00:11.883715 /Devices/mc146818/IrqClear                         0 times
00:00:11.883718 /Devices/mc146818/PiActive                         0 ticks/call (           0 ticks,       0 calls, max         0, min      -1)
00:00:11.883722 /Devices/mc146818/PieFlip                          0 times
00:00:11.883725 /Devices/mc146818/TimerCB                          0 times
00:00:11.883728 /Devices/vga/HgmsiMdaCgaAccesses                   0 times
00:00:11.883731 /Devices/vga/VMSVGA/Cmd/3dActivateSurface          0 times
00:00:11.883734 /Devices/vga/VMSVGA/Cmd/3dBeginQuery               0 times
00:00:11.883737 /Devices/vga/VMSVGA/Cmd/3dBlitSurfaceToScreenProf         0 ticks/call (           0 ticks,       0 calls, max         0, min      -1)
00:00:11.883740 /Devices/vga/VMSVGA/Cmd/3dClear                    0 times
00:00:11.883743 /Devices/vga/VMSVGA/Cmd/3dContextDefine            0 times
00:00:11.883746 /Devices/vga/VMSVGA/Cmd/3dContextDestroy           0 times
00:00:11.883749 /Devices/vga/VMSVGA/Cmd/3dDeactivateSurface         0 times
00:00:11.883752 /Devices/vga/VMSVGA/Cmd/3dDrawPrimitives           0 times
00:00:11.883754 /Devices/vga/VMSVGA/Cmd/3dEndQuery                 0 times
00:00:11.883757 /Devices/vga/VMSVGA/Cmd/3dGenerateMipmaps          0 times
00:00:11.883760 /Devices/vga/VMSVGA/Cmd/3dPresent                  0 times
00:00:11.883763 /Devices/vga/VMSVGA/Cmd/3dPresentReadBack          0 times
00:00:11.883766 /Devices/vga/VMSVGA/Cmd/3dSetClipPlane             0 times
00:00:11.883768 /Devices/vga/VMSVGA/Cmd/3dSetLightData             0 times
00:00:11.883771 /Devices/vga/VMSVGA/Cmd/3dSetLightEnable           0 times
00:00:11.883776 /Devices/vga/VMSVGA/Cmd/3dSetMaterial              0 times
00:00:11.883781 /Devices/vga/VMSVGA/Cmd/3dSetRenderState           0 times
00:00:11.883786 /Devices/vga/VMSVGA/Cmd/3dSetRenderTarget          0 times
00:00:11.883791 /Devices/vga/VMSVGA/Cmd/3dSetScissorRect           0 times
00:00:11.883794 /Devices/vga/VMSVGA/Cmd/3dSetShader                0 times
00:00:11.883797 /Devices/vga/VMSVGA/Cmd/3dSetShaderConst           0 times
00:00:11.883800 /Devices/vga/VMSVGA/Cmd/3dSetTextureState          0 times
00:00:11.883803 /Devices/vga/VMSVGA/Cmd/3dSetTransform             0 times
00:00:11.883806 /Devices/vga/VMSVGA/Cmd/3dSetViewPort              0 times
00:00:11.883808 /Devices/vga/VMSVGA/Cmd/3dSetZRange                0 times
00:00:11.883811 /Devices/vga/VMSVGA/Cmd/3dShaderDefine             0 times
00:00:11.883815 /Devices/vga/VMSVGA/Cmd/3dShaderDestroy            0 times
00:00:11.883819 /Devices/vga/VMSVGA/Cmd/3dSurfaceCopy              0 times
00:00:11.883822 /Devices/vga/VMSVGA/Cmd/3dSurfaceDefine            0 times
00:00:11.883825 /Devices/vga/VMSVGA/Cmd/3dSurfaceDefineV2          0 times
00:00:11.883828 /Devices/vga/VMSVGA/Cmd/3dSurfaceDestroy           0 times
00:00:11.883830 /Devices/vga/VMSVGA/Cmd/3dSurfaceDma               0 times
00:00:11.883833 /Devices/vga/VMSVGA/Cmd/3dSurfaceScreen            0 times
00:00:11.883836 /Devices/vga/VMSVGA/Cmd/3dSurfaceStretchBlt         0 times
00:00:11.883839 /Devices/vga/VMSVGA/Cmd/3dWaitForQuery             0 times
00:00:11.883841 /Devices/vga/VMSVGA/Cmd/AnnotationCopy             0 times
00:00:11.883844 /Devices/vga/VMSVGA/Cmd/AnnotationFill             0 times
00:00:11.883847 /Devices/vga/VMSVGA/Cmd/BlitGmrFbToScreen          0 times
00:00:11.883850 /Devices/vga/VMSVGA/Cmd/BlitScreentoGmrFb          0 times
00:00:11.883853 /Devices/vga/VMSVGA/Cmd/DefineAlphaCursor          0 times
00:00:11.883855 /Devices/vga/VMSVGA/Cmd/DefineCursor               0 times
00:00:11.883859 /Devices/vga/VMSVGA/Cmd/DefineGmr2                 0 times
00:00:11.883861 /Devices/vga/VMSVGA/Cmd/DefineGmr2/Free            0 times
00:00:11.883864 /Devices/vga/VMSVGA/Cmd/DefineGmr2/Modify          0 times
00:00:11.883867 /Devices/vga/VMSVGA/Cmd/DefineGmrFb                0 times
00:00:11.883870 /Devices/vga/VMSVGA/Cmd/DefineScreen               0 times
00:00:11.883873 /Devices/vga/VMSVGA/Cmd/DestroyScreen              0 times
00:00:11.883876 /Devices/vga/VMSVGA/Cmd/DisplayCursor              0 times
00:00:11.883879 /Devices/vga/VMSVGA/Cmd/Escape                     0 times
00:00:11.883882 /Devices/vga/VMSVGA/Cmd/Fence                      0 times
00:00:11.883884 /Devices/vga/VMSVGA/Cmd/InvalidCmd                 0 times
00:00:11.883887 /Devices/vga/VMSVGA/Cmd/MoveCursor                 0 times
00:00:11.883890 /Devices/vga/VMSVGA/Cmd/RectCopy                   0 times
00:00:11.883893 /Devices/vga/VMSVGA/Cmd/RectFill                   0 times
00:00:11.883896 /Devices/vga/VMSVGA/Cmd/RectRopCopy                0 times
00:00:11.883899 /Devices/vga/VMSVGA/Cmd/RemapGmr2                  0 times
00:00:11.883902 /Devices/vga/VMSVGA/Cmd/RemapGmr2/Modify           0 times
00:00:11.883905 /Devices/vga/VMSVGA/Cmd/Update                     0 times
00:00:11.883908 /Devices/vga/VMSVGA/Cmd/UpdateVerbose              0 times
00:00:11.883911 /Devices/vga/VMSVGA/EmtDelayOnBusyFifo             0 ticks/call (           0 ticks,       0 calls, max         0, min      -1)
00:00:11.883914 /Devices/vga/VMSVGA/FifoCommands                   0 times
00:00:11.883916 /Devices/vga/VMSVGA/FifoCursorFetchAgain           0 times
00:00:11.883919 /Devices/vga/VMSVGA/FifoCursorNoChange             0 times
00:00:11.883922 /Devices/vga/VMSVGA/FifoCursorPosition             0 times
00:00:11.883925 /Devices/vga/VMSVGA/FifoCursorVisiblity            0 times
00:00:11.883928 /Devices/vga/VMSVGA/FifoErrors                     0 times
00:00:11.883931 /Devices/vga/VMSVGA/FifoExtendedSleep      7347040697 ticks/call ( 14694081395 ticks,       2 calls, max 14694071960, min    9435)
00:00:11.883934 /Devices/vga/VMSVGA/FifoStalls                     0 ticks/call (           0 ticks,       0 calls, max         0, min      -1)
00:00:11.883937 /Devices/vga/VMSVGA/FifoTodoTimeout                0 times
00:00:11.883940 /Devices/vga/VMSVGA/FifoTodoWoken                  0 times
00:00:11.883943 /Devices/vga/VMSVGA/FifoUnknownCommands            0 times
00:00:11.883946 /Devices/vga/VMSVGA/FifoWatchdogWakeUps            0 times
00:00:11.883949 /Devices/vga/VMSVGA/Reg/BitsPerPixelRead           0 times
00:00:11.883952 /Devices/vga/VMSVGA/Reg/BitsPerPixelWrite          0 times
00:00:11.883954 /Devices/vga/VMSVGA/Reg/BlueMaskRead               0 times
00:00:11.883957 /Devices/vga/VMSVGA/Reg/BusyRead                   0 times
00:00:11.883960 /Devices/vga/VMSVGA/Reg/BusyWrite                  0 times
00:00:11.883964 /Devices/vga/VMSVGA/Reg/BytesPerLineRead           0 times
00:00:11.883967 /Devices/vga/VMSVGA/Reg/CapabilitesRead            0 times
00:00:11.883970 /Devices/vga/VMSVGA/Reg/CmdPrependHighRead         0 times
00:00:11.883973 /Devices/vga/VMSVGA/Reg/CmdPrependHighWrite         0 times
00:00:11.883976 /Devices/vga/VMSVGA/Reg/CmdPrependLowRead          0 times
00:00:11.883979 /Devices/vga/VMSVGA/Reg/CmdPrependLowWrite         0 times
00:00:11.883982 /Devices/vga/VMSVGA/Reg/CommandHighRead            0 times
00:00:11.883984 /Devices/vga/VMSVGA/Reg/CommandHighWrite           0 times
00:00:11.883987 /Devices/vga/VMSVGA/Reg/CommandLowRead             0 times
00:00:11.883990 /Devices/vga/VMSVGA/Reg/CommandLowWrite            0 times
00:00:11.883993 /Devices/vga/VMSVGA/Reg/ConfigDoneRead             0 times
00:00:11.883996 /Devices/vga/VMSVGA/Reg/ConfigDoneWrite            0 times
00:00:11.883998 /Devices/vga/VMSVGA/Reg/CursorIdRead               0 times
00:00:11.884001 /Devices/vga/VMSVGA/Reg/CursorIdWrite              0 times
00:00:11.884004 /Devices/vga/VMSVGA/Reg/CursorOnRead               0 times
00:00:11.884007 /Devices/vga/VMSVGA/Reg/CursorOnWrite              0 times
00:00:11.884010 /Devices/vga/VMSVGA/Reg/CursorXRead                0 times
00:00:11.884013 /Devices/vga/VMSVGA/Reg/CursorXWrite               0 times
00:00:11.884015 /Devices/vga/VMSVGA/Reg/CursorYRead                0 times
00:00:11.884018 /Devices/vga/VMSVGA/Reg/CursorYWrite               0 times
00:00:11.884021 /Devices/vga/VMSVGA/Reg/DepthRead                  0 times
00:00:11.884024 /Devices/vga/VMSVGA/Reg/DepthWrite                 0 times
00:00:11.884027 /Devices/vga/VMSVGA/Reg/DevCapRead                 0 times
00:00:11.884030 /Devices/vga/VMSVGA/Reg/DevCapWrite                0 times
00:00:11.884032 /Devices/vga/VMSVGA/Reg/DisplayHeightRead          0 times
00:00:11.884035 /Devices/vga/VMSVGA/Reg/DisplayHeightWrite         0 times
00:00:11.884038 /Devices/vga/VMSVGA/Reg/DisplayIdRead              0 times
00:00:11.884041 /Devices/vga/VMSVGA/Reg/DisplayIdWrite             0 times
00:00:11.884044 /Devices/vga/VMSVGA/Reg/DisplayIsPrimaryRead         0 times
00:00:11.884046 /Devices/vga/VMSVGA/Reg/DisplayIsPrimaryWrite         0 times
00:00:11.884049 /Devices/vga/VMSVGA/Reg/DisplayPositionXRead         0 times
00:00:11.884052 /Devices/vga/VMSVGA/Reg/DisplayPositionXWrite         0 times
00:00:11.884055 /Devices/vga/VMSVGA/Reg/DisplayPositionYRead         0 times
00:00:11.884057 /Devices/vga/VMSVGA/Reg/DisplayPositionYWrite         0 times
00:00:11.884060 /Devices/vga/VMSVGA/Reg/DisplayWidthRead           0 times
00:00:11.884063 /Devices/vga/VMSVGA/Reg/DisplayWidthWrite          0 times
00:00:11.884066 /Devices/vga/VMSVGA/Reg/EnableRead                 0 times
00:00:11.884069 /Devices/vga/VMSVGA/Reg/EnableWrite                0 times
00:00:11.884071 /Devices/vga/VMSVGA/Reg/FbOffsetRead               0 times
00:00:11.884074 /Devices/vga/VMSVGA/Reg/FbSizeRead                 0 times
00:00:11.884077 /Devices/vga/VMSVGA/Reg/FbStartRead                0 times
00:00:11.884080 /Devices/vga/VMSVGA/Reg/GBMemSizeRead              0 times
00:00:11.884083 /Devices/vga/VMSVGA/Reg/GmrDescriptorWrite         0 times
00:00:11.884085 /Devices/vga/VMSVGA/Reg/GmrDescriptorWrite/Errors         0 times
00:00:11.884088 /Devices/vga/VMSVGA/Reg/GmrDescriptorWrite/Free         0 times
00:00:11.884091 /Devices/vga/VMSVGA/Reg/GmrIdRead                  0 times
00:00:11.884094 /Devices/vga/VMSVGA/Reg/GmrIdWrite                 0 times
00:00:11.884096 /Devices/vga/VMSVGA/Reg/GmrMaxDescriptorLengthRead         0 times
00:00:11.884099 /Devices/vga/VMSVGA/Reg/GmrMaxIdsRead              0 times
00:00:11.884102 /Devices/vga/VMSVGA/Reg/GmrsMaxPagesRead           0 times
00:00:11.884105 /Devices/vga/VMSVGA/Reg/GreenMaskRead              0 times
00:00:11.884108 /Devices/vga/VMSVGA/Reg/GuestIdRead                0 times
00:00:11.884110 /Devices/vga/VMSVGA/Reg/GuestIdWrite               0 times
00:00:11.884114 /Devices/vga/VMSVGA/Reg/HeightRead                 0 times
00:00:11.884117 /Devices/vga/VMSVGA/Reg/HeightWrite                0 times
00:00:11.884120 /Devices/vga/VMSVGA/Reg/HostBitsPerPixelRead         0 times
00:00:11.884123 /Devices/vga/VMSVGA/Reg/IdRead                     0 times
00:00:11.884126 /Devices/vga/VMSVGA/Reg/IdWrite                    0 times
00:00:11.884129 /Devices/vga/VMSVGA/Reg/IrqMaskRead                0 times
00:00:11.884132 /Devices/vga/VMSVGA/Reg/IrqMaskWrite               0 times
00:00:11.884134 /Devices/vga/VMSVGA/Reg/MaxHeightRead              0 times
00:00:11.884137 /Devices/vga/VMSVGA/Reg/MaxPrimBBMemRead           0 times
00:00:11.884140 /Devices/vga/VMSVGA/Reg/MaxWidthRead               0 times
00:00:11.884143 /Devices/vga/VMSVGA/Reg/MemRegsRead                0 times
00:00:11.884146 /Devices/vga/VMSVGA/Reg/MemSizeRead                0 times
00:00:11.884148 /Devices/vga/VMSVGA/Reg/MemStartRead               0 times
00:00:11.884151 /Devices/vga/VMSVGA/Reg/MemorySizeRead             0 times
00:00:11.884154 /Devices/vga/VMSVGA/Reg/MobMaxSizeRead             0 times
00:00:11.884157 /Devices/vga/VMSVGA/Reg/NumDisplaysRead            0 times
00:00:11.884159 /Devices/vga/VMSVGA/Reg/NumDisplaysWrite           0 times
00:00:11.884162 /Devices/vga/VMSVGA/Reg/NumGuestDisplaysRead         0 times
00:00:11.884165 /Devices/vga/VMSVGA/Reg/NumGuestDisplaysWrite         0 times
00:00:11.884168 /Devices/vga/VMSVGA/Reg/PaletteRead                0 times
00:00:11.884171 /Devices/vga/VMSVGA/Reg/PaletteWrite               0 times
00:00:11.884174 /Devices/vga/VMSVGA/Reg/PitchLockRead              0 times
00:00:11.884176 /Devices/vga/VMSVGA/Reg/PitchLockWrite             0 times
00:00:11.884179 /Devices/vga/VMSVGA/Reg/PseudoColorWrite           0 times
00:00:11.884182 /Devices/vga/VMSVGA/Reg/PsuedoColorRead            0 times
00:00:11.884185 /Devices/vga/VMSVGA/Reg/ReadOnlyWrite              0 times
00:00:11.884187 /Devices/vga/VMSVGA/Reg/RedMaskRead                0 times
00:00:11.884190 /Devices/vga/VMSVGA/Reg/ScratchRead                0 times
00:00:11.884193 /Devices/vga/VMSVGA/Reg/ScratchSizeRead            0 times
00:00:11.884196 /Devices/vga/VMSVGA/Reg/ScratchWrite               0 times
00:00:11.884198 /Devices/vga/VMSVGA/Reg/ScrnTgtMaxHeightRead         0 times
00:00:11.884201 /Devices/vga/VMSVGA/Reg/ScrnTgtMaxWidthRead         0 times
00:00:11.884204 /Devices/vga/VMSVGA/Reg/SyncRead                   0 times
00:00:11.884207 /Devices/vga/VMSVGA/Reg/SyncWrite                  0 times
00:00:11.884210 /Devices/vga/VMSVGA/Reg/TopRead                    0 times
00:00:11.884213 /Devices/vga/VMSVGA/Reg/TopWrite                   0 times
00:00:11.884216 /Devices/vga/VMSVGA/Reg/TracesRead                 0 times
00:00:11.884219 /Devices/vga/VMSVGA/Reg/TracesWrite                0 times
00:00:11.884221 /Devices/vga/VMSVGA/Reg/UnknownRead                0 times
00:00:11.884224 /Devices/vga/VMSVGA/Reg/UnknownWrite               0 times
00:00:11.884227 /Devices/vga/VMSVGA/Reg/VramSizeRead               0 times
00:00:11.884230 /Devices/vga/VMSVGA/Reg/WidthRead                  0 times
00:00:11.884233 /Devices/vga/VMSVGA/Reg/WidthWrite                 0 times
00:00:11.884235 /Devices/vga/VMSVGA/Reg/WriteOnlyRead              0 times
00:00:11.884238 /Drivers/AUDIO-0/TotalStreamsCreated               0 count
00:00:11.884241 /Drivers/AUDIO-1/TotalStreamsCreated               0 count
00:00:11.884244 /Drivers/AUDIO-2/TotalStreamsCreated               0 count
00:00:11.884253 /EM/CPU0/ExitHashing/Used                          0 times
00:00:11.884256 /EM/CPU0/ExitOpt/Exec                              0 ticks/call (           0 ticks,       0 calls, max         0, min      -1)
00:00:11.884259 /EM/CPU0/ExitOpt/ExecInstructions                  0 times
00:00:11.884262 /EM/CPU0/ExitOpt/ExecSavedExit                     0 times
00:00:11.884265 /EM/CPU0/ExitOpt/Probe                             0 ticks/call (           0 ticks,       0 calls, max         0, min      -1)
00:00:11.884269 /EM/CPU0/ExitOpt/ProbeInstructions                 0 times
00:00:11.884272 /EM/CPU0/ExitOpt/ProbedExecWithMax                 0 times
00:00:11.884275 /EM/CPU0/ExitOpt/ProbedNormal                      0 times
00:00:11.884278 /EM/CPU0/ExitOpt/ProbedToRing3                     0 times
00:00:11.884281 /GMM/ChunkTlbHits                                  0 times
00:00:11.884284 /GMM/ChunkTlbMisses                                0 times
00:00:11.884292 /GMM/VM/Allocated/cBasePages                       0 pages
00:00:11.884296 /GMM/VM/Allocated/cFixedPages                      0 pages
00:00:11.884299 /GMM/VM/Allocated/cShadowPages                     0 pages
00:00:11.884301 /GMM/VM/Reserved/cBasePages                   524391 pages
00:00:11.884304 /GMM/VM/Reserved/cFixedPages                    5636 pages
00:00:11.884308 /GMM/VM/Reserved/cShadowPages                      1 pages
00:00:11.884310 /GMM/VM/cBalloonedPages                            0 pages
00:00:11.884313 /GMM/VM/cMaxBalloonedPages                         0 pages
00:00:11.884316 /GMM/VM/cPrivatePages                              0 pages
00:00:11.884319 /GMM/VM/cReqActuallyBalloonedPages                 0 pages
00:00:11.884322 /GMM/VM/cReqBalloonedPages                         0 pages
00:00:11.884325 /GMM/VM/cReqDeflatePages                           0 pages
00:00:11.884328 /GMM/VM/cShareableModules                          0 count
00:00:11.884331 /GMM/VM/cSharedPages                               0 pages
00:00:11.884334 /GMM/VM/enmPolicy                                  1 
00:00:11.884337 /GMM/VM/enmPriority                                2 
00:00:11.884340 /GMM/VM/fBallooningEnabled                 false    
00:00:11.884343 /GMM/VM/fMayAllocate                       true     
00:00:11.884346 /GMM/VM/fSharedPagingEnabled               false    
00:00:11.884349 /GMM/cAllocatedPages                               0 pages
00:00:11.884352 /GMM/cBalloonedPages                               0 pages
00:00:11.884355 /GMM/cChunks                                       0 count
00:00:11.884358 /GMM/cDuplicatePages                               0 pages
00:00:11.884361 /GMM/cFreedChunks                                  0 count
00:00:11.884364 /GMM/cLeftBehindSharedPages                        0 pages
00:00:11.884367 /GMM/cMaxPages                             4294967295 pages
00:00:11.884370 /GMM/cOverCommittedPages                           0 pages
00:00:11.884373 /GMM/cReservedPages                           530028 pages
00:00:11.884376 /GMM/cShareableModules                             0 count
00:00:11.884379 /GMM/cSharedPages                                  0 pages
00:00:11.884382 /GMM/idFreeGeneration                      4611686018427387775 
00:00:11.884501 /GVMM/EMTs                                         1 count
00:00:11.884506 /GVMM/HostCPUs                                    12 count
00:00:11.884509 /GVMM/HostCpus/0                                   0 
00:00:11.884512 /GVMM/HostCpus/0/CurTimerHz                        0 Hz
00:00:11.884515 /GVMM/HostCpus/0/DesiredHz                         0 Hz
00:00:11.884518 /GVMM/HostCpus/0/PPTChanges                        0 times
00:00:11.884521 /GVMM/HostCpus/0/PPTStarts                         0 times
00:00:11.884524 /GVMM/HostCpus/0/idxCpuSet                         0 
00:00:11.884527 /GVMM/HostCpus/1                                   1 
00:00:11.884530 /GVMM/HostCpus/1/CurTimerHz                        0 Hz
00:00:11.884533 /GVMM/HostCpus/1/DesiredHz                         0 Hz
00:00:11.884536 /GVMM/HostCpus/1/PPTChanges                        0 times
00:00:11.884538 /GVMM/HostCpus/1/PPTStarts                         0 times
00:00:11.884541 /GVMM/HostCpus/1/idxCpuSet                         1 
00:00:11.884544 /GVMM/HostCpus/10                                 10 
00:00:11.884547 /GVMM/HostCpus/10/CurTimerHz                       0 Hz
00:00:11.884550 /GVMM/HostCpus/10/DesiredHz                        0 Hz
00:00:11.884553 /GVMM/HostCpus/10/PPTChanges                       0 times
00:00:11.884557 /GVMM/HostCpus/10/PPTStarts                        0 times
00:00:11.884560 /GVMM/HostCpus/10/idxCpuSet                       10 
00:00:11.884563 /GVMM/HostCpus/11                                 11 
00:00:11.884566 /GVMM/HostCpus/11/CurTimerHz                       0 Hz
00:00:11.884569 /GVMM/HostCpus/11/DesiredHz                        0 Hz
00:00:11.884572 /GVMM/HostCpus/11/PPTChanges                       0 times
00:00:11.884575 /GVMM/HostCpus/11/PPTStarts                        0 times
00:00:11.884578 /GVMM/HostCpus/11/idxCpuSet                       11 
00:00:11.884581 /GVMM/HostCpus/2                                   2 
00:00:11.884584 /GVMM/HostCpus/2/CurTimerHz                        0 Hz
00:00:11.884586 /GVMM/HostCpus/2/DesiredHz                         0 Hz
00:00:11.884589 /GVMM/HostCpus/2/PPTChanges                        0 times
00:00:11.884592 /GVMM/HostCpus/2/PPTStarts                         0 times
00:00:11.884595 /GVMM/HostCpus/2/idxCpuSet                         2 
00:00:11.884598 /GVMM/HostCpus/3                                   3 
00:00:11.884601 /GVMM/HostCpus/3/CurTimerHz                        0 Hz
00:00:11.884604 /GVMM/HostCpus/3/DesiredHz                         0 Hz
00:00:11.884607 /GVMM/HostCpus/3/PPTChanges                        0 times
00:00:11.884610 /GVMM/HostCpus/3/PPTStarts                         0 times
00:00:11.884612 /GVMM/HostCpus/3/idxCpuSet                         3 
00:00:11.884615 /GVMM/HostCpus/4                                   4 
00:00:11.884618 /GVMM/HostCpus/4/CurTimerHz                        0 Hz
00:00:11.884621 /GVMM/HostCpus/4/DesiredHz                         0 Hz
00:00:11.884624 /GVMM/HostCpus/4/PPTChanges                        0 times
00:00:11.884627 /GVMM/HostCpus/4/PPTStarts                         0 times
00:00:11.884630 /GVMM/HostCpus/4/idxCpuSet                         4 
00:00:11.884632 /GVMM/HostCpus/5                                   5 
00:00:11.884635 /GVMM/HostCpus/5/CurTimerHz                        0 Hz
00:00:11.884638 /GVMM/HostCpus/5/DesiredHz                         0 Hz
00:00:11.884641 /GVMM/HostCpus/5/PPTChanges                        0 times
00:00:11.884644 /GVMM/HostCpus/5/PPTStarts                         0 times
00:00:11.884647 /GVMM/HostCpus/5/idxCpuSet                         5 
00:00:11.884650 /GVMM/HostCpus/6                                   6 
00:00:11.884653 /GVMM/HostCpus/6/CurTimerHz                        0 Hz
00:00:11.884656 /GVMM/HostCpus/6/DesiredHz                         0 Hz
00:00:11.884658 /GVMM/HostCpus/6/PPTChanges                        0 times
00:00:11.884661 /GVMM/HostCpus/6/PPTStarts                         0 times
00:00:11.884664 /GVMM/HostCpus/6/idxCpuSet                         6 
00:00:11.884667 /GVMM/HostCpus/7                                   7 
00:00:11.884670 /GVMM/HostCpus/7/CurTimerHz                        0 Hz
00:00:11.884673 /GVMM/HostCpus/7/DesiredHz                         0 Hz
00:00:11.884676 /GVMM/HostCpus/7/PPTChanges                        0 times
00:00:11.884679 /GVMM/HostCpus/7/PPTStarts                         0 times
00:00:11.884681 /GVMM/HostCpus/7/idxCpuSet                         7 
00:00:11.884684 /GVMM/HostCpus/8                                   8 
00:00:11.884687 /GVMM/HostCpus/8/CurTimerHz                        0 Hz
00:00:11.884690 /GVMM/HostCpus/8/DesiredHz                         0 Hz
00:00:11.884693 /GVMM/HostCpus/8/PPTChanges                        0 times
00:00:11.884696 /GVMM/HostCpus/8/PPTStarts                         0 times
00:00:11.884699 /GVMM/HostCpus/8/idxCpuSet                         8 
00:00:11.884702 /GVMM/HostCpus/9                                   9 
00:00:11.884705 /GVMM/HostCpus/9/CurTimerHz                        0 Hz
00:00:11.884707 /GVMM/HostCpus/9/DesiredHz                         0 Hz
00:00:11.884710 /GVMM/HostCpus/9/PPTChanges                        0 times
00:00:11.884713 /GVMM/HostCpus/9/PPTStarts                         0 times
00:00:11.884716 /GVMM/HostCpus/9/idxCpuSet                         9 
00:00:11.884720 /GVMM/Sum/HaltBlocking                           282 calls
00:00:11.884723 /GVMM/Sum/HaltCalls                             1339 calls
00:00:11.884726 /GVMM/Sum/HaltNotBlocking                       1057 calls
00:00:11.884729 /GVMM/Sum/HaltTimeouts                            77 calls
00:00:11.884732 /GVMM/Sum/HaltWakeUps                              0 calls
00:00:11.884736 /GVMM/Sum/PokeCalls                                0 calls
00:00:11.884739 /GVMM/Sum/PokeNotBusy                              0 calls
00:00:11.884742 /GVMM/Sum/PollCalls                                0 calls
00:00:11.884744 /GVMM/Sum/PollHalts                                0 calls
00:00:11.884747 /GVMM/Sum/PollWakeUps                              0 calls
00:00:11.884750 /GVMM/Sum/WakeUpCalls                            205 calls
00:00:11.884753 /GVMM/Sum/WakeUpNotHalted                          2 calls
00:00:11.884756 /GVMM/Sum/WakeUpWakeUps                            0 calls
00:00:11.884759 /GVMM/VCpus/0/Start                                0 ticks/call (           0 ticks,       0 calls, max         0, min       0)
00:00:11.884763 /GVMM/VCpus/0/Stop                                 0 ticks/call (           0 ticks,       0 calls, max         0, min       0)
00:00:11.884766 /GVMM/VCpus/0/cWakeUpTimerCanceled                 0 times
00:00:11.884769 /GVMM/VCpus/0/cWakeUpTimerHits                     0 times
00:00:11.884772 /GVMM/VCpus/0/cWakeUpTimerMisses                   0 times
00:00:11.884775 /GVMM/VCpus/0/cWakeUpTimerSameCpu                  0 times
00:00:11.884778 /GVMM/VM/HaltBlocking                            282 calls
00:00:11.884781 /GVMM/VM/HaltCalls                              1339 calls
00:00:11.884783 /GVMM/VM/HaltNotBlocking                        1057 calls
00:00:11.884787 /GVMM/VM/HaltTimeouts                             77 calls
00:00:11.884790 /GVMM/VM/HaltWakeUps                               0 calls
00:00:11.884793 /GVMM/VM/PokeCalls                                 0 calls
00:00:11.884796 /GVMM/VM/PokeNotBusy                               0 calls
00:00:11.884799 /GVMM/VM/PollCalls                                 0 calls
00:00:11.884802 /GVMM/VM/PollHalts                                 0 calls
00:00:11.884805 /GVMM/VM/PollWakeUps                               0 calls
00:00:11.884808 /GVMM/VM/WakeUpCalls                             205 calls
00:00:11.884811 /GVMM/VM/WakeUpNotHalted                           2 calls
00:00:11.884814 /GVMM/VM/WakeUpWakeUps                             0 calls
00:00:11.884817 /GVMM/VMs                                          1 count
00:00:11.884820 /HGCM/FailedPageListLocking                        0 count
00:00:11.884823 /HGCM/LargeCmdAllocs                               0 count
00:00:11.884826 /HGCM/MsgArrival                                   0 ticks/call (           0 ticks,       0 calls, max         0, min      -1)
00:00:11.884829 /HGCM/MsgCompletion                                0 ticks/call (           0 ticks,       0 calls, max         0, min      -1)
00:00:11.884833 /HGCM/MsgTotal                                     0 ticks/call (           0 ticks,       0 calls, max         0, min      -1)
00:00:11.884838 /IEM/CPU0/Interrupts/08                           72 times
00:00:11.884842 /IEM/CPU0/Interrupts/1c                           72 times
00:00:11.884854 /IEM/CPU0/Tlb/Code/InvlPg                          0 
00:00:11.884857 /IEM/CPU0/Tlb/Code/InvlPg/LargeGlobal              0 
00:00:11.884860 /IEM/CPU0/Tlb/Code/InvlPg/LargeNonGlobal           0 
00:00:11.884863 /IEM/CPU0/Tlb/Code/LargePageGlobalCurLoads         0 count
00:00:11.884866 /IEM/CPU0/Tlb/Code/LargePageGlobalFirstTag ffffffffffffffff count
00:00:11.884869 /IEM/CPU0/Tlb/Code/LargePageGlobalLastTag          0 count
00:00:11.884872 /IEM/CPU0/Tlb/Code/LargePageNonGlobalCurLoads         0 count
00:00:11.884874 /IEM/CPU0/Tlb/Code/LargePageNonGlobalFirstTag ffffffffffffffff count
00:00:11.884877 /IEM/CPU0/Tlb/Code/LargePageNonGlobalLastTag         0 count
00:00:11.884881 /IEM/CPU0/Tlb/Code/Misses                          0 count
00:00:11.884884 /IEM/CPU0/Tlb/Code/Misses/GlobalLoads              0 count
00:00:11.884887 /IEM/CPU0/Tlb/Code/PhysicalRevision        fffffffffffce000 
00:00:11.884890 /IEM/CPU0/Tlb/Code/PhysicalRevisionFlushes         0 
00:00:11.884893 /IEM/CPU0/Tlb/Code/PhysicalRevisionRollovers         0 
00:00:11.884896 /IEM/CPU0/Tlb/Code/RevisionGlobal          fffff38000000000 
00:00:11.884898 /IEM/CPU0/Tlb/Code/RevisionGlobalFlushes           0 
00:00:11.884901 /IEM/CPU0/Tlb/Code/RevisionNonGlobal       fffff38000000000 
00:00:11.884904 /IEM/CPU0/Tlb/Code/RevisionNonGlobalFlushes         0 
00:00:11.884907 /IEM/CPU0/Tlb/Code/RevisionRollovers               0 
00:00:11.884910 /IEM/CPU0/Tlb/Code/SlowReads                       0 count
00:00:11.884913 /IEM/CPU0/Tlb/Data/InvlPg                          0 
00:00:11.884916 /IEM/CPU0/Tlb/Data/InvlPg/LargeGlobal              0 
00:00:11.884918 /IEM/CPU0/Tlb/Data/InvlPg/LargeNonGlobal           0 
00:00:11.884921 /IEM/CPU0/Tlb/Data/LargePageGlobalCurLoads         0 count
00:00:11.884924 /IEM/CPU0/Tlb/Data/LargePageGlobalFirstTag ffffffffffffffff count
00:00:11.884927 /IEM/CPU0/Tlb/Data/LargePageGlobalLastTag          0 count
00:00:11.884930 /IEM/CPU0/Tlb/Data/LargePageNonGlobalCurLoads         0 count
00:00:11.884933 /IEM/CPU0/Tlb/Data/LargePageNonGlobalFirstTag ffffffffffffffff count
00:00:11.884936 /IEM/CPU0/Tlb/Data/LargePageNonGlobalLastTag         0 count
00:00:11.884939 /IEM/CPU0/Tlb/Data/Misses                          0 count
00:00:11.884942 /IEM/CPU0/Tlb/Data/Misses/Core                     0 count
00:00:11.884945 /IEM/CPU0/Tlb/Data/Misses/Core/GlobalLoads         0 count
00:00:11.884948 /IEM/CPU0/Tlb/Data/Misses/Safe                     0 count
00:00:11.884951 /IEM/CPU0/Tlb/Data/Misses/Safe/Reads               0 count
00:00:11.884953 /IEM/CPU0/Tlb/Data/Misses/Safe/SubPartHits         0 count
00:00:11.884956 /IEM/CPU0/Tlb/Data/Misses/Safe/SubPartMisses         0 count
00:00:11.884959 /IEM/CPU0/Tlb/Data/Misses/Safe/SubPartMisses/GlobalLoads         0 count
00:00:11.884962 /IEM/CPU0/Tlb/Data/Misses/Safe/Writes              0 count
00:00:11.884964 /IEM/CPU0/Tlb/Data/PhysicalRevision        fffffffffffce000 
00:00:11.884967 /IEM/CPU0/Tlb/Data/PhysicalRevisionFlushes         0 
00:00:11.884970 /IEM/CPU0/Tlb/Data/PhysicalRevisionRollovers         0 
00:00:11.884973 /IEM/CPU0/Tlb/Data/RevisionGlobal          fffff38000000000 
00:00:11.884976 /IEM/CPU0/Tlb/Data/RevisionGlobalFlushes           0 
00:00:11.884979 /IEM/CPU0/Tlb/Data/RevisionNonGlobal       fffff38000000000 
00:00:11.884981 /IEM/CPU0/Tlb/Data/RevisionNonGlobalFlushes         0 
00:00:11.884984 /IEM/CPU0/Tlb/Data/RevisionRollovers               0 
00:00:11.884987 /IEM/CPU0/cInstructions                         1872 count
00:00:11.884990 /IEM/CPU0/cLongJumps                               0 bytes
00:00:11.884993 /IEM/CPU0/cMisalignedAtomics                       0 bytes
00:00:11.884996 /IEM/CPU0/cPendingCommit                           0 bytes
00:00:11.884999 /IEM/CPU0/cPotentialExits                         72 count
00:00:11.885002 /IEM/CPU0/cRetAspectNotImplemented                 0 count
00:00:11.885029 /IEM/CPU0/cRetErrStatuses                          0 count
00:00:11.885034 /IEM/CPU0/cRetInfStatuses                         72 count
00:00:11.885037 /IEM/CPU0/cRetInstrNotImplemented                  0 count
00:00:11.885040 /IOM/MmioMappingsStale                             0 ticks/call
00:00:11.885043 /IOM/MmioTooDeepRecursion                          0 times
00:00:11.885046 /NEM/CPU0/BreakOnCancel                            0 times
00:00:11.885049 /NEM/CPU0/BreakOnFFPost                            0 times
00:00:11.885052 /NEM/CPU0/BreakOnFFPre                             0 times
00:00:11.885055 /NEM/CPU0/BreakOnStatus                            0 times
00:00:11.885058 /NEM/CPU0/CancelAlertedEMT                         0 times
00:00:11.885061 /NEM/CPU0/CancelChangedState                       0 times
00:00:11.885067 /NEM/CPU0/ExitApicEoi                              0 times
00:00:11.885071 /NEM/CPU0/ExitApicSipiInit                         0 times
00:00:11.885074 /NEM/CPU0/ExitCanceled                             0 times
00:00:11.885077 /NEM/CPU0/ExitCpuId                                0 times
00:00:11.885080 /NEM/CPU0/ExitException                            0 times
00:00:11.885083 /NEM/CPU0/ExitExceptionBp                          0 times
00:00:11.885086 /NEM/CPU0/ExitExceptionDb                          0 times
00:00:11.885089 /NEM/CPU0/ExitExceptionGp                          0 times
00:00:11.885092 /NEM/CPU0/ExitExceptionGpMesa                      0 times
00:00:11.885095 /NEM/CPU0/ExitExceptionUd                          0 times
00:00:11.885098 /NEM/CPU0/ExitExceptionUdHandled                   0 times
00:00:11.885101 /NEM/CPU0/ExitHalt                                 0 times
00:00:11.885104 /NEM/CPU0/ExitInterruptWindow                      0 times
00:00:11.885107 /NEM/CPU0/ExitMemUnmapped                          0 times
00:00:11.885110 /NEM/CPU0/ExitMsr                                  0 times
00:00:11.885113 /NEM/CPU0/ExitPortIo                               0 times
00:00:11.885116 /NEM/CPU0/ExitUnrecoverable                        0 times
00:00:11.885119 /NEM/CPU0/GetMsgTimeout                            0 times
00:00:11.885122 /NEM/CPU0/ImportOnDemand                           0 times
00:00:11.885125 /NEM/CPU0/ImportOnReturn                           0 times
00:00:11.885128 /NEM/CPU0/ImportOnReturnSkipped                    0 times
00:00:11.885130 /NEM/CPU0/QueryCpuTick                             1 times
00:00:11.885133 /NEM/CPU0/StopCpuPending                           0 times
00:00:11.885136 /NEM/CPU0/StopCpuPendingAlerts                     0 times
00:00:11.885139 /NEM/CPU0/StopCpuPendingOdd                        0 times
00:00:11.885142 /NEM/CPU0/StopCpuSuccess                           0 times
00:00:11.885145 /NEM/PagesCurrentlyMapped                  4294967239 pages
00:00:11.885148 /NEM/PagesMapCalls                                 0 pages
00:00:11.885151 /NEM/PagesMapFails                                 0 pages
00:00:11.885154 /NEM/PagesMapGpaRange                        9086202 ticks/call (   118120634 ticks,      13 calls, max 115686922, min   39960)
00:00:11.885158 /NEM/PagesMapGpaRangePage                          0 ticks/call (           0 ticks,       0 calls, max         0, min      -1)
00:00:11.885162 /NEM/PagesUnmapCalls                              57 pages
00:00:11.885165 /NEM/PagesUnmapFails                               0 pages
00:00:11.885168 /NEM/PagesUnmapGpaRange                            0 ticks/call (           0 ticks,       0 calls, max         0, min      -1)
00:00:11.885171 /NEM/PagesUnmapGpaRangePage                    55794 ticks/call (     3180298 ticks,      57 calls, max    181781, min   36297)
00:00:11.885178 /NEM/R0Stats/cPagesAvailable                       0 pages
00:00:11.885181 /NEM/R0Stats/cPagesInUse                           0 pages
00:00:11.885185 /PDM/BlkCache/cbCached                             0 bytes
00:00:11.885188 /PDM/BlkCache/cbCachedFru                          0 bytes
00:00:11.885191 /PDM/BlkCache/cbCachedMruIn                        0 bytes
00:00:11.885194 /PDM/BlkCache/cbCachedMruOut                       0 bytes
00:00:11.885197 /PDM/BlkCache/cbMax                          5242880 bytes
00:00:11.885201 /PDM/CritSects/00-AbortedEnters                    0 times
00:00:11.885203 /PDM/CritSects/00-EntersWhileAborting              0 times
00:00:11.885206 /PDM/CritSects/00-Non-interruptible-Waits-VINF_SUCCESS         0 times
00:00:11.885209 /PDM/CritSects/00-QueuedLeaves                     0 times
00:00:11.885212 /PDM/CritSects/00-VERR_INTERRUPTED                 0 times
00:00:11.885215 /PDM/CritSects/00-VERR_TIMEOUT                     0 times
00:00:11.885218 /PDM/CritSects/8237A#0Auto/ContentionR3            0 times
00:00:11.885221 /PDM/CritSects/8237A#0Auto/ContentionR3Wait         0 ticks/time (           0 ticks,       0 times, max         0, min      -1)
00:00:11.885226 /PDM/CritSects/8237A#0Auto/ContentionRZLock         0 times
00:00:11.885229 /PDM/CritSects/8237A#0Auto/ContentionRZLockBusy         0 times
00:00:11.885232 /PDM/CritSects/8237A#0Auto/ContentionRZUnlock         0 times
00:00:11.885235 /PDM/CritSects/8237A#0Auto/ContentionRZWait         0 ticks/time (           0 ticks,       0 times, max         0, min      -1)
00:00:11.885238 /PDM/CritSects/AC'97/ContentionR3                  0 times
00:00:11.885241 /PDM/CritSects/AC'97/ContentionR3Wait              0 ticks/time (           0 ticks,       0 times, max         0, min      -1)
00:00:11.885244 /PDM/CritSects/AC'97/ContentionRZLock              0 times
00:00:11.885247 /PDM/CritSects/AC'97/ContentionRZLockBusy          0 times
00:00:11.885250 /PDM/CritSects/AC'97/ContentionRZUnlock            0 times
00:00:11.885253 /PDM/CritSects/AC'97/ContentionRZWait              0 ticks/time (           0 ticks,       0 times, max         0, min      -1)
00:00:11.885256 /PDM/CritSects/ATA#0-Ctl/ContentionR3              0 times
00:00:11.885259 /PDM/CritSects/ATA#0-Ctl/ContentionR3Wait          0 ticks/time (           0 ticks,       0 times, max         0, min      -1)
00:00:11.885262 /PDM/CritSects/ATA#0-Ctl/ContentionRZLock          0 times
00:00:11.885265 /PDM/CritSects/ATA#0-Ctl/ContentionRZLockBusy         0 times
00:00:11.885268 /PDM/CritSects/ATA#0-Ctl/ContentionRZUnlock         0 times
00:00:11.885271 /PDM/CritSects/ATA#0-Ctl/ContentionRZWait          0 ticks/time (           0 ticks,       0 times, max         0, min      -1)
00:00:11.885274 /PDM/CritSects/ATA#0-Req/ContentionR3              0 times
00:00:11.885276 /PDM/CritSects/ATA#0-Req/ContentionR3Wait          0 ticks/time (           0 ticks,       0 times, max         0, min      -1)
00:00:11.885282 /PDM/CritSects/ATA#0-Req/ContentionRZLock          0 times
00:00:11.885290 /PDM/CritSects/ATA#0-Req/ContentionRZLockBusy         0 times
00:00:11.885298 /PDM/CritSects/ATA#0-Req/ContentionRZUnlock         0 times
00:00:11.885302 /PDM/CritSects/ATA#0-Req/ContentionRZWait          0 ticks/time (           0 ticks,       0 times, max         0, min      -1)
00:00:11.885306 /PDM/CritSects/ATA#1-Ctl/ContentionR3              0 times
00:00:11.885309 /PDM/CritSects/ATA#1-Ctl/ContentionR3Wait          0 ticks/time (           0 ticks,       0 times, max         0, min      -1)
00:00:11.885312 /PDM/CritSects/ATA#1-Ctl/ContentionRZLock          0 times
00:00:11.885315 /PDM/CritSects/ATA#1-Ctl/ContentionRZLockBusy         0 times
00:00:11.885318 /PDM/CritSects/ATA#1-Ctl/ContentionRZUnlock         0 times
00:00:11.885320 /PDM/CritSects/ATA#1-Ctl/ContentionRZWait          0 ticks/time (           0 ticks,       0 times, max         0, min      -1)
00:00:11.885323 /PDM/CritSects/ATA#1-Req/ContentionR3              0 times
00:00:11.885326 /PDM/CritSects/ATA#1-Req/ContentionR3Wait          0 ticks/time (           0 ticks,       0 times, max         0, min      -1)
00:00:11.885329 /PDM/CritSects/ATA#1-Req/ContentionRZLock          0 times
00:00:11.885332 /PDM/CritSects/ATA#1-Req/ContentionRZLockBusy         0 times
00:00:11.885335 /PDM/CritSects/ATA#1-Req/ContentionRZUnlock         0 times
00:00:11.885337 /PDM/CritSects/ATA#1-Req/ContentionRZWait          0 ticks/time (           0 ticks,       0 times, max         0, min      -1)
00:00:11.885341 /PDM/CritSects/E1000#0/ContentionR3                0 times
00:00:11.885344 /PDM/CritSects/E1000#0/ContentionR3Wait            0 ticks/time (           0 ticks,       0 times, max         0, min      -1)
00:00:11.885347 /PDM/CritSects/E1000#0/ContentionRZLock            0 times
00:00:11.885350 /PDM/CritSects/E1000#0/ContentionRZLockBusy         0 times
00:00:11.885352 /PDM/CritSects/E1000#0/ContentionRZUnlock          0 times
00:00:11.885355 /PDM/CritSects/E1000#0/ContentionRZWait            0 ticks/time (           0 ticks,       0 times, max         0, min      -1)
00:00:11.885358 /PDM/CritSects/E1000#0RX/ContentionR3              0 times
00:00:11.885363 /PDM/CritSects/E1000#0RX/ContentionR3Wait          0 ticks/time (           0 ticks,       0 times, max         0, min      -1)
00:00:11.885367 /PDM/CritSects/E1000#0RX/ContentionRZLock          0 times
00:00:11.885370 /PDM/CritSects/E1000#0RX/ContentionRZLockBusy         0 times
00:00:11.885373 /PDM/CritSects/E1000#0RX/ContentionRZUnlock         0 times
00:00:11.885376 /PDM/CritSects/E1000#0RX/ContentionRZWait          0 ticks/time (           0 ticks,       0 times, max         0, min      -1)
00:00:11.885379 /PDM/CritSects/E1000#0TX/ContentionR3              0 times
00:00:11.885381 /PDM/CritSects/E1000#0TX/ContentionR3Wait          0 ticks/time (           0 ticks,       0 times, max         0, min      -1)
00:00:11.885385 /PDM/CritSects/E1000#0TX/ContentionRZLock          0 times
00:00:11.885388 /PDM/CritSects/E1000#0TX/ContentionRZLockBusy         0 times
00:00:11.885390 /PDM/CritSects/E1000#0TX/ContentionRZUnlock         0 times
00:00:11.885393 /PDM/CritSects/E1000#0TX/ContentionRZWait          0 ticks/time (           0 ticks,       0 times, max         0, min      -1)
00:00:11.885396 /PDM/CritSects/EHCI#0Irq/ContentionR3              0 times
00:00:11.885399 /PDM/CritSects/EHCI#0Irq/ContentionR3Wait          0 ticks/time (           0 ticks,       0 times, max         0, min      -1)
00:00:11.885402 /PDM/CritSects/EHCI#0Irq/ContentionRZLock          0 times
00:00:11.885405 /PDM/CritSects/EHCI#0Irq/ContentionRZLockBusy         0 times
00:00:11.885407 /PDM/CritSects/EHCI#0Irq/ContentionRZUnlock         0 times
00:00:11.885410 /PDM/CritSects/EHCI#0Irq/ContentionRZWait          0 ticks/time (           0 ticks,       0 times, max         0, min      -1)
00:00:11.885413 /PDM/CritSects/GIMDev#0Auto/ContentionR3           0 times
00:00:11.885416 /PDM/CritSects/GIMDev#0Auto/ContentionR3Wait         0 ticks/time (           0 ticks,       0 times, max         0, min      -1)
00:00:11.885419 /PDM/CritSects/GIMDev#0Auto/ContentionRZLock         0 times
00:00:11.885422 /PDM/CritSects/GIMDev#0Auto/ContentionRZLockBusy         0 times
00:00:11.885425 /PDM/CritSects/GIMDev#0Auto/ContentionRZUnlock         0 times
00:00:11.885428 /PDM/CritSects/GIMDev#0Auto/ContentionRZWait         0 ticks/time (           0 ticks,       0 times, max         0, min      -1)
00:00:11.885431 /PDM/CritSects/NOP/ContentionR3                    0 times
00:00:11.885434 /PDM/CritSects/NOP/ContentionR3Wait                0 ticks/time (           0 ticks,       0 times, max         0, min      -1)
00:00:11.885437 /PDM/CritSects/NOP/ContentionRZLock                0 times
00:00:11.885440 /PDM/CritSects/NOP/ContentionRZLockBusy            0 times
00:00:11.885442 /PDM/CritSects/NOP/ContentionRZUnlock              0 times
00:00:11.885445 /PDM/CritSects/NOP/ContentionRZWait                0 ticks/time (           0 ticks,       0 times, max         0, min      -1)
00:00:11.885448 /PDM/CritSects/OHCI#0Irq/ContentionR3              0 times
00:00:11.885451 /PDM/CritSects/OHCI#0Irq/ContentionR3Wait          0 ticks/time (           0 ticks,       0 times, max         0, min      -1)
00:00:11.885454 /PDM/CritSects/OHCI#0Irq/ContentionRZLock          0 times
00:00:11.885457 /PDM/CritSects/OHCI#0Irq/ContentionRZLockBusy         0 times
00:00:11.885460 /PDM/CritSects/OHCI#0Irq/ContentionRZUnlock         0 times
00:00:11.885462 /PDM/CritSects/OHCI#0Irq/ContentionRZWait          0 ticks/time (           0 ticks,       0 times, max         0, min      -1)
00:00:11.885466 /PDM/CritSects/PDM/ContentionR3                    0 times
00:00:11.885469 /PDM/CritSects/PDM/ContentionR3Wait                0 ticks/time (           0 ticks,       0 times, max         0, min      -1)
00:00:11.885472 /PDM/CritSects/PDM/ContentionRZLock                0 times
00:00:11.885474 /PDM/CritSects/PDM/ContentionRZLockBusy            0 times
00:00:11.885477 /PDM/CritSects/PDM/ContentionRZUnlock              0 times
00:00:11.885480 /PDM/CritSects/PDM/ContentionRZWait                0 ticks/time (           0 ticks,       0 times, max         0, min      -1)
00:00:11.885484 /PDM/CritSects/PGM/ContentionR3                    0 times
00:00:11.885487 /PDM/CritSects/PGM/ContentionR3Wait                0 ticks/time (           0 ticks,       0 times, max         0, min      -1)
00:00:11.885491 /PDM/CritSects/PGM/ContentionRZLock                0 times
00:00:11.885493 /PDM/CritSects/PGM/ContentionRZLockBusy            0 times
00:00:11.885497 /PDM/CritSects/PGM/ContentionRZUnlock              0 times
00:00:11.885500 /PDM/CritSects/PGM/ContentionRZWait                0 ticks/time (           0 ticks,       0 times, max         0, min      -1)
00:00:11.885503 /PDM/CritSects/TM VirtualSync Lock/ContentionR3         0 times
00:00:11.885506 /PDM/CritSects/TM VirtualSync Lock/ContentionR3Wait         0 ticks/time (           0 ticks,       0 times, max         0, min      -1)
00:00:11.885509 /PDM/CritSects/TM VirtualSync Lock/ContentionRZLock         0 times
00:00:11.885512 /PDM/CritSects/TM VirtualSync Lock/ContentionRZLockBusy         0 times
00:00:11.885514 /PDM/CritSects/TM VirtualSync Lock/ContentionRZUnlock         0 times
00:00:11.885517 /PDM/CritSects/TM VirtualSync Lock/ContentionRZWait         0 ticks/time (           0 ticks,       0 times, max         0, min      -1)
00:00:11.885520 /PDM/CritSects/TM real queue timer lock/ContentionR3         0 times
00:00:11.885523 /PDM/CritSects/TM real queue timer lock/ContentionR3Wait         0 ticks/time (           0 ticks,       0 times, max         0, min      -1)
00:00:11.885526 /PDM/CritSects/TM real queue timer lock/ContentionRZLock         0 times
00:00:11.885529 /PDM/CritSects/TM real queue timer lock/ContentionRZLockBusy         0 times
00:00:11.885532 /PDM/CritSects/TM real queue timer lock/ContentionRZUnlock         0 times
00:00:11.885534 /PDM/CritSects/TM real queue timer lock/ContentionRZWait         0 ticks/time (           0 ticks,       0 times, max         0, min      -1)
00:00:11.885537 /PDM/CritSects/TM tsc queue timer lock/ContentionR3         0 times
00:00:11.885540 /PDM/CritSects/TM tsc queue timer lock/ContentionR3Wait         0 ticks/time (           0 ticks,       0 times, max         0, min      -1)
00:00:11.885543 /PDM/CritSects/TM tsc queue timer lock/ContentionRZLock         0 times
00:00:11.885546 /PDM/CritSects/TM tsc queue timer lock/ContentionRZLockBusy         0 times
00:00:11.885549 /PDM/CritSects/TM tsc queue timer lock/ContentionRZUnlock         0 times
00:00:11.885551 /PDM/CritSects/TM tsc queue timer lock/ContentionRZWait         0 ticks/time (           0 ticks,       0 times, max         0, min      -1)
00:00:11.885555 /PDM/CritSects/TM virtual queue timer lock/ContentionR3         0 times
00:00:11.885557 /PDM/CritSects/TM virtual queue timer lock/ContentionR3Wait         0 ticks/time (           0 ticks,       0 times, max         0, min      -1)
00:00:11.885560 /PDM/CritSects/TM virtual queue timer lock/ContentionRZLock         0 times
00:00:11.885563 /PDM/CritSects/TM virtual queue timer lock/ContentionRZLockBusy         0 times
00:00:11.885566 /PDM/CritSects/TM virtual queue timer lock/ContentionRZUnlock         0 times
00:00:11.885569 /PDM/CritSects/TM virtual queue timer lock/ContentionRZWait         0 ticks/time (           0 ticks,       0 times, max         0, min      -1)
00:00:11.885572 /PDM/CritSects/TM virtual_sync queue timer lock/ContentionR3         0 times
00:00:11.885575 /PDM/CritSects/TM virtual_sync queue timer lock/ContentionR3Wait         0 ticks/time (           0 ticks,       0 times, max         0, min      -1)
00:00:11.885578 /PDM/CritSects/TM virtual_sync queue timer lock/ContentionRZLock         0 times
00:00:11.885581 /PDM/CritSects/TM virtual_sync queue timer lock/ContentionRZLockBusy         0 times
00:00:11.885584 /PDM/CritSects/TM virtual_sync queue timer lock/ContentionRZUnlock         0 times
00:00:11.885586 /PDM/CritSects/TM virtual_sync queue timer lock/ContentionRZWait         0 ticks/time (           0 ticks,       0 times, max         0, min      -1)
00:00:11.885590 /PDM/CritSects/VGA#0/ContentionR3                  0 times
00:00:11.885593 /PDM/CritSects/VGA#0/ContentionR3Wait              0 ticks/time (           0 ticks,       0 times, max         0, min      -1)
00:00:11.885597 /PDM/CritSects/VGA#0/ContentionRZLock              0 times
00:00:11.885600 /PDM/CritSects/VGA#0/ContentionRZLockBusy          0 times
00:00:11.885602 /PDM/CritSects/VGA#0/ContentionRZUnlock            0 times
00:00:11.885605 /PDM/CritSects/VGA#0/ContentionRZWait              0 ticks/time (           0 ticks,       0 times, max         0, min      -1)
00:00:11.885608 /PDM/CritSects/VGA#0_IRQ/ContentionR3              0 times
00:00:11.885611 /PDM/CritSects/VGA#0_IRQ/ContentionR3Wait          0 ticks/time (           0 ticks,       0 times, max         0, min      -1)
00:00:11.885614 /PDM/CritSects/VGA#0_IRQ/ContentionRZLock          0 times
00:00:11.885617 /PDM/CritSects/VGA#0_IRQ/ContentionRZLockBusy         0 times
00:00:11.885620 /PDM/CritSects/VGA#0_IRQ/ContentionRZUnlock         0 times
00:00:11.885622 /PDM/CritSects/VGA#0_IRQ/ContentionRZWait          0 ticks/time (           0 ticks,       0 times, max         0, min      -1)
00:00:11.885625 /PDM/CritSects/VMMDev#0/ContentionR3               0 times
00:00:11.885628 /PDM/CritSects/VMMDev#0/ContentionR3Wait           0 ticks/time (           0 ticks,       0 times, max         0, min      -1)
00:00:11.885631 /PDM/CritSects/VMMDev#0/ContentionRZLock           0 times
00:00:11.885634 /PDM/CritSects/VMMDev#0/ContentionRZLockBusy         0 times
00:00:11.885637 /PDM/CritSects/VMMDev#0/ContentionRZUnlock         0 times
00:00:11.885639 /PDM/CritSects/VMMDev#0/ContentionRZWait           0 ticks/time (           0 ticks,       0 times, max         0, min      -1)
00:00:11.885643 /PDM/CritSects/acpi#0/ContentionR3                 0 times
00:00:11.885645 /PDM/CritSects/acpi#0/ContentionR3Wait             0 ticks/time (           0 ticks,       0 times, max         0, min      -1)
00:00:11.885648 /PDM/CritSects/acpi#0/ContentionRZLock             0 times
00:00:11.885651 /PDM/CritSects/acpi#0/ContentionRZLockBusy         0 times
00:00:11.885654 /PDM/CritSects/acpi#0/ContentionRZUnlock           0 times
00:00:11.885657 /PDM/CritSects/acpi#0/ContentionRZWait             0 ticks/time (           0 ticks,       0 times, max         0, min      -1)
00:00:11.885660 /PDM/CritSects/mc146818#0Auto/ContentionR3         0 times
00:00:11.885662 /PDM/CritSects/mc146818#0Auto/ContentionR3Wait         0 ticks/time (           0 ticks,       0 times, max         0, min      -1)
00:00:11.885665 /PDM/CritSects/mc146818#0Auto/ContentionRZLock         0 times
00:00:11.885669 /PDM/CritSects/mc146818#0Auto/ContentionRZLockBusy         0 times
00:00:11.885671 /PDM/CritSects/mc146818#0Auto/ContentionRZUnlock         0 times
00:00:11.885674 /PDM/CritSects/mc146818#0Auto/ContentionRZWait         0 ticks/time (           0 ticks,       0 times, max         0, min      -1)
00:00:11.885677 /PDM/CritSects/pcarch#0Auto/ContentionR3           0 times
00:00:11.885680 /PDM/CritSects/pcarch#0Auto/ContentionR3Wait         0 ticks/time (           0 ticks,       0 times, max         0, min      -1)
00:00:11.885683 /PDM/CritSects/pcarch#0Auto/ContentionRZLock         0 times
00:00:11.885686 /PDM/CritSects/pcarch#0Auto/ContentionRZLockBusy         0 times
00:00:11.885688 /PDM/CritSects/pcarch#0Auto/ContentionRZUnlock         0 times
00:00:11.885691 /PDM/CritSects/pcarch#0Auto/ContentionRZWait         0 ticks/time (           0 ticks,       0 times, max         0, min      -1)
00:00:11.885694 /PDM/CritSects/pcbios#0Auto/ContentionR3           0 times
00:00:11.885697 /PDM/CritSects/pcbios#0Auto/ContentionR3Wait         0 ticks/time (           0 ticks,       0 times, max         0, min      -1)
00:00:11.885700 /PDM/CritSects/pcbios#0Auto/ContentionRZLock         0 times
00:00:11.885703 /PDM/CritSects/pcbios#0Auto/ContentionRZLockBusy         0 times
00:00:11.885705 /PDM/CritSects/pcbios#0Auto/ContentionRZUnlock         0 times
00:00:11.885708 /PDM/CritSects/pcbios#0Auto/ContentionRZWait         0 ticks/time (           0 ticks,       0 times, max         0, min      -1)
00:00:11.885712 /PDM/CritSects/pckbd#0Auto/ContentionR3            0 times
00:00:11.885715 /PDM/CritSects/pckbd#0Auto/ContentionR3Wait         0 ticks/time (           0 ticks,       0 times, max         0, min      -1)
00:00:11.885718 /PDM/CritSects/pckbd#0Auto/ContentionRZLock         0 times
00:00:11.885721 /PDM/CritSects/pckbd#0Auto/ContentionRZLockBusy         0 times
00:00:11.885724 /PDM/CritSects/pckbd#0Auto/ContentionRZUnlock         0 times
00:00:11.885727 /PDM/CritSects/pckbd#0Auto/ContentionRZWait         0 ticks/time (           0 ticks,       0 times, max         0, min      -1)
00:00:11.885730 /PDM/CritSects/pit#0/ContentionR3                  0 times
00:00:11.885732 /PDM/CritSects/pit#0/ContentionR3Wait              0 ticks/time (           0 ticks,       0 times, max         0, min      -1)
00:00:11.885735 /PDM/CritSects/pit#0/ContentionRZLock              0 times
00:00:11.885738 /PDM/CritSects/pit#0/ContentionRZLockBusy          0 times
00:00:11.885741 /PDM/CritSects/pit#0/ContentionRZUnlock            0 times
00:00:11.885744 /PDM/CritSects/pit#0/ContentionRZWait              0 ticks/time (           0 ticks,       0 times, max         0, min      -1)
00:00:11.885747 /PDM/CritSects/usb-ehci#0Auto/ContentionR3         0 times
00:00:11.885749 /PDM/CritSects/usb-ehci#0Auto/ContentionR3Wait         0 ticks/time (           0 ticks,       0 times, max         0, min      -1)
00:00:11.885752 /PDM/CritSects/usb-ehci#0Auto/ContentionRZLock         0 times
00:00:11.885755 /PDM/CritSects/usb-ehci#0Auto/ContentionRZLockBusy         0 times
00:00:11.885758 /PDM/CritSects/usb-ehci#0Auto/ContentionRZUnlock         0 times
00:00:11.885760 /PDM/CritSects/usb-ehci#0Auto/ContentionRZWait         0 ticks/time (           0 ticks,       0 times, max         0, min      -1)
00:00:11.885763 /PDM/CritSects/usb-ohci#0Auto/ContentionR3         0 times
00:00:11.885766 /PDM/CritSects/usb-ohci#0Auto/ContentionR3Wait         0 ticks/time (           0 ticks,       0 times, max         0, min      -1)
00:00:11.885769 /PDM/CritSects/usb-ohci#0Auto/ContentionRZLock         0 times
00:00:11.885772 /PDM/CritSects/usb-ohci#0Auto/ContentionRZLockBusy         0 times
00:00:11.885775 /PDM/CritSects/usb-ohci#0Auto/ContentionRZUnlock         0 times
00:00:11.885778 /PDM/CritSects/usb-ohci#0Auto/ContentionRZWait         0 ticks/time (           0 ticks,       0 times, max         0, min      -1)
00:00:11.885781 /PDM/CritSectsRw/00-EnterSharedWhileAborting         0 times
00:00:11.885784 /PDM/CritSectsRw/00-Excl-Non-interruptible-Waits-VINF_SUCCESS         0 times
00:00:11.885786 /PDM/CritSectsRw/00-Excl-VERR_INTERRUPTED          0 times
00:00:11.885789 /PDM/CritSectsRw/00-Excl-VERR_TIMEOUT              0 times
00:00:11.885792 /PDM/CritSectsRw/00-Shared-Non-interruptible-Waits-VINF_SUCCESS         0 times
00:00:11.885795 /PDM/CritSectsRw/00-Shared-VERR_INTERRUPTED         0 times
00:00:11.885797 /PDM/CritSectsRw/00-Shared-VERR_TIMEOUT            0 times
00:00:11.885800 /PDM/CritSectsRw/IOM Lock/ContentionR3EnterExcl         0 times
00:00:11.885803 /PDM/CritSectsRw/IOM Lock/ContentionR3EnterShared         0 times
00:00:11.885806 /PDM/CritSectsRw/IOM Lock/ContentionR3LeaveExcl         0 times
00:00:11.885808 /PDM/CritSectsRw/IOM Lock/ContentionRZEnterExcl         0 times
00:00:11.885811 /PDM/CritSectsRw/IOM Lock/ContentionRZEnterShared         0 times
00:00:11.885814 /PDM/CritSectsRw/IOM Lock/ContentionRZLeaveExcl         0 times
00:00:11.885817 /PDM/CritSectsRw/IOM Lock/ContentionRZLeaveShared         0 times
00:00:11.885819 /PDM/CritSectsRw/IOM Lock/R3EnterExcl             89 times
00:00:11.885822 /PDM/CritSectsRw/IOM Lock/R3EnterShared           72 times
00:00:11.885825 /PDM/CritSectsRw/IOM Lock/RZEnterExcl              0 times
00:00:11.885828 /PDM/CritSectsRw/IOM Lock/RZEnterShared            0 times
00:00:11.885831 /PDM/CritSectsRw/TM real queue alloc lock/ContentionR3EnterExcl         0 times
00:00:11.885833 /PDM/CritSectsRw/TM real queue alloc lock/ContentionR3EnterShared         0 times
00:00:11.885837 /PDM/CritSectsRw/TM real queue alloc lock/ContentionR3LeaveExcl         0 times
00:00:11.885840 /PDM/CritSectsRw/TM real queue alloc lock/ContentionRZEnterExcl         0 times
00:00:11.885843 /PDM/CritSectsRw/TM real queue alloc lock/ContentionRZEnterShared         0 times
00:00:11.885846 /PDM/CritSectsRw/TM real queue alloc lock/ContentionRZLeaveExcl         0 times
00:00:11.885849 /PDM/CritSectsRw/TM real queue alloc lock/ContentionRZLeaveShared         0 times
00:00:11.885851 /PDM/CritSectsRw/TM real queue alloc lock/R3EnterExcl         8 times
00:00:11.885854 /PDM/CritSectsRw/TM real queue alloc lock/R3EnterShared         1 times
00:00:11.885857 /PDM/CritSectsRw/TM real queue alloc lock/RZEnterExcl         0 times
00:00:11.885860 /PDM/CritSectsRw/TM real queue alloc lock/RZEnterShared         0 times
00:00:11.885862 /PDM/CritSectsRw/TM tsc queue alloc lock/ContentionR3EnterExcl         0 times
00:00:11.885865 /PDM/CritSectsRw/TM tsc queue alloc lock/ContentionR3EnterShared         0 times
00:00:11.885868 /PDM/CritSectsRw/TM tsc queue alloc lock/ContentionR3LeaveExcl         0 times
00:00:11.885871 /PDM/CritSectsRw/TM tsc queue alloc lock/ContentionRZEnterExcl         0 times
00:00:11.885873 /PDM/CritSectsRw/TM tsc queue alloc lock/ContentionRZEnterShared         0 times
00:00:11.885876 /PDM/CritSectsRw/TM tsc queue alloc lock/ContentionRZLeaveExcl         0 times
00:00:11.885879 /PDM/CritSectsRw/TM tsc queue alloc lock/ContentionRZLeaveShared         0 times
00:00:11.885881 /PDM/CritSectsRw/TM tsc queue alloc lock/R3EnterExcl         0 times
00:00:11.885884 /PDM/CritSectsRw/TM tsc queue alloc lock/R3EnterShared         1 times
00:00:11.885887 /PDM/CritSectsRw/TM tsc queue alloc lock/RZEnterExcl         0 times
00:00:11.885890 /PDM/CritSectsRw/TM tsc queue alloc lock/RZEnterShared         0 times
00:00:11.885892 /PDM/CritSectsRw/TM virtual queue alloc lock/ContentionR3EnterExcl         0 times
00:00:11.885895 /PDM/CritSectsRw/TM virtual queue alloc lock/ContentionR3EnterShared         0 times
00:00:11.885898 /PDM/CritSectsRw/TM virtual queue alloc lock/ContentionR3LeaveExcl         0 times
00:00:11.885901 /PDM/CritSectsRw/TM virtual queue alloc lock/ContentionRZEnterExcl         0 times
00:00:11.885904 /PDM/CritSectsRw/TM virtual queue alloc lock/ContentionRZEnterShared         0 times
00:00:11.885906 /PDM/CritSectsRw/TM virtual queue alloc lock/ContentionRZLeaveExcl         0 times
00:00:11.885909 /PDM/CritSectsRw/TM virtual queue alloc lock/ContentionRZLeaveShared         0 times
00:00:11.885912 /PDM/CritSectsRw/TM virtual queue alloc lock/R3EnterExcl        12 times
00:00:11.885915 /PDM/CritSectsRw/TM virtual queue alloc lock/R3EnterShared         1 times
00:00:11.885917 /PDM/CritSectsRw/TM virtual queue alloc lock/RZEnterExcl         0 times
00:00:11.885920 /PDM/CritSectsRw/TM virtual queue alloc lock/RZEnterShared         0 times
00:00:11.885923 /PDM/CritSectsRw/TM virtual_sync queue alloc lock/ContentionR3EnterExcl         0 times
00:00:11.885926 /PDM/CritSectsRw/TM virtual_sync queue alloc lock/ContentionR3EnterShared         0 times
00:00:11.885929 /PDM/CritSectsRw/TM virtual_sync queue alloc lock/ContentionR3LeaveExcl         0 times
00:00:11.885932 /PDM/CritSectsRw/TM virtual_sync queue alloc lock/ContentionRZEnterExcl         0 times
00:00:11.885934 /PDM/CritSectsRw/TM virtual_sync queue alloc lock/ContentionRZEnterShared         0 times
00:00:11.885937 /PDM/CritSectsRw/TM virtual_sync queue alloc lock/ContentionRZLeaveExcl         0 times
00:00:11.885940 /PDM/CritSectsRw/TM virtual_sync queue alloc lock/ContentionRZLeaveShared         0 times
00:00:11.885942 /PDM/CritSectsRw/TM virtual_sync queue alloc lock/R3EnterExcl         9 times
00:00:11.885945 /PDM/CritSectsRw/TM virtual_sync queue alloc lock/R3EnterShared         1 times
00:00:11.885948 /PDM/CritSectsRw/TM virtual_sync queue alloc lock/RZEnterExcl         0 times
00:00:11.885951 /PDM/CritSectsRw/TM virtual_sync queue alloc lock/RZEnterShared         0 times
00:00:11.885990 /PDM/Queue/DevHlp/AllocFailures                    0 times
00:00:11.885995 /PDM/Queue/DevHlp/Flush                            0 calls
00:00:11.885998 /PDM/Queue/DevHlp/FlushLeftovers                   0 times
00:00:11.886001 /PDM/Queue/DevHlp/Insert                           0 calls
00:00:11.886004 /PDM/Queue/DevHlp/cItems                           8 count
00:00:11.886007 /PDM/Queue/DevHlp/cbItem                          56 bytes
00:00:11.886010 /PDM/Queue/DevHlp/rcOkay                           0 
00:00:11.886013 /PDM/Queue/Keyboard/AllocFailures                  0 times
00:00:11.886016 /PDM/Queue/Keyboard/Flush                          0 calls
00:00:11.886019 /PDM/Queue/Keyboard/FlushLeftovers                 0 times
00:00:11.886021 /PDM/Queue/Keyboard/Insert                         0 calls
00:00:11.886024 /PDM/Queue/Keyboard/cItems                        64 count
00:00:11.886027 /PDM/Queue/Keyboard/cbItem                        16 bytes
00:00:11.886030 /PDM/Queue/Keyboard/rcOkay                         0 
00:00:11.886033 /PDM/Queue/Mouse/AllocFailures                     0 times
00:00:11.886036 /PDM/Queue/Mouse/Flush                             0 calls
00:00:11.886039 /PDM/Queue/Mouse/FlushLeftovers                    0 times
00:00:11.886042 /PDM/Queue/Mouse/Insert                            0 calls
00:00:11.886045 /PDM/Queue/Mouse/cItems                          128 count
00:00:11.886048 /PDM/Queue/Mouse/cbItem                           32 bytes
00:00:11.886051 /PDM/Queue/Mouse/rcOkay                            0 
00:00:11.886054 /PDM/Queue/Mouse_1/AllocFailures                   0 times
00:00:11.886057 /PDM/Queue/Mouse_1/Flush                           0 calls
00:00:11.886059 /PDM/Queue/Mouse_1/FlushLeftovers                  0 times
00:00:11.886062 /PDM/Queue/Mouse_1/Insert                          0 calls
00:00:11.886065 /PDM/Queue/Mouse_1/cItems                        128 count
00:00:11.886068 /PDM/Queue/Mouse_1/cbItem                         32 bytes
00:00:11.886071 /PDM/Queue/Mouse_1/rcOkay                          0 
00:00:11.886074 /PDM/Tasks/000-E1000-Xmit-retriggered              0 times
00:00:11.886077 /PDM/Tasks/000-E1000-Xmit-runs                     0 times
00:00:11.886080 /PGM/CPU0/R3/Page/MapTlbMisses                     0 times
00:00:11.886083 /PGM/CPU0/R3/RamRange/TlbLocking                   0 times
00:00:11.886086 /PGM/CPU0/R3/RamRange/TlbMisses                    0 times
00:00:11.886088 /PGM/CPU0/RZ/Page/MapTlbMisses                     0 times
00:00:11.886091 /PGM/CPU0/RZ/RamRange/TlbLocking                   0 times
00:00:11.886094 /PGM/CPU0/RZ/RamRange/TlbMisses                    0 times
00:00:11.886097 /PGM/CPU0/cA20Changes                              0 times
00:00:11.886100 /PGM/CPU0/cGuestModeChanges                        2 times
00:00:11.886103 /PGM/ChunkR3Map/Mapped                             0 count
00:00:11.886106 /PGM/ChunkR3Map/Unmapped                           0 count
00:00:11.886109 /PGM/ChunkR3Map/c                                  0 count
00:00:11.886112 /PGM/ChunkR3Map/cMax                       4294967295 count
00:00:11.886115 /PGM/LargePage/Alloc                               0 ns/call (           0 ns,       0 calls, max         0, min      -1)
00:00:11.886118 /PGM/LargePage/AllocFailed                         0 times
00:00:11.886121 /PGM/LargePage/Overflow                            0 times
00:00:11.886124 /PGM/LargePage/Recheck                             0 times
00:00:11.886127 /PGM/LargePage/Refused                             0 times
00:00:11.886130 /PGM/LargePage/Reused                              0 times
00:00:11.886133 /PGM/LargePage/TlbFlush                            0 times
00:00:11.886136 /PGM/LargePage/ZeroEvict                           0 times
00:00:11.886140 /PGM/Mmio2QueryAndResetDirtyBitmap                 0 ticks/call (           0 ticks,       0 calls, max         0, min      -1)
00:00:11.886143 /PGM/Page/cAllPages                           529967 count
00:00:11.886147 /PGM/Page/cBalloonedPages                          0 count
00:00:11.886151 /PGM/Page/cHandyPages                              0 count
00:00:11.886154 /PGM/Page/cLargePages                              0 count
00:00:11.886156 /PGM/Page/cLargePagesDisabled                      0 count
00:00:11.886160 /PGM/Page/cMonitoredPages                          0 count
00:00:11.886163 /PGM/Page/cPrivatePages                       529899 count
00:00:11.886166 /PGM/Page/cPureMmioPages                          68 count
00:00:11.886169 /PGM/Page/cReadLockedPages                         0 count
00:00:11.886172 /PGM/Page/cReusedSharedPages                       0 count
00:00:11.886174 /PGM/Page/cSharedPages                             0 count
00:00:11.886177 /PGM/Page/cWriteLockedPages                        0 count
00:00:11.886180 /PGM/Page/cWrittenToPages                          0 count
00:00:11.886183 /PGM/Page/cZeroPages                               0 count
00:00:11.886186 /PGM/PhysHandlerTree/ErrorsAllocatorR3             0 times
00:00:11.886189 /PGM/PhysHandlerTree/ErrorsTree                    0 times
00:00:11.886192 /PGM/PhysHandlerTree/Inserts                      12 times
00:00:11.886195 /PGM/PhysHandlerTree/MaxHandlers                6144 times
00:00:11.886198 /PGM/PhysHandlerTree/RebalancingOperations         5 times
00:00:11.886201 /PGM/PhysHandlerTree/Removals                      0 times
00:00:11.886204 /PGM/Pool/Grow                                     0 ticks/call (           0 ticks,       0 calls, max         0, min      -1)
00:00:11.886207 /PGM/ShMod/Check                                   0 ticks/call (           0 ticks,       0 calls, max         0, min      -1)
00:00:11.886210 /PROF/CPU0/EM/Capped                               0 ticks/call (           0 ticks,       0 calls, max         0, min      -1)
00:00:11.886214 /PROF/CPU0/EM/ForcedActions                       80 times
00:00:11.886216 /PROF/CPU0/EM/HMExec                               0 ticks/call (           0 ticks,       0 calls, max         0, min      -1)
00:00:11.886220 /PROF/CPU0/EM/HMExecuteCalled                      0 times
00:00:11.886223 /PROF/CPU0/EM/Halted                              79 times
00:00:11.886225 /PROF/CPU0/EM/NEMExec                              0 ticks/call (           0 ticks,       0 calls, max         0, min      -1)
00:00:11.886229 /PROF/CPU0/EM/NEMExecuteCalled                     0 times
00:00:11.886232 /PROF/CPU0/EM/REMTotal                             0 times
00:00:11.886235 /PROF/CPU0/EM/RecordedExits                      144 times
00:00:11.886238 /PROF/CPU0/EM/Total                        14672174493 ticks/call ( 14672174493 ticks,       1 calls, max 14672174493, min 14672174493)
00:00:11.886242 /PROF/CPU0/VM/Halt/Block                     2961054 ns/call (  3935240815 ns,    1329 calls, max  30390655, min     870)
00:00:11.886245 /PROF/CPU0/VM/Halt/BlockInsomnia             2573792 ns/call (  3240404183 ns,    1259 calls, max  30390655, min     870)
00:00:11.886248 /PROF/CPU0/VM/Halt/BlockOnTime               4833120 ns/call (    48331205 ns,      10 calls, max  11700510, min    1221)
00:00:11.886251 /PROF/CPU0/VM/Halt/BlockOverslept             302258 ns/call (    18135501 ns,      60 calls, max    866566, min   57343)
00:00:11.886255 /PROF/CPU0/VM/Halt/R0HaltBlock                     0 ns/call (           0 ns,       0 calls, max         0, min      -1)
00:00:11.886258 /PROF/CPU0/VM/Halt/R0HaltBlockInsomnia             0 ns/call (           0 ns,       0 calls, max         0, min      -1)
00:00:11.886261 /PROF/CPU0/VM/Halt/R0HaltBlockOnTime               0 ns/call (           0 ns,       0 calls, max         0, min      -1)
00:00:11.886264 /PROF/CPU0/VM/Halt/R0HaltBlockOverslept            0 ns/call (           0 ns,       0 calls, max         0, min      -1)
00:00:11.886268 /PROF/CPU0/VM/Halt/R0HaltExec                      0 times
00:00:11.886271 /PROF/CPU0/VM/Halt/R0HaltExec/FromBlock            0 times
00:00:11.886273 /PROF/CPU0/VM/Halt/R0HaltExec/FromSpin             0 times
00:00:11.886277 /PROF/CPU0/VM/Halt/R0HaltHistoryCounter            0 times
00:00:11.886280 /PROF/CPU0/VM/Halt/R0HaltHistorySucceeded          0 times
00:00:11.886283 /PROF/CPU0/VM/Halt/R0HaltHistoryToRing3            0 times
00:00:11.886286 /PROF/CPU0/VM/Halt/R0HaltToR3                      0 times
00:00:11.886289 /PROF/CPU0/VM/Halt/R0HaltToR3/FromSpin             0 times
00:00:11.886291 /PROF/CPU0/VM/Halt/R0HaltToR3/Other                0 times
00:00:11.886294 /PROF/CPU0/VM/Halt/R0HaltToR3/PendingFF            0 times
00:00:11.886297 /PROF/CPU0/VM/Halt/R0HaltToR3/PostWaitNoInt         0 times
00:00:11.886300 /PROF/CPU0/VM/Halt/R0HaltToR3/PostWaitPendingFF         0 times
00:00:11.886302 /PROF/CPU0/VM/Halt/R0HaltToR3/SmallDelta           0 times
00:00:11.886305 /PROF/CPU0/VM/Halt/Timers                      11845 ns/call (    23040246 ns,    1945 calls, max    472006, min     130)
00:00:11.886308 /PROF/CPU0/VM/Halt/Yield                           0 ns/call (           0 ns,       0 calls, max         0, min      -1)
00:00:11.886312 /Public/NetAdapter/0/BytesReceived                 0 bytes
00:00:11.886314 /Public/NetAdapter/0/BytesTransmitted              0 bytes
00:00:11.886317 /Public/NetAdapter/0/e1000                         0 
00:00:11.886321 /Public/Storage/PIIX3IDE0/Port0/QueryBufAttempts         0 count
00:00:11.886324 /Public/Storage/PIIX3IDE0/Port0/QueryBufSuccess         0 count
00:00:11.886327 /SELM/LoadHidSel/GstReadErrors                     0 times
00:00:11.886330 /SELM/LoadHidSel/NoGoodGuest                       0 times
00:00:11.886333 /TM/CPU/00/cNsExecuting                            0 ns
00:00:11.886336 /TM/CPU/00/cNsHalted                       3958751136 ns
00:00:11.886339 /TM/CPU/00/cNsOther                         14187833 ns
00:00:11.886342 /TM/CPU/00/cNsTotal                        3972938969 ns
00:00:11.886345 /TM/CPU/00/cPeriodsExecuting                       0 count
00:00:11.886348 /TM/CPU/00/cPeriodsHalted                         79 count
00:00:11.886351 /TM/CPU/00/pctExecuting                            0 %
00:00:11.886354 /TM/CPU/00/pctHalted                              98 %
00:00:11.886357 /TM/CPU/00/pctOther                                1 %
00:00:11.886360 /TM/CPU/pctExecuting                               0 %
00:00:11.886363 /TM/CPU/pctHalted                                 98 %
00:00:11.886366 /TM/CPU/pctOther                                   1 %
00:00:11.886369 /TM/MaxHzHint                                      0 Hz
00:00:11.886372 /TM/MaxHzHint/real                                 0 Hz
00:00:11.886375 /TM/MaxHzHint/tsc                                  0 Hz
00:00:11.886378 /TM/MaxHzHint/virtual                              0 Hz
00:00:11.886381 /TM/MaxHzHint/virtual_sync                         0 Hz
00:00:11.886384 /TM/PIT/Handler                                    0 ticks/call (           0 ticks,       0 calls, max         0, min      -1)
00:00:11.886387 /TM/PIT/Irq                                        0 times
00:00:11.886390 /TM/TSC/offCPU0                                    0 ticks
00:00:11.886393 /TM/VirtualSync/CurrentOffset                 536492 ns
00:00:11.886411 /TRPM/ForwardRaw/TRAP/08                          72 times
00:00:11.886415 /VMM/EmtHashCollisions/Emt00                       0 times
00:00:11.886418 /VMM/LogFlush/00-Flushes                           0 times
00:00:11.886421 /VMM/LogFlush/00-NoWakups                          0 times
00:00:11.886425 /VMM/LogFlush/CPU0/Rel/cbBuf                    4096 bytes
00:00:11.886428 /VUSB/0/cUrbsInPool                                0 count
00:00:11.886431 /VUSB/1/cUrbsInPool                                0 count
00:00:11.886434 ********************* End of statistics **********************
00:00:11.886812 VUSB: Detached 'HidMouse' from port 1 on RootHub#1
00:00:11.887275 E1000#0: Interrupt attempts: 0
00:00:11.887286 E1000#0: Interrupts raised : 0
00:00:11.887291 E1000#0: Interrupts lowered: 0
00:00:11.887295 E1000#0: ICR outside ISR   : 0
00:00:11.887301 E1000#0: IMS raised ints   : 0
00:00:11.887305 E1000#0: Interrupts skipped: 0
00:00:11.887308 E1000#0: Masked interrupts : 0
00:00:11.887310 E1000#0: Early interrupts  : 0
00:00:11.887313 E1000#0: Late interrupts   : 0
00:00:11.887316 E1000#0: Lost interrupts   : 0
00:00:11.887320 E1000#0: Interrupts by RX  : 0
00:00:11.887322 E1000#0: Interrupts by TX  : 0
00:00:11.887326 E1000#0: Interrupts by ICS : 0
00:00:11.887329 E1000#0: Interrupts by RDTR: 0
00:00:11.887331 E1000#0: Interrupts by RDMT: 0
00:00:11.887334 E1000#0: Interrupts by TXQE: 0
00:00:11.887336 E1000#0: TX int delay asked: 0
00:00:11.887339 E1000#0: TX delayed:         0
00:00:11.887342 E1000#0: TX delay expired:   0
00:00:11.887344 E1000#0: TX no report asked: 0
00:00:11.887347 E1000#0: TX abs timer expd : 0
00:00:11.887349 E1000#0: TX int timer expd : 0
00:00:11.887352 E1000#0: RX abs timer expd : 0
00:00:11.887354 E1000#0: RX int timer expd : 0
00:00:11.887357 E1000#0: TX CTX descriptors: 0
00:00:11.887360 E1000#0: TX DAT descriptors: 0
00:00:11.887362 E1000#0: TX LEG descriptors: 0
00:00:11.887365 E1000#0: Received frames   : 0
00:00:11.887368 E1000#0: Transmitted frames: 0
00:00:11.887370 E1000#0: TX frames up to 1514: 0
00:00:11.887373 E1000#0: TX frames up to 2962: 0
00:00:11.887375 E1000#0: TX frames up to 4410: 0
00:00:11.887378 E1000#0: TX frames up to 5858: 0
00:00:11.887381 E1000#0: TX frames up to 7306: 0
00:00:11.887383 E1000#0: TX frames up to 8754: 0
00:00:11.887386 E1000#0: TX frames up to 16384: 0
00:00:11.887388 E1000#0: TX frames up to 32768: 0
00:00:11.887391 E1000#0: Larger TX frames    : 0
00:00:11.887394 E1000#0: Max TX Delay        : 0
00:00:11.888200 GIM: KVM: Resetting MSRs
00:00:11.888241 NEM: Destroying partition 00000209bd849f30 with its 1 VCpus...
00:00:11.902072 GUI: UIMediumEnumerator: Medium-enumeration finished!
00:00:11.918691 vmmR3LogFlusher: Terminating (VERR_OBJECT_DESTROYED)
00:00:11.918770 Changing the VM state from 'DESTROYING' to 'TERMINATED'
00:00:11.918788 Console: Machine state changed to 'PoweredOff'
00:00:11.937673 GUI: Request for async QApp quit.
00:00:11.939788 GUI: Cannot notify guest about VM window out-of-focus event
00:00:11.945052 GUI: UICommon: Handling aboutToQuit request..
00:00:12.933626 GUI: UICommon: aboutToQuit request handled!
