8154.1a0: \SystemRoot\System32\ntdll.dll:
8154.1a0:     CreationTime:    2026-04-15T08:55:17.136847900Z
8154.1a0:     LastWriteTime:   2026-04-15T08:55:17.205708100Z
8154.1a0:     ChangeTime:      2026-04-16T19:25:28.835746100Z
8154.1a0:     FileAttributes:  0x20
8154.1a0:     Size:            0x267be8
8154.1a0:     NT Headers:      0xe0
8154.1a0:     Timestamp:       0xf7576e9e
8154.1a0:     Machine:         0x8664 - amd64
8154.1a0:     Timestamp:       0xf7576e9e
8154.1a0:     Image Version:   10.0
8154.1a0:     SizeOfImage:     0x267000 (2519040)
8154.1a0:     Resource Dir:    0x1eb000 LB 0x7a1b8
8154.1a0:     [Version info resource found at 0xd8! (ID/Name: 0x1; SubID/SubName: 0x409)]
8154.1a0:     [Raw version resource data: 0x1eb0f0 LB 0x380, codepage 0x0 (reserved 0x0)]
8154.1a0:     ProductName:     Microsoft® Windows® Operating System
8154.1a0:     ProductVersion:  10.0.26100.8246
8154.1a0:     FileVersion:     10.0.26100.8246 (WinBuild.160101.0800)
8154.1a0:     FileDescription: NT Layer DLL
8154.1a0: \SystemRoot\System32\kernel32.dll:
8154.1a0:     CreationTime:    2026-04-15T08:55:15.494388500Z
8154.1a0:     LastWriteTime:   2026-04-15T08:55:15.519387500Z
8154.1a0:     ChangeTime:      2026-04-16T19:26:18.569518100Z
8154.1a0:     FileAttributes:  0x20
8154.1a0:     Size:            0xcc298
8154.1a0:     NT Headers:      0xf8
8154.1a0:     Timestamp:       0x7635528f
8154.1a0:     Machine:         0x8664 - amd64
8154.1a0:     Timestamp:       0x7635528f
8154.1a0:     Image Version:   10.0
8154.1a0:     SizeOfImage:     0xc9000 (823296)
8154.1a0:     Resource Dir:    0xc7000 LB 0x520
8154.1a0:     [Version info resource found at 0x90! (ID/Name: 0x1; SubID/SubName: 0x409)]
8154.1a0:     [Raw version resource data: 0xc70b0 LB 0x3a4, codepage 0x0 (reserved 0x0)]
8154.1a0:     ProductName:     Microsoft® Windows® Operating System
8154.1a0:     ProductVersion:  10.0.26100.8246
8154.1a0:     FileVersion:     10.0.26100.8246 (WinBuild.160101.0800)
8154.1a0:     FileDescription: Windows NT BASE API Client DLL
8154.1a0: \SystemRoot\System32\KernelBase.dll:
8154.1a0:     CreationTime:    2026-04-15T08:55:15.503999200Z
8154.1a0:     LastWriteTime:   2026-04-15T08:55:15.723734700Z
8154.1a0:     ChangeTime:      2026-04-16T19:26:18.628595200Z
8154.1a0:     FileAttributes:  0x20
8154.1a0:     Size:            0x3f6388
8154.1a0:     NT Headers:      0x108
8154.1a0:     Timestamp:       0x208e0cb7
8154.1a0:     Machine:         0x8664 - amd64
8154.1a0:     Timestamp:       0x208e0cb7
8154.1a0:     Image Version:   10.0
8154.1a0:     SizeOfImage:     0x3f4000 (4145152)
8154.1a0:     Resource Dir:    0x3ba000 LB 0x548
8154.1a0:     [Version info resource found at 0x90! (ID/Name: 0x1; SubID/SubName: 0x409)]
8154.1a0:     [Raw version resource data: 0x3ba0b0 LB 0x3bc, codepage 0x0 (reserved 0x0)]
8154.1a0:     ProductName:     Microsoft® Windows® Operating System
8154.1a0:     ProductVersion:  10.0.26100.8246
8154.1a0:     FileVersion:     10.0.26100.8246 (WinBuild.160101.0800)
8154.1a0:     FileDescription: Windows NT BASE API Client DLL
8154.1a0: \SystemRoot\System32\apisetschema.dll:
8154.1a0:     CreationTime:    2026-04-15T08:55:09.521767400Z
8154.1a0:     LastWriteTime:   2026-04-15T08:55:09.529796200Z
8154.1a0:     ChangeTime:      2026-04-16T19:25:18.785071600Z
8154.1a0:     FileAttributes:  0x20
8154.1a0:     Size:            0x2f600
8154.1a0:     NT Headers:      0xd8
8154.1a0:     Timestamp:       0xfb040896
8154.1a0:     Machine:         0x8664 - amd64
8154.1a0:     Timestamp:       0xfb040896
8154.1a0:     Image Version:   10.0
8154.1a0:     SizeOfImage:     0x2e000 (188416)
8154.1a0:     Resource Dir:    0x2d000 LB 0x408
8154.1a0:     [Version info resource found at 0x48! (ID/Name: 0x1; SubID/SubName: 0x409)]
8154.1a0:     [Raw version resource data: 0x2d060 LB 0x3a8, codepage 0x0 (reserved 0x0)]
8154.1a0:     ProductName:     Microsoft® Windows® Operating System
8154.1a0:     ProductVersion:  10.0.26100.8115
8154.1a0:     FileVersion:     10.0.26100.8115 (WinBuild.160101.0800)
8154.1a0:     FileDescription: ApiSet Schema DLL
8154.1a0: NtOpenDirectoryObject failed on \Driver: 0xc0000022
8154.1a0: supR3HardenedWinFindAdversaries: 0x0
8154.1a0: supR3HardenedWinInitAppBin(0x0): '\Device\HarddiskVolume2\Program Files\Oracle\VirtualBox'
8154.1a0: Calling main()
8154.1a0: SUPR3HardenedMain: pszProgName=VirtualBoxVM fFlags=0x2
8154.1a0: supR3HardenedWinInitAppBin(0x2): '\Device\HarddiskVolume2\Program Files\Oracle\VirtualBox'
8154.1a0: SUPR3HardenedMain: Respawn #1
8154.1a0: System32:  \Device\HarddiskVolume2\Windows\System32
8154.1a0: WinSxS:    \Device\HarddiskVolume2\Windows\WinSxS
8154.1a0: KnownDllPath: C:\WINDOWS\System32
8154.1a0: supR3HardenedWinInit: Performing a limited self purification...
8154.1a0: supHardNtVpScanVirtualMemory: enmKind=SELF_PURIFICATION
8154.1a0:  *0000000000000000-000000007ffdffff 0x0001/0x0000 0x0000000
8154.1a0:  *000000007ffe0000-000000007ffe0fff 0x0002/0x0002 0x0020000
8154.1a0:   000000007ffe1000-000000007ffeafff 0x0001/0x0000 0x0000000
8154.1a0:  *000000007ffeb000-000000007ffebfff 0x0002/0x0002 0x0020000
8154.1a0:   000000007ffec000-000000b5c45fffff 0x0001/0x0000 0x0000000
8154.1a0:  *000000b5c4600000-000000b5c4733fff 0x0000/0x0004 0x0020000
8154.1a0:   000000b5c4734000-000000b5c4736fff 0x0004/0x0004 0x0020000
8154.1a0:   000000b5c4737000-000000b5c47fffff 0x0000/0x0004 0x0020000
8154.1a0:  *000000b5c4800000-000000b5c48b8fff 0x0000/0x0004 0x0020000
8154.1a0:   000000b5c48b9000-000000b5c48bbfff 0x0104/0x0004 0x0020000
8154.1a0:   000000b5c48bc000-000000b5c48fffff 0x0004/0x0004 0x0020000
8154.1a0:   000000b5c4900000-0000023b9ef0ffff 0x0001/0x0000 0x0000000
8154.1a0:  *0000023b9ef10000-0000023b9ef10fff 0x0004/0x0004 0x0040000
8154.1a0:   0000023b9ef11000-0000023b9ef11fff 0x0000/0x0004 0x0040000
8154.1a0:   0000023b9ef12000-0000023b9ef1ffff 0x0001/0x0000 0x0000000
8154.1a0:  *0000023b9ef20000-0000023b9ef2ffff 0x0004/0x0004 0x0040000
8154.1a0:  *0000023b9ef30000-0000023b9ef59fff 0x0002/0x0002 0x0040000
8154.1a0:   0000023b9ef5a000-0000023b9ef5ffff 0x0001/0x0000 0x0000000
8154.1a0:  *0000023b9ef60000-0000023b9ef63fff 0x0002/0x0002 0x0040000
8154.1a0:   0000023b9ef64000-0000023b9ef6ffff 0x0001/0x0000 0x0000000
8154.1a0:  *0000023b9ef70000-0000023b9ef70fff 0x0002/0x0002 0x0040000
8154.1a0:   0000023b9ef71000-0000023b9ef7ffff 0x0001/0x0000 0x0000000
8154.1a0:  *0000023b9ef80000-0000023b9ef81fff 0x0004/0x0004 0x0020000
8154.1a0:   0000023b9ef82000-0000023b9ef8ffff 0x0001/0x0000 0x0000000
8154.1a0:  *0000023b9ef90000-0000023b9ef92fff 0x0002/0x0002 0x0040000
8154.1a0:   0000023b9ef93000-0000023b9ef9ffff 0x0001/0x0000 0x0000000
8154.1a0:  *0000023b9efa0000-0000023b9efa8fff 0x0002/0x0002 0x0040000
8154.1a0:   0000023b9efa9000-0000023b9efaffff 0x0001/0x0000 0x0000000
8154.1a0:  *0000023b9efb0000-0000023b9efb8fff 0x0002/0x0002 0x0040000
8154.1a0:   0000023b9efb9000-0000023b9efbffff 0x0001/0x0000 0x0000000
8154.1a0:  *0000023b9efc0000-0000023b9efc3fff 0x0002/0x0002 0x0040000
8154.1a0:   0000023b9efc4000-0000023b9efcffff 0x0001/0x0000 0x0000000
8154.1a0:  *0000023b9efd0000-0000023b9efd4fff 0x0002/0x0002 0x0040000
8154.1a0:   0000023b9efd5000-0000023b9efdffff 0x0001/0x0000 0x0000000
8154.1a0:  *0000023b9efe0000-0000023b9efe2fff 0x0002/0x0002 0x0040000
8154.1a0:   0000023b9efe3000-0000023b9effffff 0x0001/0x0000 0x0000000
8154.1a0:  *0000023b9f000000-0000023b9f001fff 0x0004/0x0004 0x0020000
8154.1a0:   0000023b9f002000-0000023b9f0fffff 0x0000/0x0004 0x0020000
8154.1a0:   0000023b9f100000-0000023b9f108fff 0x0004/0x0004 0x0020000
8154.1a0:   0000023b9f109000-0000023b9f112fff 0x0000/0x0004 0x0020000
8154.1a0:   0000023b9f113000-0000023b9f113fff 0x0004/0x0004 0x0020000
8154.1a0:   0000023b9f114000-0000023b9f1fffff 0x0000/0x0004 0x0020000
8154.1a0:   0000023b9f200000-0000023b9f200fff 0x0004/0x0004 0x0020000
8154.1a0:   0000023b9f201000-0000023b9f2fffff 0x0000/0x0004 0x0020000
8154.1a0:   0000023b9f300000-0000023b9f302fff 0x0004/0x0004 0x0020000
8154.1a0:   0000023b9f303000-0000023b9f3fffff 0x0000/0x0004 0x0020000
8154.1a0:   0000023b9f400000-0000023b9f401fff 0x0004/0x0004 0x0020000
8154.1a0:   0000023b9f402000-0000023b9f4fffff 0x0000/0x0004 0x0020000
8154.1a0:   0000023b9f500000-0000023b9f511fff 0x0004/0x0004 0x0020000
8154.1a0:   0000023b9f512000-0000023b9f512fff 0x0000/0x0004 0x0020000
8154.1a0:   0000023b9f513000-0000023b9f52dfff 0x0004/0x0004 0x0020000
8154.1a0:   0000023b9f52e000-0000023b9f52efff 0x0000/0x0004 0x0020000
8154.1a0:   0000023b9f52f000-0000023b9f53efff 0x0004/0x0004 0x0020000
8154.1a0:   0000023b9f53f000-0000023b9f547fff 0x0000/0x0004 0x0020000
8154.1a0:   0000023b9f548000-0000023b9f548fff 0x0004/0x0004 0x0020000
8154.1a0:   0000023b9f549000-0000023b9fffffff 0x0000/0x0004 0x0020000
8154.1a0:  *0000023ba0000000-0000023ba00d2fff 0x0002/0x0002 0x0040000
8154.1a0:   0000023ba00d3000-0000023ba0ffffff 0x0001/0x0000 0x0000000
8154.1a0:  *0000023ba1000000-0000023ba1001fff 0x0004/0x0004 0x0020000
8154.1a0:   0000023ba1002000-0000023ba100ffff 0x0000/0x0004 0x0020000
8154.1a0:   0000023ba1010000-0000023ba1276fff 0x0004/0x0004 0x0020000
8154.1a0:   0000023ba1277000-0000023ba1ffffff 0x0000/0x0004 0x0020000
8154.1a0:   0000023ba2000000-00007df4ae9dffff 0x0001/0x0000 0x0000000
8154.1a0:  *00007df4ae9e0000-00007df4ae9e4fff 0x0002/0x0002 0x0040000
8154.1a0:   00007df4ae9e5000-00007df4aeadffff 0x0000/0x0002 0x0040000
8154.1a0:  *00007df4aeae0000-00007df4b3252fff 0x0000/0x0004 0x0020000
8154.1a0:   00007df4b3253000-00007df4b3254fff 0x0004/0x0004 0x0020000
8154.1a0:   00007df4b3255000-00007df5aeadffff 0x0000/0x0004 0x0020000
8154.1a0:   00007df5aeae0000-00007df5aeae0fff 0x0004/0x0004 0x0020000
8154.1a0:   00007df5aeae1000-00007df5aeafffff 0x0000/0x0004 0x0020000
8154.1a0:  *00007df5aeb00000-00007df5aeb8dfff 0x0000/0x0004 0x0020000
8154.1a0:   00007df5aeb8e000-00007df5aeb8efff 0x0004/0x0004 0x0020000
8154.1a0:   00007df5aeb8f000-00007df5b0afffff 0x0000/0x0004 0x0020000
8154.1a0:   00007df5b0b00000-00007df5b0b00fff 0x0004/0x0004 0x0020000
8154.1a0:   00007df5b0b01000-00007df5b0b0ffff 0x0001/0x0000 0x0000000
8154.1a0:  *00007df5b0b10000-00007df5b0b10fff 0x0002/0x0002 0x0040000
8154.1a0:   00007df5b0b11000-00007df5b0b1ffff 0x0001/0x0000 0x0000000
8154.1a0:  *00007df5b0b20000-00007df5b244dfff 0x0000/0x0001 0x0040000
8154.1a0:   00007df5b244e000-00007df5b252bfff 0x0001/0x0001 0x0040000
8154.1a0:   00007df5b252c000-00007df5b28e4fff 0x0000/0x0001 0x0040000
8154.1a0:   00007df5b28e5000-00007df5b28e5fff 0x0001/0x0001 0x0040000
8154.1a0:   00007df5b28e6000-00007ff58d592fff 0x0000/0x0001 0x0040000
8154.1a0:   00007ff58d593000-00007ff58d597fff 0x0002/0x0001 0x0040000
8154.1a0:   00007ff58d598000-00007ff591048fff 0x0000/0x0001 0x0040000
8154.1a0:   00007ff591049000-00007ff595d11fff 0x0001/0x0001 0x0040000
8154.1a0:   00007ff595d12000-00007ff595d22fff 0x0002/0x0001 0x0040000
8154.1a0:   00007ff595d23000-00007ff595d5afff 0x0001/0x0001 0x0040000
8154.1a0:   00007ff595d5b000-00007ff595d5efff 0x0002/0x0001 0x0040000
8154.1a0:   00007ff595d5f000-00007ff595dabfff 0x0001/0x0001 0x0040000
8154.1a0:   00007ff595dac000-00007ff595db6fff 0x0002/0x0001 0x0040000
8154.1a0:   00007ff595db7000-00007ff5b0b1ffff 0x0000/0x0001 0x0040000
8154.1a0:   00007ff5b0b20000-00007ff729ceffff 0x0001/0x0000 0x0000000
8154.1a0:  *00007ff729cf0000-00007ff729cf0fff 0x0002/0x0080 0x1000000  \Device\HarddiskVolume2\Program Files\Oracle\VirtualBox\VirtualBoxVM.exe
8154.1a0:   00007ff729cf1000-00007ff729d5bfff 0x0020/0x0080 0x1000000  \Device\HarddiskVolume2\Program Files\Oracle\VirtualBox\VirtualBoxVM.exe
8154.1a0:   00007ff729d5c000-00007ff729d5cfff 0x0080/0x0080 0x1000000  \Device\HarddiskVolume2\Program Files\Oracle\VirtualBox\VirtualBoxVM.exe
8154.1a0:   00007ff729d5d000-00007ff729db1fff 0x0002/0x0080 0x1000000  \Device\HarddiskVolume2\Program Files\Oracle\VirtualBox\VirtualBoxVM.exe
8154.1a0:   00007ff729db2000-00007ff729db4fff 0x0004/0x0080 0x1000000  \Device\HarddiskVolume2\Program Files\Oracle\VirtualBox\VirtualBoxVM.exe
8154.1a0:   00007ff729db5000-00007ff729db8fff 0x0008/0x0080 0x1000000  \Device\HarddiskVolume2\Program Files\Oracle\VirtualBox\VirtualBoxVM.exe
8154.1a0:   00007ff729db9000-00007ff729dbdfff 0x0004/0x0080 0x1000000  \Device\HarddiskVolume2\Program Files\Oracle\VirtualBox\VirtualBoxVM.exe
8154.1a0:   00007ff729dbe000-00007ff729dbefff 0x0008/0x0080 0x1000000  \Device\HarddiskVolume2\Program Files\Oracle\VirtualBox\VirtualBoxVM.exe
8154.1a0:   00007ff729dbf000-00007ff729df9fff 0x0002/0x0080 0x1000000  \Device\HarddiskVolume2\Program Files\Oracle\VirtualBox\VirtualBoxVM.exe
8154.1a0:   00007ff729dfa000-00007ff947caffff 0x0001/0x0000 0x0000000
8154.1a0:  *00007ff947cb0000-00007ff947cb0fff 0x0002/0x0080 0x1000000  \Device\HarddiskVolume2\Windows\System32\KernelBase.dll
8154.1a0:   00007ff947cb1000-00007ff947e55fff 0x0020/0x0080 0x1000000  \Device\HarddiskVolume2\Windows\System32\KernelBase.dll
8154.1a0:   00007ff947e56000-00007ff94804afff 0x0002/0x0080 0x1000000  \Device\HarddiskVolume2\Windows\System32\KernelBase.dll
8154.1a0:   00007ff94804b000-00007ff94804efff 0x0004/0x0080 0x1000000  \Device\HarddiskVolume2\Windows\System32\KernelBase.dll
8154.1a0:   00007ff94804f000-00007ff94804ffff 0x0008/0x0080 0x1000000  \Device\HarddiskVolume2\Windows\System32\KernelBase.dll
8154.1a0:   00007ff948050000-00007ff948053fff 0x0004/0x0080 0x1000000  \Device\HarddiskVolume2\Windows\System32\KernelBase.dll
8154.1a0:   00007ff948054000-00007ff948055fff 0x0008/0x0080 0x1000000  \Device\HarddiskVolume2\Windows\System32\KernelBase.dll
8154.1a0:   00007ff948056000-00007ff9480a3fff 0x0002/0x0080 0x1000000  \Device\HarddiskVolume2\Windows\System32\KernelBase.dll
8154.1a0:   00007ff9480a4000-00007ff948ebffff 0x0001/0x0000 0x0000000
8154.1a0:  *00007ff948ec0000-00007ff948ec0fff 0x0002/0x0080 0x1000000  \Device\HarddiskVolume2\Windows\System32\kernel32.dll
8154.1a0:   00007ff948ec1000-00007ff948f46fff 0x0020/0x0080 0x1000000  \Device\HarddiskVolume2\Windows\System32\kernel32.dll
8154.1a0:   00007ff948f47000-00007ff948f7efff 0x0002/0x0080 0x1000000  \Device\HarddiskVolume2\Windows\System32\kernel32.dll
8154.1a0:   00007ff948f7f000-00007ff948f80fff 0x0004/0x0080 0x1000000  \Device\HarddiskVolume2\Windows\System32\kernel32.dll
8154.1a0:   00007ff948f81000-00007ff948f88fff 0x0002/0x0080 0x1000000  \Device\HarddiskVolume2\Windows\System32\kernel32.dll
8154.1a0:   00007ff948f89000-00007ff94a31ffff 0x0001/0x0000 0x0000000
8154.1a0:  *00007ff94a320000-00007ff94a320fff 0x0002/0x0080 0x1000000  \Device\HarddiskVolume2\Windows\System32\ntdll.dll
8154.1a0:   00007ff94a321000-00007ff94a492fff 0x0020/0x0080 0x1000000  \Device\HarddiskVolume2\Windows\System32\ntdll.dll
8154.1a0:   00007ff94a493000-00007ff94a4ebfff 0x0002/0x0080 0x1000000  \Device\HarddiskVolume2\Windows\System32\ntdll.dll
8154.1a0:   00007ff94a4ec000-00007ff94a4f4fff 0x0004/0x0080 0x1000000  \Device\HarddiskVolume2\Windows\System32\ntdll.dll
8154.1a0:   00007ff94a4f5000-00007ff94a586fff 0x0002/0x0080 0x1000000  \Device\HarddiskVolume2\Windows\System32\ntdll.dll
8154.1a0:   00007ff94a587000-00007ffffffeffff 0x0001/0x0000 0x0000000
8154.1a0: kernel32.dll: timestamp 0x7635528f (rc=VINF_SUCCESS)
8154.1a0: kernelbase.dll: timestamp 0x208e0cb7 (rc=VINF_SUCCESS)
8154.1a0: VirtualBoxVM.exe: timestamp 0x68f21b4f (rc=VINF_SUCCESS)
8154.1a0: '\Device\HarddiskVolume2\Program Files\Oracle\VirtualBox\VirtualBoxVM.exe' has no imports
8154.1a0: VirtualBoxVM.exe: Differences in section #7 (.00cfg) between file and memory:
8154.1a0:   00007ff729dc6000 / 0x00d6000: 50 != f0
8154.1a0:   00007ff729dc6001 / 0x00d6001: e9 != 14
8154.1a0:   00007ff729dc6002 / 0x00d6002: d0 != 44
8154.1a0:   00007ff729dc6003 / 0x00d6003: 29 != 4a
8154.1a0:   00007ff729dc6004 / 0x00d6004: f7 != f9
8154.1a0:   00007ff729dc6008 / 0x00d6008: 50 != f0
8154.1a0:   00007ff729dc6009 / 0x00d6009: e9 != 14
8154.1a0:   00007ff729dc600a / 0x00d600a: d0 != 44
8154.1a0:   00007ff729dc600b / 0x00d600b: 29 != 4a
8154.1a0:   00007ff729dc600c / 0x00d600c: f7 != f9
8154.1a0:   00007ff729dc6010 / 0x00d6010: a0 != 90
8154.1a0:   00007ff729dc6011 / 0x00d6011: bc != 15
8154.1a0:   00007ff729dc6012 / 0x00d6012: d5 != 44
8154.1a0:   00007ff729dc6013 / 0x00d6013: 29 != 4a
8154.1a0:   00007ff729dc6014 / 0x00d6014: f7 != f9
8154.1a0:   00007ff729dc6018 / 0x00d6018: c0 != 90
8154.1a0:   00007ff729dc6019 / 0x00d6019: bc != 15
8154.1a0:   00007ff729dc601a / 0x00d601a: d5 != 44
8154.1a0:   00007ff729dc601b / 0x00d601b: 29 != 4a
8154.1a0:   00007ff729dc601c / 0x00d601c: f7 != f9
8154.1a0:   00007ff729dc6020 / 0x00d6020: c0 != 90
8154.1a0:   00007ff729dc6021 / 0x00d6021: bc != 15
8154.1a0:   00007ff729dc6022 / 0x00d6022: d5 != 44
8154.1a0:   00007ff729dc6023 / 0x00d6023: 29 != 4a
8154.1a0:   00007ff729dc6024 / 0x00d6024: f7 != f9
8154.1a0:   Restored 0x30 bytes of original file content at 00007ff729dc6000
8154.1a0: VirtualBoxVM.exe: Differences in section #8 (.rsrc) between file and memory:
8154.1a0:   00007ff729df7b70 / 0x0107b70: 00 != 50
8154.1a0:   00007ff729df7b71 / 0x0107b71: 00 != 41
8154.1a0:   00007ff729df7b72 / 0x0107b72: 00 != 44
8154.1a0:   00007ff729df7b73 / 0x0107b73: 00 != 44
8154.1a0:   00007ff729df7b74 / 0x0107b74: 00 != 49
8154.1a0:   00007ff729df7b75 / 0x0107b75: 00 != 4e
8154.1a0:   00007ff729df7b76 / 0x0107b76: 00 != 47
8154.1a0:   00007ff729df7b77 / 0x0107b77: 00 != 58
8154.1a0:   00007ff729df7b78 / 0x0107b78: 00 != 58
8154.1a0:   00007ff729df7b79 / 0x0107b79: 00 != 50
8154.1a0:   00007ff729df7b7a / 0x0107b7a: 00 != 41
8154.1a0:   00007ff729df7b7b / 0x0107b7b: 00 != 44
8154.1a0:   00007ff729df7b7c / 0x0107b7c: 00 != 44
8154.1a0:   00007ff729df7b7d / 0x0107b7d: 00 != 49
8154.1a0:   00007ff729df7b7e / 0x0107b7e: 00 != 4e
8154.1a0:   00007ff729df7b7f / 0x0107b7f: 00 != 47
8154.1a0:   00007ff729df7b80 / 0x0107b80: 00 != 50
8154.1a0:   00007ff729df7b81 / 0x0107b81: 00 != 41
8154.1a0:   00007ff729df7b82 / 0x0107b82: 00 != 44
8154.1a0:   00007ff729df7b83 / 0x0107b83: 00 != 44
8154.1a0:   00007ff729df7b84 / 0x0107b84: 00 != 49
8154.1a0:   00007ff729df7b85 / 0x0107b85: 00 != 4e
8154.1a0:   00007ff729df7b86 / 0x0107b86: 00 != 47
8154.1a0:   00007ff729df7b87 / 0x0107b87: 00 != 58
8154.1a0:   00007ff729df7b88 / 0x0107b88: 00 != 58
8154.1a0:   00007ff729df7b89 / 0x0107b89: 00 != 50
8154.1a0:   00007ff729df7b8a / 0x0107b8a: 00 != 41
8154.1a0:   00007ff729df7b8b / 0x0107b8b: 00 != 44
8154.1a0:   00007ff729df7b8c / 0x0107b8c: 00 != 44
8154.1a0:   00007ff729df7b8d / 0x0107b8d: 00 != 49
8154.1a0:   00007ff729df7b8e / 0x0107b8e: 00 != 4e
8154.1a0:   00007ff729df7b8f / 0x0107b8f: 00 != 47
8154.1a0:   00007ff729df7b90 / 0x0107b90: 00 != 50
8154.1a0:   00007ff729df7b91 / 0x0107b91: 00 != 41
8154.1a0:   00007ff729df7b92 / 0x0107b92: 00 != 44
8154.1a0:   00007ff729df7b93 / 0x0107b93: 00 != 44
8154.1a0:   00007ff729df7b94 / 0x0107b94: 00 != 49
8154.1a0:   00007ff729df7b95 / 0x0107b95: 00 != 4e
8154.1a0:   00007ff729df7b96 / 0x0107b96: 00 != 47
8154.1a0:   00007ff729df7b97 / 0x0107b97: 00 != 58
8154.1a0:   00007ff729df7b98 / 0x0107b98: 00 != 58
8154.1a0:   00007ff729df7b99 / 0x0107b99: 00 != 50
8154.1a0:   00007ff729df7b9a / 0x0107b9a: 00 != 41
8154.1a0:   00007ff729df7b9b / 0x0107b9b: 00 != 44
8154.1a0:   00007ff729df7b9c / 0x0107b9c: 00 != 44
8154.1a0:   00007ff729df7b9d / 0x0107b9d: 00 != 49
8154.1a0:   00007ff729df7b9e / 0x0107b9e: 00 != 4e
8154.1a0:   00007ff729df7b9f / 0x0107b9f: 00 != 47
8154.1a0:   00007ff729df7ba0 / 0x0107ba0: 00 != 50
8154.1a0:   00007ff729df7ba1 / 0x0107ba1: 00 != 41
8154.1a0:   00007ff729df7ba2 / 0x0107ba2: 00 != 44
8154.1a0:   00007ff729df7ba3 / 0x0107ba3: 00 != 44
8154.1a0:   00007ff729df7ba4 / 0x0107ba4: 00 != 49
8154.1a0:   00007ff729df7ba5 / 0x0107ba5: 00 != 4e
8154.1a0:   00007ff729df7ba6 / 0x0107ba6: 00 != 47
8154.1a0:   00007ff729df7ba7 / 0x0107ba7: 00 != 58
8154.1a0:   00007ff729df7ba8 / 0x0107ba8: 00 != 58
8154.1a0:   00007ff729df7ba9 / 0x0107ba9: 00 != 50
8154.1a0:   00007ff729df7baa / 0x0107baa: 00 != 41
8154.1a0:   00007ff729df7bab / 0x0107bab: 00 != 44
8154.1a0:   00007ff729df7bac / 0x0107bac: 00 != 44
8154.1a0:   00007ff729df7bad / 0x0107bad: 00 != 49
8154.1a0:   00007ff729df7bae / 0x0107bae: 00 != 4e
8154.1a0:   00007ff729df7baf / 0x0107baf: 00 != 47
8154.1a0:   00007ff729df7bb0 / 0x0107bb0: 00 != 50
8154.1a0:   00007ff729df7bb1 / 0x0107bb1: 00 != 41
8154.1a0:   00007ff729df7bb2 / 0x0107bb2: 00 != 44
8154.1a0:   00007ff729df7bb3 / 0x0107bb3: 00 != 44
8154.1a0:   00007ff729df7bb4 / 0x0107bb4: 00 != 49
8154.1a0:   00007ff729df7bb5 / 0x0107bb5: 00 != 4e
8154.1a0:   00007ff729df7bb6 / 0x0107bb6: 00 != 47
8154.1a0:   00007ff729df7bb7 / 0x0107bb7: 00 != 58
8154.1a0:   00007ff729df7bb8 / 0x0107bb8: 00 != 58
8154.1a0:   00007ff729df7bb9 / 0x0107bb9: 00 != 50
8154.1a0:   00007ff729df7bba / 0x0107bba: 00 != 41
8154.1a0:   00007ff729df7bbb / 0x0107bbb: 00 != 44
8154.1a0:   00007ff729df7bbc / 0x0107bbc: 00 != 44
8154.1a0:   00007ff729df7bbd / 0x0107bbd: 00 != 49
8154.1a0:   00007ff729df7bbe / 0x0107bbe: 00 != 4e
8154.1a0:   00007ff729df7bbf / 0x0107bbf: 00 != 47
8154.1a0:   00007ff729df7bc0 / 0x0107bc0: 00 != 50
8154.1a0:   00007ff729df7bc1 / 0x0107bc1: 00 != 41
8154.1a0:   00007ff729df7bc2 / 0x0107bc2: 00 != 44
8154.1a0:   00007ff729df7bc3 / 0x0107bc3: 00 != 44
8154.1a0:   00007ff729df7bc4 / 0x0107bc4: 00 != 49
8154.1a0:   00007ff729df7bc5 / 0x0107bc5: 00 != 4e
8154.1a0:   00007ff729df7bc6 / 0x0107bc6: 00 != 47
8154.1a0:   00007ff729df7bc7 / 0x0107bc7: 00 != 58
8154.1a0:   00007ff729df7bc8 / 0x0107bc8: 00 != 58
8154.1a0:   00007ff729df7bc9 / 0x0107bc9: 00 != 50
8154.1a0:   00007ff729df7bca / 0x0107bca: 00 != 41
8154.1a0:   00007ff729df7bcb / 0x0107bcb: 00 != 44
8154.1a0:   00007ff729df7bcc / 0x0107bcc: 00 != 44
8154.1a0:   00007ff729df7bcd / 0x0107bcd: 00 != 49
8154.1a0:   00007ff729df7bce / 0x0107bce: 00 != 4e
8154.1a0:   00007ff729df7bcf / 0x0107bcf: 00 != 47
8154.1a0:   00007ff729df7bd0 / 0x0107bd0: 00 != 50
8154.1a0:   00007ff729df7bd1 / 0x0107bd1: 00 != 41
8154.1a0:   00007ff729df7bd2 / 0x0107bd2: 00 != 44
8154.1a0:   00007ff729df7bd3 / 0x0107bd3: 00 != 44
8154.1a0:   00007ff729df7bd4 / 0x0107bd4: 00 != 49
8154.1a0:   00007ff729df7bd5 / 0x0107bd5: 00 != 4e
8154.1a0:   00007ff729df7bd6 / 0x0107bd6: 00 != 47
8154.1a0:   00007ff729df7bd7 / 0x0107bd7: 00 != 58
8154.1a0:   00007ff729df7bd8 / 0x0107bd8: 00 != 58
8154.1a0:   00007ff729df7bd9 / 0x0107bd9: 00 != 50
8154.1a0:   00007ff729df7bda / 0x0107bda: 00 != 41
8154.1a0:   00007ff729df7bdb / 0x0107bdb: 00 != 44
8154.1a0:   00007ff729df7bdc / 0x0107bdc: 00 != 44
8154.1a0:   00007ff729df7bdd / 0x0107bdd: 00 != 49
8154.1a0:   00007ff729df7bde / 0x0107bde: 00 != 4e
8154.1a0:   00007ff729df7bdf / 0x0107bdf: 00 != 47
8154.1a0:   00007ff729df7be0 / 0x0107be0: 00 != 50
8154.1a0:   00007ff729df7be1 / 0x0107be1: 00 != 41
8154.1a0:   00007ff729df7be2 / 0x0107be2: 00 != 44
8154.1a0:   00007ff729df7be3 / 0x0107be3: 00 != 44
8154.1a0:   00007ff729df7be4 / 0x0107be4: 00 != 49
8154.1a0:   00007ff729df7be5 / 0x0107be5: 00 != 4e
8154.1a0:   00007ff729df7be6 / 0x0107be6: 00 != 47
8154.1a0:   00007ff729df7be7 / 0x0107be7: 00 != 58
8154.1a0:   00007ff729df7be8 / 0x0107be8: 00 != 58
8154.1a0:   00007ff729df7be9 / 0x0107be9: 00 != 50
8154.1a0:   00007ff729df7bea / 0x0107bea: 00 != 41
8154.1a0:   00007ff729df7beb / 0x0107beb: 00 != 44
8154.1a0:   00007ff729df7bec / 0x0107bec: 00 != 44
8154.1a0:   00007ff729df7bed / 0x0107bed: 00 != 49
8154.1a0:   00007ff729df7bee / 0x0107bee: 00 != 4e
8154.1a0:   00007ff729df7bef / 0x0107bef: 00 != 47
8154.1a0:   00007ff729df7bf0 / 0x0107bf0: 00 != 50
8154.1a0:   00007ff729df7bf1 / 0x0107bf1: 00 != 41
8154.1a0:   00007ff729df7bf2 / 0x0107bf2: 00 != 44
8154.1a0:   00007ff729df7bf3 / 0x0107bf3: 00 != 44
8154.1a0:   00007ff729df7bf4 / 0x0107bf4: 00 != 49
8154.1a0:   00007ff729df7bf5 / 0x0107bf5: 00 != 4e
8154.1a0:   00007ff729df7bf6 / 0x0107bf6: 00 != 47
8154.1a0:   00007ff729df7bf7 / 0x0107bf7: 00 != 58
8154.1a0:   00007ff729df7bf8 / 0x0107bf8: 00 != 58
8154.1a0:   00007ff729df7bf9 / 0x0107bf9: 00 != 50
8154.1a0:   00007ff729df7bfa / 0x0107bfa: 00 != 41
8154.1a0:   00007ff729df7bfb / 0x0107bfb: 00 != 44
8154.1a0:   00007ff729df7bfc / 0x0107bfc: 00 != 44
8154.1a0:   00007ff729df7bfd / 0x0107bfd: 00 != 49
8154.1a0:   00007ff729df7bfe / 0x0107bfe: 00 != 4e
8154.1a0:   00007ff729df7bff / 0x0107bff: 00 != 47
8154.1a0:   Restored 0x490 bytes of original file content at 00007ff729df7b70
8154.1a0: '\Device\HarddiskVolume2\Windows\System32\ntdll.dll' has no imports
8154.1a0: ntdll.dll: Differences in section #12 (.00cfg) between file and memory:
8154.1a0:   00007ff94a506000 / 0x01e6000: c0 != 90
8154.1a0:   00007ff94a506001 / 0x01e6001: 71 != 15
8154.1a0:   00007ff94a506002 / 0x01e6002: 48 != 44
8154.1a0:   00007ff94a506008 / 0x01e6008: 50 != f0
8154.1a0:   00007ff94a506009 / 0x01e6009: c2 != 14
8154.1a0:   00007ff94a50600a / 0x01e600a: 41 != 44
8154.1a0:   00007ff94a506010 / 0x01e6010: f0 != 90
8154.1a0:   00007ff94a506011 / 0x01e6011: 71 != 15
8154.1a0:   00007ff94a506012 / 0x01e6012: 48 != 44
8154.1a0:   00007ff94a506018 / 0x01e6018: f0 != 90
8154.1a0:   00007ff94a506019 / 0x01e6019: 71 != 15
8154.1a0:   00007ff94a50601a / 0x01e601a: 48 != 44
8154.1a0:   Restored 0x28 bytes of original file content at 00007ff94a506000
8154.1a0: kernel32.dll: Differences in section #3 (.rdata) between file and memory:
8154.1a0:   00007ff948f4bb60 / 0x008bb60: d0 != f0
8154.1a0:   00007ff948f4bb61 / 0x008bb61: 85 != 14
8154.1a0:   00007ff948f4bb62 / 0x008bb62: f1 != 44
8154.1a0:   00007ff948f4bb63 / 0x008bb63: 48 != 4a
8154.1a0:   00007ff948f4bb68 / 0x008bb68: a0 != 90
8154.1a0:   00007ff948f4bb69 / 0x008bb69: 43 != 15
8154.1a0:   00007ff948f4bb6a / 0x008bb6a: f4 != 44
8154.1a0:   00007ff948f4bb6b / 0x008bb6b: 48 != 4a
8154.1a0:   00007ff948f4bb70 / 0x008bb70: d0 != f0
8154.1a0:   00007ff948f4bb71 / 0x008bb71: 85 != 14
8154.1a0:   00007ff948f4bb72 / 0x008bb72: f1 != 44
8154.1a0:   00007ff948f4bb73 / 0x008bb73: 48 != 4a
8154.1a0:   00007ff948f4bb78 / 0x008bb78: d0 != 90
8154.1a0:   00007ff948f4bb79 / 0x008bb79: 43 != 15
8154.1a0:   00007ff948f4bb7a / 0x008bb7a: f4 != 44
8154.1a0:   00007ff948f4bb7b / 0x008bb7b: 48 != 4a
8154.1a0:   00007ff948f4bb80 / 0x008bb80: d0 != 90
8154.1a0:   00007ff948f4bb81 / 0x008bb81: 43 != 15
8154.1a0:   00007ff948f4bb82 / 0x008bb82: f4 != 44
8154.1a0:   00007ff948f4bb83 / 0x008bb83: 48 != 4a
8154.1a0:   Restored 0x2000 bytes of original file content at 00007ff948f4b000
8154.1a0: kernelbase.dll: Differences in section #3 (.rdata) between file and memory:
8154.1a0:   00007ff947f43fa0 / 0x0293fa0: 60 != f0
8154.1a0:   00007ff947f43fa1 / 0x0293fa1: 56 != 14
8154.1a0:   00007ff947f43fa2 / 0x0293fa2: dd != 44
8154.1a0:   00007ff947f43fa3 / 0x0293fa3: 47 != 4a
8154.1a0:   00007ff947f43fa8 / 0x0293fa8: f0 != 90
8154.1a0:   00007ff947f43fa9 / 0x0293fa9: 2e != 15
8154.1a0:   00007ff947f43faa / 0x0293faa: e4 != 44
8154.1a0:   00007ff947f43fab / 0x0293fab: 47 != 4a
8154.1a0:   00007ff947f43fb0 / 0x0293fb0: 60 != f0
8154.1a0:   00007ff947f43fb1 / 0x0293fb1: 56 != 14
8154.1a0:   00007ff947f43fb2 / 0x0293fb2: dd != 44
8154.1a0:   00007ff947f43fb3 / 0x0293fb3: 47 != 4a
8154.1a0:   00007ff947f43fb8 / 0x0293fb8: 20 != 90
8154.1a0:   00007ff947f43fb9 / 0x0293fb9: 2f != 15
8154.1a0:   00007ff947f43fba / 0x0293fba: e4 != 44
8154.1a0:   00007ff947f43fbb / 0x0293fbb: 47 != 4a
8154.1a0:   00007ff947f43fc0 / 0x0293fc0: 20 != 90
8154.1a0:   00007ff947f43fc1 / 0x0293fc1: 2f != 15
8154.1a0:   00007ff947f43fc2 / 0x0293fc2: e4 != 44
8154.1a0:   00007ff947f43fc3 / 0x0293fc3: 47 != 4a
8154.1a0:   Restored 0x2000 bytes of original file content at 00007ff947f42000
8154.1a0: supHardNtVpCheckHandles:
8154.1a0: supHardNtVpCheckHandles: Marked Mutant handle non-inheritable: 0000000000001cc0
8154.1a0: supR3HardenedWinInit: SUPHARDNTVPKIND_SELF_PURIFICATION_LIMITED -> VINF_SUCCESS, cFixes=6
8154.1a0: '\Device\HarddiskVolume2\Program Files\Oracle\VirtualBox\VirtualBoxVM.exe' has no imports
8154.1a0: supHardenedWinVerifyImageByHandle: -> 0 (\Device\HarddiskVolume2\Program Files\Oracle\VirtualBox\VirtualBoxVM.exe)
8154.1a0: supR3HardNtEnableThreadCreationEx:
8154.1a0: supR3HardNtDisableThreadCreation: pvLdrInitThunk=00007ff94a40b070 pvNtTerminateThread=00007ff94a482550 g_LdrInitThunkSelfBackup.cb=10
8154.1a0: supR3HardenedWinDoReSpawn(1): New child 8410.742c [kernel32].
8154.1a0: supR3HardNtChildGatherData: PebBaseAddress=0000005f0980d000 cbPeb=0x388
8154.1a0: supR3HardNtPuChFindNtdll: uNtDllParentAddr=00007ff94a320000 uNtDllChildAddr=00007ff94a320000
8154.1a0: supR3HardenedWinSetupChildInit: uLdrInitThunk=00007ff94a40b070
8154.1a0: supR3HardenedWinSetupChildInit: Initial context:
  rax=0000000000000000 rbx=0000000000000000 rcx=00007ff729cfb8e0 rdx=0000005f0980d000
  rsi=0000000000000000 rdi=0000000000000000 r8 =0000000000000000 r9 =0000000000000000
  r10=0000000000000000 r11=0000000000000000 r12=0000000000000000 r13=0000000000000000
  r14=0000000000000000 r15=0000000000000000  P1=0000000000000000  P2=0000000000000000
  rip=00007ff94a3ac3d0 rsp=0000005f0978ffd8 rbp=0000000000000000    ctxflags=0010001b
  cs=0033 ss=002b ds=0000 es=0000 fs=0000 gs=0000    eflags=00000200   mxcrx=00001f80
   P3=0000000000000000  P4=0000000000000000  P5=0000000000000000  P6=0000000000000000
  dr0=0000000000000000 dr1=0000000000000000 dr2=0000000000000000 dr3=0000000000000000
  dr6=0000000000000000 dr7=0000000000000000 vcr=0000000000000000 dcr=0000000000000000
  lbt=0000000000000000 lbf=0000000000000000 lxt=0000000000000000 lxf=0000000000000000
8154.1a0: supR3HardenedWinSetupChildInit: Start child.
8154.1a0: supR3HardNtChildWaitFor: Found expected request 0 (PurifyChildAndCloseHandles) after 0 ms.
8154.1a0: supR3HardNtChildPurify: Startup delay kludge #1/0: 265 ms, 17 sleeps
8154.1a0: supHardNtVpScanVirtualMemory: enmKind=CHILD_PURIFICATION
8154.1a0:  *0000000000000000-000000007ffdffff 0x0001/0x0000 0x0000000
8154.1a0:  *000000007ffe0000-000000007ffe0fff 0x0002/0x0002 0x0020000
8154.1a0:   000000007ffe1000-000000007ffeafff 0x0001/0x0000 0x0000000
8154.1a0:  *000000007ffeb000-000000007ffebfff 0x0002/0x0002 0x0020000
8154.1a0:   000000007ffec000-0000005f0968ffff 0x0001/0x0000 0x0000000
8154.1a0:  *0000005f09690000-0000005f0978afff 0x0000/0x0004 0x0020000
8154.1a0:   0000005f0978b000-0000005f0978dfff 0x0104/0x0004 0x0020000
8154.1a0:   0000005f0978e000-0000005f0978ffff 0x0004/0x0004 0x0020000
8154.1a0:   0000005f09790000-0000005f097fffff 0x0001/0x0000 0x0000000
8154.1a0:  *0000005f09800000-0000005f0980cfff 0x0000/0x0004 0x0020000
8154.1a0:   0000005f0980d000-0000005f0980ffff 0x0004/0x0004 0x0020000
8154.1a0:   0000005f09810000-0000005f099fffff 0x0000/0x0004 0x0020000
8154.1a0:   0000005f09a00000-000001e52c85ffff 0x0001/0x0000 0x0000000
8154.1a0:  *000001e52c860000-000001e52c87ffff 0x0004/0x0004 0x0020000
8154.1a0:  *000001e52c880000-000001e52c8a9fff 0x0002/0x0002 0x0040000
8154.1a0:   000001e52c8aa000-000001e52c8affff 0x0001/0x0000 0x0000000
8154.1a0:  *000001e52c8b0000-000001e52c8b3fff 0x0002/0x0002 0x0040000
8154.1a0:   000001e52c8b4000-000001e52c8bffff 0x0001/0x0000 0x0000000
8154.1a0:  *000001e52c8c0000-000001e52c8c0fff 0x0002/0x0002 0x0040000
8154.1a0:   000001e52c8c1000-000001e52c8cffff 0x0001/0x0000 0x0000000
8154.1a0:  *000001e52c8d0000-000001e52c8d1fff 0x0004/0x0004 0x0020000
8154.1a0:   000001e52c8d2000-00007df5b0b1ffff 0x0001/0x0000 0x0000000
8154.1a0:  *00007df5b0b20000-00007df5b244dfff 0x0000/0x0001 0x0040000
8154.1a0:   00007df5b244e000-00007df5b252bfff 0x0001/0x0001 0x0040000
8154.1a0:   00007df5b252c000-00007df5b28e4fff 0x0000/0x0001 0x0040000
8154.1a0:   00007df5b28e5000-00007df5b28e5fff 0x0001/0x0001 0x0040000
8154.1a0:   00007df5b28e6000-00007ff58d592fff 0x0000/0x0001 0x0040000
8154.1a0:   00007ff58d593000-00007ff58d597fff 0x0002/0x0001 0x0040000
8154.1a0:   00007ff58d598000-00007ff591048fff 0x0000/0x0001 0x0040000
8154.1a0:   00007ff591049000-00007ff595dabfff 0x0001/0x0001 0x0040000
8154.1a0:   00007ff595dac000-00007ff595db6fff 0x0002/0x0001 0x0040000
8154.1a0:   00007ff595db7000-00007ff5b0b1ffff 0x0000/0x0001 0x0040000
8154.1a0:   00007ff5b0b20000-00007ff5cddcffff 0x0001/0x0000 0x0000000
8154.1a0:  *00007ff5cddd0000-00007ff5cddd0fff 0x0002/0x0002 0x0040000
8154.1a0:   00007ff5cddd1000-00007ff729ceffff 0x0001/0x0000 0x0000000
8154.1a0:  *00007ff729cf0000-00007ff729cf0fff 0x0002/0x0080 0x1000000  \Device\HarddiskVolume2\Program Files\Oracle\VirtualBox\VirtualBoxVM.exe
8154.1a0:   00007ff729cf1000-00007ff729d5bfff 0x0020/0x0080 0x1000000  \Device\HarddiskVolume2\Program Files\Oracle\VirtualBox\VirtualBoxVM.exe
8154.1a0:   00007ff729d5c000-00007ff729d5cfff 0x0080/0x0080 0x1000000  \Device\HarddiskVolume2\Program Files\Oracle\VirtualBox\VirtualBoxVM.exe
8154.1a0:   00007ff729d5d000-00007ff729db1fff 0x0002/0x0080 0x1000000  \Device\HarddiskVolume2\Program Files\Oracle\VirtualBox\VirtualBoxVM.exe
8154.1a0:   00007ff729db2000-00007ff729db2fff 0x0004/0x0080 0x1000000  \Device\HarddiskVolume2\Program Files\Oracle\VirtualBox\VirtualBoxVM.exe
8154.1a0:   00007ff729db3000-00007ff729db3fff 0x0008/0x0080 0x1000000  \Device\HarddiskVolume2\Program Files\Oracle\VirtualBox\VirtualBoxVM.exe
8154.1a0:   00007ff729db4000-00007ff729db9fff 0x0004/0x0080 0x1000000  \Device\HarddiskVolume2\Program Files\Oracle\VirtualBox\VirtualBoxVM.exe
8154.1a0:   00007ff729dba000-00007ff729dbefff 0x0008/0x0080 0x1000000  \Device\HarddiskVolume2\Program Files\Oracle\VirtualBox\VirtualBoxVM.exe
8154.1a0:   00007ff729dbf000-00007ff729df9fff 0x0002/0x0080 0x1000000  \Device\HarddiskVolume2\Program Files\Oracle\VirtualBox\VirtualBoxVM.exe
8154.1a0:   00007ff729dfa000-00007ff94a31ffff 0x0001/0x0000 0x0000000
8154.1a0:  *00007ff94a320000-00007ff94a320fff 0x0002/0x0080 0x1000000  \Device\HarddiskVolume2\Windows\System32\ntdll.dll
8154.1a0:   00007ff94a321000-00007ff94a492fff 0x0020/0x0080 0x1000000  \Device\HarddiskVolume2\Windows\System32\ntdll.dll
8154.1a0:   00007ff94a493000-00007ff94a4ebfff 0x0002/0x0080 0x1000000  \Device\HarddiskVolume2\Windows\System32\ntdll.dll
8154.1a0:   00007ff94a4ec000-00007ff94a4f4fff 0x0008/0x0080 0x1000000  \Device\HarddiskVolume2\Windows\System32\ntdll.dll
8154.1a0:   00007ff94a4f5000-00007ff94a506fff 0x0002/0x0080 0x1000000  \Device\HarddiskVolume2\Windows\System32\ntdll.dll
8154.1a0:   00007ff94a507000-00007ff94a509fff 0x0008/0x0080 0x1000000  \Device\HarddiskVolume2\Windows\System32\ntdll.dll
8154.1a0:   00007ff94a50a000-00007ff94a50afff 0x0004/0x0080 0x1000000  \Device\HarddiskVolume2\Windows\System32\ntdll.dll
8154.1a0:   00007ff94a50b000-00007ff94a586fff 0x0002/0x0080 0x1000000  \Device\HarddiskVolume2\Windows\System32\ntdll.dll
8154.1a0:   00007ff94a587000-00007ffffffeffff 0x0001/0x0000 0x0000000
8154.1a0: VirtualBoxVM.exe: Differences in section #8 (.rsrc) between file and memory:
8154.1a0:   00007ff729df7b70 / 0x0107b70: 00 != 50
8154.1a0:   00007ff729df7b71 / 0x0107b71: 00 != 41
8154.1a0:   00007ff729df7b72 / 0x0107b72: 00 != 44
8154.1a0:   00007ff729df7b73 / 0x0107b73: 00 != 44
8154.1a0:   00007ff729df7b74 / 0x0107b74: 00 != 49
8154.1a0:   00007ff729df7b75 / 0x0107b75: 00 != 4e
8154.1a0:   00007ff729df7b76 / 0x0107b76: 00 != 47
8154.1a0:   00007ff729df7b77 / 0x0107b77: 00 != 58
8154.1a0:   00007ff729df7b78 / 0x0107b78: 00 != 58
8154.1a0:   00007ff729df7b79 / 0x0107b79: 00 != 50
8154.1a0:   00007ff729df7b7a / 0x0107b7a: 00 != 41
8154.1a0:   00007ff729df7b7b / 0x0107b7b: 00 != 44
8154.1a0:   00007ff729df7b7c / 0x0107b7c: 00 != 44
8154.1a0:   00007ff729df7b7d / 0x0107b7d: 00 != 49
8154.1a0:   00007ff729df7b7e / 0x0107b7e: 00 != 4e
8154.1a0:   00007ff729df7b7f / 0x0107b7f: 00 != 47
8154.1a0:   00007ff729df7b80 / 0x0107b80: 00 != 50
8154.1a0:   00007ff729df7b81 / 0x0107b81: 00 != 41
8154.1a0:   00007ff729df7b82 / 0x0107b82: 00 != 44
8154.1a0:   00007ff729df7b83 / 0x0107b83: 00 != 44
8154.1a0:   00007ff729df7b84 / 0x0107b84: 00 != 49
8154.1a0:   00007ff729df7b85 / 0x0107b85: 00 != 4e
8154.1a0:   00007ff729df7b86 / 0x0107b86: 00 != 47
8154.1a0:   00007ff729df7b87 / 0x0107b87: 00 != 58
8154.1a0:   00007ff729df7b88 / 0x0107b88: 00 != 58
8154.1a0:   00007ff729df7b89 / 0x0107b89: 00 != 50
8154.1a0:   00007ff729df7b8a / 0x0107b8a: 00 != 41
8154.1a0:   00007ff729df7b8b / 0x0107b8b: 00 != 44
8154.1a0:   00007ff729df7b8c / 0x0107b8c: 00 != 44
8154.1a0:   00007ff729df7b8d / 0x0107b8d: 00 != 49
8154.1a0:   00007ff729df7b8e / 0x0107b8e: 00 != 4e
8154.1a0:   00007ff729df7b8f / 0x0107b8f: 00 != 47
8154.1a0:   00007ff729df7b90 / 0x0107b90: 00 != 50
8154.1a0:   00007ff729df7b91 / 0x0107b91: 00 != 41
8154.1a0:   00007ff729df7b92 / 0x0107b92: 00 != 44
8154.1a0:   00007ff729df7b93 / 0x0107b93: 00 != 44
8154.1a0:   00007ff729df7b94 / 0x0107b94: 00 != 49
8154.1a0:   00007ff729df7b95 / 0x0107b95: 00 != 4e
8154.1a0:   00007ff729df7b96 / 0x0107b96: 00 != 47
8154.1a0:   00007ff729df7b97 / 0x0107b97: 00 != 58
8154.1a0:   00007ff729df7b98 / 0x0107b98: 00 != 58
8154.1a0:   00007ff729df7b99 / 0x0107b99: 00 != 50
8154.1a0:   00007ff729df7b9a / 0x0107b9a: 00 != 41
8154.1a0:   00007ff729df7b9b / 0x0107b9b: 00 != 44
8154.1a0:   00007ff729df7b9c / 0x0107b9c: 00 != 44
8154.1a0:   00007ff729df7b9d / 0x0107b9d: 00 != 49
8154.1a0:   00007ff729df7b9e / 0x0107b9e: 00 != 4e
8154.1a0:   00007ff729df7b9f / 0x0107b9f: 00 != 47
8154.1a0:   00007ff729df7ba0 / 0x0107ba0: 00 != 50
8154.1a0:   00007ff729df7ba1 / 0x0107ba1: 00 != 41
8154.1a0:   00007ff729df7ba2 / 0x0107ba2: 00 != 44
8154.1a0:   00007ff729df7ba3 / 0x0107ba3: 00 != 44
8154.1a0:   00007ff729df7ba4 / 0x0107ba4: 00 != 49
8154.1a0:   00007ff729df7ba5 / 0x0107ba5: 00 != 4e
8154.1a0:   00007ff729df7ba6 / 0x0107ba6: 00 != 47
8154.1a0:   00007ff729df7ba7 / 0x0107ba7: 00 != 58
8154.1a0:   00007ff729df7ba8 / 0x0107ba8: 00 != 58
8154.1a0:   00007ff729df7ba9 / 0x0107ba9: 00 != 50
8154.1a0:   00007ff729df7baa / 0x0107baa: 00 != 41
8154.1a0:   00007ff729df7bab / 0x0107bab: 00 != 44
8154.1a0:   00007ff729df7bac / 0x0107bac: 00 != 44
8154.1a0:   00007ff729df7bad / 0x0107bad: 00 != 49
8154.1a0:   00007ff729df7bae / 0x0107bae: 00 != 4e
8154.1a0:   00007ff729df7baf / 0x0107baf: 00 != 47
8154.1a0:   00007ff729df7bb0 / 0x0107bb0: 00 != 50
8154.1a0:   00007ff729df7bb1 / 0x0107bb1: 00 != 41
8154.1a0:   00007ff729df7bb2 / 0x0107bb2: 00 != 44
8154.1a0:   00007ff729df7bb3 / 0x0107bb3: 00 != 44
8154.1a0:   00007ff729df7bb4 / 0x0107bb4: 00 != 49
8154.1a0:   00007ff729df7bb5 / 0x0107bb5: 00 != 4e
8154.1a0:   00007ff729df7bb6 / 0x0107bb6: 00 != 47
8154.1a0:   00007ff729df7bb7 / 0x0107bb7: 00 != 58
8154.1a0:   00007ff729df7bb8 / 0x0107bb8: 00 != 58
8154.1a0:   00007ff729df7bb9 / 0x0107bb9: 00 != 50
8154.1a0:   00007ff729df7bba / 0x0107bba: 00 != 41
8154.1a0:   00007ff729df7bbb / 0x0107bbb: 00 != 44
8154.1a0:   00007ff729df7bbc / 0x0107bbc: 00 != 44
8154.1a0:   00007ff729df7bbd / 0x0107bbd: 00 != 49
8154.1a0:   00007ff729df7bbe / 0x0107bbe: 00 != 4e
8154.1a0:   00007ff729df7bbf / 0x0107bbf: 00 != 47
8154.1a0:   00007ff729df7bc0 / 0x0107bc0: 00 != 50
8154.1a0:   00007ff729df7bc1 / 0x0107bc1: 00 != 41
8154.1a0:   00007ff729df7bc2 / 0x0107bc2: 00 != 44
8154.1a0:   00007ff729df7bc3 / 0x0107bc3: 00 != 44
8154.1a0:   00007ff729df7bc4 / 0x0107bc4: 00 != 49
8154.1a0:   00007ff729df7bc5 / 0x0107bc5: 00 != 4e
8154.1a0:   00007ff729df7bc6 / 0x0107bc6: 00 != 47
8154.1a0:   00007ff729df7bc7 / 0x0107bc7: 00 != 58
8154.1a0:   00007ff729df7bc8 / 0x0107bc8: 00 != 58
8154.1a0:   00007ff729df7bc9 / 0x0107bc9: 00 != 50
8154.1a0:   00007ff729df7bca / 0x0107bca: 00 != 41
8154.1a0:   00007ff729df7bcb / 0x0107bcb: 00 != 44
8154.1a0:   00007ff729df7bcc / 0x0107bcc: 00 != 44
8154.1a0:   00007ff729df7bcd / 0x0107bcd: 00 != 49
8154.1a0:   00007ff729df7bce / 0x0107bce: 00 != 4e
8154.1a0:   00007ff729df7bcf / 0x0107bcf: 00 != 47
8154.1a0:   00007ff729df7bd0 / 0x0107bd0: 00 != 50
8154.1a0:   00007ff729df7bd1 / 0x0107bd1: 00 != 41
8154.1a0:   00007ff729df7bd2 / 0x0107bd2: 00 != 44
8154.1a0:   00007ff729df7bd3 / 0x0107bd3: 00 != 44
8154.1a0:   00007ff729df7bd4 / 0x0107bd4: 00 != 49
8154.1a0:   00007ff729df7bd5 / 0x0107bd5: 00 != 4e
8154.1a0:   00007ff729df7bd6 / 0x0107bd6: 00 != 47
8154.1a0:   00007ff729df7bd7 / 0x0107bd7: 00 != 58
8154.1a0:   00007ff729df7bd8 / 0x0107bd8: 00 != 58
8154.1a0:   00007ff729df7bd9 / 0x0107bd9: 00 != 50
8154.1a0:   00007ff729df7bda / 0x0107bda: 00 != 41
8154.1a0:   00007ff729df7bdb / 0x0107bdb: 00 != 44
8154.1a0:   00007ff729df7bdc / 0x0107bdc: 00 != 44
8154.1a0:   00007ff729df7bdd / 0x0107bdd: 00 != 49
8154.1a0:   00007ff729df7bde / 0x0107bde: 00 != 4e
8154.1a0:   00007ff729df7bdf / 0x0107bdf: 00 != 47
8154.1a0:   00007ff729df7be0 / 0x0107be0: 00 != 50
8154.1a0:   00007ff729df7be1 / 0x0107be1: 00 != 41
8154.1a0:   00007ff729df7be2 / 0x0107be2: 00 != 44
8154.1a0:   00007ff729df7be3 / 0x0107be3: 00 != 44
8154.1a0:   00007ff729df7be4 / 0x0107be4: 00 != 49
8154.1a0:   00007ff729df7be5 / 0x0107be5: 00 != 4e
8154.1a0:   00007ff729df7be6 / 0x0107be6: 00 != 47
8154.1a0:   00007ff729df7be7 / 0x0107be7: 00 != 58
8154.1a0:   00007ff729df7be8 / 0x0107be8: 00 != 58
8154.1a0:   00007ff729df7be9 / 0x0107be9: 00 != 50
8154.1a0:   00007ff729df7bea / 0x0107bea: 00 != 41
8154.1a0:   00007ff729df7beb / 0x0107beb: 00 != 44
8154.1a0:   00007ff729df7bec / 0x0107bec: 00 != 44
8154.1a0:   00007ff729df7bed / 0x0107bed: 00 != 49
8154.1a0:   00007ff729df7bee / 0x0107bee: 00 != 4e
8154.1a0:   00007ff729df7bef / 0x0107bef: 00 != 47
8154.1a0:   00007ff729df7bf0 / 0x0107bf0: 00 != 50
8154.1a0:   00007ff729df7bf1 / 0x0107bf1: 00 != 41
8154.1a0:   00007ff729df7bf2 / 0x0107bf2: 00 != 44
8154.1a0:   00007ff729df7bf3 / 0x0107bf3: 00 != 44
8154.1a0:   00007ff729df7bf4 / 0x0107bf4: 00 != 49
8154.1a0:   00007ff729df7bf5 / 0x0107bf5: 00 != 4e
8154.1a0:   00007ff729df7bf6 / 0x0107bf6: 00 != 47
8154.1a0:   00007ff729df7bf7 / 0x0107bf7: 00 != 58
8154.1a0:   00007ff729df7bf8 / 0x0107bf8: 00 != 58
8154.1a0:   00007ff729df7bf9 / 0x0107bf9: 00 != 50
8154.1a0:   00007ff729df7bfa / 0x0107bfa: 00 != 41
8154.1a0:   00007ff729df7bfb / 0x0107bfb: 00 != 44
8154.1a0:   00007ff729df7bfc / 0x0107bfc: 00 != 44
8154.1a0:   00007ff729df7bfd / 0x0107bfd: 00 != 49
8154.1a0:   00007ff729df7bfe / 0x0107bfe: 00 != 4e
8154.1a0:   00007ff729df7bff / 0x0107bff: 00 != 47
8154.1a0:   Restored 0x490 bytes of original file content at 00007ff729df7b70
8154.1a0: ntdll.dll: Differences in section #13 (.mrdata) between file and memory:
8154.1a0:   00007ff94a50a4a0 / 0x01ea4a0: 00 != a0
8154.1a0:   00007ff94a50a4a1 / 0x01ea4a1: 00 != d2
8154.1a0:   00007ff94a50a4a2 / 0x01ea4a2: 00 != 29
8154.1a0:   00007ff94a50a4a3 / 0x01ea4a3: 00 != 77
8154.1a0:   00007ff94a50a4a8 / 0x01ea4a8: 00 != a8
8154.1a0:   00007ff94a50a4a9 / 0x01ea4a9: 00 != 97
8154.1a0:   00007ff94a50a4aa / 0x01ea4aa: 00 != 29
8154.1a0:   00007ff94a50a4ab / 0x01ea4ab: 00 != 77
8154.1a0:   00007ff94a50a4e8 / 0x01ea4e8: 00 != 57
8154.1a0:   00007ff94a50a4e9 / 0x01ea4e9: 00 != 19
8154.1a0:   00007ff94a50a4ea / 0x01ea4ea: 00 != e5
8154.1a0:   00007ff94a50a4eb / 0x01ea4eb: 00 != 7a
8154.1a0:   00007ff94a50a4f0 / 0x01ea4f0: 00 != 10
8154.1a0:   00007ff94a50a4f5 / 0x01ea4f5: 00 != 01
8154.1a0:   00007ff94a50a500 / 0x01ea500: 00 != 02
8154.1a0:   00007ff94a50a501 / 0x01ea501: 00 != 20
8154.1a0:   00007ff94a50a50a / 0x01ea50a: 00 != b2
8154.1a0:   00007ff94a50a50b / 0x01ea50b: 00 != b0
8154.1a0:   00007ff94a50a50c / 0x01ea50c: 00 != f5
8154.1a0:   00007ff94a50a50d / 0x01ea50d: 00 != 7d
8154.1a0:   00007ff94a50a515 / 0x01ea515: 00 != 02
8154.1a0:   Restored 0x118 bytes of original file content at 00007ff94a50a4a0
8154.1a0: supR3HardNtChildPurify: cFixes=2 g_fSupAdversaries=0x80000000
8154.1a0: supR3HardNtChildPurify: Startup delay kludge #1/1: 522 ms, 34 sleeps
8154.1a0: supHardNtVpScanVirtualMemory: enmKind=CHILD_PURIFICATION
8154.1a0:  *0000000000000000-000000007ffdffff 0x0001/0x0000 0x0000000
8154.1a0:  *000000007ffe0000-000000007ffe0fff 0x0002/0x0002 0x0020000
8154.1a0:   000000007ffe1000-000000007ffeafff 0x0001/0x0000 0x0000000
8154.1a0:  *000000007ffeb000-000000007ffebfff 0x0002/0x0002 0x0020000
8154.1a0:   000000007ffec000-0000005f0968ffff 0x0001/0x0000 0x0000000
8154.1a0:  *0000005f09690000-0000005f0978afff 0x0000/0x0004 0x0020000
8154.1a0:   0000005f0978b000-0000005f0978dfff 0x0104/0x0004 0x0020000
8154.1a0:   0000005f0978e000-0000005f0978ffff 0x0004/0x0004 0x0020000
8154.1a0:   0000005f09790000-0000005f097fffff 0x0001/0x0000 0x0000000
8154.1a0:  *0000005f09800000-0000005f0980cfff 0x0000/0x0004 0x0020000
8154.1a0:   0000005f0980d000-0000005f0980ffff 0x0004/0x0004 0x0020000
8154.1a0:   0000005f09810000-0000005f099fffff 0x0000/0x0004 0x0020000
8154.1a0:   0000005f09a00000-000001e52c85ffff 0x0001/0x0000 0x0000000
8154.1a0:  *000001e52c860000-000001e52c87ffff 0x0004/0x0004 0x0020000
8154.1a0:  *000001e52c880000-000001e52c8a9fff 0x0002/0x0002 0x0040000
8154.1a0:   000001e52c8aa000-000001e52c8affff 0x0001/0x0000 0x0000000
8154.1a0:  *000001e52c8b0000-000001e52c8b3fff 0x0002/0x0002 0x0040000
8154.1a0:   000001e52c8b4000-000001e52c8bffff 0x0001/0x0000 0x0000000
8154.1a0:  *000001e52c8c0000-000001e52c8c0fff 0x0002/0x0002 0x0040000
8154.1a0:   000001e52c8c1000-000001e52c8cffff 0x0001/0x0000 0x0000000
8154.1a0:  *000001e52c8d0000-000001e52c8d1fff 0x0004/0x0004 0x0020000
8154.1a0:   000001e52c8d2000-00007df5b0b1ffff 0x0001/0x0000 0x0000000
8154.1a0:  *00007df5b0b20000-00007df5b244dfff 0x0000/0x0001 0x0040000
8154.1a0:   00007df5b244e000-00007df5b252bfff 0x0001/0x0001 0x0040000
8154.1a0:   00007df5b252c000-00007df5b28e4fff 0x0000/0x0001 0x0040000
8154.1a0:   00007df5b28e5000-00007df5b28e5fff 0x0001/0x0001 0x0040000
8154.1a0:   00007df5b28e6000-00007ff58d592fff 0x0000/0x0001 0x0040000
8154.1a0:   00007ff58d593000-00007ff58d597fff 0x0002/0x0001 0x0040000
8154.1a0:   00007ff58d598000-00007ff591048fff 0x0000/0x0001 0x0040000
8154.1a0:   00007ff591049000-00007ff595dabfff 0x0001/0x0001 0x0040000
8154.1a0:   00007ff595dac000-00007ff595db6fff 0x0002/0x0001 0x0040000
8154.1a0:   00007ff595db7000-00007ff5b0b1ffff 0x0000/0x0001 0x0040000
8154.1a0:   00007ff5b0b20000-00007ff5cddcffff 0x0001/0x0000 0x0000000
8154.1a0:  *00007ff5cddd0000-00007ff5cddd0fff 0x0002/0x0002 0x0040000
8154.1a0:   00007ff5cddd1000-00007ff729ceffff 0x0001/0x0000 0x0000000
8154.1a0:  *00007ff729cf0000-00007ff729cf0fff 0x0002/0x0080 0x1000000  \Device\HarddiskVolume2\Program Files\Oracle\VirtualBox\VirtualBoxVM.exe
8154.1a0:   00007ff729cf1000-00007ff729d5bfff 0x0020/0x0080 0x1000000  \Device\HarddiskVolume2\Program Files\Oracle\VirtualBox\VirtualBoxVM.exe
8154.1a0:   00007ff729d5c000-00007ff729d5cfff 0x0040/0x0080 0x1000000  \Device\HarddiskVolume2\Program Files\Oracle\VirtualBox\VirtualBoxVM.exe
8154.1a0:   00007ff729d5d000-00007ff729db1fff 0x0002/0x0080 0x1000000  \Device\HarddiskVolume2\Program Files\Oracle\VirtualBox\VirtualBoxVM.exe
8154.1a0:   00007ff729db2000-00007ff729dbefff 0x0004/0x0080 0x1000000  \Device\HarddiskVolume2\Program Files\Oracle\VirtualBox\VirtualBoxVM.exe
8154.1a0:   00007ff729dbf000-00007ff729df9fff 0x0002/0x0080 0x1000000  \Device\HarddiskVolume2\Program Files\Oracle\VirtualBox\VirtualBoxVM.exe
8154.1a0:   00007ff729dfa000-00007ff94a31ffff 0x0001/0x0000 0x0000000
8154.1a0:  *00007ff94a320000-00007ff94a320fff 0x0002/0x0080 0x1000000  \Device\HarddiskVolume2\Windows\System32\ntdll.dll
8154.1a0:   00007ff94a321000-00007ff94a492fff 0x0020/0x0080 0x1000000  \Device\HarddiskVolume2\Windows\System32\ntdll.dll
8154.1a0:   00007ff94a493000-00007ff94a4ebfff 0x0002/0x0080 0x1000000  \Device\HarddiskVolume2\Windows\System32\ntdll.dll
8154.1a0:   00007ff94a4ec000-00007ff94a4ecfff 0x0004/0x0080 0x1000000  \Device\HarddiskVolume2\Windows\System32\ntdll.dll
8154.1a0:   00007ff94a4ed000-00007ff94a4edfff 0x0008/0x0080 0x1000000  \Device\HarddiskVolume2\Windows\System32\ntdll.dll
8154.1a0:   00007ff94a4ee000-00007ff94a4f4fff 0x0004/0x0080 0x1000000  \Device\HarddiskVolume2\Windows\System32\ntdll.dll
8154.1a0:   00007ff94a4f5000-00007ff94a506fff 0x0002/0x0080 0x1000000  \Device\HarddiskVolume2\Windows\System32\ntdll.dll
8154.1a0:   00007ff94a507000-00007ff94a507fff 0x0004/0x0080 0x1000000  \Device\HarddiskVolume2\Windows\System32\ntdll.dll
8154.1a0:   00007ff94a508000-00007ff94a509fff 0x0008/0x0080 0x1000000  \Device\HarddiskVolume2\Windows\System32\ntdll.dll
8154.1a0:   00007ff94a50a000-00007ff94a50afff 0x0004/0x0080 0x1000000  \Device\HarddiskVolume2\Windows\System32\ntdll.dll
8154.1a0:   00007ff94a50b000-00007ff94a586fff 0x0002/0x0080 0x1000000  \Device\HarddiskVolume2\Windows\System32\ntdll.dll
8154.1a0:   00007ff94a587000-00007ffffffeffff 0x0001/0x0000 0x0000000
8154.1a0: supR3HardNtChildPurify: Done after 791 ms and 2 fixes (loop #1).
8410.742c: supR3HardenedVmProcessInit: uNtDllAddr=00007ff94a320000 g_uNtVerCombined=0xa0665800 (stack ~0000005f0978eda0)
8410.742c: ntdll.dll: timestamp 0xf7576e9e (rc=VINF_SUCCESS)
8410.742c: New simple heap: #1 000001e52c9e0000 LB 0x800000 (for 2519040 allocation)
8154.1a0: supR3HardNtEnableThreadCreationEx:
8410.742c: supR3HardenedWinInitAppBin(0x0): '\Device\HarddiskVolume2\Program Files\Oracle\VirtualBox'
8410.742c: System32:  \Device\HarddiskVolume2\Windows\System32
8410.742c: WinSxS:    \Device\HarddiskVolume2\Windows\WinSxS
8410.742c: KnownDllPath: C:\WINDOWS\System32
8410.742c: supR3HardenedVmProcessInit: Opening vboxsup stub...
8410.742c: supR3HardenedVmProcessInit: Restoring LdrInitializeThunk...
8410.742c: supR3HardenedVmProcessInit: Returning to LdrInitializeThunk...
8410.742c: Registered Dll notification callback with NTDLL.
8410.742c: supHardenedWinVerifyImageByHandle: -> 0 (\Device\HarddiskVolume2\Windows\System32\kernel32.dll)
8410.742c: supR3HardenedWinVerifyCacheInsert: \Device\HarddiskVolume2\Windows\System32\kernel32.dll
8410.742c: supR3HardenedMonitor_LdrLoadDll: pName=C:\WINDOWS\System32\KERNEL32.DLL (Input=KERNEL32.DLL, rcNtResolve=0xc0150008) *pfFlags=0xffffffff pwszSearchPath=0000000000004001:<flags> [calling]
8410.742c: supR3HardenedDllNotificationCallback: load   00007ff947cb0000 LB 0x003f4000 C:\WINDOWS\System32\KERNELBASE.dll [fFlags=0x0]
8410.742c: supHardenedWinVerifyImageByHandle: -> 0 (\Device\HarddiskVolume2\Windows\System32\KernelBase.dll)
8410.742c: supR3HardenedWinVerifyCacheInsert: \Device\HarddiskVolume2\Windows\System32\KernelBase.dll
8410.742c: supR3HardenedDllNotificationCallback: load   00007ff948ec0000 LB 0x000c9000 C:\WINDOWS\System32\KERNEL32.DLL [fFlags=0x0]
8410.742c: supR3HardenedScreenImage/LdrLoadDll: cache hit (VINF_SUCCESS) on \Device\HarddiskVolume2\Windows\System32\kernel32.dll [lacks WinVerifyTrust]
8410.742c: supR3HardenedMonitor_LdrLoadDll: returns rcNt=0x0 hMod=00007ff948ec0000 'C:\WINDOWS\System32\KERNEL32.DLL'
8410.742c: supR3HardenedScreenImage/LdrLoadDll: cache hit (VINF_SUCCESS) on \Device\HarddiskVolume2\Windows\System32\KernelBase.dll [lacks WinVerifyTrust]
8410.742c: supR3HardenedMonitor_LdrLoadDll: pName=C:\WINDOWS\System32\KERNELBASE.dll (Input=KERNELBASE.dll, rcNtResolve=0xc0150008) *pfFlags=0xffffffff pwszSearchPath=0000000000004001:<flags> [calling]
8410.742c: supR3HardenedMonitor_LdrLoadDll: returns rcNt=0x0 hMod=00007ff947cb0000 'C:\WINDOWS\System32\KERNELBASE.dll'
8410.742c: supR3HardenedDllNotificationCallback: load   00007ff729cf0000 LB 0x0010a000 C:\Program Files\Oracle\VirtualBox\VirtualBoxVM.exe [fFlags=0x0]
8410.742c: '\Device\HarddiskVolume2\Program Files\Oracle\VirtualBox\VirtualBoxVM.exe' has no imports
8410.742c: supHardenedWinVerifyImageByHandle: -> 0 (\Device\HarddiskVolume2\Program Files\Oracle\VirtualBox\VirtualBoxVM.exe)
8410.742c: supR3HardenedWinVerifyCacheInsert: \Device\HarddiskVolume2\Program Files\Oracle\VirtualBox\VirtualBoxVM.exe
8410.742c: supR3HardNtDisableThreadCreation: pvLdrInitThunk=00007ff94a40b070 pvNtTerminateThread=00007ff94a482550 g_LdrInitThunkSelfBackup.cb=0
8410.742c: supR3HardNtDisableThreadCreationEx: Backup=40 53 48 83 ec 20 48 8b d9 e8 1a 00 00 00 b2 01
8154.1a0: supR3HardNtChildWaitFor: Found expected request 1 (CloseEvents) after 64 ms.
8410.742c: \SystemRoot\System32\ntdll.dll:
8410.742c:     CreationTime:    2026-04-15T08:55:17.136847900Z
8410.742c:     LastWriteTime:   2026-04-15T08:55:17.205708100Z
8410.742c:     ChangeTime:      2026-04-16T19:25:28.835746100Z
8410.742c:     FileAttributes:  0x20
8410.742c:     Size:            0x267be8
8410.742c:     NT Headers:      0xe0
8410.742c:     Timestamp:       0xf7576e9e
8410.742c:     Machine:         0x8664 - amd64
8410.742c:     Timestamp:       0xf7576e9e
8410.742c:     Image Version:   10.0
8410.742c:     SizeOfImage:     0x267000 (2519040)
8410.742c:     Resource Dir:    0x1eb000 LB 0x7a1b8
8410.742c:     [Version info resource found at 0xd8! (ID/Name: 0x1; SubID/SubName: 0x409)]
8410.742c:     [Raw version resource data: 0x1eb0f0 LB 0x380, codepage 0x0 (reserved 0x0)]
8410.742c:     ProductName:     Microsoft® Windows® Operating System
8410.742c:     ProductVersion:  10.0.26100.8246
8410.742c:     FileVersion:     10.0.26100.8246 (WinBuild.160101.0800)
8410.742c:     FileDescription: NT Layer DLL
8410.742c: \SystemRoot\System32\kernel32.dll:
8410.742c:     CreationTime:    2026-04-15T08:55:15.494388500Z
8410.742c:     LastWriteTime:   2026-04-15T08:55:15.519387500Z
8410.742c:     ChangeTime:      2026-04-16T19:26:18.569518100Z
8410.742c:     FileAttributes:  0x20
8410.742c:     Size:            0xcc298
8410.742c:     NT Headers:      0xf8
8410.742c:     Timestamp:       0x7635528f
8410.742c:     Machine:         0x8664 - amd64
8410.742c:     Timestamp:       0x7635528f
8410.742c:     Image Version:   10.0
8410.742c:     SizeOfImage:     0xc9000 (823296)
8410.742c:     Resource Dir:    0xc7000 LB 0x520
8410.742c:     [Version info resource found at 0x90! (ID/Name: 0x1; SubID/SubName: 0x409)]
8410.742c:     [Raw version resource data: 0xc70b0 LB 0x3a4, codepage 0x0 (reserved 0x0)]
8410.742c:     ProductName:     Microsoft® Windows® Operating System
8410.742c:     ProductVersion:  10.0.26100.8246
8410.742c:     FileVersion:     10.0.26100.8246 (WinBuild.160101.0800)
8410.742c:     FileDescription: Windows NT BASE API Client DLL
8410.742c: \SystemRoot\System32\KernelBase.dll:
8410.742c:     CreationTime:    2026-04-15T08:55:15.503999200Z
8410.742c:     LastWriteTime:   2026-04-15T08:55:15.723734700Z
8410.742c:     ChangeTime:      2026-04-16T19:26:18.628595200Z
8410.742c:     FileAttributes:  0x20
8410.742c:     Size:            0x3f6388
8410.742c:     NT Headers:      0x108
8410.742c:     Timestamp:       0x208e0cb7
8410.742c:     Machine:         0x8664 - amd64
8410.742c:     Timestamp:       0x208e0cb7
8410.742c:     Image Version:   10.0
8410.742c:     SizeOfImage:     0x3f4000 (4145152)
8410.742c:     Resource Dir:    0x3ba000 LB 0x548
8410.742c:     [Version info resource found at 0x90! (ID/Name: 0x1; SubID/SubName: 0x409)]
8410.742c:     [Raw version resource data: 0x3ba0b0 LB 0x3bc, codepage 0x0 (reserved 0x0)]
8410.742c:     ProductName:     Microsoft® Windows® Operating System
8410.742c:     ProductVersion:  10.0.26100.8246
8410.742c:     FileVersion:     10.0.26100.8246 (WinBuild.160101.0800)
8410.742c:     FileDescription: Windows NT BASE API Client DLL
8410.742c: \SystemRoot\System32\apisetschema.dll:
8410.742c:     CreationTime:    2026-04-15T08:55:09.521767400Z
8410.742c:     LastWriteTime:   2026-04-15T08:55:09.529796200Z
8410.742c:     ChangeTime:      2026-04-16T19:25:18.785071600Z
8410.742c:     FileAttributes:  0x20
8410.742c:     Size:            0x2f600
8410.742c:     NT Headers:      0xd8
8410.742c:     Timestamp:       0xfb040896
8410.742c:     Machine:         0x8664 - amd64
8410.742c:     Timestamp:       0xfb040896
8410.742c:     Image Version:   10.0
8410.742c:     SizeOfImage:     0x2e000 (188416)
8410.742c:     Resource Dir:    0x2d000 LB 0x408
8410.742c:     [Version info resource found at 0x48! (ID/Name: 0x1; SubID/SubName: 0x409)]
8410.742c:     [Raw version resource data: 0x2d060 LB 0x3a8, codepage 0x0 (reserved 0x0)]
8410.742c:     ProductName:     Microsoft® Windows® Operating System
8410.742c:     ProductVersion:  10.0.26100.8115
8410.742c:     FileVersion:     10.0.26100.8115 (WinBuild.160101.0800)
8410.742c:     FileDescription: ApiSet Schema DLL
8410.742c: NtOpenDirectoryObject failed on \Driver: 0xc0000022
8410.742c: supR3HardenedWinFindAdversaries: 0x0
8410.742c: supR3HardenedWinInitAppBin(0x0): '\Device\HarddiskVolume2\Program Files\Oracle\VirtualBox'
8410.742c: Calling main()
8410.742c: SUPR3HardenedMain: pszProgName=VirtualBoxVM fFlags=0x2
8410.742c: supR3HardenedWinInitAppBin(0x2): '\Device\HarddiskVolume2\Program Files\Oracle\VirtualBox'
8410.742c: '\Device\HarddiskVolume2\Program Files\Oracle\VirtualBox\VirtualBoxVM.exe' has no imports
8410.742c: supHardenedWinVerifyImageByHandle: -> 0 (\Device\HarddiskVolume2\Program Files\Oracle\VirtualBox\VirtualBoxVM.exe)
8410.742c: SUPR3HardenedMain: Respawn #2
8410.742c: supR3HardNtEnableThreadCreationEx:
8410.742c: supR3HardenedDllNotificationCallback: load   00007ff9480b0000 LB 0x000a7000 C:\WINDOWS\System32\sechost.dll [fFlags=0x0]
8410.742c: supHardenedWinVerifyImageByHandle: -> 0 (\Device\HarddiskVolume2\Windows\System32\sechost.dll)
8410.742c: supR3HardenedWinVerifyCacheInsert: \Device\HarddiskVolume2\Windows\System32\sechost.dll
8410.742c: '\Device\HarddiskVolume2\Windows\System32\ntdll.dll' has no imports
8410.742c: supHardenedWinVerifyImageByHandle: -> 0 (\Device\HarddiskVolume2\Windows\System32\ntdll.dll)
8410.742c: supR3HardenedWinVerifyCacheInsert: \Device\HarddiskVolume2\Windows\System32\ntdll.dll
8410.742c: supR3HardenedMonitor_LdrLoadDll: pName=C:\WINDOWS\System32\ntdll.dll (Input=ntdll.dll, rcNtResolve=0xc0150008) *pfFlags=0x0 pwszSearchPath=0000000000000801:<flags> [calling]
8410.742c: supR3HardenedMonitor_LdrLoadDll: returns rcNt=0x0 hMod=00007ff94a320000 'C:\WINDOWS\System32\ntdll.dll'
8410.742c: supR3HardenedScreenImage/LdrLoadDll: cache hit (VINF_SUCCESS) on \Device\HarddiskVolume2\Windows\System32\KernelBase.dll [lacks WinVerifyTrust]
8410.742c: supR3HardenedMonitor_LdrLoadDll: pName=C:\WINDOWS\System32\KernelBase.dll (Input=KernelBase, rcNtResolve=0xc0150008) *pfFlags=0x0 pwszSearchPath=0000000000000801:<flags> [calling]
8410.742c: supR3HardenedMonitor_LdrLoadDll: returns rcNt=0x0 hMod=00007ff947cb0000 'C:\WINDOWS\System32\KernelBase.dll'
8410.742c: supR3HardNtDisableThreadCreation: pvLdrInitThunk=00007ff94a40b070 pvNtTerminateThread=00007ff94a482550 g_LdrInitThunkSelfBackup.cb=10
8410.742c: supR3HardenedWinDoReSpawn(2): New child 4d30.74a0 [kernel32].
8410.742c: supR3HardenedWinReSpawn: NtSetInformationThread/ThreadHideFromDebugger failed: 0xc0000022 (harmless)
8410.742c: supR3HardNtChildGatherData: PebBaseAddress=0000008a28a65000 cbPeb=0x388
8410.742c: supR3HardNtPuChFindNtdll: uNtDllParentAddr=00007ff94a320000 uNtDllChildAddr=00007ff94a320000
8410.742c: supR3HardenedWinSetupChildInit: uLdrInitThunk=00007ff94a40b070
8410.742c: supR3HardenedWinSetupChildInit: Initial context:
  rax=0000000000000000 rbx=0000000000000000 rcx=00007ff729cfb8e0 rdx=0000008a28a65000
  rsi=0000000000000000 rdi=0000000000000000 r8 =0000000000000000 r9 =0000000000000000
  r10=0000000000000000 r11=0000000000000000 r12=0000000000000000 r13=0000000000000000
  r14=0000000000000000 r15=0000000000000000  P1=0000000000000000  P2=0000000000000000
  rip=00007ff94a3ac3d0 rsp=0000008a289af9e8 rbp=0000000000000000    ctxflags=0010001b
  cs=0033 ss=002b ds=0000 es=0000 fs=0000 gs=0000    eflags=00000200   mxcrx=00001f80
   P3=0000000000000000  P4=0000000000000000  P5=0000000000000000  P6=0000000000000000
  dr0=0000000000000000 dr1=0000000000000000 dr2=0000000000000000 dr3=0000000000000000
  dr6=0000000000000000 dr7=0000000000000000 vcr=0000000000000000 dcr=0000000000000000
  lbt=0000000000000000 lbf=0000000000000000 lxt=0000000000000000 lxf=0000000000000000
8410.742c: kernel32.dll: timestamp 0x7635528f (rc=VINF_SUCCESS)
8410.742c: supR3HardenedWinSetupChildInit: Start child.
8410.742c: supR3HardNtChildWaitFor: Found expected request 0 (PurifyChildAndCloseHandles) after 0 ms.
8410.742c: supR3HardNtChildPurify: Startup delay kludge #1/0: 269 ms, 17 sleeps
8410.742c: supHardNtVpScanVirtualMemory: enmKind=CHILD_PURIFICATION
8410.742c:  *0000000000000000-000000007ffdffff 0x0001/0x0000 0x0000000
8410.742c:  *000000007ffe0000-000000007ffe0fff 0x0002/0x0002 0x0020000
8410.742c:   000000007ffe1000-000000007ffeafff 0x0001/0x0000 0x0000000
8410.742c:  *000000007ffeb000-000000007ffebfff 0x0002/0x0002 0x0020000
8410.742c:   000000007ffec000-0000008a288affff 0x0001/0x0000 0x0000000
8410.742c:  *0000008a288b0000-0000008a289aafff 0x0000/0x0004 0x0020000
8410.742c:   0000008a289ab000-0000008a289adfff 0x0104/0x0004 0x0020000
8410.742c:   0000008a289ae000-0000008a289affff 0x0004/0x0004 0x0020000
8410.742c:   0000008a289b0000-0000008a289fffff 0x0001/0x0000 0x0000000
8410.742c:  *0000008a28a00000-0000008a28a64fff 0x0000/0x0004 0x0020000
8410.742c:   0000008a28a65000-0000008a28a67fff 0x0004/0x0004 0x0020000
8410.742c:   0000008a28a68000-0000008a28bfffff 0x0000/0x0004 0x0020000
8410.742c:   0000008a28c00000-0000024e745cffff 0x0001/0x0000 0x0000000
8410.742c:  *0000024e745d0000-0000024e745effff 0x0004/0x0004 0x0020000
8410.742c:  *0000024e745f0000-0000024e74619fff 0x0002/0x0002 0x0040000
8410.742c:   0000024e7461a000-0000024e7461ffff 0x0001/0x0000 0x0000000
8410.742c:  *0000024e74620000-0000024e74623fff 0x0002/0x0002 0x0040000
8410.742c:   0000024e74624000-0000024e7462ffff 0x0001/0x0000 0x0000000
8410.742c:  *0000024e74630000-0000024e74630fff 0x0002/0x0002 0x0040000
8410.742c:   0000024e74631000-0000024e7463ffff 0x0001/0x0000 0x0000000
8410.742c:  *0000024e74640000-0000024e74641fff 0x0004/0x0004 0x0020000
8410.742c:   0000024e74642000-00007df5b0b1ffff 0x0001/0x0000 0x0000000
8410.742c:  *00007df5b0b20000-00007df5b244dfff 0x0000/0x0001 0x0040000
8410.742c:   00007df5b244e000-00007df5b252bfff 0x0001/0x0001 0x0040000
8410.742c:   00007df5b252c000-00007df5b28e4fff 0x0000/0x0001 0x0040000
8410.742c:   00007df5b28e5000-00007df5b28e5fff 0x0001/0x0001 0x0040000
8410.742c:   00007df5b28e6000-00007ff58d592fff 0x0000/0x0001 0x0040000
8410.742c:   00007ff58d593000-00007ff58d597fff 0x0002/0x0001 0x0040000
8410.742c:   00007ff58d598000-00007ff591048fff 0x0000/0x0001 0x0040000
8410.742c:   00007ff591049000-00007ff595dabfff 0x0001/0x0001 0x0040000
8410.742c:   00007ff595dac000-00007ff595db6fff 0x0002/0x0001 0x0040000
8410.742c:   00007ff595db7000-00007ff5b0b1ffff 0x0000/0x0001 0x0040000
8410.742c:   00007ff5b0b20000-00007ff5b4f0ffff 0x0001/0x0000 0x0000000
8410.742c:  *00007ff5b4f10000-00007ff5b4f10fff 0x0002/0x0002 0x0040000
8410.742c:   00007ff5b4f11000-00007ff729ceffff 0x0001/0x0000 0x0000000
8410.742c:  *00007ff729cf0000-00007ff729cf0fff 0x0002/0x0080 0x1000000  \Device\HarddiskVolume2\Program Files\Oracle\VirtualBox\VirtualBoxVM.exe
8410.742c:   00007ff729cf1000-00007ff729d5bfff 0x0020/0x0080 0x1000000  \Device\HarddiskVolume2\Program Files\Oracle\VirtualBox\VirtualBoxVM.exe
8410.742c:   00007ff729d5c000-00007ff729d5cfff 0x0080/0x0080 0x1000000  \Device\HarddiskVolume2\Program Files\Oracle\VirtualBox\VirtualBoxVM.exe
8410.742c:   00007ff729d5d000-00007ff729db1fff 0x0002/0x0080 0x1000000  \Device\HarddiskVolume2\Program Files\Oracle\VirtualBox\VirtualBoxVM.exe
8410.742c:   00007ff729db2000-00007ff729db2fff 0x0004/0x0080 0x1000000  \Device\HarddiskVolume2\Program Files\Oracle\VirtualBox\VirtualBoxVM.exe
8410.742c:   00007ff729db3000-00007ff729db3fff 0x0008/0x0080 0x1000000  \Device\HarddiskVolume2\Program Files\Oracle\VirtualBox\VirtualBoxVM.exe
8410.742c:   00007ff729db4000-00007ff729db9fff 0x0004/0x0080 0x1000000  \Device\HarddiskVolume2\Program Files\Oracle\VirtualBox\VirtualBoxVM.exe
8410.742c:   00007ff729dba000-00007ff729dbefff 0x0008/0x0080 0x1000000  \Device\HarddiskVolume2\Program Files\Oracle\VirtualBox\VirtualBoxVM.exe
8410.742c:   00007ff729dbf000-00007ff729df9fff 0x0002/0x0080 0x1000000  \Device\HarddiskVolume2\Program Files\Oracle\VirtualBox\VirtualBoxVM.exe
8410.742c:   00007ff729dfa000-00007ff94a31ffff 0x0001/0x0000 0x0000000
8410.742c:  *00007ff94a320000-00007ff94a320fff 0x0002/0x0080 0x1000000  \Device\HarddiskVolume2\Windows\System32\ntdll.dll
8410.742c:   00007ff94a321000-00007ff94a492fff 0x0020/0x0080 0x1000000  \Device\HarddiskVolume2\Windows\System32\ntdll.dll
8410.742c:   00007ff94a493000-00007ff94a4ebfff 0x0002/0x0080 0x1000000  \Device\HarddiskVolume2\Windows\System32\ntdll.dll
8410.742c:   00007ff94a4ec000-00007ff94a4f4fff 0x0008/0x0080 0x1000000  \Device\HarddiskVolume2\Windows\System32\ntdll.dll
8410.742c:   00007ff94a4f5000-00007ff94a506fff 0x0002/0x0080 0x1000000  \Device\HarddiskVolume2\Windows\System32\ntdll.dll
8410.742c:   00007ff94a507000-00007ff94a509fff 0x0008/0x0080 0x1000000  \Device\HarddiskVolume2\Windows\System32\ntdll.dll
8410.742c:   00007ff94a50a000-00007ff94a50afff 0x0004/0x0080 0x1000000  \Device\HarddiskVolume2\Windows\System32\ntdll.dll
8410.742c:   00007ff94a50b000-00007ff94a586fff 0x0002/0x0080 0x1000000  \Device\HarddiskVolume2\Windows\System32\ntdll.dll
8410.742c:   00007ff94a587000-00007ffffffeffff 0x0001/0x0000 0x0000000
8410.742c: VirtualBoxVM.exe: timestamp 0x68f21b4f (rc=VINF_SUCCESS)
8410.742c: '\Device\HarddiskVolume2\Program Files\Oracle\VirtualBox\VirtualBoxVM.exe' has no imports
8410.742c: VirtualBoxVM.exe: Differences in section #8 (.rsrc) between file and memory:
8410.742c:   00007ff729df7b70 / 0x0107b70: 00 != 50
8410.742c:   00007ff729df7b71 / 0x0107b71: 00 != 41
8410.742c:   00007ff729df7b72 / 0x0107b72: 00 != 44
8410.742c:   00007ff729df7b73 / 0x0107b73: 00 != 44
8410.742c:   00007ff729df7b74 / 0x0107b74: 00 != 49
8410.742c:   00007ff729df7b75 / 0x0107b75: 00 != 4e
8410.742c:   00007ff729df7b76 / 0x0107b76: 00 != 47
8410.742c:   00007ff729df7b77 / 0x0107b77: 00 != 58
8410.742c:   00007ff729df7b78 / 0x0107b78: 00 != 58
8410.742c:   00007ff729df7b79 / 0x0107b79: 00 != 50
8410.742c:   00007ff729df7b7a / 0x0107b7a: 00 != 41
8410.742c:   00007ff729df7b7b / 0x0107b7b: 00 != 44
8410.742c:   00007ff729df7b7c / 0x0107b7c: 00 != 44
8410.742c:   00007ff729df7b7d / 0x0107b7d: 00 != 49
8410.742c:   00007ff729df7b7e / 0x0107b7e: 00 != 4e
8410.742c:   00007ff729df7b7f / 0x0107b7f: 00 != 47
8410.742c:   00007ff729df7b80 / 0x0107b80: 00 != 50
8410.742c:   00007ff729df7b81 / 0x0107b81: 00 != 41
8410.742c:   00007ff729df7b82 / 0x0107b82: 00 != 44
8410.742c:   00007ff729df7b83 / 0x0107b83: 00 != 44
8410.742c:   00007ff729df7b84 / 0x0107b84: 00 != 49
8410.742c:   00007ff729df7b85 / 0x0107b85: 00 != 4e
8410.742c:   00007ff729df7b86 / 0x0107b86: 00 != 47
8410.742c:   00007ff729df7b87 / 0x0107b87: 00 != 58
8410.742c:   00007ff729df7b88 / 0x0107b88: 00 != 58
8410.742c:   00007ff729df7b89 / 0x0107b89: 00 != 50
8410.742c:   00007ff729df7b8a / 0x0107b8a: 00 != 41
8410.742c:   00007ff729df7b8b / 0x0107b8b: 00 != 44
8410.742c:   00007ff729df7b8c / 0x0107b8c: 00 != 44
8410.742c:   00007ff729df7b8d / 0x0107b8d: 00 != 49
8410.742c:   00007ff729df7b8e / 0x0107b8e: 00 != 4e
8410.742c:   00007ff729df7b8f / 0x0107b8f: 00 != 47
8410.742c:   00007ff729df7b90 / 0x0107b90: 00 != 50
8410.742c:   00007ff729df7b91 / 0x0107b91: 00 != 41
8410.742c:   00007ff729df7b92 / 0x0107b92: 00 != 44
8410.742c:   00007ff729df7b93 / 0x0107b93: 00 != 44
8410.742c:   00007ff729df7b94 / 0x0107b94: 00 != 49
8410.742c:   00007ff729df7b95 / 0x0107b95: 00 != 4e
8410.742c:   00007ff729df7b96 / 0x0107b96: 00 != 47
8410.742c:   00007ff729df7b97 / 0x0107b97: 00 != 58
8410.742c:   00007ff729df7b98 / 0x0107b98: 00 != 58
8410.742c:   00007ff729df7b99 / 0x0107b99: 00 != 50
8410.742c:   00007ff729df7b9a / 0x0107b9a: 00 != 41
8410.742c:   00007ff729df7b9b / 0x0107b9b: 00 != 44
8410.742c:   00007ff729df7b9c / 0x0107b9c: 00 != 44
8410.742c:   00007ff729df7b9d / 0x0107b9d: 00 != 49
8410.742c:   00007ff729df7b9e / 0x0107b9e: 00 != 4e
8410.742c:   00007ff729df7b9f / 0x0107b9f: 00 != 47
8410.742c:   00007ff729df7ba0 / 0x0107ba0: 00 != 50
8410.742c:   00007ff729df7ba1 / 0x0107ba1: 00 != 41
8410.742c:   00007ff729df7ba2 / 0x0107ba2: 00 != 44
8410.742c:   00007ff729df7ba3 / 0x0107ba3: 00 != 44
8410.742c:   00007ff729df7ba4 / 0x0107ba4: 00 != 49
8410.742c:   00007ff729df7ba5 / 0x0107ba5: 00 != 4e
8410.742c:   00007ff729df7ba6 / 0x0107ba6: 00 != 47
8410.742c:   00007ff729df7ba7 / 0x0107ba7: 00 != 58
8410.742c:   00007ff729df7ba8 / 0x0107ba8: 00 != 58
8410.742c:   00007ff729df7ba9 / 0x0107ba9: 00 != 50
8410.742c:   00007ff729df7baa / 0x0107baa: 00 != 41
8410.742c:   00007ff729df7bab / 0x0107bab: 00 != 44
8410.742c:   00007ff729df7bac / 0x0107bac: 00 != 44
8410.742c:   00007ff729df7bad / 0x0107bad: 00 != 49
8410.742c:   00007ff729df7bae / 0x0107bae: 00 != 4e
8410.742c:   00007ff729df7baf / 0x0107baf: 00 != 47
8410.742c:   00007ff729df7bb0 / 0x0107bb0: 00 != 50
8410.742c:   00007ff729df7bb1 / 0x0107bb1: 00 != 41
8410.742c:   00007ff729df7bb2 / 0x0107bb2: 00 != 44
8410.742c:   00007ff729df7bb3 / 0x0107bb3: 00 != 44
8410.742c:   00007ff729df7bb4 / 0x0107bb4: 00 != 49
8410.742c:   00007ff729df7bb5 / 0x0107bb5: 00 != 4e
8410.742c:   00007ff729df7bb6 / 0x0107bb6: 00 != 47
8410.742c:   00007ff729df7bb7 / 0x0107bb7: 00 != 58
8410.742c:   00007ff729df7bb8 / 0x0107bb8: 00 != 58
8410.742c:   00007ff729df7bb9 / 0x0107bb9: 00 != 50
8410.742c:   00007ff729df7bba / 0x0107bba: 00 != 41
8410.742c:   00007ff729df7bbb / 0x0107bbb: 00 != 44
8410.742c:   00007ff729df7bbc / 0x0107bbc: 00 != 44
8410.742c:   00007ff729df7bbd / 0x0107bbd: 00 != 49
8410.742c:   00007ff729df7bbe / 0x0107bbe: 00 != 4e
8410.742c:   00007ff729df7bbf / 0x0107bbf: 00 != 47
8410.742c:   00007ff729df7bc0 / 0x0107bc0: 00 != 50
8410.742c:   00007ff729df7bc1 / 0x0107bc1: 00 != 41
8410.742c:   00007ff729df7bc2 / 0x0107bc2: 00 != 44
8410.742c:   00007ff729df7bc3 / 0x0107bc3: 00 != 44
8410.742c:   00007ff729df7bc4 / 0x0107bc4: 00 != 49
8410.742c:   00007ff729df7bc5 / 0x0107bc5: 00 != 4e
8410.742c:   00007ff729df7bc6 / 0x0107bc6: 00 != 47
8410.742c:   00007ff729df7bc7 / 0x0107bc7: 00 != 58
8410.742c:   00007ff729df7bc8 / 0x0107bc8: 00 != 58
8410.742c:   00007ff729df7bc9 / 0x0107bc9: 00 != 50
8410.742c:   00007ff729df7bca / 0x0107bca: 00 != 41
8410.742c:   00007ff729df7bcb / 0x0107bcb: 00 != 44
8410.742c:   00007ff729df7bcc / 0x0107bcc: 00 != 44
8410.742c:   00007ff729df7bcd / 0x0107bcd: 00 != 49
8410.742c:   00007ff729df7bce / 0x0107bce: 00 != 4e
8410.742c:   00007ff729df7bcf / 0x0107bcf: 00 != 47
8410.742c:   00007ff729df7bd0 / 0x0107bd0: 00 != 50
8410.742c:   00007ff729df7bd1 / 0x0107bd1: 00 != 41
8410.742c:   00007ff729df7bd2 / 0x0107bd2: 00 != 44
8410.742c:   00007ff729df7bd3 / 0x0107bd3: 00 != 44
8410.742c:   00007ff729df7bd4 / 0x0107bd4: 00 != 49
8410.742c:   00007ff729df7bd5 / 0x0107bd5: 00 != 4e
8410.742c:   00007ff729df7bd6 / 0x0107bd6: 00 != 47
8410.742c:   00007ff729df7bd7 / 0x0107bd7: 00 != 58
8410.742c:   00007ff729df7bd8 / 0x0107bd8: 00 != 58
8410.742c:   00007ff729df7bd9 / 0x0107bd9: 00 != 50
8410.742c:   00007ff729df7bda / 0x0107bda: 00 != 41
8410.742c:   00007ff729df7bdb / 0x0107bdb: 00 != 44
8410.742c:   00007ff729df7bdc / 0x0107bdc: 00 != 44
8410.742c:   00007ff729df7bdd / 0x0107bdd: 00 != 49
8410.742c:   00007ff729df7bde / 0x0107bde: 00 != 4e
8410.742c:   00007ff729df7bdf / 0x0107bdf: 00 != 47
8410.742c:   00007ff729df7be0 / 0x0107be0: 00 != 50
8410.742c:   00007ff729df7be1 / 0x0107be1: 00 != 41
8410.742c:   00007ff729df7be2 / 0x0107be2: 00 != 44
8410.742c:   00007ff729df7be3 / 0x0107be3: 00 != 44
8410.742c:   00007ff729df7be4 / 0x0107be4: 00 != 49
8410.742c:   00007ff729df7be5 / 0x0107be5: 00 != 4e
8410.742c:   00007ff729df7be6 / 0x0107be6: 00 != 47
8410.742c:   00007ff729df7be7 / 0x0107be7: 00 != 58
8410.742c:   00007ff729df7be8 / 0x0107be8: 00 != 58
8410.742c:   00007ff729df7be9 / 0x0107be9: 00 != 50
8410.742c:   00007ff729df7bea / 0x0107bea: 00 != 41
8410.742c:   00007ff729df7beb / 0x0107beb: 00 != 44
8410.742c:   00007ff729df7bec / 0x0107bec: 00 != 44
8410.742c:   00007ff729df7bed / 0x0107bed: 00 != 49
8410.742c:   00007ff729df7bee / 0x0107bee: 00 != 4e
8410.742c:   00007ff729df7bef / 0x0107bef: 00 != 47
8410.742c:   00007ff729df7bf0 / 0x0107bf0: 00 != 50
8410.742c:   00007ff729df7bf1 / 0x0107bf1: 00 != 41
8410.742c:   00007ff729df7bf2 / 0x0107bf2: 00 != 44
8410.742c:   00007ff729df7bf3 / 0x0107bf3: 00 != 44
8410.742c:   00007ff729df7bf4 / 0x0107bf4: 00 != 49
8410.742c:   00007ff729df7bf5 / 0x0107bf5: 00 != 4e
8410.742c:   00007ff729df7bf6 / 0x0107bf6: 00 != 47
8410.742c:   00007ff729df7bf7 / 0x0107bf7: 00 != 58
8410.742c:   00007ff729df7bf8 / 0x0107bf8: 00 != 58
8410.742c:   00007ff729df7bf9 / 0x0107bf9: 00 != 50
8410.742c:   00007ff729df7bfa / 0x0107bfa: 00 != 41
8410.742c:   00007ff729df7bfb / 0x0107bfb: 00 != 44
8410.742c:   00007ff729df7bfc / 0x0107bfc: 00 != 44
8410.742c:   00007ff729df7bfd / 0x0107bfd: 00 != 49
8410.742c:   00007ff729df7bfe / 0x0107bfe: 00 != 4e
8410.742c:   00007ff729df7bff / 0x0107bff: 00 != 47
8410.742c:   Restored 0x490 bytes of original file content at 00007ff729df7b70
8410.742c: '\Device\HarddiskVolume2\Windows\System32\ntdll.dll' has no imports
8410.742c: ntdll.dll: Differences in section #13 (.mrdata) between file and memory:
8410.742c:   00007ff94a50a4a0 / 0x01ea4a0: 00 != a0
8410.742c:   00007ff94a50a4a1 / 0x01ea4a1: 00 != d2
8410.742c:   00007ff94a50a4a2 / 0x01ea4a2: 00 != 29
8410.742c:   00007ff94a50a4a3 / 0x01ea4a3: 00 != 77
8410.742c:   00007ff94a50a4a8 / 0x01ea4a8: 00 != a8
8410.742c:   00007ff94a50a4a9 / 0x01ea4a9: 00 != 97
8410.742c:   00007ff94a50a4aa / 0x01ea4aa: 00 != 29
8410.742c:   00007ff94a50a4ab / 0x01ea4ab: 00 != 77
8410.742c:   00007ff94a50a4e8 / 0x01ea4e8: 00 != b9
8410.742c:   00007ff94a50a4e9 / 0x01ea4e9: 00 != 37
8410.742c:   00007ff94a50a4ea / 0x01ea4ea: 00 != 74
8410.742c:   00007ff94a50a4eb / 0x01ea4eb: 00 != 17
8410.742c:   00007ff94a50a4f0 / 0x01ea4f0: 00 != 10
8410.742c:   00007ff94a50a4f5 / 0x01ea4f5: 00 != 01
8410.742c:   00007ff94a50a500 / 0x01ea500: 00 != 02
8410.742c:   00007ff94a50a501 / 0x01ea501: 00 != 20
8410.742c:   00007ff94a50a50a / 0x01ea50a: 00 != b2
8410.742c:   00007ff94a50a50b / 0x01ea50b: 00 != b0
8410.742c:   00007ff94a50a50c / 0x01ea50c: 00 != f5
8410.742c:   00007ff94a50a50d / 0x01ea50d: 00 != 7d
8410.742c:   00007ff94a50a515 / 0x01ea515: 00 != 02
8410.742c:   Restored 0x118 bytes of original file content at 00007ff94a50a4a0
8410.742c: supR3HardNtChildPurify: cFixes=2 g_fSupAdversaries=0x80000000
8410.742c: supR3HardNtChildPurify: Startup delay kludge #1/1: 517 ms, 33 sleeps
8410.742c: supHardNtVpScanVirtualMemory: enmKind=CHILD_PURIFICATION
8410.742c:  *0000000000000000-000000007ffdffff 0x0001/0x0000 0x0000000
8410.742c:  *000000007ffe0000-000000007ffe0fff 0x0002/0x0002 0x0020000
8410.742c:   000000007ffe1000-000000007ffeafff 0x0001/0x0000 0x0000000
8410.742c:  *000000007ffeb000-000000007ffebfff 0x0002/0x0002 0x0020000
8410.742c:   000000007ffec000-0000008a288affff 0x0001/0x0000 0x0000000
8410.742c:  *0000008a288b0000-0000008a289aafff 0x0000/0x0004 0x0020000
8410.742c:   0000008a289ab000-0000008a289adfff 0x0104/0x0004 0x0020000
8410.742c:   0000008a289ae000-0000008a289affff 0x0004/0x0004 0x0020000
8410.742c:   0000008a289b0000-0000008a289fffff 0x0001/0x0000 0x0000000
8410.742c:  *0000008a28a00000-0000008a28a64fff 0x0000/0x0004 0x0020000
8410.742c:   0000008a28a65000-0000008a28a67fff 0x0004/0x0004 0x0020000
8410.742c:   0000008a28a68000-0000008a28bfffff 0x0000/0x0004 0x0020000
8410.742c:   0000008a28c00000-0000024e745cffff 0x0001/0x0000 0x0000000
8410.742c:  *0000024e745d0000-0000024e745effff 0x0004/0x0004 0x0020000
8410.742c:  *0000024e745f0000-0000024e74619fff 0x0002/0x0002 0x0040000
8410.742c:   0000024e7461a000-0000024e7461ffff 0x0001/0x0000 0x0000000
8410.742c:  *0000024e74620000-0000024e74623fff 0x0002/0x0002 0x0040000
8410.742c:   0000024e74624000-0000024e7462ffff 0x0001/0x0000 0x0000000
8410.742c:  *0000024e74630000-0000024e74630fff 0x0002/0x0002 0x0040000
8410.742c:   0000024e74631000-0000024e7463ffff 0x0001/0x0000 0x0000000
8410.742c:  *0000024e74640000-0000024e74641fff 0x0004/0x0004 0x0020000
8410.742c:   0000024e74642000-00007df5b0b1ffff 0x0001/0x0000 0x0000000
8410.742c:  *00007df5b0b20000-00007df5b244dfff 0x0000/0x0001 0x0040000
8410.742c:   00007df5b244e000-00007df5b252bfff 0x0001/0x0001 0x0040000
8410.742c:   00007df5b252c000-00007df5b28e4fff 0x0000/0x0001 0x0040000
8410.742c:   00007df5b28e5000-00007df5b28e5fff 0x0001/0x0001 0x0040000
8410.742c:   00007df5b28e6000-00007ff58d592fff 0x0000/0x0001 0x0040000
8410.742c:   00007ff58d593000-00007ff58d597fff 0x0002/0x0001 0x0040000
8410.742c:   00007ff58d598000-00007ff591048fff 0x0000/0x0001 0x0040000
8410.742c:   00007ff591049000-00007ff595dabfff 0x0001/0x0001 0x0040000
8410.742c:   00007ff595dac000-00007ff595db6fff 0x0002/0x0001 0x0040000
8410.742c:   00007ff595db7000-00007ff5b0b1ffff 0x0000/0x0001 0x0040000
8410.742c:   00007ff5b0b20000-00007ff5b4f0ffff 0x0001/0x0000 0x0000000
8410.742c:  *00007ff5b4f10000-00007ff5b4f10fff 0x0002/0x0002 0x0040000
8410.742c:   00007ff5b4f11000-00007ff729ceffff 0x0001/0x0000 0x0000000
8410.742c:  *00007ff729cf0000-00007ff729cf0fff 0x0002/0x0080 0x1000000  \Device\HarddiskVolume2\Program Files\Oracle\VirtualBox\VirtualBoxVM.exe
8410.742c:   00007ff729cf1000-00007ff729d5bfff 0x0020/0x0080 0x1000000  \Device\HarddiskVolume2\Program Files\Oracle\VirtualBox\VirtualBoxVM.exe
8410.742c:   00007ff729d5c000-00007ff729d5cfff 0x0040/0x0080 0x1000000  \Device\HarddiskVolume2\Program Files\Oracle\VirtualBox\VirtualBoxVM.exe
8410.742c:   00007ff729d5d000-00007ff729db1fff 0x0002/0x0080 0x1000000  \Device\HarddiskVolume2\Program Files\Oracle\VirtualBox\VirtualBoxVM.exe
8410.742c:   00007ff729db2000-00007ff729dbefff 0x0004/0x0080 0x1000000  \Device\HarddiskVolume2\Program Files\Oracle\VirtualBox\VirtualBoxVM.exe
8410.742c:   00007ff729dbf000-00007ff729df9fff 0x0002/0x0080 0x1000000  \Device\HarddiskVolume2\Program Files\Oracle\VirtualBox\VirtualBoxVM.exe
8410.742c:   00007ff729dfa000-00007ff94a31ffff 0x0001/0x0000 0x0000000
8410.742c:  *00007ff94a320000-00007ff94a320fff 0x0002/0x0080 0x1000000  \Device\HarddiskVolume2\Windows\System32\ntdll.dll
8410.742c:   00007ff94a321000-00007ff94a492fff 0x0020/0x0080 0x1000000  \Device\HarddiskVolume2\Windows\System32\ntdll.dll
8410.742c:   00007ff94a493000-00007ff94a4ebfff 0x0002/0x0080 0x1000000  \Device\HarddiskVolume2\Windows\System32\ntdll.dll
8410.742c:   00007ff94a4ec000-00007ff94a4ecfff 0x0004/0x0080 0x1000000  \Device\HarddiskVolume2\Windows\System32\ntdll.dll
8410.742c:   00007ff94a4ed000-00007ff94a4edfff 0x0008/0x0080 0x1000000  \Device\HarddiskVolume2\Windows\System32\ntdll.dll
8410.742c:   00007ff94a4ee000-00007ff94a4f4fff 0x0004/0x0080 0x1000000  \Device\HarddiskVolume2\Windows\System32\ntdll.dll
8410.742c:   00007ff94a4f5000-00007ff94a506fff 0x0002/0x0080 0x1000000  \Device\HarddiskVolume2\Windows\System32\ntdll.dll
8410.742c:   00007ff94a507000-00007ff94a507fff 0x0004/0x0080 0x1000000  \Device\HarddiskVolume2\Windows\System32\ntdll.dll
8410.742c:   00007ff94a508000-00007ff94a509fff 0x0008/0x0080 0x1000000  \Device\HarddiskVolume2\Windows\System32\ntdll.dll
8410.742c:   00007ff94a50a000-00007ff94a50afff 0x0004/0x0080 0x1000000  \Device\HarddiskVolume2\Windows\System32\ntdll.dll
8410.742c:   00007ff94a50b000-00007ff94a586fff 0x0002/0x0080 0x1000000  \Device\HarddiskVolume2\Windows\System32\ntdll.dll
8410.742c:   00007ff94a587000-00007ffffffeffff 0x0001/0x0000 0x0000000
8410.742c: supR3HardNtChildPurify: Done after 812 ms and 2 fixes (loop #1).
4d30.74a0: supR3HardenedVmProcessInit: uNtDllAddr=00007ff94a320000 g_uNtVerCombined=0xa0665800 (stack ~0000008a289ae7b0)
4d30.74a0: ntdll.dll: timestamp 0xf7576e9e (rc=VINF_SUCCESS)
4d30.74a0: New simple heap: #1 0000024e74750000 LB 0x800000 (for 2519040 allocation)
8410.742c: supR3HardenedEarlyCompact: Removed heap 1 (0x0001e52c9e0000 LB 0x800000)
8410.742c: supR3HardNtEnableThreadCreationEx:
4d30.74a0: supR3HardenedWinInitAppBin(0x0): '\Device\HarddiskVolume2\Program Files\Oracle\VirtualBox'
4d30.74a0: System32:  \Device\HarddiskVolume2\Windows\System32
4d30.74a0: WinSxS:    \Device\HarddiskVolume2\Windows\WinSxS
4d30.74a0: KnownDllPath: C:\WINDOWS\System32
4d30.74a0: supR3HardenedVmProcessInit: Opening vboxsup...
4d30.74a0: supR3HardenedVmProcessInit: Restoring LdrInitializeThunk...
4d30.74a0: supR3HardenedVmProcessInit: Returning to LdrInitializeThunk...
4d30.74a0: Registered Dll notification callback with NTDLL.
4d30.74a0: supHardenedWinVerifyImageByHandle: -> 0 (\Device\HarddiskVolume2\Windows\System32\kernel32.dll)
4d30.74a0: supR3HardenedWinVerifyCacheInsert: \Device\HarddiskVolume2\Windows\System32\kernel32.dll
4d30.74a0: supR3HardenedMonitor_LdrLoadDll: pName=C:\WINDOWS\System32\KERNEL32.DLL (Input=KERNEL32.DLL, rcNtResolve=0xc0150008) *pfFlags=0xffffffff pwszSearchPath=0000000000004001:<flags> [calling]
4d30.74a0: supR3HardenedDllNotificationCallback: load   00007ff947cb0000 LB 0x003f4000 C:\WINDOWS\System32\KERNELBASE.dll [fFlags=0x0]
4d30.74a0: supHardenedWinVerifyImageByHandle: -> 0 (\Device\HarddiskVolume2\Windows\System32\KernelBase.dll)
4d30.74a0: supR3HardenedWinVerifyCacheInsert: \Device\HarddiskVolume2\Windows\System32\KernelBase.dll
4d30.74a0: supR3HardenedDllNotificationCallback: load   00007ff948ec0000 LB 0x000c9000 C:\WINDOWS\System32\KERNEL32.DLL [fFlags=0x0]
4d30.74a0: supR3HardenedScreenImage/LdrLoadDll: cache hit (VINF_SUCCESS) on \Device\HarddiskVolume2\Windows\System32\kernel32.dll [lacks WinVerifyTrust]
4d30.74a0: supR3HardenedMonitor_LdrLoadDll: returns rcNt=0x0 hMod=00007ff948ec0000 'C:\WINDOWS\System32\KERNEL32.DLL'
4d30.74a0: supR3HardenedScreenImage/LdrLoadDll: cache hit (VINF_SUCCESS) on \Device\HarddiskVolume2\Windows\System32\KernelBase.dll [lacks WinVerifyTrust]
4d30.74a0: supR3HardenedMonitor_LdrLoadDll: pName=C:\WINDOWS\System32\KERNELBASE.dll (Input=KERNELBASE.dll, rcNtResolve=0xc0150008) *pfFlags=0xffffffff pwszSearchPath=0000000000004001:<flags> [calling]
4d30.74a0: supR3HardenedMonitor_LdrLoadDll: returns rcNt=0x0 hMod=00007ff947cb0000 'C:\WINDOWS\System32\KERNELBASE.dll'
4d30.74a0: supR3HardenedDllNotificationCallback: load   00007ff729cf0000 LB 0x0010a000 C:\Program Files\Oracle\VirtualBox\VirtualBoxVM.exe [fFlags=0x0]
4d30.74a0: '\Device\HarddiskVolume2\Program Files\Oracle\VirtualBox\VirtualBoxVM.exe' has no imports
4d30.74a0: supHardenedWinVerifyImageByHandle: -> 0 (\Device\HarddiskVolume2\Program Files\Oracle\VirtualBox\VirtualBoxVM.exe)
4d30.74a0: supR3HardenedWinVerifyCacheInsert: \Device\HarddiskVolume2\Program Files\Oracle\VirtualBox\VirtualBoxVM.exe
4d30.74a0: supR3HardNtDisableThreadCreation: pvLdrInitThunk=00007ff94a40b070 pvNtTerminateThread=00007ff94a482550 g_LdrInitThunkSelfBackup.cb=0
4d30.74a0: supR3HardNtDisableThreadCreationEx: Backup=40 53 48 83 ec 20 48 8b d9 e8 1a 00 00 00 b2 01
8410.742c: supR3HardNtChildWaitFor: Found expected request 1 (CloseEvents) after 100 ms.
4d30.74a0: \SystemRoot\System32\ntdll.dll:
4d30.74a0:     CreationTime:    2026-04-15T08:55:17.136847900Z
4d30.74a0:     LastWriteTime:   2026-04-15T08:55:17.205708100Z
4d30.74a0:     ChangeTime:      2026-04-16T19:25:28.835746100Z
4d30.74a0:     FileAttributes:  0x20
4d30.74a0:     Size:            0x267be8
4d30.74a0:     NT Headers:      0xe0
4d30.74a0:     Timestamp:       0xf7576e9e
4d30.74a0:     Machine:         0x8664 - amd64
4d30.74a0:     Timestamp:       0xf7576e9e
4d30.74a0:     Image Version:   10.0
4d30.74a0:     SizeOfImage:     0x267000 (2519040)
4d30.74a0:     Resource Dir:    0x1eb000 LB 0x7a1b8
4d30.74a0:     [Version info resource found at 0xd8! (ID/Name: 0x1; SubID/SubName: 0x409)]
4d30.74a0:     [Raw version resource data: 0x1eb0f0 LB 0x380, codepage 0x0 (reserved 0x0)]
4d30.74a0:     ProductName:     Microsoft® Windows® Operating System
4d30.74a0:     ProductVersion:  10.0.26100.8246
4d30.74a0:     FileVersion:     10.0.26100.8246 (WinBuild.160101.0800)
4d30.74a0:     FileDescription: NT Layer DLL
4d30.74a0: \SystemRoot\System32\kernel32.dll:
4d30.74a0:     CreationTime:    2026-04-15T08:55:15.494388500Z
4d30.74a0:     LastWriteTime:   2026-04-15T08:55:15.519387500Z
4d30.74a0:     ChangeTime:      2026-04-16T19:26:18.569518100Z
4d30.74a0:     FileAttributes:  0x20
4d30.74a0:     Size:            0xcc298
4d30.74a0:     NT Headers:      0xf8
4d30.74a0:     Timestamp:       0x7635528f
4d30.74a0:     Machine:         0x8664 - amd64
4d30.74a0:     Timestamp:       0x7635528f
4d30.74a0:     Image Version:   10.0
4d30.74a0:     SizeOfImage:     0xc9000 (823296)
4d30.74a0:     Resource Dir:    0xc7000 LB 0x520
4d30.74a0:     [Version info resource found at 0x90! (ID/Name: 0x1; SubID/SubName: 0x409)]
4d30.74a0:     [Raw version resource data: 0xc70b0 LB 0x3a4, codepage 0x0 (reserved 0x0)]
4d30.74a0:     ProductName:     Microsoft® Windows® Operating System
4d30.74a0:     ProductVersion:  10.0.26100.8246
4d30.74a0:     FileVersion:     10.0.26100.8246 (WinBuild.160101.0800)
4d30.74a0:     FileDescription: Windows NT BASE API Client DLL
4d30.74a0: \SystemRoot\System32\KernelBase.dll:
4d30.74a0:     CreationTime:    2026-04-15T08:55:15.503999200Z
4d30.74a0:     LastWriteTime:   2026-04-15T08:55:15.723734700Z
4d30.74a0:     ChangeTime:      2026-04-16T19:26:18.628595200Z
4d30.74a0:     FileAttributes:  0x20
4d30.74a0:     Size:            0x3f6388
4d30.74a0:     NT Headers:      0x108
4d30.74a0:     Timestamp:       0x208e0cb7
4d30.74a0:     Machine:         0x8664 - amd64
4d30.74a0:     Timestamp:       0x208e0cb7
4d30.74a0:     Image Version:   10.0
4d30.74a0:     SizeOfImage:     0x3f4000 (4145152)
4d30.74a0:     Resource Dir:    0x3ba000 LB 0x548
4d30.74a0:     [Version info resource found at 0x90! (ID/Name: 0x1; SubID/SubName: 0x409)]
4d30.74a0:     [Raw version resource data: 0x3ba0b0 LB 0x3bc, codepage 0x0 (reserved 0x0)]
4d30.74a0:     ProductName:     Microsoft® Windows® Operating System
4d30.74a0:     ProductVersion:  10.0.26100.8246
4d30.74a0:     FileVersion:     10.0.26100.8246 (WinBuild.160101.0800)
4d30.74a0:     FileDescription: Windows NT BASE API Client DLL
4d30.74a0: \SystemRoot\System32\apisetschema.dll:
4d30.74a0:     CreationTime:    2026-04-15T08:55:09.521767400Z
4d30.74a0:     LastWriteTime:   2026-04-15T08:55:09.529796200Z
4d30.74a0:     ChangeTime:      2026-04-16T19:25:18.785071600Z
4d30.74a0:     FileAttributes:  0x20
4d30.74a0:     Size:            0x2f600
4d30.74a0:     NT Headers:      0xd8
4d30.74a0:     Timestamp:       0xfb040896
4d30.74a0:     Machine:         0x8664 - amd64
4d30.74a0:     Timestamp:       0xfb040896
4d30.74a0:     Image Version:   10.0
4d30.74a0:     SizeOfImage:     0x2e000 (188416)
4d30.74a0:     Resource Dir:    0x2d000 LB 0x408
4d30.74a0:     [Version info resource found at 0x48! (ID/Name: 0x1; SubID/SubName: 0x409)]
4d30.74a0:     [Raw version resource data: 0x2d060 LB 0x3a8, codepage 0x0 (reserved 0x0)]
4d30.74a0:     ProductName:     Microsoft® Windows® Operating System
4d30.74a0:     ProductVersion:  10.0.26100.8115
4d30.74a0:     FileVersion:     10.0.26100.8115 (WinBuild.160101.0800)
4d30.74a0:     FileDescription: ApiSet Schema DLL
4d30.74a0: NtOpenDirectoryObject failed on \Driver: 0xc0000022
4d30.74a0: supR3HardenedWinFindAdversaries: 0x0
4d30.74a0: supR3HardenedWinInitAppBin(0x0): '\Device\HarddiskVolume2\Program Files\Oracle\VirtualBox'
4d30.74a0: Calling main()
4d30.74a0: SUPR3HardenedMain: pszProgName=VirtualBoxVM fFlags=0x2
4d30.74a0: supR3HardenedWinInitAppBin(0x2): '\Device\HarddiskVolume2\Program Files\Oracle\VirtualBox'
4d30.74a0: '\Device\HarddiskVolume2\Program Files\Oracle\VirtualBox\VirtualBoxVM.exe' has no imports
4d30.74a0: supHardenedWinVerifyImageByHandle: -> 0 (\Device\HarddiskVolume2\Program Files\Oracle\VirtualBox\VirtualBoxVM.exe)
4d30.74a0: SUPR3HardenedMain: Final process, opening VBoxDrv...
4d30.74a0: supR3HardenedEarlyCompact: Removed heap 1 (0x00024e74750000 LB 0x800000)
4d30.74a0: supR3HardNtEnableThreadCreationEx:
4d30.74a0: supHardenedWinVerifyImageByHandle: -> 0 (\Device\HarddiskVolume2\Program Files\Oracle\VirtualBox\VBoxSupLib.dll)
4d30.74a0: supR3HardenedWinVerifyCacheInsert: \Device\HarddiskVolume2\Program Files\Oracle\VirtualBox\VBoxSupLib.dll
4d30.74a0: supR3HardenedMonitor_LdrLoadDll: pName=C:\Program Files\Oracle\VirtualBox\VBoxSupLib.DLL (rcNtResolve=0xc0150008) *pfFlags=0x0 pwszSearchPath=0000000000000801:<flags> [calling]
4d30.74a0: supR3HardenedScreenImage/NtCreateSection: cache hit (VINF_SUCCESS) on \Device\HarddiskVolume2\Program Files\Oracle\VirtualBox\VBoxSupLib.dll [lacks WinVerifyTrust]
4d30.74a0: supR3HardenedDllNotificationCallback: load   00007ff92ea50000 LB 0x00005000 C:\Program Files\Oracle\VirtualBox\VBoxSupLib.DLL [fFlags=0x0]
4d30.74a0: supR3HardenedScreenImage/LdrLoadDll: cache hit (VINF_SUCCESS) on \Device\HarddiskVolume2\Program Files\Oracle\VirtualBox\VBoxSupLib.dll [lacks WinVerifyTrust]
4d30.74a0: supR3HardenedScreenImage/LdrLoadDll: cache hit (VINF_SUCCESS) on \Device\HarddiskVolume2\Program Files\Oracle\VirtualBox\VBoxSupLib.dll [lacks WinVerifyTrust]
4d30.74a0: supR3HardenedMonitor_LdrLoadDll: pName=C:\Program Files\Oracle\VirtualBox\VBoxSupLib.DLL (rcNtResolve=0xc0150008) *pfFlags=0x0 pwszSearchPath=0000000000000001:<flags> [calling]
4d30.74a0: supR3HardenedMonitor_LdrLoadDll: returns rcNt=0x0 hMod=00007ff92ea50000 'C:\Program Files\Oracle\VirtualBox\VBoxSupLib.DLL'
4d30.74a0: supR3HardenedScreenImage/LdrLoadDll: cache hit (VINF_SUCCESS) on \Device\HarddiskVolume2\Program Files\Oracle\VirtualBox\VBoxSupLib.dll [lacks WinVerifyTrust]
4d30.74a0: supR3HardenedMonitor_LdrLoadDll: pName=C:\Program Files\Oracle\VirtualBox\VBoxSupLib.DLL (rcNtResolve=0xc0150008) *pfFlags=0x0 pwszSearchPath=0000000000000001:<flags> [calling]
4d30.74a0: supR3HardenedMonitor_LdrLoadDll: returns rcNt=0x0 hMod=00007ff92ea50000 'C:\Program Files\Oracle\VirtualBox\VBoxSupLib.DLL'
4d30.74a0: supR3HardenedMonitor_LdrLoadDll: returns rcNt=0x0 hMod=00007ff92ea50000 'C:\Program Files\Oracle\VirtualBox\VBoxSupLib.DLL'
4d30.74a0: supR3HardenedWinVerifyCacheScheduleImports: Import todo: #0 'msvcrt.dll'.
4d30.74a0: supR3HardenedWinVerifyCacheScheduleImports: Import todo: #30 'rpcrt4.dll'.
4d30.74a0: supHardenedWinVerifyImageByHandle: -> 0 (\Device\HarddiskVolume2\Windows\System32\wintrust.dll)
4d30.74a0: supR3HardenedWinVerifyCacheInsert: \Device\HarddiskVolume2\Windows\System32\wintrust.dll
4d30.74a0: supR3HardenedWinVerifyCacheProcessImportTodos: Processing 'rpcrt4.dll'...
4d30.74a0: supR3HardenedWinVerifyCacheProcessImportTodos: 'rpcrt4.dll' -> '\Device\HarddiskVolume2\Windows\System32\rpcrt4.dll' [rcNtRedir=0xc0150008]
4d30.74a0: supHardenedWinVerifyImageByHandle: -> 0 (\Device\HarddiskVolume2\Windows\System32\rpcrt4.dll)
4d30.74a0: supR3HardenedWinVerifyCacheInsert: \Device\HarddiskVolume2\Windows\System32\rpcrt4.dll
4d30.74a0: supR3HardenedWinVerifyCacheProcessImportTodos: Processing 'msvcrt.dll'...
4d30.74a0: supR3HardenedWinVerifyCacheProcessImportTodos: 'msvcrt.dll' -> '\Device\HarddiskVolume2\Windows\System32\msvcrt.dll' [rcNtRedir=0xc0150008]
4d30.74a0: supHardenedWinVerifyImageByHandle: -> 0 (\Device\HarddiskVolume2\Windows\System32\msvcrt.dll)
4d30.74a0: supR3HardenedWinVerifyCacheInsert: \Device\HarddiskVolume2\Windows\System32\msvcrt.dll
4d30.74a0: supR3HardenedMonitor_LdrLoadDll: pName=C:\WINDOWS\system32\Wintrust.dll (rcNtResolve=0xc0150008) *pfFlags=0x0 pwszSearchPath=0000000000000801:<flags> [calling]
4d30.74a0: supR3HardenedDllNotificationCallback: load   00007ff948e10000 LB 0x000a9000 C:\WINDOWS\System32\msvcrt.dll [fFlags=0x0]
4d30.74a0: supR3HardenedScreenImage/LdrLoadDll: cache hit (VINF_SUCCESS) on \Device\HarddiskVolume2\Windows\System32\msvcrt.dll [lacks WinVerifyTrust]
4d30.74a0: supR3HardenedDllNotificationCallback: load   00007ff949770000 LB 0x00118000 C:\WINDOWS\System32\RPCRT4.dll [fFlags=0x0]
4d30.74a0: supR3HardenedScreenImage/LdrLoadDll: cache hit (VINF_SUCCESS) on \Device\HarddiskVolume2\Windows\System32\rpcrt4.dll [lacks WinVerifyTrust]
4d30.74a0: supR3HardenedDllNotificationCallback: load   00007ff947100000 LB 0x00082000 C:\WINDOWS\System32\Wintrust.dll [fFlags=0x0]
4d30.74a0: supR3HardenedScreenImage/LdrLoadDll: cache hit (VINF_SUCCESS) on \Device\HarddiskVolume2\Windows\System32\wintrust.dll [lacks WinVerifyTrust]
4d30.74a0: supR3HardenedDllNotificationCallback: load   00007ff947b60000 LB 0x0014b000 C:\WINDOWS\System32\ucrtbase.dll [fFlags=0x0]
4d30.74a0: supHardenedWinVerifyImageByHandle: -> 0 (\Device\HarddiskVolume2\Windows\System32\ucrtbase.dll)
4d30.74a0: supR3HardenedWinVerifyCacheInsert: \Device\HarddiskVolume2\Windows\System32\ucrtbase.dll
4d30.74a0: supR3HardenedDllNotificationCallback: load   00007ff946e90000 LB 0x00177000 C:\WINDOWS\System32\CRYPT32.dll [fFlags=0x0]
4d30.74a0: supHardenedWinVerifyImageByHandle: -> 0 (\Device\HarddiskVolume2\Windows\System32\crypt32.dll)
4d30.74a0: supR3HardenedWinVerifyCacheInsert: \Device\HarddiskVolume2\Windows\System32\crypt32.dll
4d30.74a0: supR3HardenedIsApiSetDll: ApiSetQueryApiSetPresence(api-ms-win-core-synch-l1-2-0) -> 0x0, fPresent=1
4d30.74a0: supR3HardenedMonitor_LdrLoadDll: pName=api-ms-win-core-synch-l1-2-0 (rcNtResolve=0x0) *pfFlags=0x0 pwszSearchPath=0000000000000801:<flags> [calling]
4d30.74a0: supR3HardenedMonitor_LdrLoadDll: returns rcNt=0x0 hMod=00007ff947cb0000 'api-ms-win-core-synch-l1-2-0'
4d30.74a0: supR3HardenedIsApiSetDll: ApiSetQueryApiSetPresence(api-ms-win-core-fibers-l1-1-1) -> 0x0, fPresent=1
4d30.74a0: supR3HardenedMonitor_LdrLoadDll: pName=api-ms-win-core-fibers-l1-1-1 (rcNtResolve=0x0) *pfFlags=0x0 pwszSearchPath=0000000000000801:<flags> [calling]
4d30.74a0: supR3HardenedMonitor_LdrLoadDll: returns rcNt=0x0 hMod=00007ff947cb0000 'api-ms-win-core-fibers-l1-1-1'
4d30.74a0: supR3HardenedIsApiSetDll: ApiSetQueryApiSetPresence(api-ms-win-core-fibers-l1-1-2) -> 0x0, fPresent=1
4d30.74a0: supR3HardenedMonitor_LdrLoadDll: pName=api-ms-win-core-fibers-l1-1-2 (rcNtResolve=0x0) *pfFlags=0x0 pwszSearchPath=0000000000000801:<flags> [calling]
4d30.74a0: supR3HardenedMonitor_LdrLoadDll: returns rcNt=0x0 hMod=00007ff947cb0000 'api-ms-win-core-fibers-l1-1-2'
4d30.74a0: supHardenedWinVerifyImageByHandle: -> 0 (\Device\HarddiskVolume2\Windows\System32\msasn1.dll)
4d30.74a0: supR3HardenedWinVerifyCacheInsert: \Device\HarddiskVolume2\Windows\System32\msasn1.dll
4d30.74a0: supR3HardenedDllNotificationCallback: load   00007ff946240000 LB 0x00013000 C:\WINDOWS\SYSTEM32\MSASN1.dll [fFlags=0x0]
4d30.74a0: supR3HardenedScreenImage/LdrLoadDll: cache hit (VINF_SUCCESS) on \Device\HarddiskVolume2\Windows\System32\msasn1.dll [lacks WinVerifyTrust]
4d30.74a0: supR3HardenedMonitor_LdrLoadDll: returns rcNt=0x0 hMod=00007ff947100000 'C:\WINDOWS\system32\Wintrust.dll'
4d30.74a0: supHardenedWinVerifyImageByHandle: -> 0 (\Device\HarddiskVolume2\Windows\System32\bcrypt.dll)
4d30.74a0: supR3HardenedWinVerifyCacheInsert: \Device\HarddiskVolume2\Windows\System32\bcrypt.dll
4d30.74a0: supR3HardenedMonitor_LdrLoadDll: pName=C:\WINDOWS\system32\bcrypt.dll (rcNtResolve=0xc0150008) *pfFlags=0x0 pwszSearchPath=0000000000000801:<flags> [calling]
4d30.74a0: supR3HardenedScreenImage/NtCreateSection: cache hit (VINF_SUCCESS) on \Device\HarddiskVolume2\Windows\System32\bcrypt.dll [lacks WinVerifyTrust]
4d30.74a0: supR3HardenedDllNotificationCallback: load   00007ff9480b0000 LB 0x000a7000 C:\WINDOWS\System32\sechost.dll [fFlags=0x0]
4d30.74a0: supHardenedWinVerifyImageByHandle: -> 0 (\Device\HarddiskVolume2\Windows\System32\sechost.dll)
4d30.74a0: supR3HardenedWinVerifyCacheInsert: \Device\HarddiskVolume2\Windows\System32\sechost.dll
4d30.74a0: supR3HardenedDllNotificationCallback: load   00007ff946ae0000 LB 0x0002a000 C:\WINDOWS\system32\bcrypt.dll [fFlags=0x0]
4d30.74a0: supR3HardenedScreenImage/LdrLoadDll: cache hit (VINF_SUCCESS) on \Device\HarddiskVolume2\Windows\System32\bcrypt.dll [lacks WinVerifyTrust]
4d30.74a0: supR3HardenedMonitor_LdrLoadDll: returns rcNt=0x0 hMod=00007ff946ae0000 'C:\WINDOWS\system32\bcrypt.dll'
4d30.74a0: bcrypt.dll loaded at 00007ff946ae0000, BCryptOpenAlgorithmProvider at 00007ff946ae9410, preloading providers:
4d30.74a0: supHardenedWinVerifyImageByHandle: -> 0 (\Device\HarddiskVolume2\Windows\System32\bcryptprimitives.dll)
4d30.74a0: supR3HardenedWinVerifyCacheInsert: \Device\HarddiskVolume2\Windows\System32\bcryptprimitives.dll
4d30.74a0: supR3HardenedMonitor_LdrLoadDll: pName=C:\WINDOWS\system32\bcryptprimitives.dll (rcNtResolve=0xc0150008) *pfFlags=0x0 pwszSearchPath=0000000000000001:<flags> [calling]
4d30.74a0: supR3HardenedDllNotificationCallback: load   00007ff947ab0000 LB 0x000a5000 C:\WINDOWS\System32\bcryptprimitives.dll [fFlags=0x0]
4d30.74a0: supR3HardenedScreenImage/LdrLoadDll: cache hit (VINF_SUCCESS) on \Device\HarddiskVolume2\Windows\System32\bcryptprimitives.dll [lacks WinVerifyTrust]
4d30.74a0: supR3HardenedMonitor_LdrLoadDll: returns rcNt=0x0 hMod=00007ff947ab0000 'C:\WINDOWS\system32\bcryptprimitives.dll'
4d30.74a0:     BCryptOpenAlgorithmProvider(,'MD2',0,0) -> 0x0 (hAlgo=0000024e7510e390)
4d30.74a0:     BCryptOpenAlgorithmProvider(,'MD4',0,0) -> 0x0 (hAlgo=0000024e7510ece0)
4d30.74a0:     BCryptOpenAlgorithmProvider(,'MD5',0,0) -> 0x0 (hAlgo=0000024e7510f3a0)
4d30.74a0:     BCryptOpenAlgorithmProvider(,'SHA1',0,0) -> 0x0 (hAlgo=0000024e7510fa60)
4d30.74a0:     BCryptOpenAlgorithmProvider(,'SHA256',0,0) -> 0x0 (hAlgo=0000024e75110120)
4d30.74a0:     BCryptOpenAlgorithmProvider(,'SHA512',0,0) -> 0x0 (hAlgo=0000024e751107e0)
4d30.74a0:     BCryptOpenAlgorithmProvider(,'RSA',0,0) -> 0x0 (hAlgo=0000024e75110ea0)
4d30.74a0:     BCryptOpenAlgorithmProvider(,'DSA',0,0) -> 0x0 (hAlgo=0000024e75111560)
4d30.74a0: supHardenedWinVerifyImageByHandle: -> 0 (\Device\HarddiskVolume2\Windows\System32\cryptsp.dll)
4d30.74a0: supR3HardenedWinVerifyCacheInsert: \Device\HarddiskVolume2\Windows\System32\cryptsp.dll
4d30.74a0: supR3HardenedDllNotificationCallback: load   00007ff9461d0000 LB 0x0001b000 C:\WINDOWS\SYSTEM32\CRYPTSP.dll [fFlags=0x0]
4d30.74a0: supR3HardenedScreenImage/LdrLoadDll: cache hit (VINF_SUCCESS) on \Device\HarddiskVolume2\Windows\System32\cryptsp.dll [lacks WinVerifyTrust]
4d30.74a0: supHardenedWinVerifyImageByHandle: -> 0 (\Device\HarddiskVolume2\Windows\System32\rsaenh.dll)
4d30.74a0: supR3HardenedWinVerifyCacheInsert: \Device\HarddiskVolume2\Windows\System32\rsaenh.dll
4d30.74a0: supR3HardenedMonitor_LdrLoadDll: pName=C:\WINDOWS\system32\rsaenh.dll (rcNtResolve=0xc0150008) *pfFlags=0x0 pwszSearchPath=0000000000000001:<flags> [calling]
4d30.74a0: supR3HardenedScreenImage/NtCreateSection: cache hit (VINF_SUCCESS) on \Device\HarddiskVolume2\Windows\System32\rsaenh.dll [lacks WinVerifyTrust]
4d30.74a0: supR3HardenedDllNotificationCallback: load   00007ff9458c0000 LB 0x00039000 C:\WINDOWS\system32\rsaenh.dll [fFlags=0x0]
4d30.74a0: supR3HardenedScreenImage/LdrLoadDll: cache hit (VINF_SUCCESS) on \Device\HarddiskVolume2\Windows\System32\rsaenh.dll [lacks WinVerifyTrust]
4d30.74a0: supR3HardenedMonitor_LdrLoadDll: returns rcNt=0x0 hMod=00007ff9458c0000 'C:\WINDOWS\system32\rsaenh.dll'
4d30.74a0: supHardenedWinVerifyImageByHandle: -> 0 (\Device\HarddiskVolume2\Windows\System32\cryptbase.dll)
4d30.74a0: supR3HardenedWinVerifyCacheInsert: \Device\HarddiskVolume2\Windows\System32\cryptbase.dll
4d30.74a0: supR3HardenedDllNotificationCallback: load   00007ff9461f0000 LB 0x0000c000 C:\WINDOWS\SYSTEM32\CRYPTBASE.dll [fFlags=0x0]
4d30.74a0: supR3HardenedScreenImage/LdrLoadDll: cache hit (VINF_SUCCESS) on \Device\HarddiskVolume2\Windows\System32\cryptbase.dll [lacks WinVerifyTrust]
4d30.74a0: supR3HardenedScreenImage/LdrLoadDll: cache hit (VINF_SUCCESS) on \Device\HarddiskVolume2\Windows\System32\kernel32.dll [lacks WinVerifyTrust]
4d30.74a0: supR3HardenedMonitor_LdrLoadDll: pName=C:\WINDOWS\System32\kernel32.dll (Input=kernel32.dll, rcNtResolve=0xc0150008) *pfFlags=0x0 pwszSearchPath=0000000000000001:<flags> [calling]
4d30.74a0: supR3HardenedMonitor_LdrLoadDll: returns rcNt=0x0 hMod=00007ff948ec0000 'C:\WINDOWS\System32\kernel32.dll'
4d30.74a0: supR3HardenedScreenImage/LdrLoadDll: cache hit (VINF_SUCCESS) on \Device\HarddiskVolume2\Windows\System32\wintrust.dll [lacks WinVerifyTrust]
4d30.74a0: supR3HardenedMonitor_LdrLoadDll: pName=C:\WINDOWS\System32\WINTRUST.DLL (Input=WINTRUST.DLL, rcNtResolve=0xc0150008) *pfFlags=0x0 pwszSearchPath=0000000000000001:<flags> [calling]
4d30.74a0: supR3HardenedMonitor_LdrLoadDll: returns rcNt=0x0 hMod=00007ff947100000 'C:\WINDOWS\System32\WINTRUST.DLL'
4d30.74a0: supR3HardenedScreenImage/LdrLoadDll: cache hit (VINF_SUCCESS) on \Device\HarddiskVolume2\Windows\System32\crypt32.dll [lacks WinVerifyTrust]
4d30.74a0: supR3HardenedMonitor_LdrLoadDll: pName=C:\WINDOWS\System32\CRYPT32.dll (rcNtResolve=0xc0150008) *pfFlags=0x2 pwszSearchPath=0000000000000001:<flags> [calling]
4d30.74a0: supR3HardenedMonitor_LdrLoadDll: returns rcNt=0x0 hMod=00007ff946e90000 'C:\WINDOWS\System32\CRYPT32.dll'
4d30.74a0: supR3HardenedDllNotificationCallback: load   00007ff949ce0000 LB 0x00020000 C:\WINDOWS\System32\imagehlp.dll [fFlags=0x0]
4d30.74a0: supHardenedWinVerifyImageByHandle: -> 0 (\Device\HarddiskVolume2\Windows\System32\imagehlp.dll)
4d30.74a0: supR3HardenedWinVerifyCacheInsert: \Device\HarddiskVolume2\Windows\System32\imagehlp.dll
4d30.74a0: supR3HardenedScreenImage/LdrLoadDll: cache hit (VINF_SUCCESS) on \Device\HarddiskVolume2\Windows\System32\rsaenh.dll [lacks WinVerifyTrust]
4d30.74a0: supR3HardenedMonitor_LdrLoadDll: pName=C:\WINDOWS\system32\rsaenh.dll (rcNtResolve=0xc0150008) *pfFlags=0x0 pwszSearchPath=0000000000000001:<flags> [calling]
4d30.74a0: supR3HardenedMonitor_LdrLoadDll: returns rcNt=0x0 hMod=00007ff9458c0000 'C:\WINDOWS\system32\rsaenh.dll'
4d30.74a0: supR3HardenedScreenImage/LdrLoadDll: cache hit (VINF_SUCCESS) on \Device\HarddiskVolume2\Windows\System32\crypt32.dll [lacks WinVerifyTrust]
4d30.74a0: supR3HardenedMonitor_LdrLoadDll: pName=C:\WINDOWS\System32\crypt32.dll (Input=crypt32.dll, rcNtResolve=0xc0150008) *pfFlags=0x0 pwszSearchPath=0000000000000001:<flags> [calling]
4d30.74a0: supR3HardenedMonitor_LdrLoadDll: returns rcNt=0x0 hMod=00007ff946e90000 'C:\WINDOWS\System32\crypt32.dll'
4d30.74a0: supR3HardenedWinVerifyCacheScheduleImports: Import todo: #0 'msvcp_win.dll'.
4d30.74a0: supR3HardenedWinVerifyCacheScheduleImports: Import todo: #19 'rpcrt4.dll'.
4d30.74a0: supHardenedWinVerifyImageByHandle: -> 0 (\Device\HarddiskVolume2\Windows\System32\gpapi.dll)
4d30.74a0: supR3HardenedWinVerifyCacheInsert: \Device\HarddiskVolume2\Windows\System32\gpapi.dll
4d30.74a0: supR3HardenedDllNotificationCallback: load   00007ff947190000 LB 0x000a3000 C:\WINDOWS\System32\msvcp_win.dll [fFlags=0x0]
4d30.74a0: supHardenedWinVerifyImageByHandle: -> 0 (\Device\HarddiskVolume2\Windows\System32\msvcp_win.dll)
4d30.74a0: supR3HardenedWinVerifyCacheInsert: \Device\HarddiskVolume2\Windows\System32\msvcp_win.dll
4d30.74a0: supR3HardenedDllNotificationCallback: load   00007ff94a1e0000 LB 0x000f8000 C:\WINDOWS\System32\shcore.dll [fFlags=0x0]
4d30.74a0: supHardenedWinVerifyImageByHandle: -> 0 (\Device\HarddiskVolume2\Windows\System32\SHCore.dll)
4d30.74a0: supR3HardenedWinVerifyCacheInsert: \Device\HarddiskVolume2\Windows\System32\SHCore.dll
4d30.74a0: supR3HardenedDllNotificationCallback: load   00007ff945f60000 LB 0x00030000 C:\WINDOWS\SYSTEM32\gpapi.dll [fFlags=0x0]
4d30.74a0: supR3HardenedScreenImage/LdrLoadDll: cache hit (VINF_SUCCESS) on \Device\HarddiskVolume2\Windows\System32\gpapi.dll [lacks WinVerifyTrust]
4d30.74a0: supR3HardenedScreenImage/LdrLoadDll: cache hit (VINF_SUCCESS) on \Device\HarddiskVolume2\Windows\System32\kernel32.dll [lacks WinVerifyTrust]
4d30.74a0: supR3HardenedWinVerifyCacheProcessImportTodos: Processing 'rpcrt4.dll'...
4d30.74a0: supR3HardenedWinVerifyCacheProcessImportTodos: 'rpcrt4.dll' -> '\Device\HarddiskVolume2\Windows\System32\rpcrt4.dll' [rcNtRedir=0xc0150008]
4d30.74a0: supR3HardenedScreenImage/Imports: cache hit (VINF_SUCCESS) on \Device\HarddiskVolume2\Windows\System32\rpcrt4.dll [lacks WinVerifyTrust]
4d30.74a0: supR3HardenedWinVerifyCacheProcessImportTodos: Processing 'msvcp_win.dll'...
4d30.74a0: supR3HardenedWinVerifyCacheProcessImportTodos: 'msvcp_win.dll' -> '\Device\HarddiskVolume2\Windows\System32\msvcp_win.dll' [rcNtRedir=0xc0150008]
4d30.74a0: supR3HardenedScreenImage/Imports: cache hit (VINF_SUCCESS) on \Device\HarddiskVolume2\Windows\System32\msvcp_win.dll [lacks WinVerifyTrust]
4d30.74a0: supR3HardenedMonitor_LdrLoadDll: pName=C:\WINDOWS\System32\kernel32.dll (Input=kernel32, rcNtResolve=0xc0150008) *pfFlags=0x0 pwszSearchPath=0000000000000801:<flags> [calling]
4d30.74a0: supR3HardenedMonitor_LdrLoadDll: returns rcNt=0x0 hMod=00007ff948ec0000 'C:\WINDOWS\System32\kernel32.dll'
4d30.74a0: supR3HardenedIsApiSetDll: ApiSetQueryApiSetPresence(api-ms-win-core-string-l1-1-0) -> 0x0, fPresent=1
4d30.74a0: supR3HardenedMonitor_LdrLoadDll: pName=api-ms-win-core-string-l1-1-0 (rcNtResolve=0x0) *pfFlags=0x0 pwszSearchPath=0000000000000801:<flags> [calling]
4d30.74a0: supR3HardenedMonitor_LdrLoadDll: returns rcNt=0x0 hMod=00007ff947cb0000 'api-ms-win-core-string-l1-1-0'
4d30.74a0: supR3HardenedIsApiSetDll: ApiSetQueryApiSetPresence(api-ms-win-core-localization-l1-2-1) -> 0x0, fPresent=1
4d30.74a0: supR3HardenedMonitor_LdrLoadDll: pName=api-ms-win-core-localization-l1-2-1 (rcNtResolve=0x0) *pfFlags=0x0 pwszSearchPath=0000000000000801:<flags> [calling]
4d30.74a0: supR3HardenedMonitor_LdrLoadDll: returns rcNt=0x0 hMod=00007ff947cb0000 'api-ms-win-core-localization-l1-2-1'
4d30.74a0: supR3HardenedIsApiSetDll: ApiSetQueryApiSetPresence(api-ms-win-core-datetime-l1-1-1) -> 0x0, fPresent=1
4d30.74a0: supR3HardenedMonitor_LdrLoadDll: pName=api-ms-win-core-datetime-l1-1-1 (rcNtResolve=0x0) *pfFlags=0x0 pwszSearchPath=0000000000000801:<flags> [calling]
4d30.74a0: supR3HardenedMonitor_LdrLoadDll: returns rcNt=0x0 hMod=00007ff947cb0000 'api-ms-win-core-datetime-l1-1-1'
4d30.74a0: supR3HardenedIsApiSetDll: ApiSetQueryApiSetPresence(api-ms-win-core-localization-obsolete-l1-2-0) -> 0x0, fPresent=1
4d30.74a0: supR3HardenedMonitor_LdrLoadDll: pName=api-ms-win-core-localization-obsolete-l1-2-0 (rcNtResolve=0x0) *pfFlags=0x0 pwszSearchPath=0000000000000801:<flags> [calling]
4d30.74a0: supR3HardenedMonitor_LdrLoadDll: returns rcNt=0x0 hMod=00007ff947cb0000 'api-ms-win-core-localization-obsolete-l1-2-0'
4d30.74a0: supR3HardenedWinVerifyCacheScheduleImports: Import todo: #0 'msvcrt.dll'.
4d30.74a0: supR3HardenedWinVerifyCacheScheduleImports: Import todo: #8 'crypt32.dll'.
4d30.74a0: supHardenedWinVerifyImageByHandle: -> 0 (\Device\HarddiskVolume2\Windows\System32\cryptnet.dll)
4d30.74a0: supR3HardenedWinVerifyCacheInsert: \Device\HarddiskVolume2\Windows\System32\cryptnet.dll
4d30.74a0: supR3HardenedWinVerifyCacheProcessImportTodos: Processing 'crypt32.dll'...
4d30.74a0: supR3HardenedWinVerifyCacheProcessImportTodos: 'crypt32.dll' -> '\Device\HarddiskVolume2\Windows\System32\crypt32.dll' [rcNtRedir=0xc0150008]
4d30.74a0: supR3HardenedScreenImage/Imports: cache hit (VINF_SUCCESS) on \Device\HarddiskVolume2\Windows\System32\crypt32.dll [lacks WinVerifyTrust]
4d30.74a0: supR3HardenedWinVerifyCacheProcessImportTodos: Processing 'msvcrt.dll'...
4d30.74a0: supR3HardenedWinVerifyCacheProcessImportTodos: 'msvcrt.dll' -> '\Device\HarddiskVolume2\Windows\System32\msvcrt.dll' [rcNtRedir=0xc0150008]
4d30.74a0: supR3HardenedScreenImage/Imports: cache hit (VINF_SUCCESS) on \Device\HarddiskVolume2\Windows\System32\msvcrt.dll [lacks WinVerifyTrust]
4d30.74a0: supR3HardenedMonitor_LdrLoadDll: pName=C:\Windows\System32\cryptnet.dll (rcNtResolve=0xc0150008) *pfFlags=0x0 pwszSearchPath=0000000000000001:<flags> [calling]
4d30.74a0: supR3HardenedScreenImage/NtCreateSection: cache hit (VINF_SUCCESS) on \Device\HarddiskVolume2\Windows\System32\cryptnet.dll [lacks WinVerifyTrust]
4d30.74a0: supR3HardenedDllNotificationCallback: load   00007ff93fbd0000 LB 0x0003b000 C:\Windows\System32\cryptnet.dll [fFlags=0x0]
4d30.74a0: supR3HardenedScreenImage/LdrLoadDll: cache hit (VINF_SUCCESS) on \Device\HarddiskVolume2\Windows\System32\cryptnet.dll [lacks WinVerifyTrust]
4d30.74a0: supR3HardenedScreenImage/LdrLoadDll: cache hit (VINF_SUCCESS) on \Device\HarddiskVolume2\Windows\System32\cryptnet.dll [lacks WinVerifyTrust]
4d30.74a0: supR3HardenedMonitor_LdrLoadDll: pName=C:\Windows\System32\cryptnet.dll (rcNtResolve=0xc0150008) *pfFlags=0x2 pwszSearchPath=0000000000000001:<flags> [calling]
4d30.74a0: supR3HardenedMonitor_LdrLoadDll: returns rcNt=0x0 hMod=00007ff93fbd0000 'C:\Windows\System32\cryptnet.dll'
4d30.74a0: supR3HardenedScreenImage/LdrLoadDll: cache hit (VINF_SUCCESS) on \Device\HarddiskVolume2\Windows\System32\cryptnet.dll [lacks WinVerifyTrust]
4d30.74a0: supR3HardenedMonitor_LdrLoadDll: pName=C:\Windows\System32\cryptnet.dll (rcNtResolve=0xc0150008) *pfFlags=0x2 pwszSearchPath=0000000000000001:<flags> [calling]
4d30.74a0: supR3HardenedMonitor_LdrLoadDll: returns rcNt=0x0 hMod=00007ff93fbd0000 'C:\Windows\System32\cryptnet.dll'
4d30.74a0: supR3HardenedScreenImage/LdrLoadDll: cache hit (VINF_SUCCESS) on \Device\HarddiskVolume2\Windows\System32\cryptnet.dll [lacks WinVerifyTrust]
4d30.74a0: supR3HardenedMonitor_LdrLoadDll: pName=C:\Windows\System32\cryptnet.dll (rcNtResolve=0xc0150008) *pfFlags=0x2 pwszSearchPath=0000000000000001:<flags> [calling]
4d30.74a0: supR3HardenedMonitor_LdrLoadDll: returns rcNt=0x0 hMod=00007ff93fbd0000 'C:\Windows\System32\cryptnet.dll'
4d30.74a0: supR3HardenedScreenImage/LdrLoadDll: cache hit (VINF_SUCCESS) on \Device\HarddiskVolume2\Windows\System32\cryptnet.dll [lacks WinVerifyTrust]
4d30.74a0: supR3HardenedMonitor_LdrLoadDll: pName=C:\Windows\System32\cryptnet.dll (rcNtResolve=0xc0150008) *pfFlags=0x2 pwszSearchPath=0000000000000001:<flags> [calling]
4d30.74a0: supR3HardenedMonitor_LdrLoadDll: returns rcNt=0x0 hMod=00007ff93fbd0000 'C:\Windows\System32\cryptnet.dll'
4d30.74a0: supR3HardenedScreenImage/LdrLoadDll: cache hit (VINF_SUCCESS) on \Device\HarddiskVolume2\Windows\System32\cryptnet.dll [lacks WinVerifyTrust]
4d30.74a0: supR3HardenedMonitor_LdrLoadDll: pName=C:\Windows\System32\cryptnet.dll (rcNtResolve=0xc0150008) *pfFlags=0x2 pwszSearchPath=0000000000000001:<flags> [calling]
4d30.74a0: supR3HardenedMonitor_LdrLoadDll: returns rcNt=0x0 hMod=00007ff93fbd0000 'C:\Windows\System32\cryptnet.dll'
4d30.74a0: supR3HardenedScreenImage/LdrLoadDll: cache hit (VINF_SUCCESS) on \Device\HarddiskVolume2\Windows\System32\cryptnet.dll [lacks WinVerifyTrust]
4d30.74a0: supR3HardenedMonitor_LdrLoadDll: pName=C:\Windows\System32\cryptnet.dll (rcNtResolve=0xc0150008) *pfFlags=0x2 pwszSearchPath=0000000000000001:<flags> [calling]
4d30.74a0: supR3HardenedMonitor_LdrLoadDll: returns rcNt=0x0 hMod=00007ff93fbd0000 'C:\Windows\System32\cryptnet.dll'
4d30.74a0: supR3HardenedScreenImage/LdrLoadDll: cache hit (VINF_SUCCESS) on \Device\HarddiskVolume2\Windows\System32\cryptnet.dll [lacks WinVerifyTrust]
4d30.74a0: supR3HardenedMonitor_LdrLoadDll: returns rcNt=0x0 hMod=00007ff93fbd0000 'C:\Windows\System32\cryptnet.dll'
4d30.74a0: supR3HardenedScreenImage/LdrLoadDll: cache hit (VINF_SUCCESS) on \Device\HarddiskVolume2\Windows\System32\cryptnet.dll [lacks WinVerifyTrust]
4d30.74a0: supR3HardenedMonitor_LdrLoadDll: returns rcNt=0x0 hMod=00007ff93fbd0000 'C:\Windows\System32\cryptnet.dll'
4d30.74a0: supR3HardenedScreenImage/LdrLoadDll: cache hit (VINF_SUCCESS) on \Device\HarddiskVolume2\Windows\System32\cryptnet.dll [lacks WinVerifyTrust]
4d30.74a0: supR3HardenedMonitor_LdrLoadDll: returns rcNt=0x0 hMod=00007ff93fbd0000 'C:\Windows\System32\cryptnet.dll'
4d30.74a0: supR3HardenedScreenImage/LdrLoadDll: cache hit (VINF_SUCCESS) on \Device\HarddiskVolume2\Windows\System32\cryptnet.dll [lacks WinVerifyTrust]
4d30.74a0: supR3HardenedMonitor_LdrLoadDll: returns rcNt=0x0 hMod=00007ff93fbd0000 'C:\Windows\System32\cryptnet.dll'
4d30.74a0: supR3HardenedScreenImage/LdrLoadDll: cache hit (VINF_SUCCESS) on \Device\HarddiskVolume2\Windows\System32\cryptnet.dll [lacks WinVerifyTrust]
4d30.74a0: supR3HardenedMonitor_LdrLoadDll: returns rcNt=0x0 hMod=00007ff93fbd0000 'C:\Windows\System32\cryptnet.dll'
4d30.74a0: supR3HardenedMonitor_LdrLoadDll: returns rcNt=0x0 hMod=00007ff93fbd0000 'C:\Windows\System32\cryptnet.dll'
4d30.74a0: supHardenedWinVerifyImageByHandle: -> 0 (\Device\HarddiskVolume2\Windows\System32\profapi.dll)
4d30.74a0: supR3HardenedWinVerifyCacheInsert: \Device\HarddiskVolume2\Windows\System32\profapi.dll
4d30.74a0: supR3HardenedDllNotificationCallback: load   00007ff946b10000 LB 0x00029000 C:\WINDOWS\SYSTEM32\profapi.dll [fFlags=0x0]
4d30.74a0: supR3HardenedScreenImage/LdrLoadDll: cache hit (VINF_SUCCESS) on \Device\HarddiskVolume2\Windows\System32\profapi.dll [lacks WinVerifyTrust]
4d30.74a0: supR3HardenedDllNotificationCallback: load   00007ff9482d0000 LB 0x000b6000 C:\WINDOWS\System32\advapi32.dll [fFlags=0x0]
4d30.74a0: supR3HardenedWinVerifyCacheScheduleImports: Import todo: #0 'msvcrt.dll'.
4d30.74a0: supR3HardenedWinVerifyCacheScheduleImports: Import todo: #6 'sechost.dll'.
4d30.74a0: supR3HardenedWinVerifyCacheScheduleImports: Import todo: #28 'rpcrt4.dll'.
4d30.74a0: supHardenedWinVerifyImageByHandle: -> 0 (\Device\HarddiskVolume2\Windows\System32\advapi32.dll)
4d30.74a0: supR3HardenedWinVerifyCacheInsert: \Device\HarddiskVolume2\Windows\System32\advapi32.dll
4d30.74a0: supR3HardenedScreenImage/LdrLoadDll: cache hit (VINF_SUCCESS) on \Device\HarddiskVolume2\Windows\System32\rpcrt4.dll [lacks WinVerifyTrust]
4d30.74a0: supR3HardenedWinVerifyCacheProcessImportTodos: Processing 'rpcrt4.dll'...
4d30.74a0: supR3HardenedWinVerifyCacheProcessImportTodos: 'rpcrt4.dll' -> '\Device\HarddiskVolume2\Windows\System32\rpcrt4.dll' [rcNtRedir=0xc0150008]
4d30.74a0: supR3HardenedScreenImage/Imports: cache hit (VINF_SUCCESS) on \Device\HarddiskVolume2\Windows\System32\rpcrt4.dll [lacks WinVerifyTrust]
4d30.74a0: supR3HardenedWinVerifyCacheProcessImportTodos: Processing 'sechost.dll'...
4d30.74a0: supR3HardenedWinVerifyCacheProcessImportTodos: 'sechost.dll' -> '\Device\HarddiskVolume2\Windows\System32\sechost.dll' [rcNtRedir=0xc0150008]
4d30.74a0: supR3HardenedScreenImage/Imports: cache hit (VINF_SUCCESS) on \Device\HarddiskVolume2\Windows\System32\sechost.dll [lacks WinVerifyTrust]
4d30.74a0: supR3HardenedWinVerifyCacheProcessImportTodos: Processing 'msvcrt.dll'...
4d30.74a0: supR3HardenedWinVerifyCacheProcessImportTodos: 'msvcrt.dll' -> '\Device\HarddiskVolume2\Windows\System32\msvcrt.dll' [rcNtRedir=0xc0150008]
4d30.74a0: supR3HardenedScreenImage/Imports: cache hit (VINF_SUCCESS) on \Device\HarddiskVolume2\Windows\System32\msvcrt.dll [lacks WinVerifyTrust]
4d30.74a0: supR3HardenedMonitor_LdrLoadDll: pName=C:\WINDOWS\System32\rpcrt4.dll (Input=rpcrt4.dll, rcNtResolve=0xc0150008) *pfFlags=0x0 pwszSearchPath=0000000000000001:<flags> [calling]
4d30.74a0: supR3HardenedMonitor_LdrLoadDll: returns rcNt=0x0 hMod=00007ff949770000 'C:\WINDOWS\System32\rpcrt4.dll'
4d30.74a0: supR3HardenedScreenImage/LdrLoadDll: cache hit (VINF_SUCCESS) on \Device\HarddiskVolume2\Windows\System32\rsaenh.dll [lacks WinVerifyTrust]
4d30.74a0: supR3HardenedMonitor_LdrLoadDll: pName=C:\WINDOWS\system32\rsaenh.dll (rcNtResolve=0xc0150008) *pfFlags=0x0 pwszSearchPath=0000000000000001:<flags> [calling]
4d30.74a0: supR3HardenedMonitor_LdrLoadDll: returns rcNt=0x0 hMod=00007ff9458c0000 'C:\WINDOWS\system32\rsaenh.dll'
4d30.74a0: supR3HardenedScreenImage/LdrLoadDll: cache hit (VINF_SUCCESS) on \Device\HarddiskVolume2\Windows\System32\crypt32.dll [lacks WinVerifyTrust]
4d30.74a0: supR3HardenedMonitor_LdrLoadDll: pName=C:\WINDOWS\System32\crypt32.dll (Input=crypt32.dll, rcNtResolve=0xc0150008) *pfFlags=0x0 pwszSearchPath=0000000000000001:<flags> [calling]
4d30.74a0: supR3HardenedMonitor_LdrLoadDll: returns rcNt=0x0 hMod=00007ff946e90000 'C:\WINDOWS\System32\crypt32.dll'
4d30.74a0: supR3HardNtViCallWinVerifyTrustCatFile: hFile=0000000000000000 pwszName=\SystemRoot\System32\ntdll.dll
4d30.74a0: supR3HardNtViCallWinVerifyTrustCatFile: New context 0000024e751a9aa0
4d30.74a0: supR3HardNtViCallWinVerifyTrustCatFile: hCatAdmin=0000024e751a9aa0
4d30.74a0: supR3HardNtViCallWinVerifyTrustCatFile: cbHash=20 wszDigest=849B1B75BC3BF186853B7D8CFC9B36644933BC47
4d30.74a0: supR3HardenedScreenImage/LdrLoadDll: cache hit (VINF_SUCCESS) on \Device\HarddiskVolume2\Windows\System32\rsaenh.dll [lacks WinVerifyTrust]
4d30.74a0: supR3HardenedMonitor_LdrLoadDll: pName=C:\WINDOWS\system32\rsaenh.dll (rcNtResolve=0xc0150008) *pfFlags=0x0 pwszSearchPath=0000000000000001:<flags> [calling]
4d30.74a0: supR3HardenedMonitor_LdrLoadDll: returns rcNt=0x0 hMod=00007ff9458c0000 'C:\WINDOWS\system32\rsaenh.dll'
4d30.74a0: supR3HardenedScreenImage/LdrLoadDll: cache hit (VINF_SUCCESS) on \Device\HarddiskVolume2\Windows\System32\crypt32.dll [lacks WinVerifyTrust]
4d30.74a0: supR3HardenedMonitor_LdrLoadDll: pName=C:\WINDOWS\System32\crypt32.dll (Input=crypt32.dll, rcNtResolve=0xc0150008) *pfFlags=0x0 pwszSearchPath=0000000000000001:<flags> [calling]
4d30.74a0: supR3HardenedMonitor_LdrLoadDll: returns rcNt=0x0 hMod=00007ff946e90000 'C:\WINDOWS\System32\crypt32.dll'
4d30.74a0: supR3HardNtViCallWinVerifyTrustCatFile: WinVerifyTrust => 0x0; cat='C:\WINDOWS\system32\CatRoot\{F750E6C3-38EE-11D1-85E5-00C04FC295EE}\Microsoft-Windows-Kernel-Package-Ntdll-Package~31bf3856ad364e35~amd64~~10.0.26100.8246.cat'; file='\SystemRoot\System32\ntdll.dll'
4d30.74a0: g_pfnWinVerifyTrust=00007ff94710b380
4d30.74a0: supR3HardenedScreenImage/preload: cache hit (VINF_SUCCESS) on \Device\HarddiskVolume2\Windows\System32\crypt32.dll [redoing WinVerifyTrust]
4d30.74a0: supR3HardenedScreenImage/LdrLoadDll: cache hit (VINF_SUCCESS) on \Device\HarddiskVolume2\Windows\System32\rsaenh.dll [lacks WinVerifyTrust]
4d30.74a0: supR3HardenedMonitor_LdrLoadDll: pName=C:\WINDOWS\system32\rsaenh.dll (rcNtResolve=0xc0150008) *pfFlags=0x0 pwszSearchPath=0000000000000001:<flags> [calling]
4d30.74a0: supR3HardenedMonitor_LdrLoadDll: returns rcNt=0x0 hMod=00007ff9458c0000 'C:\WINDOWS\system32\rsaenh.dll'
4d30.74a0: supR3HardenedScreenImage/LdrLoadDll: cache hit (VINF_SUCCESS) on \Device\HarddiskVolume2\Windows\System32\crypt32.dll [lacks WinVerifyTrust]
4d30.74a0: supR3HardenedMonitor_LdrLoadDll: pName=C:\WINDOWS\System32\crypt32.dll (Input=crypt32.dll, rcNtResolve=0xc0150008) *pfFlags=0x0 pwszSearchPath=0000000000000001:<flags> [calling]
4d30.74a0: supR3HardenedMonitor_LdrLoadDll: returns rcNt=0x0 hMod=00007ff946e90000 'C:\WINDOWS\System32\crypt32.dll'
4d30.74a0: supR3HardenedScreenImage/preload: 0 (was 0) fWinVerifyTrust=1 for '\Device\HarddiskVolume2\Windows\System32\crypt32.dll'
4d30.74a0: supR3HardenedScreenImage/preload: cache hit (VINF_SUCCESS) on \Device\HarddiskVolume2\Windows\System32\wintrust.dll [redoing WinVerifyTrust]
4d30.74a0: supR3HardenedScreenImage/LdrLoadDll: cache hit (VINF_SUCCESS) on \Device\HarddiskVolume2\Windows\System32\rsaenh.dll [lacks WinVerifyTrust]
4d30.74a0: supR3HardenedMonitor_LdrLoadDll: pName=C:\WINDOWS\system32\rsaenh.dll (rcNtResolve=0xc0150008) *pfFlags=0x0 pwszSearchPath=0000000000000001:<flags> [calling]
4d30.74a0: supR3HardenedMonitor_LdrLoadDll: returns rcNt=0x0 hMod=00007ff9458c0000 'C:\WINDOWS\system32\rsaenh.dll'
4d30.74a0: supR3HardenedScreenImage/LdrLoadDll: cache hit (VINF_SUCCESS) on \Device\HarddiskVolume2\Windows\System32\crypt32.dll
4d30.74a0: supR3HardenedMonitor_LdrLoadDll: pName=C:\WINDOWS\System32\crypt32.dll (Input=crypt32.dll, rcNtResolve=0xc0150008) *pfFlags=0x0 pwszSearchPath=0000000000000001:<flags> [calling]
4d30.74a0: supR3HardenedMonitor_LdrLoadDll: returns rcNt=0x0 hMod=00007ff946e90000 'C:\WINDOWS\System32\crypt32.dll'
4d30.74a0: supR3HardenedScreenImage/preload: 0 (was 0) fWinVerifyTrust=1 for '\Device\HarddiskVolume2\Windows\System32\wintrust.dll'
4d30.74a0: supR3HardenedScreenImage/LdrLoadDll: cache hit (VINF_SUCCESS) on \Device\HarddiskVolume2\Windows\System32\rsaenh.dll [lacks WinVerifyTrust]
4d30.74a0: supR3HardenedMonitor_LdrLoadDll: pName=C:\WINDOWS\system32\rsaenh.dll (rcNtResolve=0xc0150008) *pfFlags=0x0 pwszSearchPath=0000000000000001:<flags> [calling]
4d30.74a0: supR3HardenedMonitor_LdrLoadDll: returns rcNt=0x0 hMod=00007ff9458c0000 'C:\WINDOWS\system32\rsaenh.dll'
4d30.74a0: supR3HardenedMonitor_LdrLoadDll: returns rcNt=0x0 hMod=00007ff946e90000 'C:\WINDOWS\System32\crypt32.dll'
4d30.74a0: supR3HardenedWinVerifyCacheProcessWvtTodos: 0 (was 0) fWinVerifyTrust=1 for '\Device\HarddiskVolume2\Windows\System32\advapi32.dll'
4d30.74a0: supR3HardenedScreenImage/LdrLoadDll: cache hit (VINF_SUCCESS) on \Device\HarddiskVolume2\Windows\System32\rsaenh.dll [lacks WinVerifyTrust]
4d30.74a0: supR3HardenedMonitor_LdrLoadDll: returns rcNt=0x0 hMod=00007ff9458c0000 'C:\WINDOWS\system32\rsaenh.dll'
4d30.74a0: supR3HardenedMonitor_LdrLoadDll: returns rcNt=0x0 hMod=00007ff946e90000 'C:\WINDOWS\System32\crypt32.dll'
4d30.74a0: supR3HardenedWinVerifyCacheProcessWvtTodos: 0 (was 0) fWinVerifyTrust=1 for '\Device\HarddiskVolume2\Windows\System32\profapi.dll'
4d30.74a0: supR3HardenedScreenImage/LdrLoadDll: cache hit (VINF_SUCCESS) on \Device\HarddiskVolume2\Windows\System32\rsaenh.dll [lacks WinVerifyTrust]
4d30.74a0: supR3HardenedMonitor_LdrLoadDll: returns rcNt=0x0 hMod=00007ff9458c0000 'C:\WINDOWS\system32\rsaenh.dll'
4d30.74a0: supR3HardenedMonitor_LdrLoadDll: returns rcNt=0x0 hMod=00007ff946e90000 'C:\WINDOWS\System32\crypt32.dll'
4d30.74a0: supR3HardenedWinVerifyCacheProcessWvtTodos: 0 (was 0) fWinVerifyTrust=1 for '\Device\HarddiskVolume2\Windows\System32\cryptnet.dll'
4d30.74a0: supR3HardenedScreenImage/LdrLoadDll: cache hit (VINF_SUCCESS) on \Device\HarddiskVolume2\Windows\System32\rsaenh.dll [lacks WinVerifyTrust]
4d30.74a0: supR3HardenedMonitor_LdrLoadDll: returns rcNt=0x0 hMod=00007ff9458c0000 'C:\WINDOWS\system32\rsaenh.dll'
4d30.74a0: supR3HardenedMonitor_LdrLoadDll: returns rcNt=0x0 hMod=00007ff946e90000 'C:\WINDOWS\System32\crypt32.dll'
4d30.74a0: supR3HardenedWinVerifyCacheProcessWvtTodos: 0 (was 0) fWinVerifyTrust=1 for '\Device\HarddiskVolume2\Windows\System32\SHCore.dll'
4d30.74a0: supR3HardenedScreenImage/LdrLoadDll: cache hit (VINF_SUCCESS) on \Device\HarddiskVolume2\Windows\System32\rsaenh.dll [lacks WinVerifyTrust]
4d30.74a0: supR3HardenedMonitor_LdrLoadDll: returns rcNt=0x0 hMod=00007ff9458c0000 'C:\WINDOWS\system32\rsaenh.dll'
4d30.74a0: supR3HardenedMonitor_LdrLoadDll: returns rcNt=0x0 hMod=00007ff946e90000 'C:\WINDOWS\System32\crypt32.dll'
4d30.74a0: supR3HardenedWinVerifyCacheProcessWvtTodos: 0 (was 0) fWinVerifyTrust=1 for '\Device\HarddiskVolume2\Windows\System32\msvcp_win.dll'
4d30.74a0: supR3HardenedScreenImage/LdrLoadDll: cache hit (VINF_SUCCESS) on \Device\HarddiskVolume2\Windows\System32\rsaenh.dll [lacks WinVerifyTrust]
4d30.74a0: supR3HardenedMonitor_LdrLoadDll: returns rcNt=0x0 hMod=00007ff9458c0000 'C:\WINDOWS\system32\rsaenh.dll'
4d30.74a0: supR3HardenedMonitor_LdrLoadDll: returns rcNt=0x0 hMod=00007ff946e90000 'C:\WINDOWS\System32\crypt32.dll'
4d30.74a0: supR3HardenedWinVerifyCacheProcessWvtTodos: 0 (was 0) fWinVerifyTrust=1 for '\Device\HarddiskVolume2\Windows\System32\gpapi.dll'
4d30.74a0: supR3HardenedScreenImage/LdrLoadDll: cache hit (VINF_SUCCESS) on \Device\HarddiskVolume2\Windows\System32\rsaenh.dll [lacks WinVerifyTrust]
4d30.74a0: supR3HardenedMonitor_LdrLoadDll: returns rcNt=0x0 hMod=00007ff9458c0000 'C:\WINDOWS\system32\rsaenh.dll'
4d30.74a0: supR3HardenedMonitor_LdrLoadDll: returns rcNt=0x0 hMod=00007ff946e90000 'C:\WINDOWS\System32\crypt32.dll'
4d30.74a0: supR3HardenedWinVerifyCacheProcessWvtTodos: 0 (was 0) fWinVerifyTrust=1 for '\Device\HarddiskVolume2\Windows\System32\imagehlp.dll'
4d30.74a0: supR3HardenedScreenImage/LdrLoadDll: cache hit (VINF_SUCCESS) on \Device\HarddiskVolume2\Windows\System32\rsaenh.dll [lacks WinVerifyTrust]
4d30.74a0: supR3HardenedMonitor_LdrLoadDll: returns rcNt=0x0 hMod=00007ff9458c0000 'C:\WINDOWS\system32\rsaenh.dll'
4d30.74a0: supR3HardenedScreenImage/LdrLoadDll: cache hit (VINF_SUCCESS) on \Device\HarddiskVolume2\Windows\System32\crypt32.dll
4d30.74a0: supR3HardenedMonitor_LdrLoadDll: pName=C:\WINDOWS\System32\crypt32.dll (Input=crypt32.dll, rcNtResolve=0xc0150008) *pfFlags=0x0 pwszSearchPath=0000000000000001:<flags> [calling]
4d30.74a0: supR3HardenedMonitor_LdrLoadDll: returns rcNt=0x0 hMod=00007ff946e90000 'C:\WINDOWS\System32\crypt32.dll'
4d30.74a0: supR3HardenedWinVerifyCacheProcessWvtTodos: 0 (was 0) fWinVerifyTrust=1 for '\Device\HarddiskVolume2\Windows\System32\cryptbase.dll'
4d30.74a0: supR3HardenedScreenImage/LdrLoadDll: cache hit (VINF_SUCCESS) on \Device\HarddiskVolume2\Windows\System32\rsaenh.dll [lacks WinVerifyTrust]
4d30.74a0: supR3HardenedMonitor_LdrLoadDll: pName=C:\WINDOWS\system32\rsaenh.dll (rcNtResolve=0xc0150008) *pfFlags=0x0 pwszSearchPath=0000000000000001:<flags> [calling]
4d30.74a0: supR3HardenedMonitor_LdrLoadDll: returns rcNt=0x0 hMod=00007ff9458c0000 'C:\WINDOWS\system32\rsaenh.dll'
4d30.74a0: supR3HardenedMonitor_LdrLoadDll: returns rcNt=0x0 hMod=00007ff946e90000 'C:\WINDOWS\System32\crypt32.dll'
4d30.74a0: supR3HardenedWinVerifyCacheProcessWvtTodos: 0 (was 0) fWinVerifyTrust=1 for '\Device\HarddiskVolume2\Windows\System32\rsaenh.dll'
4d30.74a0: supR3HardenedMonitor_LdrLoadDll: returns rcNt=0x0 hMod=00007ff9458c0000 'C:\WINDOWS\system32\rsaenh.dll'
4d30.74a0: supR3HardenedMonitor_LdrLoadDll: returns rcNt=0x0 hMod=00007ff946e90000 'C:\WINDOWS\System32\crypt32.dll'
4d30.74a0: supR3HardenedWinVerifyCacheProcessWvtTodos: 0 (was 0) fWinVerifyTrust=1 for '\Device\HarddiskVolume2\Windows\System32\cryptsp.dll'
4d30.74a0: supR3HardenedMonitor_LdrLoadDll: returns rcNt=0x0 hMod=00007ff9458c0000 'C:\WINDOWS\system32\rsaenh.dll'
4d30.74a0: supR3HardenedMonitor_LdrLoadDll: returns rcNt=0x0 hMod=00007ff946e90000 'C:\WINDOWS\System32\crypt32.dll'
4d30.74a0: supR3HardenedWinVerifyCacheProcessWvtTodos: 0 (was 0) fWinVerifyTrust=1 for '\Device\HarddiskVolume2\Windows\System32\bcryptprimitives.dll'
4d30.74a0: supR3HardenedMonitor_LdrLoadDll: returns rcNt=0x0 hMod=00007ff9458c0000 'C:\WINDOWS\system32\rsaenh.dll'
4d30.74a0: supR3HardenedMonitor_LdrLoadDll: returns rcNt=0x0 hMod=00007ff946e90000 'C:\WINDOWS\System32\crypt32.dll'
4d30.74a0: supR3HardenedWinVerifyCacheProcessWvtTodos: 0 (was 0) fWinVerifyTrust=1 for '\Device\HarddiskVolume2\Windows\System32\sechost.dll'
4d30.74a0: supR3HardenedMonitor_LdrLoadDll: returns rcNt=0x0 hMod=00007ff9458c0000 'C:\WINDOWS\system32\rsaenh.dll'
4d30.74a0: supR3HardenedMonitor_LdrLoadDll: returns rcNt=0x0 hMod=00007ff946e90000 'C:\WINDOWS\System32\crypt32.dll'
4d30.74a0: supR3HardenedWinVerifyCacheProcessWvtTodos: 0 (was 0) fWinVerifyTrust=1 for '\Device\HarddiskVolume2\Windows\System32\bcrypt.dll'
4d30.74a0: supR3HardenedMonitor_LdrLoadDll: returns rcNt=0x0 hMod=00007ff9458c0000 'C:\WINDOWS\system32\rsaenh.dll'
4d30.74a0: supR3HardenedMonitor_LdrLoadDll: returns rcNt=0x0 hMod=00007ff946e90000 'C:\WINDOWS\System32\crypt32.dll'
4d30.74a0: supR3HardenedWinVerifyCacheProcessWvtTodos: 0 (was 0) fWinVerifyTrust=1 for '\Device\HarddiskVolume2\Windows\System32\msasn1.dll'
4d30.74a0: supR3HardenedMonitor_LdrLoadDll: returns rcNt=0x0 hMod=00007ff9458c0000 'C:\WINDOWS\system32\rsaenh.dll'
4d30.74a0: supR3HardenedMonitor_LdrLoadDll: returns rcNt=0x0 hMod=00007ff946e90000 'C:\WINDOWS\System32\crypt32.dll'
4d30.74a0: supR3HardenedWinVerifyCacheProcessWvtTodos: 0 (was 0) fWinVerifyTrust=1 for '\Device\HarddiskVolume2\Windows\System32\ucrtbase.dll'
4d30.74a0: supR3HardenedMonitor_LdrLoadDll: returns rcNt=0x0 hMod=00007ff9458c0000 'C:\WINDOWS\system32\rsaenh.dll'
4d30.74a0: supR3HardenedMonitor_LdrLoadDll: returns rcNt=0x0 hMod=00007ff946e90000 'C:\WINDOWS\System32\crypt32.dll'
4d30.74a0: supR3HardenedWinVerifyCacheProcessWvtTodos: 0 (was 0) fWinVerifyTrust=1 for '\Device\HarddiskVolume2\Windows\System32\msvcrt.dll'
4d30.74a0: supR3HardenedMonitor_LdrLoadDll: returns rcNt=0x0 hMod=00007ff9458c0000 'C:\WINDOWS\system32\rsaenh.dll'
4d30.74a0: supR3HardenedMonitor_LdrLoadDll: returns rcNt=0x0 hMod=00007ff946e90000 'C:\WINDOWS\System32\crypt32.dll'
4d30.74a0: supR3HardenedWinVerifyCacheProcessWvtTodos: 0 (was 0) fWinVerifyTrust=1 for '\Device\HarddiskVolume2\Windows\System32\rpcrt4.dll'
4d30.74a0: supR3HardenedMonitor_LdrLoadDll: returns rcNt=0x0 hMod=00007ff9458c0000 'C:\WINDOWS\system32\rsaenh.dll'
4d30.74a0: supR3HardenedMonitor_LdrLoadDll: returns rcNt=0x0 hMod=00007ff946e90000 'C:\WINDOWS\System32\crypt32.dll'
4d30.74a0: supR3HardenedWinVerifyCacheProcessWvtTodos: 0 (was 0) fWinVerifyTrust=1 for '\Device\HarddiskVolume2\Program Files\Oracle\VirtualBox\VBoxSupLib.dll'
4d30.74a0: supR3HardenedMonitor_LdrLoadDll: returns rcNt=0x0 hMod=00007ff9458c0000 'C:\WINDOWS\system32\rsaenh.dll'
4d30.74a0: supR3HardenedMonitor_LdrLoadDll: returns rcNt=0x0 hMod=00007ff946e90000 'C:\WINDOWS\System32\crypt32.dll'
4d30.74a0: supR3HardenedWinVerifyCacheProcessWvtTodos: 0 (was 0) fWinVerifyTrust=1 for '\Device\HarddiskVolume2\Program Files\Oracle\VirtualBox\VirtualBoxVM.exe'
4d30.74a0: supR3HardenedMonitor_LdrLoadDll: returns rcNt=0x0 hMod=00007ff9458c0000 'C:\WINDOWS\system32\rsaenh.dll'
4d30.74a0: supR3HardenedMonitor_LdrLoadDll: returns rcNt=0x0 hMod=00007ff946e90000 'C:\WINDOWS\System32\crypt32.dll'
4d30.74a0: supR3HardenedWinVerifyCacheProcessWvtTodos: 0 (was 0) fWinVerifyTrust=1 for '\Device\HarddiskVolume2\Windows\System32\KernelBase.dll'
4d30.74a0: supR3HardenedMonitor_LdrLoadDll: returns rcNt=0x0 hMod=00007ff9458c0000 'C:\WINDOWS\system32\rsaenh.dll'
4d30.74a0: supR3HardenedMonitor_LdrLoadDll: returns rcNt=0x0 hMod=00007ff946e90000 'C:\WINDOWS\System32\crypt32.dll'
4d30.74a0: supR3HardenedWinVerifyCacheProcessWvtTodos: 0 (was 0) fWinVerifyTrust=1 for '\Device\HarddiskVolume2\Windows\System32\kernel32.dll'
4d30.74a0: supR3HardenedMonitor_LdrLoadDll: returns rcNt=0x0 hMod=00007ff946e90000 'C:\WINDOWS\system32\crypt32.dll'
4d30.74a0: supR3HardenedWinIsDesiredRootCA: Adding 0xbbde687390e6bf00 C=US, O=DigiCert Inc, OU=www.digicert.com, CN=DigiCert Trusted Root G4
4d30.74a0: supR3HardenedWinIsDesiredRootCA: skipping - not-self-signed: JdxIncC=US, JdxIncST=Delaware, BC=Private Organization, SRN=2262497, C=US, ST=California, L=Redwood City, O=Electronic Arts, Inc., OU=EA SPEAR AntiCheat Engineering, CN=Electronic Arts, Inc.
4d30.74a0: supR3HardenedWinIsDesiredRootCA: Adding 0x5ad46780fa5df300 DC=com, DC=microsoft, CN=Microsoft Root Certificate Authority
4d30.74a0: supR3HardenedWinIsDesiredRootCA: Adding 0xea5386456178582b C=ZA, ST=Western Cape, L=Durbanville, O=Thawte, OU=Thawte Certification, CN=Thawte Timestamping CA
4d30.74a0: supR3HardenedWinIsDesiredRootCA: Adding 0x3be670c1bd02a900 OU=Copyright (c) 1997 Microsoft Corp., OU=Microsoft Corporation, CN=Microsoft Root Authority
4d30.74a0: supR3HardenedWinIsDesiredRootCA: Adding 0x6a4f8c667e39d748 CN=AutoHotkey
4d30.74a0: supR3HardenedWinIsDesiredRootCA: Adding 0xe991ee72b03db500 C=US, O=Symantec Corporation, CN=Symantec Enterprise Mobile Root for Microsoft
4d30.74a0: supR3HardenedWinIsDesiredRootCA: Adding 0x4d3835aa4180b200 C=US, ST=Washington, L=Redmond, O=Microsoft Corporation, CN=Microsoft Root Certificate Authority 2011
4d30.74a0: supR3HardenedWinIsDesiredRootCA: Adding 0x646e3fe3ba08df00 C=US, O=MSFT, CN=Microsoft Authenticode(tm) Root Authority
4d30.74a0: supR3HardenedWinIsDesiredRootCA: skipping - not-self-signed: C=US, ST=Washington, L=Redmond, O=Microsoft Corporation, CN=Microsoft Corporation
4d30.74a0: supR3HardenedWinIsDesiredRootCA: skipping - not-self-signed: C=US, ST=Washington, L=Redmond, O=Microsoft Corporation, CN=Microsoft Corporation
4d30.74a0: supR3HardenedWinIsDesiredRootCA: skipping - not-self-signed: C=US, ST=Washington, L=Redmond, O=Microsoft Corporation, CN=Microsoft Corporation
4d30.74a0: supR3HardenedWinIsDesiredRootCA: Adding 0xece4e4289e08b900 C=US, ST=Washington, L=Redmond, O=Microsoft Corporation, CN=Microsoft Root Certificate Authority 2010
4d30.74a0: supR3HardenedWinIsDesiredRootCA: Adding 0xf3bb4d7e894b420 C=US, ST=Washington, L=Redmond, O=Microsoft Corporation, CN=Microsoft ECC TS Root Certificate Authority 2018
4d30.74a0: supR3HardenedWinIsDesiredRootCA: Adding 0x43a9cc371ff5385a O=Microsoft Trust Network, OU=Microsoft Corporation, OU=Microsoft Time Stamping Service Root, OU=Copyright (c) 1997 Microsoft Corp.
4d30.74a0: supR3HardenedWinIsDesiredRootCA: Adding 0x2e2d2c7c68f0202e O=VeriSign Trust Network, OU=VeriSign, Inc., OU=VeriSign Time Stamping Service Root, OU=NO LIABILITY ACCEPTED, (c)97 VeriSign, Inc.
4d30.74a0: supR3HardenedWinIsDesiredRootCA: Adding 0xcec3d46562b9be8e C=US, ST=Washington, L=Redmond, O=Microsoft Corporation, CN=Microsoft ECC Product Root Certificate Authority 2018
4d30.74a0: supR3HardenedWinIsDesiredRootCA: Adding 0xca58a05dd401ae00 C=US, ST=Washington, L=Redmond, O=Microsoft Corporation, CN=Microsoft Time Stamp Root Certificate Authority 2014
4d30.74a0: supR3HardenedWinIsDesiredRootCA: Adding 0x670683072a91b300 C=US, O=Microsoft Corporation, CN=Microsoft Identity Verification Root Certificate Authority 2020
4d30.74a0: supR3HardenedWinIsDesiredRootCA: Adding 0xdba83b07e377d7f9 C=GB, O=Sectigo Limited, CN=Sectigo Public Server Authentication Root E46
4d30.74a0: supR3HardenedWinIsDesiredRootCA: Adding 0x3d993fde1950a700 C=US, O=IdenTrust, CN=IdenTrust Commercial Root CA 1
4d30.74a0: supR3HardenedWinIsDesiredRootCA: Adding 0x6b7bdc34cd37bb00 C=US, O=DigiCert Inc, OU=www.digicert.com, CN=DigiCert Global Root G2
4d30.74a0: supR3HardenedWinIsDesiredRootCA: Adding 0x780679907625cc00 OU=GlobalSign Root CA - R3, O=GlobalSign, CN=GlobalSign
4d30.74a0: supR3HardenedWinIsDesiredRootCA: Adding 0x80d5e6f878f9bd00 C=PL, O=Unizeto Technologies S.A., OU=Certum Certification Authority, CN=Certum Trusted Network CA 2
4d30.74a0: supR3HardenedWinIsDesiredRootCA: Adding 0xeae16ef49d40be00 C=GB, ST=Greater Manchester, L=Salford, O=Comodo CA Limited, CN=AAA Certificate Services
4d30.74a0: supR3HardenedWinIsDesiredRootCA: Adding 0xc6536f24d57ae723 C=US, ST=New Jersey, L=Jersey City, O=The USERTRUST Network, CN=USERTrust ECC Certification Authority
4d30.74a0: supR3HardenedWinIsDesiredRootCA: Adding 0x2404221294e78d00 C=GB, O=Sectigo Limited, CN=Sectigo Public Code Signing Root R46
4d30.74a0: supR3HardenedWinIsDesiredRootCA: Adding 0x3714f47324e8ad00 C=US, O=Internet Security Research Group, CN=ISRG Root X1
4d30.74a0: supR3HardenedWinIsDesiredRootCA: Adding 0xcb7d2ba3dd0ff900 C=US, ST=Texas, L=Houston, O=SSL Corporation, CN=SSL.com Root Certification Authority RSA
4d30.74a0: supR3HardenedWinIsDesiredRootCA: Adding 0x8ff6fc03c1edbd00 C=US, ST=Arizona, L=Scottsdale, O=Starfield Technologies, Inc., CN=Starfield Root Certificate Authority - G2
4d30.74a0: supR3HardenedWinIsDesiredRootCA: Adding 0xa3ce8d99e60eda00 C=BE, O=GlobalSign nv-sa, OU=Root CA, CN=GlobalSign Root CA
4d30.74a0: supR3HardenedWinIsDesiredRootCA: Adding 0xd8755236d5be9300 C=GB, O=Sectigo Limited, CN=Sectigo Public Server Authentication Root R46
4d30.74a0: supR3HardenedWinIsDesiredRootCA: Adding 0xa671e9fec832b700 C=US, O=Starfield Technologies, Inc., OU=Starfield Class 2 Certification Authority
4d30.74a0: supR3HardenedWinIsDesiredRootCA: Adding 0xa8de7211e13be200 C=US, O=DigiCert Inc, OU=www.digicert.com, CN=DigiCert Global Root CA
4d30.74a0: supR3HardenedWinIsDesiredRootCA: Adding 0x4ef92ac43a0cd500 C=US, ST=Arizona, L=Scottsdale, O=Starfield Technologies, Inc., CN=Starfield Services Root Certificate Authority - G2
4d30.74a0: supR3HardenedWinIsDesiredRootCA: Adding 0xd45980fbf0a0ac00 C=US, O=thawte, Inc., OU=Certification Services Division, OU=(c) 2006 thawte, Inc. - For authorized use only, CN=thawte Primary Root CA
4d30.74a0: supR3HardenedWinIsDesiredRootCA: Adding 0xc9edb72b684ba00 C=US, O=Entrust, Inc., OU=See www.entrust.net/legal-terms, OU=(c) 2009 Entrust, Inc. - for authorized use only, CN=Entrust Root Certification Authority - G2
4d30.74a0: supR3HardenedWinIsDesiredRootCA: Adding 0xf966ca73e8079500 OU=GlobalSign Root CA - R6, O=GlobalSign, CN=GlobalSign
4d30.74a0: supR3HardenedWinIsDesiredRootCA: Adding 0xbebef0d2217f0bfb C=US, O=DigiCert Inc, OU=www.digicert.com, CN=DigiCert Global Root G3
4d30.74a0: supR3HardenedWinIsDesiredRootCA: Adding 0x14018a1bf29e595c C=US, O=VeriSign, Inc., OU=Class 3 Public Primary Certification Authority
4d30.74a0: supR3HardenedWinIsDesiredRootCA: Adding 0x298c3394be5bca00 C=US, O=Microsoft Corporation, CN=Microsoft RSA Root Certificate Authority 2017
4d30.74a0: supR3HardenedWinIsDesiredRootCA: Adding 0xd4fbe673e5ccc600 C=US, O=DigiCert Inc, OU=www.digicert.com, CN=DigiCert High Assurance EV Root CA
4d30.74a0: supR3HardenedWinIsDesiredRootCA: Adding 0xb352b1523915d000 C=JP, O=SECOM Trust Systems CO.,LTD., OU=Security Communication RootCA2
4d30.74a0: supR3HardenedWinIsDesiredRootCA: Adding 0x362d8807333b600 C=US, O=DigiCert, Inc., CN=DigiCert CS RSA4096 Root G5
4d30.74a0: supR3HardenedWinIsDesiredRootCA: Adding 0xb28612a94b4dad00 O=Entrust.net, OU=www.entrust.net/CPS_2048 incorp. by ref. (limits liab.), OU=(c) 1999 Entrust.net Limited, CN=Entrust.net Certification Authority (2048)
4d30.74a0: supR3HardenedWinIsDesiredRootCA: Adding 0xe87add30c52db600 C=BE, O=GlobalSign nv-sa, CN=GlobalSign Code Signing Root R45
4d30.74a0: supR3HardenedWinIsDesiredRootCA: Adding 0x357a29080824af00 C=US, O=VeriSign, Inc., OU=VeriSign Trust Network, OU=(c) 2006 VeriSign, Inc. - For authorized use only, CN=VeriSign Class 3 Public Primary Certification Authority - G5
4d30.74a0: supR3HardenedWinIsDesiredRootCA: Adding 0x59faf1086271bf00 C=US, ST=Arizona, L=Scottsdale, O=GoDaddy.com, Inc., CN=Go Daddy Root Certificate Authority - G2
4d30.74a0: supR3HardenedWinIsDesiredRootCA: Adding 0x3401b15e3761c700 C=US, O=VeriSign, Inc., OU=VeriSign Trust Network, OU=(c) 2008 VeriSign, Inc. - For authorized use only, CN=VeriSign Universal Root Certification Authority
4d30.74a0: supR3HardenedWinIsDesiredRootCA: Adding 0xc30e361765128000 C=US, ST=New Jersey, L=Jersey City, O=The USERTRUST Network, CN=USERTrust RSA Certification Authority
4d30.74a0: supR3HardenedWinIsDesiredRootCA: Adding 0x491857ead79dde00 C=US, O=The Go Daddy Group, Inc., OU=Go Daddy Class 2 Certification Authority
4d30.74a0: supR3HardenedWinIsDesiredRootCA: Adding 0xc2ba72a37dfbe300 C=PL, O=Unizeto Technologies S.A., OU=Certum Certification Authority, CN=Certum Trusted Network CA
4d30.74a0: supR3HardenedWinIsDesiredRootCA: Adding 0x8043e4ce150ead00 C=US, O=DigiCert Inc, OU=www.digicert.com, CN=DigiCert Assured ID Root CA
4d30.74a0: supR3HardenedWinIsDesiredRootCA: Adding 0xf2e6331af7b700 C=SE, O=AddTrust AB, OU=AddTrust External TTP Network, CN=AddTrust External CA Root
4d30.74a0: supR3HardenedWinRetrieveTrustedRootCAs: cAdded=50
4d30.74a0: SUPR3HardenedMain: Load Runtime...
4d30.74a0: supR3HardenedMonitor_LdrLoadDll: returns rcNt=0x0 hMod=00007ff9458c0000 'C:\WINDOWS\system32\rsaenh.dll'
4d30.74a0: supR3HardenedMonitor_LdrLoadDll: returns rcNt=0x0 hMod=00007ff946e90000 'C:\WINDOWS\System32\crypt32.dll'
4d30.74a0: supR3HardenedWinVerifyCacheScheduleImports: Import todo: #0 'mpr.dll'.
4d30.74a0: supR3HardenedWinVerifyCacheScheduleImports: Import todo: #2 'rpcrt4.dll'.
4d30.74a0: supR3HardenedWinVerifyCacheScheduleImports: Import todo: #14 'vcruntime140.dll'.
4d30.74a0: supR3HardenedWinVerifyCacheScheduleImports: Import todo: #15 'vcruntime140_1.dll'.
4d30.74a0: supR3HardenedWinVerifyCacheScheduleImports: Import todo: #16 'msvcp140.dll'.
4d30.74a0: supR3HardenedWinVerifyCacheScheduleImports: Import todo: #17 'ws2_32.dll'.
4d30.74a0: supHardenedWinVerifyImageByHandle: -> 0 (\Device\HarddiskVolume2\Program Files\Oracle\VirtualBox\VBoxRT.dll) WinVerifyTrust
4d30.74a0: supR3HardenedWinVerifyCacheInsert: \Device\HarddiskVolume2\Program Files\Oracle\VirtualBox\VBoxRT.dll
4d30.74a0: supR3HardenedWinVerifyCacheProcessImportTodos: Processing 'ws2_32.dll'...
4d30.74a0: supR3HardenedWinVerifyCacheProcessImportTodos: 'ws2_32.dll' -> '\Device\HarddiskVolume2\Windows\System32\ws2_32.dll' [rcNtRedir=0xc0150008]
4d30.74a0: supR3HardenedMonitor_LdrLoadDll: returns rcNt=0x0 hMod=00007ff9458c0000 'C:\WINDOWS\system32\rsaenh.dll'
4d30.74a0: supR3HardenedScreenImage/LdrLoadDll: cache hit (VINF_SUCCESS) on \Device\HarddiskVolume2\Windows\System32\crypt32.dll
4d30.74a0: supR3HardenedMonitor_LdrLoadDll: pName=C:\WINDOWS\System32\crypt32.dll (Input=crypt32.dll, rcNtResolve=0xc0150008) *pfFlags=0x0 pwszSearchPath=0000000000000001:<flags> [calling]
4d30.74a0: supR3HardenedMonitor_LdrLoadDll: returns rcNt=0x0 hMod=00007ff946e90000 'C:\WINDOWS\System32\crypt32.dll'
4d30.74a0: supR3HardenedWinVerifyCacheScheduleImports: Import todo: #29 'rpcrt4.dll'.
4d30.74a0: supHardenedWinVerifyImageByHandle: -> 0 (\Device\HarddiskVolume2\Windows\System32\ws2_32.dll) WinVerifyTrust
4d30.74a0: supR3HardenedWinVerifyCacheInsert: \Device\HarddiskVolume2\Windows\System32\ws2_32.dll
4d30.74a0: supR3HardenedWinVerifyCacheProcessImportTodos: Processing 'msvcp140.dll'...
4d30.74a0: supR3HardenedWinVerifyCacheProcessImportTodos: 'msvcp140.dll' -> '\Device\HarddiskVolume2\Windows\System32\msvcp140.dll' [rcNtRedir=0xc0150008]
4d30.74a0: supR3HardenedWinVerifyCacheProcessImportTodos: Processing 'rpcrt4.dll'...
4d30.74a0: supR3HardenedWinVerifyCacheProcessImportTodos: 'rpcrt4.dll' -> '\Device\HarddiskVolume2\Windows\System32\rpcrt4.dll' [rcNtRedir=0xc0150008]
4d30.74a0: supR3HardenedScreenImage/Imports: cache hit (VINF_SUCCESS) on \Device\HarddiskVolume2\Windows\System32\rpcrt4.dll
4d30.74a0: supR3HardenedMonitor_LdrLoadDll: returns rcNt=0x0 hMod=00007ff9458c0000 'C:\WINDOWS\system32\rsaenh.dll'
4d30.74a0: supR3HardenedMonitor_LdrLoadDll: returns rcNt=0x0 hMod=00007ff946e90000 'C:\WINDOWS\System32\crypt32.dll'
4d30.74a0: supR3HardenedWinVerifyCacheScheduleImports: Import todo: #0 'vcruntime140.dll'.
4d30.74a0: supR3HardenedWinVerifyCacheScheduleImports: Import todo: #1 'vcruntime140_1.dll'.
4d30.74a0: supHardenedWinVerifyImageByHandle: -> 0 (\Device\HarddiskVolume2\Windows\System32\msvcp140.dll) WinVerifyTrust
4d30.74a0: supR3HardenedWinVerifyCacheInsert: \Device\HarddiskVolume2\Windows\System32\msvcp140.dll
4d30.74a0: supR3HardenedWinVerifyCacheProcessImportTodos: Processing 'vcruntime140_1.dll'...
4d30.74a0: supR3HardenedWinVerifyCacheProcessImportTodos: 'vcruntime140_1.dll' -> '\Device\HarddiskVolume2\Windows\System32\vcruntime140_1.dll' [rcNtRedir=0xc0150008]
4d30.74a0: supR3HardenedScreenImage/LdrLoadDll: cache hit (VINF_SUCCESS) on \Device\HarddiskVolume2\Windows\System32\rsaenh.dll
4d30.74a0: supR3HardenedWinVerifyCacheProcessImportTodos: Processing 'vcruntime140_1.dll'...
4d30.74a0: supR3HardenedWinVerifyCacheProcessImportTodos: 'vcruntime140_1.dll' -> '\Device\HarddiskVolume2\Windows\System32\vcruntime140_1.dll' [rcNtRedir=0xc0150008]
4d30.74a0: Detected WinVerifyTrust recursion: rc=VINF_SUCCESS '\Device\HarddiskVolume2\Windows\System32\vcruntime140_1.dll'.
4d30.74a0: supR3HardenedWinVerifyCacheScheduleImports: Import todo: #3 'vcruntime140.dll'.
4d30.74a0: supHardenedWinVerifyImageByHandle: -> 0 (\Device\HarddiskVolume2\Windows\System32\vcruntime140_1.dll)
4d30.74a0: supR3HardenedWinVerifyCacheInsert: \Device\HarddiskVolume2\Windows\System32\vcruntime140_1.dll
4d30.74a0: supR3HardenedWinVerifyCacheProcessImportTodos: Processing 'vcruntime140.dll'...
4d30.74a0: supR3HardenedWinVerifyCacheProcessImportTodos: 'vcruntime140.dll' -> '\Device\HarddiskVolume2\Windows\System32\vcruntime140.dll' [rcNtRedir=0xc0150008]
4d30.74a0: Detected WinVerifyTrust recursion: rc=VINF_SUCCESS '\Device\HarddiskVolume2\Windows\System32\vcruntime140.dll'.
4d30.74a0: supHardenedWinVerifyImageByHandle: -> 0 (\Device\HarddiskVolume2\Windows\System32\vcruntime140.dll)
4d30.74a0: supR3HardenedWinVerifyCacheInsert: \Device\HarddiskVolume2\Windows\System32\vcruntime140.dll
4d30.74a0: supR3HardenedWinVerifyCacheProcessImportTodos: Processing 'vcruntime140.dll'...
4d30.74a0: supR3HardenedWinVerifyCacheProcessImportTodos: 'vcruntime140.dll' -> '\Device\HarddiskVolume2\Windows\System32\vcruntime140.dll' [rcNtRedir=0xc0150008]
4d30.74a0: supR3HardenedScreenImage/Imports: cache hit (VINF_SUCCESS) on \Device\HarddiskVolume2\Windows\System32\vcruntime140.dll [lacks WinVerifyTrust]
4d30.74a0: supR3HardenedMonitor_LdrLoadDll: pName=C:\WINDOWS\system32\rsaenh.dll (rcNtResolve=0xc0150008) *pfFlags=0x0 pwszSearchPath=0000000000000001:<flags> [calling]
4d30.74a0: supR3HardenedMonitor_LdrLoadDll: returns rcNt=0x0 hMod=00007ff9458c0000 'C:\WINDOWS\system32\rsaenh.dll'
4d30.74a0: supR3HardenedMonitor_LdrLoadDll: returns rcNt=0x0 hMod=00007ff946e90000 'C:\WINDOWS\System32\crypt32.dll'
4d30.74a0: supR3HardenedWinVerifyCacheScheduleImports: Import todo: #3 'vcruntime140.dll'.
4d30.74a0: supHardenedWinVerifyImageByHandle: -> 0 (\Device\HarddiskVolume2\Windows\System32\vcruntime140_1.dll) WinVerifyTrust
4d30.74a0: supR3HardenedWinVerifyCacheProcessImportTodos: Processing 'vcruntime140.dll'...
4d30.74a0: supR3HardenedWinVerifyCacheProcessImportTodos: 'vcruntime140.dll' -> '\Device\HarddiskVolume2\Windows\System32\vcruntime140.dll' [rcNtRedir=0xc0150008]
4d30.74a0: supR3HardenedScreenImage/Imports: cache hit (VINF_SUCCESS) on \Device\HarddiskVolume2\Windows\System32\vcruntime140.dll [redoing WinVerifyTrust]
4d30.74a0: supR3HardenedWinVerifyCacheProcessImportTodos: Processing 'vcruntime140.dll'...
4d30.74a0: supR3HardenedWinVerifyCacheProcessImportTodos: 'vcruntime140.dll' -> '\Device\HarddiskVolume2\Windows\System32\vcruntime140.dll' [rcNtRedir=0xc0150008]
4d30.74a0: supR3HardenedScreenImage/Imports: cache hit (VINF_SUCCESS) on \Device\HarddiskVolume2\Windows\System32\vcruntime140.dll [lacks WinVerifyTrust]
4d30.74a0: supR3HardenedMonitor_LdrLoadDll: returns rcNt=0x0 hMod=00007ff9458c0000 'C:\WINDOWS\system32\rsaenh.dll'
4d30.74a0: supR3HardenedMonitor_LdrLoadDll: returns rcNt=0x0 hMod=00007ff946e90000 'C:\WINDOWS\System32\crypt32.dll'
4d30.74a0: supR3HardenedScreenImage/Imports: 0 (was 0) fWinVerifyTrust=1 for '\Device\HarddiskVolume2\Windows\System32\vcruntime140.dll'
4d30.74a0: supR3HardenedWinVerifyCacheProcessImportTodos: Processing 'rpcrt4.dll'...
4d30.74a0: supR3HardenedWinVerifyCacheProcessImportTodos: 'rpcrt4.dll' -> '\Device\HarddiskVolume2\Windows\System32\rpcrt4.dll' [rcNtRedir=0xc0150008]
4d30.74a0: supR3HardenedScreenImage/Imports: cache hit (VINF_SUCCESS) on \Device\HarddiskVolume2\Windows\System32\rpcrt4.dll
4d30.74a0: supR3HardenedWinVerifyCacheProcessImportTodos: Processing 'mpr.dll'...
4d30.74a0: supR3HardenedWinVerifyCacheProcessImportTodos: 'mpr.dll' -> '\Device\HarddiskVolume2\Windows\System32\mpr.dll' [rcNtRedir=0xc0150008]
4d30.74a0: supR3HardenedMonitor_LdrLoadDll: returns rcNt=0x0 hMod=00007ff9458c0000 'C:\WINDOWS\system32\rsaenh.dll'
4d30.74a0: supR3HardenedMonitor_LdrLoadDll: returns rcNt=0x0 hMod=00007ff946e90000 'C:\WINDOWS\System32\crypt32.dll'
4d30.74a0: supHardenedWinVerifyImageByHandle: -> 0 (\Device\HarddiskVolume2\Windows\System32\mpr.dll) WinVerifyTrust
4d30.74a0: supR3HardenedWinVerifyCacheInsert: \Device\HarddiskVolume2\Windows\System32\mpr.dll
4d30.74a0: supR3HardenedMonitor_LdrLoadDll: pName=C:\Program Files\Oracle\VirtualBox\VBoxRT.dll (rcNtResolve=0xc0150008) *pfFlags=0x0 pwszSearchPath=0000000000000a01:<flags> [calling]
4d30.74a0: supR3HardenedScreenImage/NtCreateSection: cache hit (VINF_SUCCESS) on \Device\HarddiskVolume2\Program Files\Oracle\VirtualBox\VBoxRT.dll
4d30.74a0: supR3HardenedScreenImage/NtCreateSection: cache hit (VINF_SUCCESS) on \Device\HarddiskVolume2\Windows\System32\mpr.dll
4d30.74a0: supR3HardenedScreenImage/NtCreateSection: cache hit (VINF_SUCCESS) on \Device\HarddiskVolume2\Windows\System32\vcruntime140.dll
4d30.74a0: supR3HardenedScreenImage/NtCreateSection: cache hit (VINF_SUCCESS) on \Device\HarddiskVolume2\Windows\System32\vcruntime140_1.dll [avoiding WinVerifyTrust]
4d30.74a0: supR3HardenedScreenImage/NtCreateSection: cache hit (VINF_SUCCESS) on \Device\HarddiskVolume2\Windows\System32\msvcp140.dll
4d30.74a0: supR3HardenedDllNotificationCallback: load   00007ff929a00000 LB 0x00021000 C:\WINDOWS\SYSTEM32\MPR.dll [fFlags=0x0]
4d30.74a0: supR3HardenedScreenImage/LdrLoadDll: cache hit (VINF_SUCCESS) on \Device\HarddiskVolume2\Windows\System32\mpr.dll
4d30.74a0: supR3HardenedDllNotificationCallback: load   00007ff926720000 LB 0x0001e000 C:\WINDOWS\SYSTEM32\VCRUNTIME140.dll [fFlags=0x0]
4d30.74a0: supR3HardenedScreenImage/LdrLoadDll: cache hit (VINF_SUCCESS) on \Device\HarddiskVolume2\Windows\System32\vcruntime140.dll
4d30.74a0: supR3HardenedDllNotificationCallback: load   00007ff9382f0000 LB 0x0000b000 C:\WINDOWS\SYSTEM32\VCRUNTIME140_1.dll [fFlags=0x0]
4d30.74a0: supR3HardenedScreenImage/LdrLoadDll: cache hit (VINF_SUCCESS) on \Device\HarddiskVolume2\Windows\System32\vcruntime140_1.dll [avoiding WinVerifyTrust]
4d30.74a0: supR3HardenedDllNotificationCallback: load   00007ff938300000 LB 0x00088000 C:\WINDOWS\SYSTEM32\MSVCP140.dll [fFlags=0x0]
4d30.74a0: supR3HardenedScreenImage/LdrLoadDll: cache hit (VINF_SUCCESS) on \Device\HarddiskVolume2\Windows\System32\msvcp140.dll
4d30.74a0: supR3HardenedDllNotificationCallback: load   00007ff948ba0000 LB 0x00080000 C:\WINDOWS\System32\WS2_32.dll [fFlags=0x0]
4d30.74a0: supR3HardenedScreenImage/LdrLoadDll: cache hit (VINF_SUCCESS) on \Device\HarddiskVolume2\Windows\System32\ws2_32.dll
4d30.74a0: supR3HardenedDllNotificationCallback: load   00007ff8576a0000 LB 0x00750000 C:\Program Files\Oracle\VirtualBox\VBoxRT.dll [fFlags=0x0]
4d30.74a0: supR3HardenedScreenImage/LdrLoadDll: cache hit (VINF_SUCCESS) on \Device\HarddiskVolume2\Program Files\Oracle\VirtualBox\VBoxRT.dll
4d30.74a0: Detected loader lock ownership: rc=VINF_SUCCESS '\Device\HarddiskVolume2\Windows\System32\vcruntime140_1.dll'.
4d30.74a0: supR3HardenedWinVerifyCacheProcessWvtTodos: 0 (was 0) fWinVerifyTrust=0 for '\Device\HarddiskVolume2\Windows\System32\vcruntime140_1.dll' [rescheduled]
4d30.74a0: supR3HardenedScreenImage/LdrLoadDll: cache hit (VINF_SUCCESS) on \Device\HarddiskVolume2\Program Files\Oracle\VirtualBox\VBoxRT.dll
4d30.74a0: supR3HardenedMonitor_LdrLoadDll: pName=C:\Program Files\Oracle\VirtualBox\VBoxRT.dll (rcNtResolve=0xc0150008) *pfFlags=0x0 pwszSearchPath=0000000000000001:<flags> [calling]
4d30.74a0: supR3HardenedMonitor_LdrLoadDll: returns rcNt=0x0 hMod=00007ff8576a0000 'C:\Program Files\Oracle\VirtualBox\VBoxRT.dll'
4d30.74a0: Detected loader lock ownership: rc=VINF_SUCCESS '\Device\HarddiskVolume2\Windows\System32\vcruntime140_1.dll'.
4d30.74a0: supR3HardenedWinVerifyCacheProcessWvtTodos: 0 (was 0) fWinVerifyTrust=0 for '\Device\HarddiskVolume2\Windows\System32\vcruntime140_1.dll' [rescheduled]
4d30.74a0: Detected loader lock ownership: rc=VINF_SUCCESS '\Device\HarddiskVolume2\Windows\System32\vcruntime140_1.dll'.
4d30.74a0: supR3HardenedWinVerifyCacheProcessWvtTodos: 0 (was 0) fWinVerifyTrust=0 for '\Device\HarddiskVolume2\Windows\System32\vcruntime140_1.dll' [rescheduled]
4d30.74a0: supR3HardenedScreenImage/LdrLoadDll: cache hit (VINF_SUCCESS) on \Device\HarddiskVolume2\Program Files\Oracle\VirtualBox\VBoxRT.dll
4d30.74a0: supR3HardenedMonitor_LdrLoadDll: pName=C:\Program Files\Oracle\VirtualBox\VBoxRT.dll (rcNtResolve=0xc0150008) *pfFlags=0x0 pwszSearchPath=0000000000000001:<flags> [calling]
4d30.74a0: supR3HardenedMonitor_LdrLoadDll: returns rcNt=0x0 hMod=00007ff8576a0000 'C:\Program Files\Oracle\VirtualBox\VBoxRT.dll'
4d30.74a0: Detected loader lock ownership: rc=VINF_SUCCESS '\Device\HarddiskVolume2\Windows\System32\vcruntime140_1.dll'.
4d30.74a0: supR3HardenedWinVerifyCacheProcessWvtTodos: 0 (was 0) fWinVerifyTrust=0 for '\Device\HarddiskVolume2\Windows\System32\vcruntime140_1.dll' [rescheduled]
4d30.74a0: Detected loader lock ownership: rc=VINF_SUCCESS '\Device\HarddiskVolume2\Windows\System32\vcruntime140_1.dll'.
4d30.74a0: supR3HardenedWinVerifyCacheProcessWvtTodos: 0 (was 0) fWinVerifyTrust=0 for '\Device\HarddiskVolume2\Windows\System32\vcruntime140_1.dll' [rescheduled]
4d30.74a0: supR3HardenedScreenImage/LdrLoadDll: cache hit (VINF_SUCCESS) on \Device\HarddiskVolume2\Program Files\Oracle\VirtualBox\VBoxRT.dll
4d30.74a0: supR3HardenedMonitor_LdrLoadDll: pName=C:\Program Files\Oracle\VirtualBox\VBoxRT.dll (rcNtResolve=0xc0150008) *pfFlags=0x0 pwszSearchPath=0000000000000001:<flags> [calling]
4d30.74a0: supR3HardenedMonitor_LdrLoadDll: returns rcNt=0x0 hMod=00007ff8576a0000 'C:\Program Files\Oracle\VirtualBox\VBoxRT.dll'
4d30.74a0: Detected loader lock ownership: rc=VINF_SUCCESS '\Device\HarddiskVolume2\Windows\System32\vcruntime140_1.dll'.
4d30.74a0: supR3HardenedWinVerifyCacheProcessWvtTodos: 0 (was 0) fWinVerifyTrust=0 for '\Device\HarddiskVolume2\Windows\System32\vcruntime140_1.dll' [rescheduled]
4d30.74a0: Detected loader lock ownership: rc=VINF_SUCCESS '\Device\HarddiskVolume2\Windows\System32\vcruntime140_1.dll'.
4d30.74a0: supR3HardenedWinVerifyCacheProcessWvtTodos: 0 (was 0) fWinVerifyTrust=0 for '\Device\HarddiskVolume2\Windows\System32\vcruntime140_1.dll' [rescheduled]
4d30.74a0: supR3HardenedScreenImage/LdrLoadDll: cache hit (VINF_SUCCESS) on \Device\HarddiskVolume2\Program Files\Oracle\VirtualBox\VBoxRT.dll
4d30.74a0: supR3HardenedMonitor_LdrLoadDll: pName=C:\Program Files\Oracle\VirtualBox\VBoxRT.dll (rcNtResolve=0xc0150008) *pfFlags=0x0 pwszSearchPath=0000000000000001:<flags> [calling]
4d30.74a0: supR3HardenedMonitor_LdrLoadDll: returns rcNt=0x0 hMod=00007ff8576a0000 'C:\Program Files\Oracle\VirtualBox\VBoxRT.dll'
4d30.74a0: Detected loader lock ownership: rc=VINF_SUCCESS '\Device\HarddiskVolume2\Windows\System32\vcruntime140_1.dll'.
4d30.74a0: supR3HardenedWinVerifyCacheProcessWvtTodos: 0 (was 0) fWinVerifyTrust=0 for '\Device\HarddiskVolume2\Windows\System32\vcruntime140_1.dll' [rescheduled]
4d30.74a0: Detected loader lock ownership: rc=VINF_SUCCESS '\Device\HarddiskVolume2\Windows\System32\vcruntime140_1.dll'.
4d30.74a0: supR3HardenedWinVerifyCacheProcessWvtTodos: 0 (was 0) fWinVerifyTrust=0 for '\Device\HarddiskVolume2\Windows\System32\vcruntime140_1.dll' [rescheduled]
4d30.74a0: supR3HardenedScreenImage/LdrLoadDll: cache hit (VINF_SUCCESS) on \Device\HarddiskVolume2\Program Files\Oracle\VirtualBox\VBoxRT.dll
4d30.74a0: supR3HardenedMonitor_LdrLoadDll: pName=C:\Program Files\Oracle\VirtualBox\VBoxRT.dll (rcNtResolve=0xc0150008) *pfFlags=0x0 pwszSearchPath=0000000000000001:<flags> [calling]
4d30.74a0: supR3HardenedMonitor_LdrLoadDll: returns rcNt=0x0 hMod=00007ff8576a0000 'C:\Program Files\Oracle\VirtualBox\VBoxRT.dll'
4d30.74a0: Detected loader lock ownership: rc=VINF_SUCCESS '\Device\HarddiskVolume2\Windows\System32\vcruntime140_1.dll'.
4d30.74a0: supR3HardenedWinVerifyCacheProcessWvtTodos: 0 (was 0) fWinVerifyTrust=0 for '\Device\HarddiskVolume2\Windows\System32\vcruntime140_1.dll' [rescheduled]
4d30.74a0: Detected loader lock ownership: rc=VINF_SUCCESS '\Device\HarddiskVolume2\Windows\System32\vcruntime140_1.dll'.
4d30.74a0: supR3HardenedWinVerifyCacheProcessWvtTodos: 0 (was 0) fWinVerifyTrust=0 for '\Device\HarddiskVolume2\Windows\System32\vcruntime140_1.dll' [rescheduled]
4d30.74a0: supR3HardenedScreenImage/LdrLoadDll: cache hit (VINF_SUCCESS) on \Device\HarddiskVolume2\Program Files\Oracle\VirtualBox\VBoxRT.dll
4d30.74a0: supR3HardenedMonitor_LdrLoadDll: pName=C:\Program Files\Oracle\VirtualBox\VBoxRT.dll (rcNtResolve=0xc0150008) *pfFlags=0x0 pwszSearchPath=0000000000000001:<flags> [calling]
4d30.74a0: supR3HardenedMonitor_LdrLoadDll: returns rcNt=0x0 hMod=00007ff8576a0000 'C:\Program Files\Oracle\VirtualBox\VBoxRT.dll'
4d30.74a0: Detected loader lock ownership: rc=VINF_SUCCESS '\Device\HarddiskVolume2\Windows\System32\vcruntime140_1.dll'.
4d30.74a0: supR3HardenedWinVerifyCacheProcessWvtTodos: 0 (was 0) fWinVerifyTrust=0 for '\Device\HarddiskVolume2\Windows\System32\vcruntime140_1.dll' [rescheduled]
4d30.74a0: Detected loader lock ownership: rc=VINF_SUCCESS '\Device\HarddiskVolume2\Windows\System32\vcruntime140_1.dll'.
4d30.74a0: supR3HardenedWinVerifyCacheProcessWvtTodos: 0 (was 0) fWinVerifyTrust=0 for '\Device\HarddiskVolume2\Windows\System32\vcruntime140_1.dll' [rescheduled]
4d30.74a0: supR3HardenedMonitor_LdrLoadDll: returns rcNt=0x0 hMod=00007ff8576a0000 'C:\Program Files\Oracle\VirtualBox\VBoxRT.dll'
4d30.74a0: Detected loader lock ownership: rc=VINF_SUCCESS '\Device\HarddiskVolume2\Windows\System32\vcruntime140_1.dll'.
4d30.74a0: supR3HardenedWinVerifyCacheProcessWvtTodos: 0 (was 0) fWinVerifyTrust=0 for '\Device\HarddiskVolume2\Windows\System32\vcruntime140_1.dll' [rescheduled]
4d30.74a0: Detected loader lock ownership: rc=VINF_SUCCESS '\Device\HarddiskVolume2\Windows\System32\vcruntime140_1.dll'.
4d30.74a0: supR3HardenedWinVerifyCacheProcessWvtTodos: 0 (was 0) fWinVerifyTrust=0 for '\Device\HarddiskVolume2\Windows\System32\vcruntime140_1.dll' [rescheduled]
4d30.74a0: supR3HardenedMonitor_LdrLoadDll: returns rcNt=0x0 hMod=00007ff8576a0000 'C:\Program Files\Oracle\VirtualBox\VBoxRT.dll'
4d30.74a0: Detected loader lock ownership: rc=VINF_SUCCESS '\Device\HarddiskVolume2\Windows\System32\vcruntime140_1.dll'.
4d30.74a0: supR3HardenedWinVerifyCacheProcessWvtTodos: 0 (was 0) fWinVerifyTrust=0 for '\Device\HarddiskVolume2\Windows\System32\vcruntime140_1.dll' [rescheduled]
4d30.74a0: Detected loader lock ownership: rc=VINF_SUCCESS '\Device\HarddiskVolume2\Windows\System32\vcruntime140_1.dll'.
4d30.74a0: supR3HardenedWinVerifyCacheProcessWvtTodos: 0 (was 0) fWinVerifyTrust=0 for '\Device\HarddiskVolume2\Windows\System32\vcruntime140_1.dll' [rescheduled]
4d30.74a0: supR3HardenedMonitor_LdrLoadDll: returns rcNt=0x0 hMod=00007ff8576a0000 'C:\Program Files\Oracle\VirtualBox\VBoxRT.dll'
4d30.74a0: Detected loader lock ownership: rc=VINF_SUCCESS '\Device\HarddiskVolume2\Windows\System32\vcruntime140_1.dll'.
4d30.74a0: supR3HardenedWinVerifyCacheProcessWvtTodos: 0 (was 0) fWinVerifyTrust=0 for '\Device\HarddiskVolume2\Windows\System32\vcruntime140_1.dll' [rescheduled]
4d30.74a0: Detected loader lock ownership: rc=VINF_SUCCESS '\Device\HarddiskVolume2\Windows\System32\vcruntime140_1.dll'.
4d30.74a0: supR3HardenedWinVerifyCacheProcessWvtTodos: 0 (was 0) fWinVerifyTrust=0 for '\Device\HarddiskVolume2\Windows\System32\vcruntime140_1.dll' [rescheduled]
4d30.74a0: supR3HardenedMonitor_LdrLoadDll: returns rcNt=0x0 hMod=00007ff8576a0000 'C:\Program Files\Oracle\VirtualBox\VBoxRT.dll'
4d30.74a0: Detected loader lock ownership: rc=VINF_SUCCESS '\Device\HarddiskVolume2\Windows\System32\vcruntime140_1.dll'.
4d30.74a0: supR3HardenedWinVerifyCacheProcessWvtTodos: 0 (was 0) fWinVerifyTrust=0 for '\Device\HarddiskVolume2\Windows\System32\vcruntime140_1.dll' [rescheduled]
4d30.74a0: Detected loader lock ownership: rc=VINF_SUCCESS '\Device\HarddiskVolume2\Windows\System32\vcruntime140_1.dll'.
4d30.74a0: supR3HardenedWinVerifyCacheProcessWvtTodos: 0 (was 0) fWinVerifyTrust=0 for '\Device\HarddiskVolume2\Windows\System32\vcruntime140_1.dll' [rescheduled]
4d30.74a0: supR3HardenedMonitor_LdrLoadDll: returns rcNt=0x0 hMod=00007ff8576a0000 'C:\Program Files\Oracle\VirtualBox\VBoxRT.dll'
4d30.74a0: Detected loader lock ownership: rc=VINF_SUCCESS '\Device\HarddiskVolume2\Windows\System32\vcruntime140_1.dll'.
4d30.74a0: supR3HardenedWinVerifyCacheProcessWvtTodos: 0 (was 0) fWinVerifyTrust=0 for '\Device\HarddiskVolume2\Windows\System32\vcruntime140_1.dll' [rescheduled]
4d30.74a0: Detected loader lock ownership: rc=VINF_SUCCESS '\Device\HarddiskVolume2\Windows\System32\vcruntime140_1.dll'.
4d30.74a0: supR3HardenedWinVerifyCacheProcessWvtTodos: 0 (was 0) fWinVerifyTrust=0 for '\Device\HarddiskVolume2\Windows\System32\vcruntime140_1.dll' [rescheduled]
4d30.74a0: supR3HardenedMonitor_LdrLoadDll: returns rcNt=0x0 hMod=00007ff8576a0000 'C:\Program Files\Oracle\VirtualBox\VBoxRT.dll'
4d30.74a0: Detected loader lock ownership: rc=VINF_SUCCESS '\Device\HarddiskVolume2\Windows\System32\vcruntime140_1.dll'.
4d30.74a0: supR3HardenedWinVerifyCacheProcessWvtTodos: 0 (was 0) fWinVerifyTrust=0 for '\Device\HarddiskVolume2\Windows\System32\vcruntime140_1.dll' [rescheduled]
4d30.74a0: Detected loader lock ownership: rc=VINF_SUCCESS '\Device\HarddiskVolume2\Windows\System32\vcruntime140_1.dll'.
4d30.74a0: supR3HardenedWinVerifyCacheProcessWvtTodos: 0 (was 0) fWinVerifyTrust=0 for '\Device\HarddiskVolume2\Windows\System32\vcruntime140_1.dll' [rescheduled]
4d30.74a0: supR3HardenedMonitor_LdrLoadDll: returns rcNt=0x0 hMod=00007ff8576a0000 'C:\Program Files\Oracle\VirtualBox\VBoxRT.dll'
4d30.74a0: Detected loader lock ownership: rc=VINF_SUCCESS '\Device\HarddiskVolume2\Windows\System32\vcruntime140_1.dll'.
4d30.74a0: supR3HardenedWinVerifyCacheProcessWvtTodos: 0 (was 0) fWinVerifyTrust=0 for '\Device\HarddiskVolume2\Windows\System32\vcruntime140_1.dll' [rescheduled]
4d30.74a0: Detected loader lock ownership: rc=VINF_SUCCESS '\Device\HarddiskVolume2\Windows\System32\vcruntime140_1.dll'.
4d30.74a0: supR3HardenedWinVerifyCacheProcessWvtTodos: 0 (was 0) fWinVerifyTrust=0 for '\Device\HarddiskVolume2\Windows\System32\vcruntime140_1.dll' [rescheduled]
4d30.74a0: supR3HardenedScreenImage/LdrLoadDll: cache hit (VINF_SUCCESS) on \Device\HarddiskVolume2\Program Files\Oracle\VirtualBox\VBoxRT.dll
4d30.74a0: supR3HardenedMonitor_LdrLoadDll: pName=C:\Program Files\Oracle\VirtualBox\VBoxRT.dll (rcNtResolve=0xc0150008) *pfFlags=0x0 pwszSearchPath=0000000000000001:<flags> [calling]
4d30.74a0: supR3HardenedMonitor_LdrLoadDll: returns rcNt=0x0 hMod=00007ff8576a0000 'C:\Program Files\Oracle\VirtualBox\VBoxRT.dll'
4d30.74a0: Detected loader lock ownership: rc=VINF_SUCCESS '\Device\HarddiskVolume2\Windows\System32\vcruntime140_1.dll'.
4d30.74a0: supR3HardenedWinVerifyCacheProcessWvtTodos: 0 (was 0) fWinVerifyTrust=0 for '\Device\HarddiskVolume2\Windows\System32\vcruntime140_1.dll' [rescheduled]
4d30.74a0: Detected loader lock ownership: rc=VINF_SUCCESS '\Device\HarddiskVolume2\Windows\System32\vcruntime140_1.dll'.
4d30.74a0: supR3HardenedWinVerifyCacheProcessWvtTodos: 0 (was 0) fWinVerifyTrust=0 for '\Device\HarddiskVolume2\Windows\System32\vcruntime140_1.dll' [rescheduled]
4d30.74a0: supR3HardenedMonitor_LdrLoadDll: returns rcNt=0x0 hMod=00007ff8576a0000 'C:\Program Files\Oracle\VirtualBox\VBoxRT.dll'
4d30.74a0: Detected loader lock ownership: rc=VINF_SUCCESS '\Device\HarddiskVolume2\Windows\System32\vcruntime140_1.dll'.
4d30.74a0: supR3HardenedWinVerifyCacheProcessWvtTodos: 0 (was 0) fWinVerifyTrust=0 for '\Device\HarddiskVolume2\Windows\System32\vcruntime140_1.dll' [rescheduled]
4d30.74a0: Detected loader lock ownership: rc=VINF_SUCCESS '\Device\HarddiskVolume2\Windows\System32\vcruntime140_1.dll'.
4d30.74a0: supR3HardenedWinVerifyCacheProcessWvtTodos: 0 (was 0) fWinVerifyTrust=0 for '\Device\HarddiskVolume2\Windows\System32\vcruntime140_1.dll' [rescheduled]
4d30.74a0: supR3HardenedMonitor_LdrLoadDll: returns rcNt=0x0 hMod=00007ff8576a0000 'C:\Program Files\Oracle\VirtualBox\VBoxRT.dll'
4d30.74a0: Detected loader lock ownership: rc=VINF_SUCCESS '\Device\HarddiskVolume2\Windows\System32\vcruntime140_1.dll'.
4d30.74a0: supR3HardenedWinVerifyCacheProcessWvtTodos: 0 (was 0) fWinVerifyTrust=0 for '\Device\HarddiskVolume2\Windows\System32\vcruntime140_1.dll' [rescheduled]
4d30.74a0: Detected loader lock ownership: rc=VINF_SUCCESS '\Device\HarddiskVolume2\Windows\System32\vcruntime140_1.dll'.
4d30.74a0: supR3HardenedWinVerifyCacheProcessWvtTodos: 0 (was 0) fWinVerifyTrust=0 for '\Device\HarddiskVolume2\Windows\System32\vcruntime140_1.dll' [rescheduled]
4d30.74a0: supR3HardenedMonitor_LdrLoadDll: returns rcNt=0x0 hMod=00007ff8576a0000 'C:\Program Files\Oracle\VirtualBox\VBoxRT.dll'
4d30.74a0: Detected loader lock ownership: rc=VINF_SUCCESS '\Device\HarddiskVolume2\Windows\System32\vcruntime140_1.dll'.
4d30.74a0: supR3HardenedWinVerifyCacheProcessWvtTodos: 0 (was 0) fWinVerifyTrust=0 for '\Device\HarddiskVolume2\Windows\System32\vcruntime140_1.dll' [rescheduled]
4d30.74a0: Detected loader lock ownership: rc=VINF_SUCCESS '\Device\HarddiskVolume2\Windows\System32\vcruntime140_1.dll'.
4d30.74a0: supR3HardenedWinVerifyCacheProcessWvtTodos: 0 (was 0) fWinVerifyTrust=0 for '\Device\HarddiskVolume2\Windows\System32\vcruntime140_1.dll' [rescheduled]
4d30.74a0: supR3HardenedMonitor_LdrLoadDll: returns rcNt=0x0 hMod=00007ff8576a0000 'C:\Program Files\Oracle\VirtualBox\VBoxRT.dll'
4d30.74a0: Detected loader lock ownership: rc=VINF_SUCCESS '\Device\HarddiskVolume2\Windows\System32\vcruntime140_1.dll'.
4d30.74a0: supR3HardenedWinVerifyCacheProcessWvtTodos: 0 (was 0) fWinVerifyTrust=0 for '\Device\HarddiskVolume2\Windows\System32\vcruntime140_1.dll' [rescheduled]
4d30.74a0: Detected loader lock ownership: rc=VINF_SUCCESS '\Device\HarddiskVolume2\Windows\System32\vcruntime140_1.dll'.
4d30.74a0: supR3HardenedWinVerifyCacheProcessWvtTodos: 0 (was 0) fWinVerifyTrust=0 for '\Device\HarddiskVolume2\Windows\System32\vcruntime140_1.dll' [rescheduled]
4d30.74a0: supR3HardenedMonitor_LdrLoadDll: returns rcNt=0x0 hMod=00007ff8576a0000 'C:\Program Files\Oracle\VirtualBox\VBoxRT.dll'
4d30.74a0: Detected loader lock ownership: rc=VINF_SUCCESS '\Device\HarddiskVolume2\Windows\System32\vcruntime140_1.dll'.
4d30.74a0: supR3HardenedWinVerifyCacheProcessWvtTodos: 0 (was 0) fWinVerifyTrust=0 for '\Device\HarddiskVolume2\Windows\System32\vcruntime140_1.dll' [rescheduled]
4d30.74a0: Detected loader lock ownership: rc=VINF_SUCCESS '\Device\HarddiskVolume2\Windows\System32\vcruntime140_1.dll'.
4d30.74a0: supR3HardenedWinVerifyCacheProcessWvtTodos: 0 (was 0) fWinVerifyTrust=0 for '\Device\HarddiskVolume2\Windows\System32\vcruntime140_1.dll' [rescheduled]
4d30.74a0: supR3HardenedMonitor_LdrLoadDll: returns rcNt=0x0 hMod=00007ff8576a0000 'C:\Program Files\Oracle\VirtualBox\VBoxRT.dll'
4d30.74a0: Detected loader lock ownership: rc=VINF_SUCCESS '\Device\HarddiskVolume2\Windows\System32\vcruntime140_1.dll'.
4d30.74a0: supR3HardenedWinVerifyCacheProcessWvtTodos: 0 (was 0) fWinVerifyTrust=0 for '\Device\HarddiskVolume2\Windows\System32\vcruntime140_1.dll' [rescheduled]
4d30.74a0: Detected loader lock ownership: rc=VINF_SUCCESS '\Device\HarddiskVolume2\Windows\System32\vcruntime140_1.dll'.
4d30.74a0: supR3HardenedWinVerifyCacheProcessWvtTodos: 0 (was 0) fWinVerifyTrust=0 for '\Device\HarddiskVolume2\Windows\System32\vcruntime140_1.dll' [rescheduled]
4d30.74a0: supR3HardenedMonitor_LdrLoadDll: returns rcNt=0x0 hMod=00007ff8576a0000 'C:\Program Files\Oracle\VirtualBox\VBoxRT.dll'
4d30.74a0: Detected loader lock ownership: rc=VINF_SUCCESS '\Device\HarddiskVolume2\Windows\System32\vcruntime140_1.dll'.
4d30.74a0: supR3HardenedWinVerifyCacheProcessWvtTodos: 0 (was 0) fWinVerifyTrust=0 for '\Device\HarddiskVolume2\Windows\System32\vcruntime140_1.dll' [rescheduled]
4d30.74a0: Detected loader lock ownership: rc=VINF_SUCCESS '\Device\HarddiskVolume2\Windows\System32\vcruntime140_1.dll'.
4d30.74a0: supR3HardenedWinVerifyCacheProcessWvtTodos: 0 (was 0) fWinVerifyTrust=0 for '\Device\HarddiskVolume2\Windows\System32\vcruntime140_1.dll' [rescheduled]
4d30.74a0: supR3HardenedMonitor_LdrLoadDll: returns rcNt=0x0 hMod=00007ff8576a0000 'C:\Program Files\Oracle\VirtualBox\VBoxRT.dll'
4d30.74a0: Detected loader lock ownership: rc=VINF_SUCCESS '\Device\HarddiskVolume2\Windows\System32\vcruntime140_1.dll'.
4d30.74a0: supR3HardenedWinVerifyCacheProcessWvtTodos: 0 (was 0) fWinVerifyTrust=0 for '\Device\HarddiskVolume2\Windows\System32\vcruntime140_1.dll' [rescheduled]
4d30.74a0: Detected loader lock ownership: rc=VINF_SUCCESS '\Device\HarddiskVolume2\Windows\System32\vcruntime140_1.dll'.
4d30.74a0: supR3HardenedWinVerifyCacheProcessWvtTodos: 0 (was 0) fWinVerifyTrust=0 for '\Device\HarddiskVolume2\Windows\System32\vcruntime140_1.dll' [rescheduled]
4d30.74a0: supR3HardenedMonitor_LdrLoadDll: returns rcNt=0x0 hMod=00007ff8576a0000 'C:\Program Files\Oracle\VirtualBox\VBoxRT.dll'
4d30.74a0: Detected loader lock ownership: rc=VINF_SUCCESS '\Device\HarddiskVolume2\Windows\System32\vcruntime140_1.dll'.
4d30.74a0: supR3HardenedWinVerifyCacheProcessWvtTodos: 0 (was 0) fWinVerifyTrust=0 for '\Device\HarddiskVolume2\Windows\System32\vcruntime140_1.dll' [rescheduled]
4d30.74a0: Detected loader lock ownership: rc=VINF_SUCCESS '\Device\HarddiskVolume2\Windows\System32\vcruntime140_1.dll'.
4d30.74a0: supR3HardenedWinVerifyCacheProcessWvtTodos: 0 (was 0) fWinVerifyTrust=0 for '\Device\HarddiskVolume2\Windows\System32\vcruntime140_1.dll' [rescheduled]
4d30.74a0: supR3HardenedMonitor_LdrLoadDll: returns rcNt=0x0 hMod=00007ff8576a0000 'C:\Program Files\Oracle\VirtualBox\VBoxRT.dll'
4d30.74a0: Detected loader lock ownership: rc=VINF_SUCCESS '\Device\HarddiskVolume2\Windows\System32\vcruntime140_1.dll'.
4d30.74a0: supR3HardenedWinVerifyCacheProcessWvtTodos: 0 (was 0) fWinVerifyTrust=0 for '\Device\HarddiskVolume2\Windows\System32\vcruntime140_1.dll' [rescheduled]
4d30.74a0: Detected loader lock ownership: rc=VINF_SUCCESS '\Device\HarddiskVolume2\Windows\System32\vcruntime140_1.dll'.
4d30.74a0: supR3HardenedWinVerifyCacheProcessWvtTodos: 0 (was 0) fWinVerifyTrust=0 for '\Device\HarddiskVolume2\Windows\System32\vcruntime140_1.dll' [rescheduled]
4d30.74a0: supR3HardenedMonitor_LdrLoadDll: returns rcNt=0x0 hMod=00007ff8576a0000 'C:\Program Files\Oracle\VirtualBox\VBoxRT.dll'
4d30.74a0: Detected loader lock ownership: rc=VINF_SUCCESS '\Device\HarddiskVolume2\Windows\System32\vcruntime140_1.dll'.
4d30.74a0: supR3HardenedWinVerifyCacheProcessWvtTodos: 0 (was 0) fWinVerifyTrust=0 for '\Device\HarddiskVolume2\Windows\System32\vcruntime140_1.dll' [rescheduled]
4d30.74a0: Detected loader lock ownership: rc=VINF_SUCCESS '\Device\HarddiskVolume2\Windows\System32\vcruntime140_1.dll'.
4d30.74a0: supR3HardenedWinVerifyCacheProcessWvtTodos: 0 (was 0) fWinVerifyTrust=0 for '\Device\HarddiskVolume2\Windows\System32\vcruntime140_1.dll' [rescheduled]
4d30.74a0: supR3HardenedMonitor_LdrLoadDll: returns rcNt=0x0 hMod=00007ff8576a0000 'C:\Program Files\Oracle\VirtualBox\VBoxRT.dll'
4d30.74a0: Detected loader lock ownership: rc=VINF_SUCCESS '\Device\HarddiskVolume2\Windows\System32\vcruntime140_1.dll'.
4d30.74a0: supR3HardenedWinVerifyCacheProcessWvtTodos: 0 (was 0) fWinVerifyTrust=0 for '\Device\HarddiskVolume2\Windows\System32\vcruntime140_1.dll' [rescheduled]
4d30.74a0: Detected loader lock ownership: rc=VINF_SUCCESS '\Device\HarddiskVolume2\Windows\System32\vcruntime140_1.dll'.
4d30.74a0: supR3HardenedWinVerifyCacheProcessWvtTodos: 0 (was 0) fWinVerifyTrust=0 for '\Device\HarddiskVolume2\Windows\System32\vcruntime140_1.dll' [rescheduled]
4d30.74a0: supR3HardenedMonitor_LdrLoadDll: returns rcNt=0x0 hMod=00007ff8576a0000 'C:\Program Files\Oracle\VirtualBox\VBoxRT.dll'
4d30.74a0: Detected loader lock ownership: rc=VINF_SUCCESS '\Device\HarddiskVolume2\Windows\System32\vcruntime140_1.dll'.
4d30.74a0: supR3HardenedWinVerifyCacheProcessWvtTodos: 0 (was 0) fWinVerifyTrust=0 for '\Device\HarddiskVolume2\Windows\System32\vcruntime140_1.dll' [rescheduled]
4d30.74a0: Detected loader lock ownership: rc=VINF_SUCCESS '\Device\HarddiskVolume2\Windows\System32\vcruntime140_1.dll'.
4d30.74a0: supR3HardenedWinVerifyCacheProcessWvtTodos: 0 (was 0) fWinVerifyTrust=0 for '\Device\HarddiskVolume2\Windows\System32\vcruntime140_1.dll' [rescheduled]
4d30.74a0: supR3HardenedMonitor_LdrLoadDll: returns rcNt=0x0 hMod=00007ff8576a0000 'C:\Program Files\Oracle\VirtualBox\VBoxRT.dll'
4d30.74a0: Detected loader lock ownership: rc=VINF_SUCCESS '\Device\HarddiskVolume2\Windows\System32\vcruntime140_1.dll'.
4d30.74a0: supR3HardenedWinVerifyCacheProcessWvtTodos: 0 (was 0) fWinVerifyTrust=0 for '\Device\HarddiskVolume2\Windows\System32\vcruntime140_1.dll' [rescheduled]
4d30.74a0: Detected loader lock ownership: rc=VINF_SUCCESS '\Device\HarddiskVolume2\Windows\System32\vcruntime140_1.dll'.
4d30.74a0: supR3HardenedWinVerifyCacheProcessWvtTodos: 0 (was 0) fWinVerifyTrust=0 for '\Device\HarddiskVolume2\Windows\System32\vcruntime140_1.dll' [rescheduled]
4d30.74a0: supR3HardenedMonitor_LdrLoadDll: returns rcNt=0x0 hMod=00007ff8576a0000 'C:\Program Files\Oracle\VirtualBox\VBoxRT.dll'
4d30.74a0: Detected loader lock ownership: rc=VINF_SUCCESS '\Device\HarddiskVolume2\Windows\System32\vcruntime140_1.dll'.
4d30.74a0: supR3HardenedWinVerifyCacheProcessWvtTodos: 0 (was 0) fWinVerifyTrust=0 for '\Device\HarddiskVolume2\Windows\System32\vcruntime140_1.dll' [rescheduled]
4d30.74a0: Detected loader lock ownership: rc=VINF_SUCCESS '\Device\HarddiskVolume2\Windows\System32\vcruntime140_1.dll'.
4d30.74a0: supR3HardenedWinVerifyCacheProcessWvtTodos: 0 (was 0) fWinVerifyTrust=0 for '\Device\HarddiskVolume2\Windows\System32\vcruntime140_1.dll' [rescheduled]
4d30.74a0: supR3HardenedScreenImage/LdrLoadDll: cache hit (VINF_SUCCESS) on \Device\HarddiskVolume2\Program Files\Oracle\VirtualBox\VBoxRT.dll
4d30.74a0: supR3HardenedMonitor_LdrLoadDll: pName=C:\Program Files\Oracle\VirtualBox\VBoxRT.dll (rcNtResolve=0xc0150008) *pfFlags=0x0 pwszSearchPath=0000000000000001:<flags> [calling]
4d30.74a0: supR3HardenedMonitor_LdrLoadDll: returns rcNt=0x0 hMod=00007ff8576a0000 'C:\Program Files\Oracle\VirtualBox\VBoxRT.dll'
4d30.74a0: Detected loader lock ownership: rc=VINF_SUCCESS '\Device\HarddiskVolume2\Windows\System32\vcruntime140_1.dll'.
4d30.74a0: supR3HardenedWinVerifyCacheProcessWvtTodos: 0 (was 0) fWinVerifyTrust=0 for '\Device\HarddiskVolume2\Windows\System32\vcruntime140_1.dll' [rescheduled]
4d30.74a0: Detected loader lock ownership: rc=VINF_SUCCESS '\Device\HarddiskVolume2\Windows\System32\vcruntime140_1.dll'.
4d30.74a0: supR3HardenedWinVerifyCacheProcessWvtTodos: 0 (was 0) fWinVerifyTrust=0 for '\Device\HarddiskVolume2\Windows\System32\vcruntime140_1.dll' [rescheduled]
4d30.74a0: supR3HardenedMonitor_LdrLoadDll: returns rcNt=0x0 hMod=00007ff8576a0000 'C:\Program Files\Oracle\VirtualBox\VBoxRT.dll'
4d30.74a0: Detected loader lock ownership: rc=VINF_SUCCESS '\Device\HarddiskVolume2\Windows\System32\vcruntime140_1.dll'.
4d30.74a0: supR3HardenedWinVerifyCacheProcessWvtTodos: 0 (was 0) fWinVerifyTrust=0 for '\Device\HarddiskVolume2\Windows\System32\vcruntime140_1.dll' [rescheduled]
4d30.74a0: Detected loader lock ownership: rc=VINF_SUCCESS '\Device\HarddiskVolume2\Windows\System32\vcruntime140_1.dll'.
4d30.74a0: supR3HardenedWinVerifyCacheProcessWvtTodos: 0 (was 0) fWinVerifyTrust=0 for '\Device\HarddiskVolume2\Windows\System32\vcruntime140_1.dll' [rescheduled]
4d30.74a0: supR3HardenedMonitor_LdrLoadDll: returns rcNt=0x0 hMod=00007ff8576a0000 'C:\Program Files\Oracle\VirtualBox\VBoxRT.dll'
4d30.74a0: Detected loader lock ownership: rc=VINF_SUCCESS '\Device\HarddiskVolume2\Windows\System32\vcruntime140_1.dll'.
4d30.74a0: supR3HardenedWinVerifyCacheProcessWvtTodos: 0 (was 0) fWinVerifyTrust=0 for '\Device\HarddiskVolume2\Windows\System32\vcruntime140_1.dll' [rescheduled]
4d30.74a0: supR3HardenedMonitor_LdrLoadDll: returns rcNt=0x0 hMod=00007ff8576a0000 'C:\Program Files\Oracle\VirtualBox\VBoxRT.dll'
4d30.74a0: supR3HardenedMonitor_LdrLoadDll: returns rcNt=0x0 hMod=00007ff9458c0000 'C:\WINDOWS\system32\rsaenh.dll'
4d30.74a0: supR3HardenedMonitor_LdrLoadDll: returns rcNt=0x0 hMod=00007ff946e90000 'C:\WINDOWS\System32\crypt32.dll'
4d30.74a0: supR3HardenedWinVerifyCacheProcessWvtTodos: 0 (was 0) fWinVerifyTrust=1 for '\Device\HarddiskVolume2\Windows\System32\vcruntime140_1.dll'
4d30.74a0: supR3HardenedScreenImage/LdrLoadDll: cache hit (VINF_SUCCESS) on \Device\HarddiskVolume2\Windows\System32\wintrust.dll
4d30.74a0: supR3HardenedMonitor_LdrLoadDll: pName=C:\WINDOWS\system32\Wintrust.dll (rcNtResolve=0xc0150008) *pfFlags=0x0 pwszSearchPath=0000000000000801:<flags> [calling]
4d30.74a0: supR3HardenedMonitor_LdrLoadDll: returns rcNt=0x0 hMod=00007ff947100000 'C:\WINDOWS\system32\Wintrust.dll'
4d30.74a0: supR3HardenedMonitor_LdrLoadDll: returns rcNt=0x0 hMod=00007ff9458c0000 'C:\WINDOWS\system32\rsaenh.dll'
4d30.74a0: supR3HardenedMonitor_LdrLoadDll: returns rcNt=0x0 hMod=00007ff946e90000 'C:\WINDOWS\System32\crypt32.dll'
4d30.74a0: supR3HardenedMonitor_LdrLoadDll: returns rcNt=0x0 hMod=00007ff9458c0000 'C:\WINDOWS\system32\rsaenh.dll'
4d30.74a0: supR3HardenedMonitor_LdrLoadDll: returns rcNt=0x0 hMod=00007ff946e90000 'C:\WINDOWS\System32\crypt32.dll'
4d30.74a0: supR3HardenedMonitor_LdrLoadDll: returns rcNt=0x0 hMod=00007ff946e90000 'C:\WINDOWS\system32\crypt32.dll'
4d30.74a0: SUPR3HardenedMain: Load TrustedMain...
4d30.8dbc: supR3HardenedIsApiSetDll: ApiSetQueryApiSetPresence(api-ms-win-appmodel-runtime-l1-1-2) -> 0x0, fPresent=1
4d30.8dbc: supR3HardenedMonitor_LdrLoadDll: pName=api-ms-win-appmodel-runtime-l1-1-2 (rcNtResolve=0x0) *pfFlags=0x0 pwszSearchPath=0000000000000801:<flags> [calling]
4d30.8dbc: supR3HardenedWinVerifyCacheScheduleImports: Import todo: #8 'msvcrt.dll'.
4d30.8dbc: supHardenedWinVerifyImageByHandle: -> 0 (\Device\HarddiskVolume2\Windows\System32\kernel.appcore.dll)
4d30.8dbc: supR3HardenedWinVerifyCacheInsert: \Device\HarddiskVolume2\Windows\System32\kernel.appcore.dll
4d30.8dbc: supR3HardenedDllNotificationCallback: load   00007ff945960000 LB 0x0001b000 C:\WINDOWS\SYSTEM32\kernel.appcore.dll [fFlags=0x0]
4d30.8dbc: supR3HardenedScreenImage/LdrLoadDll: cache hit (VINF_SUCCESS) on \Device\HarddiskVolume2\Windows\System32\kernel.appcore.dll [avoiding WinVerifyTrust]
4d30.8dbc: supR3HardenedMonitor_LdrLoadDll: returns rcNt=0x0 hMod=00007ff945960000 'api-ms-win-appmodel-runtime-l1-1-2'
4d30.8dbc: supR3HardenedWinVerifyCacheProcessImportTodos: Processing 'msvcrt.dll'...
4d30.8dbc: supR3HardenedWinVerifyCacheProcessImportTodos: 'msvcrt.dll' -> '\Device\HarddiskVolume2\Windows\System32\msvcrt.dll' [rcNtRedir=0xc0150008]
4d30.8dbc: supR3HardenedScreenImage/Imports: cache hit (VINF_SUCCESS) on \Device\HarddiskVolume2\Windows\System32\msvcrt.dll
4d30.8dbc: supR3HardenedMonitor_LdrLoadDll: returns rcNt=0x0 hMod=00007ff9458c0000 'C:\WINDOWS\system32\rsaenh.dll'
4d30.8dbc: supR3HardenedMonitor_LdrLoadDll: returns rcNt=0x0 hMod=00007ff946e90000 'C:\WINDOWS\System32\crypt32.dll'
4d30.8dbc: supR3HardenedWinVerifyCacheProcessWvtTodos: 0 (was 0) fWinVerifyTrust=1 for '\Device\HarddiskVolume2\Windows\System32\kernel.appcore.dll'
4d30.74a0: supR3HardenedMonitor_LdrLoadDll: returns rcNt=0x0 hMod=00007ff9458c0000 'C:\WINDOWS\system32\rsaenh.dll'
4d30.74a0: supR3HardenedMonitor_LdrLoadDll: returns rcNt=0x0 hMod=00007ff946e90000 'C:\WINDOWS\System32\crypt32.dll'
4d30.74a0: supR3HardenedWinVerifyCacheScheduleImports: Import todo: #0 'uicommon.dll'.
4d30.74a0: supR3HardenedWinVerifyCacheScheduleImports: Import todo: #1 'qt6corevbox.dll'.
4d30.74a0: supR3HardenedWinVerifyCacheScheduleImports: Import todo: #2 'qt6guivbox.dll'.
4d30.74a0: supR3HardenedWinVerifyCacheScheduleImports: Import todo: #3 'qt6widgetsvbox.dll'.
4d30.74a0: supR3HardenedWinVerifyCacheScheduleImports: Import todo: #5 'user32.dll'.
4d30.74a0: supR3HardenedWinVerifyCacheScheduleImports: Import todo: #6 'advapi32.dll'.
4d30.74a0: supR3HardenedWinVerifyCacheScheduleImports: Import todo: #7 'ole32.dll'.
4d30.74a0: supR3HardenedWinVerifyCacheScheduleImports: Import todo: #8 'oleaut32.dll'.
4d30.74a0: supR3HardenedWinVerifyCacheScheduleImports: Import todo: #9 'winmm.dll'.
4d30.74a0: supR3HardenedWinVerifyCacheScheduleImports: Import todo: #14 'vboxrt.dll'.
4d30.74a0: supR3HardenedWinVerifyCacheScheduleImports: Import todo: #15 'vcruntime140.dll'.
4d30.74a0: supR3HardenedWinVerifyCacheScheduleImports: Import todo: #16 'vcruntime140_1.dll'.
4d30.74a0: supR3HardenedWinVerifyCacheScheduleImports: Import todo: #17 'msvcp140.dll'.
4d30.74a0: supHardenedWinVerifyImageByHandle: -> 0 (\Device\HarddiskVolume2\Program Files\Oracle\VirtualBox\VirtualBoxVM.dll) WinVerifyTrust
4d30.74a0: supR3HardenedWinVerifyCacheInsert: \Device\HarddiskVolume2\Program Files\Oracle\VirtualBox\VirtualBoxVM.dll
4d30.74a0: supR3HardenedWinVerifyCacheProcessImportTodos: Processing 'msvcp140.dll'...
4d30.74a0: supR3HardenedWinVerifyCacheProcessImportTodos: 'msvcp140.dll' -> '\Device\HarddiskVolume2\Windows\System32\msvcp140.dll' [rcNtRedir=0xc0150008]
4d30.74a0: supR3HardenedScreenImage/Imports: cache hit (VINF_SUCCESS) on \Device\HarddiskVolume2\Windows\System32\msvcp140.dll
4d30.74a0: supR3HardenedWinVerifyCacheProcessImportTodos: Processing 'vcruntime140_1.dll'...
4d30.74a0: supR3HardenedWinVerifyCacheProcessImportTodos: 'vcruntime140_1.dll' -> '\Device\HarddiskVolume2\Windows\System32\vcruntime140_1.dll' [rcNtRedir=0xc0150008]
4d30.74a0: supR3HardenedScreenImage/Imports: cache hit (VINF_SUCCESS) on \Device\HarddiskVolume2\Windows\System32\vcruntime140_1.dll
4d30.74a0: supR3HardenedWinVerifyCacheProcessImportTodos: Processing 'vcruntime140.dll'...
4d30.74a0: supR3HardenedWinVerifyCacheProcessImportTodos: 'vcruntime140.dll' -> '\Device\HarddiskVolume2\Windows\System32\vcruntime140.dll' [rcNtRedir=0xc0150008]
4d30.74a0: supR3HardenedScreenImage/Imports: cache hit (VINF_SUCCESS) on \Device\HarddiskVolume2\Windows\System32\vcruntime140.dll
4d30.74a0: supR3HardenedWinVerifyCacheProcessImportTodos: Processing 'vboxrt.dll'...
4d30.74a0: supR3HardenedWinVerifyCacheProcessImportTodos: 'vboxrt.dll' -> '\Device\HarddiskVolume2\Program Files\Oracle\VirtualBox\vboxrt.dll' [rcNtRedir=0xc0150008]
4d30.74a0: supR3HardenedWinVerifyCacheProcessImportTodos: Processing 'winmm.dll'...
4d30.74a0: supR3HardenedWinVerifyCacheProcessImportTodos: 'winmm.dll' -> '\Device\HarddiskVolume2\Windows\System32\winmm.dll' [rcNtRedir=0xc0150008]
4d30.74a0: supR3HardenedMonitor_LdrLoadDll: returns rcNt=0x0 hMod=00007ff9458c0000 'C:\WINDOWS\system32\rsaenh.dll'
4d30.74a0: supR3HardenedMonitor_LdrLoadDll: returns rcNt=0x0 hMod=00007ff946e90000 'C:\WINDOWS\System32\crypt32.dll'
4d30.74a0: supHardenedWinVerifyImageByHandle: -> 0 (\Device\HarddiskVolume2\Windows\System32\winmm.dll) WinVerifyTrust
4d30.74a0: supR3HardenedWinVerifyCacheInsert: \Device\HarddiskVolume2\Windows\System32\winmm.dll
4d30.74a0: supR3HardenedWinVerifyCacheProcessImportTodos: Processing 'oleaut32.dll'...
4d30.74a0: supR3HardenedWinVerifyCacheProcessImportTodos: 'oleaut32.dll' -> '\Device\HarddiskVolume2\Windows\System32\oleaut32.dll' [rcNtRedir=0xc0150008]
4d30.74a0: supR3HardenedMonitor_LdrLoadDll: returns rcNt=0x0 hMod=00007ff9458c0000 'C:\WINDOWS\system32\rsaenh.dll'
4d30.74a0: supR3HardenedMonitor_LdrLoadDll: returns rcNt=0x0 hMod=00007ff946e90000 'C:\WINDOWS\System32\crypt32.dll'
4d30.74a0: supR3HardenedWinVerifyCacheScheduleImports: Import todo: #0 'msvcp_win.dll'.
4d30.74a0: supR3HardenedWinVerifyCacheScheduleImports: Import todo: #5 'combase.dll'.
4d30.74a0: supR3HardenedWinVerifyCacheScheduleImports: Import todo: #26 'rpcrt4.dll'.
4d30.74a0: supHardenedWinVerifyImageByHandle: -> 0 (\Device\HarddiskVolume2\Windows\System32\oleaut32.dll) WinVerifyTrust
4d30.74a0: supR3HardenedWinVerifyCacheInsert: \Device\HarddiskVolume2\Windows\System32\oleaut32.dll
4d30.74a0: supR3HardenedWinVerifyCacheProcessImportTodos: Processing 'ole32.dll'...
4d30.74a0: supR3HardenedWinVerifyCacheProcessImportTodos: 'ole32.dll' -> '\Device\HarddiskVolume2\Windows\System32\ole32.dll' [rcNtRedir=0xc0150008]
4d30.74a0: supR3HardenedWinVerifyCacheProcessImportTodos: Processing 'rpcrt4.dll'...
4d30.74a0: supR3HardenedWinVerifyCacheProcessImportTodos: 'rpcrt4.dll' -> '\Device\HarddiskVolume2\Windows\System32\rpcrt4.dll' [rcNtRedir=0xc0150008]
4d30.74a0: supR3HardenedScreenImage/Imports: cache hit (VINF_SUCCESS) on \Device\HarddiskVolume2\Windows\System32\rpcrt4.dll
4d30.74a0: supR3HardenedWinVerifyCacheProcessImportTodos: Processing 'combase.dll'...
4d30.74a0: supR3HardenedWinVerifyCacheProcessImportTodos: 'combase.dll' -> '\Device\HarddiskVolume2\Windows\System32\combase.dll' [rcNtRedir=0xc0150008]
4d30.74a0: Detected WinVerifyTrust recursion: rc=VINF_SUCCESS '\Device\HarddiskVolume2\Windows\System32\combase.dll'.
4d30.74a0: supR3HardenedWinVerifyCacheScheduleImports: Import todo: #3 'rpcrt4.dll'.
4d30.74a0: supHardenedWinVerifyImageByHandle: -> 0 (\Device\HarddiskVolume2\Windows\System32\combase.dll)
4d30.74a0: supR3HardenedWinVerifyCacheInsert: \Device\HarddiskVolume2\Windows\System32\combase.dll
4d30.74a0: supR3HardenedWinVerifyCacheProcessImportTodos: Processing 'msvcp_win.dll'...
4d30.74a0: supR3HardenedWinVerifyCacheProcessImportTodos: 'msvcp_win.dll' -> '\Device\HarddiskVolume2\Windows\System32\msvcp_win.dll' [rcNtRedir=0xc0150008]
4d30.74a0: supR3HardenedScreenImage/Imports: cache hit (VINF_SUCCESS) on \Device\HarddiskVolume2\Windows\System32\msvcp_win.dll
4d30.74a0: supR3HardenedWinVerifyCacheProcessImportTodos: Processing 'rpcrt4.dll'...
4d30.74a0: supR3HardenedWinVerifyCacheProcessImportTodos: 'rpcrt4.dll' -> '\Device\HarddiskVolume2\Windows\System32\rpcrt4.dll' [rcNtRedir=0xc0150008]
4d30.74a0: supR3HardenedScreenImage/Imports: cache hit (VINF_SUCCESS) on \Device\HarddiskVolume2\Windows\System32\rpcrt4.dll
4d30.74a0: supR3HardenedMonitor_LdrLoadDll: returns rcNt=0x0 hMod=00007ff9458c0000 'C:\WINDOWS\system32\rsaenh.dll'
4d30.74a0: supR3HardenedMonitor_LdrLoadDll: returns rcNt=0x0 hMod=00007ff946e90000 'C:\WINDOWS\System32\crypt32.dll'
4d30.74a0: supR3HardenedWinVerifyCacheScheduleImports: Import todo: #0 'msvcp_win.dll'.
4d30.74a0: supR3HardenedWinVerifyCacheScheduleImports: Import todo: #44 'gdi32.dll'.
4d30.74a0: supR3HardenedWinVerifyCacheScheduleImports: Import todo: #45 'user32.dll'.
4d30.74a0: supR3HardenedWinVerifyCacheScheduleImports: Import todo: #46 'combase.dll'.
4d30.74a0: supHardenedWinVerifyImageByHandle: -> 0 (\Device\HarddiskVolume2\Windows\System32\ole32.dll) WinVerifyTrust
4d30.74a0: supR3HardenedWinVerifyCacheInsert: \Device\HarddiskVolume2\Windows\System32\ole32.dll
4d30.74a0: supR3HardenedWinVerifyCacheProcessImportTodos: Processing 'advapi32.dll'...
4d30.74a0: supR3HardenedWinVerifyCacheProcessImportTodos: 'advapi32.dll' -> '\Device\HarddiskVolume2\Windows\System32\advapi32.dll' [rcNtRedir=0xc0150008]
4d30.74a0: supR3HardenedScreenImage/Imports: cache hit (VINF_SUCCESS) on \Device\HarddiskVolume2\Windows\System32\advapi32.dll
4d30.74a0: supR3HardenedWinVerifyCacheProcessImportTodos: Processing 'user32.dll'...
4d30.74a0: supR3HardenedWinVerifyCacheProcessImportTodos: 'user32.dll' -> '\Device\HarddiskVolume2\Windows\System32\user32.dll' [rcNtRedir=0xc0150008]
4d30.74a0: supR3HardenedWinVerifyCacheProcessImportTodos: Processing 'combase.dll'...
4d30.74a0: supR3HardenedWinVerifyCacheProcessImportTodos: 'combase.dll' -> '\Device\HarddiskVolume2\Windows\System32\combase.dll' [rcNtRedir=0xc0150008]
4d30.74a0: supR3HardenedScreenImage/Imports: cache hit (VINF_SUCCESS) on \Device\HarddiskVolume2\Windows\System32\combase.dll [lacks WinVerifyTrust]
4d30.74a0: supR3HardenedWinVerifyCacheProcessImportTodos: Processing 'user32.dll'...
4d30.74a0: supR3HardenedWinVerifyCacheProcessImportTodos: 'user32.dll' -> '\Device\HarddiskVolume2\Windows\System32\user32.dll' [rcNtRedir=0xc0150008]
4d30.74a0: Detected WinVerifyTrust recursion: rc=VINF_SUCCESS '\Device\HarddiskVolume2\Windows\System32\user32.dll'.
4d30.74a0: supR3HardenedWinVerifyCacheScheduleImports: Import todo: #0 'win32u.dll'.
4d30.74a0: supR3HardenedWinVerifyCacheScheduleImports: Import todo: #39 'gdi32.dll'.
4d30.74a0: supHardenedWinVerifyImageByHandle: -> 0 (\Device\HarddiskVolume2\Windows\System32\user32.dll)
4d30.74a0: supR3HardenedWinVerifyCacheInsert: \Device\HarddiskVolume2\Windows\System32\user32.dll
4d30.74a0: supR3HardenedWinVerifyCacheProcessImportTodos: Processing 'gdi32.dll'...
4d30.74a0: supR3HardenedWinVerifyCacheProcessImportTodos: 'gdi32.dll' -> '\Device\HarddiskVolume2\Windows\System32\gdi32.dll' [rcNtRedir=0xc0150008]
4d30.74a0: Detected WinVerifyTrust recursion: rc=VINF_SUCCESS '\Device\HarddiskVolume2\Windows\System32\gdi32.dll'.
4d30.74a0: supR3HardenedWinVerifyCacheScheduleImports: Import todo: #9 'win32u.dll'.
4d30.74a0: supHardenedWinVerifyImageByHandle: -> 0 (\Device\HarddiskVolume2\Windows\System32\gdi32.dll)
4d30.74a0: supR3HardenedWinVerifyCacheInsert: \Device\HarddiskVolume2\Windows\System32\gdi32.dll
4d30.74a0: supR3HardenedWinVerifyCacheProcessImportTodos: Processing 'msvcp_win.dll'...
4d30.74a0: supR3HardenedWinVerifyCacheProcessImportTodos: 'msvcp_win.dll' -> '\Device\HarddiskVolume2\Windows\System32\msvcp_win.dll' [rcNtRedir=0xc0150008]
4d30.74a0: supR3HardenedScreenImage/Imports: cache hit (VINF_SUCCESS) on \Device\HarddiskVolume2\Windows\System32\msvcp_win.dll
4d30.74a0: supR3HardenedWinVerifyCacheProcessImportTodos: Processing 'win32u.dll'...
4d30.74a0: supR3HardenedWinVerifyCacheProcessImportTodos: 'win32u.dll' -> '\Device\HarddiskVolume2\Windows\System32\win32u.dll' [rcNtRedir=0xc0150008]
4d30.74a0: Detected WinVerifyTrust recursion: rc=VINF_SUCCESS '\Device\HarddiskVolume2\Windows\System32\win32u.dll'.
4d30.74a0: supHardenedWinVerifyImageByHandle: -> 0 (\Device\HarddiskVolume2\Windows\System32\win32u.dll)
4d30.74a0: supR3HardenedWinVerifyCacheInsert: \Device\HarddiskVolume2\Windows\System32\win32u.dll
4d30.74a0: supR3HardenedWinVerifyCacheProcessImportTodos: Processing 'gdi32.dll'...
4d30.74a0: supR3HardenedWinVerifyCacheProcessImportTodos: 'gdi32.dll' -> '\Device\HarddiskVolume2\Windows\System32\gdi32.dll' [rcNtRedir=0xc0150008]
4d30.74a0: supR3HardenedScreenImage/Imports: cache hit (VINF_SUCCESS) on \Device\HarddiskVolume2\Windows\System32\gdi32.dll [lacks WinVerifyTrust]
4d30.74a0: supR3HardenedWinVerifyCacheProcessImportTodos: Processing 'win32u.dll'...
4d30.74a0: supR3HardenedWinVerifyCacheProcessImportTodos: 'win32u.dll' -> '\Device\HarddiskVolume2\Windows\System32\win32u.dll' [rcNtRedir=0xc0150008]
4d30.74a0: supR3HardenedScreenImage/Imports: cache hit (VINF_SUCCESS) on \Device\HarddiskVolume2\Windows\System32\win32u.dll [lacks WinVerifyTrust]
4d30.74a0: supR3HardenedMonitor_LdrLoadDll: returns rcNt=0x0 hMod=00007ff9458c0000 'C:\WINDOWS\system32\rsaenh.dll'
4d30.74a0: supR3HardenedMonitor_LdrLoadDll: returns rcNt=0x0 hMod=00007ff946e90000 'C:\WINDOWS\System32\crypt32.dll'
4d30.74a0: supR3HardenedWinVerifyCacheScheduleImports: Import todo: #0 'win32u.dll'.
4d30.74a0: supR3HardenedWinVerifyCacheScheduleImports: Import todo: #39 'gdi32.dll'.
4d30.74a0: supHardenedWinVerifyImageByHandle: -> 0 (\Device\HarddiskVolume2\Windows\System32\user32.dll) WinVerifyTrust
4d30.74a0: supR3HardenedWinVerifyCacheProcessImportTodos: Processing 'qt6widgetsvbox.dll'...
4d30.74a0: supR3HardenedWinVerifyCacheProcessImportTodos: 'qt6widgetsvbox.dll' -> '\Device\HarddiskVolume2\Program Files\Oracle\VirtualBox\qt6widgetsvbox.dll' [rcNtRedir=0xc0150008]
4d30.74a0: supR3HardenedWinVerifyCacheProcessImportTodos: Processing 'gdi32.dll'...
4d30.74a0: supR3HardenedWinVerifyCacheProcessImportTodos: 'gdi32.dll' -> '\Device\HarddiskVolume2\Windows\System32\gdi32.dll' [rcNtRedir=0xc0150008]
4d30.74a0: supR3HardenedScreenImage/Imports: cache hit (VINF_SUCCESS) on \Device\HarddiskVolume2\Windows\System32\gdi32.dll [lacks WinVerifyTrust]
4d30.74a0: supR3HardenedWinVerifyCacheProcessImportTodos: Processing 'win32u.dll'...
4d30.74a0: supR3HardenedWinVerifyCacheProcessImportTodos: 'win32u.dll' -> '\Device\HarddiskVolume2\Windows\System32\win32u.dll' [rcNtRedir=0xc0150008]
4d30.74a0: supR3HardenedScreenImage/Imports: cache hit (VINF_SUCCESS) on \Device\HarddiskVolume2\Windows\System32\win32u.dll [lacks WinVerifyTrust]
4d30.74a0: supR3HardenedMonitor_LdrLoadDll: returns rcNt=0x0 hMod=00007ff9458c0000 'C:\WINDOWS\system32\rsaenh.dll'
4d30.74a0: supR3HardenedMonitor_LdrLoadDll: returns rcNt=0x0 hMod=00007ff946e90000 'C:\WINDOWS\System32\crypt32.dll'
4d30.74a0: supR3HardenedWinVerifyCacheScheduleImports: Import todo: #0 'dwmapi.dll'.
4d30.74a0: supR3HardenedWinVerifyCacheScheduleImports: Import todo: #1 'uxtheme.dll'.
4d30.74a0: supR3HardenedWinVerifyCacheScheduleImports: Import todo: #2 'qt6guivbox.dll'.
4d30.74a0: supR3HardenedWinVerifyCacheScheduleImports: Import todo: #3 'qt6corevbox.dll'.
4d30.74a0: supR3HardenedWinVerifyCacheScheduleImports: Import todo: #5 'user32.dll'.
4d30.74a0: supR3HardenedWinVerifyCacheScheduleImports: Import todo: #6 'gdi32.dll'.
4d30.74a0: supR3HardenedWinVerifyCacheScheduleImports: Import todo: #7 'msvcp140.dll'.
4d30.74a0: supR3HardenedWinVerifyCacheScheduleImports: Import todo: #8 'msvcp140_1.dll'.
4d30.74a0: supR3HardenedWinVerifyCacheScheduleImports: Import todo: #9 'vcruntime140.dll'.
4d30.74a0: supR3HardenedWinVerifyCacheScheduleImports: Import todo: #10 'vcruntime140_1.dll'.
4d30.74a0: supHardenedWinVerifyImageByHandle: -> 0 (\Device\HarddiskVolume2\Program Files\Oracle\VirtualBox\Qt6WidgetsVBox.dll) WinVerifyTrust
4d30.74a0: supR3HardenedWinVerifyCacheInsert: \Device\HarddiskVolume2\Program Files\Oracle\VirtualBox\Qt6WidgetsVBox.dll
4d30.74a0: supR3HardenedWinVerifyCacheProcessImportTodos: Processing 'qt6guivbox.dll'...
4d30.74a0: supR3HardenedWinVerifyCacheProcessImportTodos: 'qt6guivbox.dll' -> '\Device\HarddiskVolume2\Program Files\Oracle\VirtualBox\qt6guivbox.dll' [rcNtRedir=0xc0150008]
4d30.74a0: supR3HardenedWinVerifyCacheProcessImportTodos: Processing 'vcruntime140_1.dll'...
4d30.74a0: supR3HardenedWinVerifyCacheProcessImportTodos: 'vcruntime140_1.dll' -> '\Device\HarddiskVolume2\Windows\System32\vcruntime140_1.dll' [rcNtRedir=0xc0150008]
4d30.74a0: supR3HardenedScreenImage/Imports: cache hit (VINF_SUCCESS) on \Device\HarddiskVolume2\Windows\System32\vcruntime140_1.dll
4d30.74a0: supR3HardenedWinVerifyCacheProcessImportTodos: Processing 'vcruntime140.dll'...
4d30.74a0: supR3HardenedWinVerifyCacheProcessImportTodos: 'vcruntime140.dll' -> '\Device\HarddiskVolume2\Windows\System32\vcruntime140.dll' [rcNtRedir=0xc0150008]
4d30.74a0: supR3HardenedScreenImage/Imports: cache hit (VINF_SUCCESS) on \Device\HarddiskVolume2\Windows\System32\vcruntime140.dll
4d30.74a0: supR3HardenedWinVerifyCacheProcessImportTodos: Processing 'msvcp140_1.dll'...
4d30.74a0: supR3HardenedWinVerifyCacheProcessImportTodos: 'msvcp140_1.dll' -> '\Device\HarddiskVolume2\Windows\System32\msvcp140_1.dll' [rcNtRedir=0xc0150008]
4d30.74a0: Detected WinVerifyTrust recursion: rc=VINF_SUCCESS '\Device\HarddiskVolume2\Windows\System32\msvcp140_1.dll'.
4d30.74a0: supR3HardenedWinVerifyCacheScheduleImports: Import todo: #0 'msvcp140.dll'.
4d30.74a0: supR3HardenedWinVerifyCacheScheduleImports: Import todo: #1 'vcruntime140.dll'.
4d30.74a0: supHardenedWinVerifyImageByHandle: -> 0 (\Device\HarddiskVolume2\Windows\System32\msvcp140_1.dll)
4d30.74a0: supR3HardenedWinVerifyCacheInsert: \Device\HarddiskVolume2\Windows\System32\msvcp140_1.dll
4d30.74a0: supR3HardenedWinVerifyCacheProcessImportTodos: Processing 'msvcp140.dll'...
4d30.74a0: supR3HardenedWinVerifyCacheProcessImportTodos: 'msvcp140.dll' -> '\Device\HarddiskVolume2\Windows\System32\msvcp140.dll' [rcNtRedir=0xc0150008]
4d30.74a0: supR3HardenedScreenImage/Imports: cache hit (VINF_SUCCESS) on \Device\HarddiskVolume2\Windows\System32\msvcp140.dll
4d30.74a0: supR3HardenedWinVerifyCacheProcessImportTodos: Processing 'gdi32.dll'...
4d30.74a0: supR3HardenedWinVerifyCacheProcessImportTodos: 'gdi32.dll' -> '\Device\HarddiskVolume2\Windows\System32\gdi32.dll' [rcNtRedir=0xc0150008]
4d30.74a0: supR3HardenedScreenImage/Imports: cache hit (VINF_SUCCESS) on \Device\HarddiskVolume2\Windows\System32\gdi32.dll [lacks WinVerifyTrust]
4d30.74a0: supR3HardenedWinVerifyCacheProcessImportTodos: Processing 'user32.dll'...
4d30.74a0: supR3HardenedWinVerifyCacheProcessImportTodos: 'user32.dll' -> '\Device\HarddiskVolume2\Windows\System32\user32.dll' [rcNtRedir=0xc0150008]
4d30.74a0: supR3HardenedScreenImage/Imports: cache hit (VINF_SUCCESS) on \Device\HarddiskVolume2\Windows\System32\user32.dll [lacks WinVerifyTrust]
4d30.74a0: supR3HardenedWinVerifyCacheProcessImportTodos: Processing 'qt6corevbox.dll'...
4d30.74a0: supR3HardenedWinVerifyCacheProcessImportTodos: 'qt6corevbox.dll' -> '\Device\HarddiskVolume2\Program Files\Oracle\VirtualBox\qt6corevbox.dll' [rcNtRedir=0xc0150008]
4d30.74a0: Detected WinVerifyTrust recursion: rc=VINF_SUCCESS '\Device\HarddiskVolume2\Program Files\Oracle\VirtualBox\Qt6CoreVBox.dll'.
4d30.74a0: supR3HardenedWinVerifyCacheScheduleImports: Import todo: #1 'mpr.dll'.
4d30.74a0: supR3HardenedWinVerifyCacheScheduleImports: Import todo: #2 'userenv.dll'.
4d30.74a0: supR3HardenedWinVerifyCacheScheduleImports: Import todo: #3 'advapi32.dll'.
4d30.74a0: supR3HardenedWinVerifyCacheScheduleImports: Import todo: #4 'authz.dll'.
4d30.74a0: supR3HardenedWinVerifyCacheScheduleImports: Import todo: #6 'netapi32.dll'.
4d30.74a0: supR3HardenedWinVerifyCacheScheduleImports: Import todo: #7 'ole32.dll'.
4d30.74a0: supR3HardenedWinVerifyCacheScheduleImports: Import todo: #8 'shell32.dll'.
4d30.74a0: supR3HardenedWinVerifyCacheScheduleImports: Import todo: #9 'user32.dll'.
4d30.74a0: supR3HardenedWinVerifyCacheScheduleImports: Import todo: #10 'version.dll'.
4d30.74a0: supR3HardenedWinVerifyCacheScheduleImports: Import todo: #11 'winmm.dll'.
4d30.74a0: supR3HardenedWinVerifyCacheScheduleImports: Import todo: #12 'ws2_32.dll'.
4d30.74a0: supR3HardenedWinVerifyCacheScheduleImports: Import todo: #13 'msvcp140.dll'.
4d30.74a0: supR3HardenedWinVerifyCacheScheduleImports: Import todo: #14 'msvcp140_1.dll'.
4d30.74a0: supR3HardenedWinVerifyCacheScheduleImports: Import todo: #15 'vcruntime140_1.dll'.
4d30.74a0: supR3HardenedWinVerifyCacheScheduleImports: Import todo: #16 'vcruntime140.dll'.
4d30.74a0: supHardenedWinVerifyImageByHandle: -> 0 (\Device\HarddiskVolume2\Program Files\Oracle\VirtualBox\Qt6CoreVBox.dll)
4d30.74a0: supR3HardenedWinVerifyCacheInsert: \Device\HarddiskVolume2\Program Files\Oracle\VirtualBox\Qt6CoreVBox.dll
4d30.74a0: supR3HardenedWinVerifyCacheProcessImportTodos: Processing 'qt6guivbox.dll'...
4d30.74a0: supR3HardenedWinVerifyCacheProcessImportTodos: 'qt6guivbox.dll' -> '\Device\HarddiskVolume2\Program Files\Oracle\VirtualBox\qt6guivbox.dll' [rcNtRedir=0xc0150008]
4d30.74a0: Detected WinVerifyTrust recursion: rc=VINF_SUCCESS '\Device\HarddiskVolume2\Program Files\Oracle\VirtualBox\Qt6GuiVBox.dll'.
4d30.74a0: supR3HardenedWinVerifyCacheScheduleImports: Import todo: #0 'd3d11.dll'.
4d30.74a0: supR3HardenedWinVerifyCacheScheduleImports: Import todo: #1 'dxgi.dll'.
4d30.74a0: supR3HardenedWinVerifyCacheScheduleImports: Import todo: #2 'd3d12.dll'.
4d30.74a0: supR3HardenedWinVerifyCacheScheduleImports: Import todo: #3 'gdi32.dll'.
4d30.74a0: supR3HardenedWinVerifyCacheScheduleImports: Import todo: #4 'ole32.dll'.
4d30.74a0: supR3HardenedWinVerifyCacheScheduleImports: Import todo: #5 'shell32.dll'.
4d30.74a0: supR3HardenedWinVerifyCacheScheduleImports: Import todo: #6 'user32.dll'.
4d30.74a0: supR3HardenedWinVerifyCacheScheduleImports: Import todo: #7 'uxtheme.dll'.
4d30.74a0: supR3HardenedWinVerifyCacheScheduleImports: Import todo: #8 'dwrite.dll'.
4d30.74a0: supR3HardenedWinVerifyCacheScheduleImports: Import todo: #9 'qt6corevbox.dll'.
4d30.74a0: supR3HardenedWinVerifyCacheScheduleImports: Import todo: #11 'msvcp140.dll'.
4d30.74a0: supR3HardenedWinVerifyCacheScheduleImports: Import todo: #12 'msvcp140_1.dll'.
4d30.74a0: supR3HardenedWinVerifyCacheScheduleImports: Import todo: #13 'msvcp140_2.dll'.
4d30.74a0: supR3HardenedWinVerifyCacheScheduleImports: Import todo: #14 'vcruntime140.dll'.
4d30.74a0: supR3HardenedWinVerifyCacheScheduleImports: Import todo: #15 'vcruntime140_1.dll'.
4d30.74a0: supHardenedWinVerifyImageByHandle: -> 0 (\Device\HarddiskVolume2\Program Files\Oracle\VirtualBox\Qt6GuiVBox.dll)
4d30.74a0: supR3HardenedWinVerifyCacheInsert: \Device\HarddiskVolume2\Program Files\Oracle\VirtualBox\Qt6GuiVBox.dll
4d30.74a0: supR3HardenedWinVerifyCacheProcessImportTodos: Processing 'uxtheme.dll'...
4d30.74a0: supR3HardenedWinVerifyCacheProcessImportTodos: 'uxtheme.dll' -> '\Device\HarddiskVolume2\Windows\System32\uxtheme.dll' [rcNtRedir=0xc0150008]
4d30.74a0: Detected WinVerifyTrust recursion: rc=22900 '\Device\HarddiskVolume2\Windows\System32\uxtheme.dll'.
4d30.74a0: supR3HardenedWinVerifyCacheScheduleImports: Import todo: #39 'gdi32.dll'.
4d30.74a0: supR3HardenedWinVerifyCacheScheduleImports: Import todo: #40 'user32.dll'.
4d30.74a0: supHardenedWinVerifyImageByHandle: -> 22900 (\Device\HarddiskVolume2\Windows\System32\uxtheme.dll)
4d30.74a0: supR3HardenedWinVerifyCacheInsert: \Device\HarddiskVolume2\Windows\System32\uxtheme.dll
4d30.74a0: supR3HardenedWinVerifyCacheProcessImportTodos: Processing 'dwmapi.dll'...
4d30.74a0: supR3HardenedWinVerifyCacheProcessImportTodos: 'dwmapi.dll' -> '\Device\HarddiskVolume2\Windows\System32\dwmapi.dll' [rcNtRedir=0xc0150008]
4d30.74a0: Detected WinVerifyTrust recursion: rc=VINF_SUCCESS '\Device\HarddiskVolume2\Windows\System32\dwmapi.dll'.
4d30.74a0: supR3HardenedWinVerifyCacheScheduleImports: Import todo: #24 'win32u.dll'.
4d30.74a0: supR3HardenedWinVerifyCacheScheduleImports: Import todo: #25 'user32.dll'.
4d30.74a0: supR3HardenedWinVerifyCacheScheduleImports: Import todo: #26 'gdi32.dll'.
4d30.74a0: supHardenedWinVerifyImageByHandle: -> 0 (\Device\HarddiskVolume2\Windows\System32\dwmapi.dll)
4d30.74a0: supR3HardenedWinVerifyCacheInsert: \Device\HarddiskVolume2\Windows\System32\dwmapi.dll
4d30.74a0: supR3HardenedWinVerifyCacheProcessImportTodos: Processing 'gdi32.dll'...
4d30.74a0: supR3HardenedWinVerifyCacheProcessImportTodos: 'gdi32.dll' -> '\Device\HarddiskVolume2\Windows\System32\gdi32.dll' [rcNtRedir=0xc0150008]
4d30.74a0: supR3HardenedScreenImage/Imports: cache hit (VINF_SUCCESS) on \Device\HarddiskVolume2\Windows\System32\gdi32.dll [lacks WinVerifyTrust]
4d30.74a0: supR3HardenedWinVerifyCacheProcessImportTodos: Processing 'user32.dll'...
4d30.74a0: supR3HardenedWinVerifyCacheProcessImportTodos: 'user32.dll' -> '\Device\HarddiskVolume2\Windows\System32\user32.dll' [rcNtRedir=0xc0150008]
4d30.74a0: supR3HardenedScreenImage/Imports: cache hit (VINF_SUCCESS) on \Device\HarddiskVolume2\Windows\System32\user32.dll [lacks WinVerifyTrust]
4d30.74a0: supR3HardenedWinVerifyCacheProcessImportTodos: Processing 'win32u.dll'...
4d30.74a0: supR3HardenedWinVerifyCacheProcessImportTodos: 'win32u.dll' -> '\Device\HarddiskVolume2\Windows\System32\win32u.dll' [rcNtRedir=0xc0150008]
4d30.74a0: supR3HardenedScreenImage/Imports: cache hit (VINF_SUCCESS) on \Device\HarddiskVolume2\Windows\System32\win32u.dll [lacks WinVerifyTrust]
4d30.74a0: supR3HardenedWinVerifyCacheProcessImportTodos: Processing 'user32.dll'...
4d30.74a0: supR3HardenedWinVerifyCacheProcessImportTodos: 'user32.dll' -> '\Device\HarddiskVolume2\Windows\System32\user32.dll' [rcNtRedir=0xc0150008]
4d30.74a0: supR3HardenedScreenImage/Imports: cache hit (VINF_SUCCESS) on \Device\HarddiskVolume2\Windows\System32\user32.dll [lacks WinVerifyTrust]
4d30.74a0: supR3HardenedWinVerifyCacheProcessImportTodos: Processing 'gdi32.dll'...
4d30.74a0: supR3HardenedWinVerifyCacheProcessImportTodos: 'gdi32.dll' -> '\Device\HarddiskVolume2\Windows\System32\gdi32.dll' [rcNtRedir=0xc0150008]
4d30.74a0: supR3HardenedScreenImage/Imports: cache hit (VINF_SUCCESS) on \Device\HarddiskVolume2\Windows\System32\gdi32.dll [lacks WinVerifyTrust]
4d30.74a0: supR3HardenedWinVerifyCacheProcessImportTodos: Processing 'vcruntime140_1.dll'...
4d30.74a0: supR3HardenedWinVerifyCacheProcessImportTodos: 'vcruntime140_1.dll' -> '\Device\HarddiskVolume2\Windows\System32\vcruntime140_1.dll' [rcNtRedir=0xc0150008]
4d30.74a0: supR3HardenedScreenImage/Imports: cache hit (VINF_SUCCESS) on \Device\HarddiskVolume2\Windows\System32\vcruntime140_1.dll
4d30.74a0: supR3HardenedWinVerifyCacheProcessImportTodos: Processing 'vcruntime140.dll'...
4d30.74a0: supR3HardenedWinVerifyCacheProcessImportTodos: 'vcruntime140.dll' -> '\Device\HarddiskVolume2\Windows\System32\vcruntime140.dll' [rcNtRedir=0xc0150008]
4d30.74a0: supR3HardenedScreenImage/Imports: cache hit (VINF_SUCCESS) on \Device\HarddiskVolume2\Windows\System32\vcruntime140.dll
4d30.74a0: supR3HardenedWinVerifyCacheProcessImportTodos: Processing 'msvcp140_2.dll'...
4d30.74a0: supR3HardenedWinVerifyCacheProcessImportTodos: 'msvcp140_2.dll' -> '\Device\HarddiskVolume2\Windows\System32\msvcp140_2.dll' [rcNtRedir=0xc0150008]
4d30.74a0: Detected WinVerifyTrust recursion: rc=VINF_SUCCESS '\Device\HarddiskVolume2\Windows\System32\msvcp140_2.dll'.
4d30.74a0: supR3HardenedWinVerifyCacheScheduleImports: Import todo: #0 'msvcp140.dll'.
4d30.74a0: supR3HardenedWinVerifyCacheScheduleImports: Import todo: #1 'vcruntime140.dll'.
4d30.74a0: supR3HardenedWinVerifyCacheScheduleImports: Import todo: #2 'vcruntime140_1.dll'.
4d30.74a0: supHardenedWinVerifyImageByHandle: -> 0 (\Device\HarddiskVolume2\Windows\System32\msvcp140_2.dll)
4d30.74a0: supR3HardenedWinVerifyCacheInsert: \Device\HarddiskVolume2\Windows\System32\msvcp140_2.dll
4d30.74a0: supR3HardenedWinVerifyCacheProcessImportTodos: Processing 'msvcp140_1.dll'...
4d30.74a0: supR3HardenedWinVerifyCacheProcessImportTodos: 'msvcp140_1.dll' -> '\Device\HarddiskVolume2\Windows\System32\msvcp140_1.dll' [rcNtRedir=0xc0150008]
4d30.74a0: supR3HardenedScreenImage/Imports: cache hit (VINF_SUCCESS) on \Device\HarddiskVolume2\Windows\System32\msvcp140_1.dll [lacks WinVerifyTrust]
4d30.74a0: supR3HardenedWinVerifyCacheProcessImportTodos: Processing 'msvcp140.dll'...
4d30.74a0: supR3HardenedWinVerifyCacheProcessImportTodos: 'msvcp140.dll' -> '\Device\HarddiskVolume2\Windows\System32\msvcp140.dll' [rcNtRedir=0xc0150008]
4d30.74a0: supR3HardenedScreenImage/Imports: cache hit (VINF_SUCCESS) on \Device\HarddiskVolume2\Windows\System32\msvcp140.dll
4d30.74a0: supR3HardenedWinVerifyCacheProcessImportTodos: Processing 'qt6corevbox.dll'...
4d30.74a0: supR3HardenedWinVerifyCacheProcessImportTodos: 'qt6corevbox.dll' -> '\Device\HarddiskVolume2\Program Files\Oracle\VirtualBox\qt6corevbox.dll' [rcNtRedir=0xc0150008]
4d30.74a0: supR3HardenedScreenImage/Imports: cache hit (VINF_SUCCESS) on \Device\HarddiskVolume2\Program Files\Oracle\VirtualBox\Qt6CoreVBox.dll [lacks WinVerifyTrust]
4d30.74a0: supR3HardenedWinVerifyCacheProcessImportTodos: Processing 'dwrite.dll'...
4d30.74a0: supR3HardenedWinVerifyCacheProcessImportTodos: 'dwrite.dll' -> '\Device\HarddiskVolume2\Windows\System32\dwrite.dll' [rcNtRedir=0xc0150008]
4d30.74a0: Detected WinVerifyTrust recursion: rc=22900 '\Device\HarddiskVolume2\Windows\System32\DWrite.dll'.
4d30.74a0: supR3HardenedWinVerifyCacheScheduleImports: Import todo: #22 'rpcrt4.dll'.
4d30.74a0: supR3HardenedWinVerifyCacheScheduleImports: Import todo: #28 'msvcp_win.dll'.
4d30.74a0: supHardenedWinVerifyImageByHandle: -> 22900 (\Device\HarddiskVolume2\Windows\System32\DWrite.dll)
4d30.74a0: supR3HardenedWinVerifyCacheInsert: \Device\HarddiskVolume2\Windows\System32\DWrite.dll
4d30.74a0: supR3HardenedWinVerifyCacheProcessImportTodos: Processing 'uxtheme.dll'...
4d30.74a0: supR3HardenedWinVerifyCacheProcessImportTodos: 'uxtheme.dll' -> '\Device\HarddiskVolume2\Windows\System32\uxtheme.dll' [rcNtRedir=0xc0150008]
4d30.74a0: supR3HardenedScreenImage/Imports: cache hit (22900) on \Device\HarddiskVolume2\Windows\System32\uxtheme.dll [lacks WinVerifyTrust]
4d30.74a0: supR3HardenedWinVerifyCacheProcessImportTodos: Processing 'user32.dll'...
4d30.74a0: supR3HardenedWinVerifyCacheProcessImportTodos: 'user32.dll' -> '\Device\HarddiskVolume2\Windows\System32\user32.dll' [rcNtRedir=0xc0150008]
4d30.74a0: supR3HardenedScreenImage/Imports: cache hit (VINF_SUCCESS) on \Device\HarddiskVolume2\Windows\System32\user32.dll [lacks WinVerifyTrust]
4d30.74a0: supR3HardenedWinVerifyCacheProcessImportTodos: Processing 'shell32.dll'...
4d30.74a0: supR3HardenedWinVerifyCacheProcessImportTodos: 'shell32.dll' -> '\Device\HarddiskVolume2\Windows\System32\shell32.dll' [rcNtRedir=0xc0150008]
4d30.74a0: Detected WinVerifyTrust recursion: rc=VINF_SUCCESS '\Device\HarddiskVolume2\Windows\System32\shell32.dll'.
4d30.74a0: supR3HardenedWinVerifyCacheScheduleImports: Import todo: #0 'msvcp_win.dll'.
4d30.74a0: supR3HardenedWinVerifyCacheScheduleImports: Import todo: #71 'user32.dll'.
4d30.74a0: supR3HardenedWinVerifyCacheScheduleImports: Import todo: #73 'gdi32.dll'.
4d30.74a0: supHardenedWinVerifyImageByHandle: -> 0 (\Device\HarddiskVolume2\Windows\System32\shell32.dll)
4d30.74a0: supR3HardenedWinVerifyCacheInsert: \Device\HarddiskVolume2\Windows\System32\shell32.dll
4d30.74a0: supR3HardenedWinVerifyCacheProcessImportTodos: Processing 'ole32.dll'...
4d30.74a0: supR3HardenedWinVerifyCacheProcessImportTodos: 'ole32.dll' -> '\Device\HarddiskVolume2\Windows\System32\ole32.dll' [rcNtRedir=0xc0150008]
4d30.74a0: supR3HardenedScreenImage/Imports: cache hit (VINF_SUCCESS) on \Device\HarddiskVolume2\Windows\System32\ole32.dll
4d30.74a0: supR3HardenedWinVerifyCacheProcessImportTodos: Processing 'gdi32.dll'...
4d30.74a0: supR3HardenedWinVerifyCacheProcessImportTodos: 'gdi32.dll' -> '\Device\HarddiskVolume2\Windows\System32\gdi32.dll' [rcNtRedir=0xc0150008]
4d30.74a0: supR3HardenedScreenImage/Imports: cache hit (VINF_SUCCESS) on \Device\HarddiskVolume2\Windows\System32\gdi32.dll [lacks WinVerifyTrust]
4d30.74a0: supR3HardenedWinVerifyCacheProcessImportTodos: Processing 'd3d12.dll'...
4d30.74a0: supR3HardenedWinVerifyCacheProcessImportTodos: 'd3d12.dll' -> '\Device\HarddiskVolume2\Windows\System32\d3d12.dll' [rcNtRedir=0xc0150008]
4d30.74a0: Detected WinVerifyTrust recursion: rc=VINF_SUCCESS '\Device\HarddiskVolume2\Windows\System32\D3D12.dll'.
4d30.74a0: supR3HardenedWinVerifyCacheScheduleImports: Import todo: #0 'msvcp_win.dll'.
4d30.74a0: supHardenedWinVerifyImageByHandle: -> 0 (\Device\HarddiskVolume2\Windows\System32\D3D12.dll)
4d30.74a0: supR3HardenedWinVerifyCacheInsert: \Device\HarddiskVolume2\Windows\System32\D3D12.dll
4d30.74a0: supR3HardenedWinVerifyCacheProcessImportTodos: Processing 'dxgi.dll'...
4d30.74a0: supR3HardenedWinVerifyCacheProcessImportTodos: 'dxgi.dll' -> '\Device\HarddiskVolume2\Windows\System32\dxgi.dll' [rcNtRedir=0xc0150008]
4d30.74a0: Detected WinVerifyTrust recursion: rc=VINF_SUCCESS '\Device\HarddiskVolume2\Windows\System32\dxgi.dll'.
4d30.74a0: supR3HardenedWinVerifyCacheScheduleImports: Import todo: #0 'msvcp_win.dll'.
4d30.74a0: supR3HardenedWinVerifyCacheScheduleImports: Import todo: #6 'win32u.dll'.
4d30.74a0: supHardenedWinVerifyImageByHandle: -> 0 (\Device\HarddiskVolume2\Windows\System32\dxgi.dll)
4d30.74a0: supR3HardenedWinVerifyCacheInsert: \Device\HarddiskVolume2\Windows\System32\dxgi.dll
4d30.74a0: supR3HardenedWinVerifyCacheProcessImportTodos: Processing 'd3d11.dll'...
4d30.74a0: supR3HardenedWinVerifyCacheProcessImportTodos: 'd3d11.dll' -> '\Device\HarddiskVolume2\Windows\System32\d3d11.dll' [rcNtRedir=0xc0150008]
4d30.74a0: Detected WinVerifyTrust recursion: rc=VINF_SUCCESS '\Device\HarddiskVolume2\Windows\System32\d3d11.dll'.
4d30.74a0: supR3HardenedWinVerifyCacheScheduleImports: Import todo: #0 'msvcp_win.dll'.
4d30.74a0: supR3HardenedWinVerifyCacheScheduleImports: Import todo: #29 'dxgi.dll'.
4d30.74a0: supR3HardenedWinVerifyCacheScheduleImports: Import todo: #31 'win32u.dll'.
4d30.74a0: supHardenedWinVerifyImageByHandle: -> 0 (\Device\HarddiskVolume2\Windows\System32\d3d11.dll)
4d30.74a0: supR3HardenedWinVerifyCacheInsert: \Device\HarddiskVolume2\Windows\System32\d3d11.dll
4d30.74a0: supR3HardenedWinVerifyCacheProcessImportTodos: Processing 'vcruntime140.dll'...
4d30.74a0: supR3HardenedWinVerifyCacheProcessImportTodos: 'vcruntime140.dll' -> '\Device\HarddiskVolume2\Windows\System32\vcruntime140.dll' [rcNtRedir=0xc0150008]
4d30.74a0: supR3HardenedWinVerifyCacheProcessImportTodos: Processing 'vcruntime140_1.dll'...
4d30.74a0: supR3HardenedWinVerifyCacheProcessImportTodos: 'vcruntime140_1.dll' -> '\Device\HarddiskVolume2\Windows\System32\vcruntime140_1.dll' [rcNtRedir=0xc0150008]
4d30.74a0: supR3HardenedScreenImage/Imports: cache hit (VINF_SUCCESS) on \Device\HarddiskVolume2\Windows\System32\vcruntime140_1.dll
4d30.74a0: supR3HardenedWinVerifyCacheProcessImportTodos: Processing 'msvcp140_1.dll'...
4d30.74a0: supR3HardenedWinVerifyCacheProcessImportTodos: 'msvcp140_1.dll' -> '\Device\HarddiskVolume2\Windows\System32\msvcp140_1.dll' [rcNtRedir=0xc0150008]
4d30.74a0: supR3HardenedScreenImage/Imports: cache hit (VINF_SUCCESS) on \Device\HarddiskVolume2\Windows\System32\msvcp140_1.dll [lacks WinVerifyTrust]
4d30.74a0: supR3HardenedWinVerifyCacheProcessImportTodos: Processing 'msvcp140.dll'...
4d30.74a0: supR3HardenedWinVerifyCacheProcessImportTodos: 'msvcp140.dll' -> '\Device\HarddiskVolume2\Windows\System32\msvcp140.dll' [rcNtRedir=0xc0150008]
4d30.74a0: supR3HardenedScreenImage/Imports: cache hit (VINF_SUCCESS) on \Device\HarddiskVolume2\Windows\System32\msvcp140.dll
4d30.74a0: supR3HardenedWinVerifyCacheProcessImportTodos: Processing 'ws2_32.dll'...
4d30.74a0: supR3HardenedWinVerifyCacheProcessImportTodos: 'ws2_32.dll' -> '\Device\HarddiskVolume2\Windows\System32\ws2_32.dll' [rcNtRedir=0xc0150008]
4d30.74a0: supR3HardenedScreenImage/Imports: cache hit (VINF_SUCCESS) on \Device\HarddiskVolume2\Windows\System32\ws2_32.dll
4d30.74a0: supR3HardenedWinVerifyCacheProcessImportTodos: Processing 'winmm.dll'...
4d30.74a0: supR3HardenedWinVerifyCacheProcessImportTodos: 'winmm.dll' -> '\Device\HarddiskVolume2\Windows\System32\winmm.dll' [rcNtRedir=0xc0150008]
4d30.74a0: supR3HardenedScreenImage/Imports: cache hit (VINF_SUCCESS) on \Device\HarddiskVolume2\Windows\System32\winmm.dll
4d30.74a0: supR3HardenedWinVerifyCacheProcessImportTodos: Processing 'version.dll'...
4d30.74a0: supR3HardenedWinVerifyCacheProcessImportTodos: 'version.dll' -> '\Device\HarddiskVolume2\Windows\System32\version.dll' [rcNtRedir=0xc0150008]
4d30.74a0: Detected WinVerifyTrust recursion: rc=VINF_SUCCESS '\Device\HarddiskVolume2\Windows\System32\version.dll'.
4d30.74a0: supR3HardenedWinVerifyCacheScheduleImports: Import todo: #0 'msvcrt.dll'.
4d30.74a0: supHardenedWinVerifyImageByHandle: -> 0 (\Device\HarddiskVolume2\Windows\System32\version.dll)
4d30.74a0: supR3HardenedWinVerifyCacheInsert: \Device\HarddiskVolume2\Windows\System32\version.dll
4d30.74a0: supR3HardenedWinVerifyCacheProcessImportTodos: Processing 'user32.dll'...
4d30.74a0: supR3HardenedWinVerifyCacheProcessImportTodos: 'user32.dll' -> '\Device\HarddiskVolume2\Windows\System32\user32.dll' [rcNtRedir=0xc0150008]
4d30.74a0: supR3HardenedScreenImage/Imports: cache hit (VINF_SUCCESS) on \Device\HarddiskVolume2\Windows\System32\user32.dll [lacks WinVerifyTrust]
4d30.74a0: supR3HardenedWinVerifyCacheProcessImportTodos: Processing 'shell32.dll'...
4d30.74a0: supR3HardenedWinVerifyCacheProcessImportTodos: 'shell32.dll' -> '\Device\HarddiskVolume2\Windows\System32\shell32.dll' [rcNtRedir=0xc0150008]
4d30.74a0: supR3HardenedScreenImage/Imports: cache hit (VINF_SUCCESS) on \Device\HarddiskVolume2\Windows\System32\shell32.dll [lacks WinVerifyTrust]
4d30.74a0: supR3HardenedWinVerifyCacheProcessImportTodos: Processing 'ole32.dll'...
4d30.74a0: supR3HardenedWinVerifyCacheProcessImportTodos: 'ole32.dll' -> '\Device\HarddiskVolume2\Windows\System32\ole32.dll' [rcNtRedir=0xc0150008]
4d30.74a0: supR3HardenedScreenImage/Imports: cache hit (VINF_SUCCESS) on \Device\HarddiskVolume2\Windows\System32\ole32.dll
4d30.74a0: supR3HardenedWinVerifyCacheProcessImportTodos: Processing 'netapi32.dll'...
4d30.74a0: supR3HardenedWinVerifyCacheProcessImportTodos: 'netapi32.dll' -> '\Device\HarddiskVolume2\Windows\System32\netapi32.dll' [rcNtRedir=0xc0150008]
4d30.74a0: Detected WinVerifyTrust recursion: rc=VINF_SUCCESS '\Device\HarddiskVolume2\Windows\System32\netapi32.dll'.
4d30.74a0: supR3HardenedWinVerifyCacheScheduleImports: Import todo: #0 'msvcrt.dll'.
4d30.74a0: supHardenedWinVerifyImageByHandle: -> 0 (\Device\HarddiskVolume2\Windows\System32\netapi32.dll)
4d30.74a0: supR3HardenedWinVerifyCacheInsert: \Device\HarddiskVolume2\Windows\System32\netapi32.dll
4d30.74a0: supR3HardenedWinVerifyCacheProcessImportTodos: Processing 'authz.dll'...
4d30.74a0: supR3HardenedWinVerifyCacheProcessImportTodos: 'authz.dll' -> '\Device\HarddiskVolume2\Windows\System32\authz.dll' [rcNtRedir=0xc0150008]
4d30.74a0: Detected WinVerifyTrust recursion: rc=22900 '\Device\HarddiskVolume2\Windows\System32\authz.dll'.
4d30.74a0: supHardenedWinVerifyImageByHandle: -> 22900 (\Device\HarddiskVolume2\Windows\System32\authz.dll)
4d30.74a0: supR3HardenedWinVerifyCacheInsert: \Device\HarddiskVolume2\Windows\System32\authz.dll
4d30.74a0: supR3HardenedWinVerifyCacheProcessImportTodos: Processing 'advapi32.dll'...
4d30.74a0: supR3HardenedWinVerifyCacheProcessImportTodos: 'advapi32.dll' -> '\Device\HarddiskVolume2\Windows\System32\advapi32.dll' [rcNtRedir=0xc0150008]
4d30.74a0: supR3HardenedScreenImage/Imports: cache hit (VINF_SUCCESS) on \Device\HarddiskVolume2\Windows\System32\advapi32.dll
4d30.74a0: supR3HardenedWinVerifyCacheProcessImportTodos: Processing 'userenv.dll'...
4d30.74a0: supR3HardenedWinVerifyCacheProcessImportTodos: 'userenv.dll' -> '\Device\HarddiskVolume2\Windows\System32\userenv.dll' [rcNtRedir=0xc0150008]
4d30.74a0: Detected WinVerifyTrust recursion: rc=VINF_SUCCESS '\Device\HarddiskVolume2\Windows\System32\userenv.dll'.
4d30.74a0: supR3HardenedWinVerifyCacheScheduleImports: Import todo: #15 'rpcrt4.dll'.
4d30.74a0: supHardenedWinVerifyImageByHandle: -> 0 (\Device\HarddiskVolume2\Windows\System32\userenv.dll)
4d30.74a0: supR3HardenedWinVerifyCacheInsert: \Device\HarddiskVolume2\Windows\System32\userenv.dll
4d30.74a0: supR3HardenedWinVerifyCacheProcessImportTodos: Processing 'mpr.dll'...
4d30.74a0: supR3HardenedWinVerifyCacheProcessImportTodos: 'mpr.dll' -> '\Device\HarddiskVolume2\Windows\System32\mpr.dll' [rcNtRedir=0xc0150008]
4d30.74a0: supR3HardenedScreenImage/Imports: cache hit (VINF_SUCCESS) on \Device\HarddiskVolume2\Windows\System32\mpr.dll
4d30.74a0: supR3HardenedWinVerifyCacheProcessImportTodos: Processing 'vcruntime140.dll'...
4d30.74a0: supR3HardenedWinVerifyCacheProcessImportTodos: 'vcruntime140.dll' -> '\Device\HarddiskVolume2\Windows\System32\vcruntime140.dll' [rcNtRedir=0xc0150008]
4d30.74a0: supR3HardenedWinVerifyCacheProcessImportTodos: Processing 'msvcp140.dll'...
4d30.74a0: supR3HardenedWinVerifyCacheProcessImportTodos: 'msvcp140.dll' -> '\Device\HarddiskVolume2\Windows\System32\msvcp140.dll' [rcNtRedir=0xc0150008]
4d30.74a0: supR3HardenedScreenImage/Imports: cache hit (VINF_SUCCESS) on \Device\HarddiskVolume2\Windows\System32\msvcp140.dll
4d30.74a0: supR3HardenedWinVerifyCacheProcessImportTodos: Processing 'rpcrt4.dll'...
4d30.74a0: supR3HardenedWinVerifyCacheProcessImportTodos: 'rpcrt4.dll' -> '\Device\HarddiskVolume2\Windows\System32\rpcrt4.dll' [rcNtRedir=0xc0150008]
4d30.74a0: supR3HardenedWinVerifyCacheProcessImportTodos: Processing 'msvcrt.dll'...
4d30.74a0: supR3HardenedWinVerifyCacheProcessImportTodos: 'msvcrt.dll' -> '\Device\HarddiskVolume2\Windows\System32\msvcrt.dll' [rcNtRedir=0xc0150008]
4d30.74a0: supR3HardenedScreenImage/Imports: cache hit (VINF_SUCCESS) on \Device\HarddiskVolume2\Windows\System32\msvcrt.dll
4d30.74a0: supR3HardenedWinVerifyCacheProcessImportTodos: Processing 'msvcrt.dll'...
4d30.74a0: supR3HardenedWinVerifyCacheProcessImportTodos: 'msvcrt.dll' -> '\Device\HarddiskVolume2\Windows\System32\msvcrt.dll' [rcNtRedir=0xc0150008]
4d30.74a0: supR3HardenedScreenImage/Imports: cache hit (VINF_SUCCESS) on \Device\HarddiskVolume2\Windows\System32\msvcrt.dll
4d30.74a0: supR3HardenedWinVerifyCacheProcessImportTodos: Processing 'win32u.dll'...
4d30.74a0: supR3HardenedWinVerifyCacheProcessImportTodos: 'win32u.dll' -> '\Device\HarddiskVolume2\Windows\System32\win32u.dll' [rcNtRedir=0xc0150008]
4d30.74a0: supR3HardenedScreenImage/Imports: cache hit (VINF_SUCCESS) on \Device\HarddiskVolume2\Windows\System32\win32u.dll [lacks WinVerifyTrust]
4d30.74a0: supR3HardenedWinVerifyCacheProcessImportTodos: Processing 'dxgi.dll'...
4d30.74a0: supR3HardenedWinVerifyCacheProcessImportTodos: 'dxgi.dll' -> '\Device\HarddiskVolume2\Windows\System32\dxgi.dll' [rcNtRedir=0xc0150008]
4d30.74a0: supR3HardenedScreenImage/Imports: cache hit (VINF_SUCCESS) on \Device\HarddiskVolume2\Windows\System32\dxgi.dll [lacks WinVerifyTrust]
4d30.74a0: supR3HardenedWinVerifyCacheProcessImportTodos: Processing 'msvcp_win.dll'...
4d30.74a0: supR3HardenedWinVerifyCacheProcessImportTodos: 'msvcp_win.dll' -> '\Device\HarddiskVolume2\Windows\System32\msvcp_win.dll' [rcNtRedir=0xc0150008]
4d30.74a0: supR3HardenedScreenImage/Imports: cache hit (VINF_SUCCESS) on \Device\HarddiskVolume2\Windows\System32\msvcp_win.dll
4d30.74a0: supR3HardenedWinVerifyCacheProcessImportTodos: Processing 'win32u.dll'...
4d30.74a0: supR3HardenedWinVerifyCacheProcessImportTodos: 'win32u.dll' -> '\Device\HarddiskVolume2\Windows\System32\win32u.dll' [rcNtRedir=0xc0150008]
4d30.74a0: supR3HardenedScreenImage/Imports: cache hit (VINF_SUCCESS) on \Device\HarddiskVolume2\Windows\System32\win32u.dll [lacks WinVerifyTrust]
4d30.74a0: supR3HardenedWinVerifyCacheProcessImportTodos: Processing 'msvcp_win.dll'...
4d30.74a0: supR3HardenedWinVerifyCacheProcessImportTodos: 'msvcp_win.dll' -> '\Device\HarddiskVolume2\Windows\System32\msvcp_win.dll' [rcNtRedir=0xc0150008]
4d30.74a0: supR3HardenedScreenImage/Imports: cache hit (VINF_SUCCESS) on \Device\HarddiskVolume2\Windows\System32\msvcp_win.dll
4d30.74a0: supR3HardenedWinVerifyCacheProcessImportTodos: Processing 'msvcp_win.dll'...
4d30.74a0: supR3HardenedWinVerifyCacheProcessImportTodos: 'msvcp_win.dll' -> '\Device\HarddiskVolume2\Windows\System32\msvcp_win.dll' [rcNtRedir=0xc0150008]
4d30.74a0: supR3HardenedScreenImage/Imports: cache hit (VINF_SUCCESS) on \Device\HarddiskVolume2\Windows\System32\msvcp_win.dll
4d30.74a0: supR3HardenedWinVerifyCacheProcessImportTodos: Processing 'gdi32.dll'...
4d30.74a0: supR3HardenedWinVerifyCacheProcessImportTodos: 'gdi32.dll' -> '\Device\HarddiskVolume2\Windows\System32\gdi32.dll' [rcNtRedir=0xc0150008]
4d30.74a0: supR3HardenedScreenImage/Imports: cache hit (VINF_SUCCESS) on \Device\HarddiskVolume2\Windows\System32\gdi32.dll [lacks WinVerifyTrust]
4d30.74a0: supR3HardenedWinVerifyCacheProcessImportTodos: Processing 'user32.dll'...
4d30.74a0: supR3HardenedWinVerifyCacheProcessImportTodos: 'user32.dll' -> '\Device\HarddiskVolume2\Windows\System32\user32.dll' [rcNtRedir=0xc0150008]
4d30.74a0: supR3HardenedScreenImage/Imports: cache hit (VINF_SUCCESS) on \Device\HarddiskVolume2\Windows\System32\user32.dll [lacks WinVerifyTrust]
4d30.74a0: supR3HardenedWinVerifyCacheProcessImportTodos: Processing 'msvcp_win.dll'...
4d30.74a0: supR3HardenedWinVerifyCacheProcessImportTodos: 'msvcp_win.dll' -> '\Device\HarddiskVolume2\Windows\System32\msvcp_win.dll' [rcNtRedir=0xc0150008]
4d30.74a0: supR3HardenedScreenImage/Imports: cache hit (VINF_SUCCESS) on \Device\HarddiskVolume2\Windows\System32\msvcp_win.dll
4d30.74a0: supR3HardenedWinVerifyCacheProcessImportTodos: Processing 'msvcp_win.dll'...
4d30.74a0: supR3HardenedWinVerifyCacheProcessImportTodos: 'msvcp_win.dll' -> '\Device\HarddiskVolume2\Windows\System32\msvcp_win.dll' [rcNtRedir=0xc0150008]
4d30.74a0: supR3HardenedScreenImage/Imports: cache hit (VINF_SUCCESS) on \Device\HarddiskVolume2\Windows\System32\msvcp_win.dll
4d30.74a0: supR3HardenedWinVerifyCacheProcessImportTodos: Processing 'rpcrt4.dll'...
4d30.74a0: supR3HardenedWinVerifyCacheProcessImportTodos: 'rpcrt4.dll' -> '\Device\HarddiskVolume2\Windows\System32\rpcrt4.dll' [rcNtRedir=0xc0150008]
4d30.74a0: supR3HardenedWinVerifyCacheProcessImportTodos: Processing 'vcruntime140_1.dll'...
4d30.74a0: supR3HardenedWinVerifyCacheProcessImportTodos: 'vcruntime140_1.dll' -> '\Device\HarddiskVolume2\Windows\System32\vcruntime140_1.dll' [rcNtRedir=0xc0150008]
4d30.74a0: supR3HardenedScreenImage/Imports: cache hit (VINF_SUCCESS) on \Device\HarddiskVolume2\Windows\System32\vcruntime140_1.dll
4d30.74a0: supR3HardenedWinVerifyCacheProcessImportTodos: Processing 'vcruntime140.dll'...
4d30.74a0: supR3HardenedWinVerifyCacheProcessImportTodos: 'vcruntime140.dll' -> '\Device\HarddiskVolume2\Windows\System32\vcruntime140.dll' [rcNtRedir=0xc0150008]
4d30.74a0: supR3HardenedWinVerifyCacheProcessImportTodos: Processing 'msvcp140.dll'...
4d30.74a0: supR3HardenedWinVerifyCacheProcessImportTodos: 'msvcp140.dll' -> '\Device\HarddiskVolume2\Windows\System32\msvcp140.dll' [rcNtRedir=0xc0150008]
4d30.74a0: supR3HardenedScreenImage/Imports: cache hit (VINF_SUCCESS) on \Device\HarddiskVolume2\Windows\System32\msvcp140.dll
4d30.74a0: supR3HardenedMonitor_LdrLoadDll: returns rcNt=0x0 hMod=00007ff9458c0000 'C:\WINDOWS\system32\rsaenh.dll'
4d30.74a0: supR3HardenedMonitor_LdrLoadDll: returns rcNt=0x0 hMod=00007ff946e90000 'C:\WINDOWS\System32\crypt32.dll'
4d30.74a0: supR3HardenedWinVerifyCacheScheduleImports: Import todo: #0 'd3d11.dll'.
4d30.74a0: supR3HardenedWinVerifyCacheScheduleImports: Import todo: #1 'dxgi.dll'.
4d30.74a0: supR3HardenedWinVerifyCacheScheduleImports: Import todo: #2 'd3d12.dll'.
4d30.74a0: supR3HardenedWinVerifyCacheScheduleImports: Import todo: #3 'gdi32.dll'.
4d30.74a0: supR3HardenedWinVerifyCacheScheduleImports: Import todo: #4 'ole32.dll'.
4d30.74a0: supR3HardenedWinVerifyCacheScheduleImports: Import todo: #5 'shell32.dll'.
4d30.74a0: supR3HardenedWinVerifyCacheScheduleImports: Import todo: #6 'user32.dll'.
4d30.74a0: supR3HardenedWinVerifyCacheScheduleImports: Import todo: #7 'uxtheme.dll'.
4d30.74a0: supR3HardenedWinVerifyCacheScheduleImports: Import todo: #8 'dwrite.dll'.
4d30.74a0: supR3HardenedWinVerifyCacheScheduleImports: Import todo: #9 'qt6corevbox.dll'.
4d30.74a0: supR3HardenedWinVerifyCacheScheduleImports: Import todo: #11 'msvcp140.dll'.
4d30.74a0: supR3HardenedWinVerifyCacheScheduleImports: Import todo: #12 'msvcp140_1.dll'.
4d30.74a0: supR3HardenedWinVerifyCacheScheduleImports: Import todo: #13 'msvcp140_2.dll'.
4d30.74a0: supR3HardenedWinVerifyCacheScheduleImports: Import todo: #14 'vcruntime140.dll'.
4d30.74a0: supR3HardenedWinVerifyCacheScheduleImports: Import todo: #15 'vcruntime140_1.dll'.
4d30.74a0: supHardenedWinVerifyImageByHandle: -> 0 (\Device\HarddiskVolume2\Program Files\Oracle\VirtualBox\Qt6GuiVBox.dll) WinVerifyTrust
4d30.74a0: supR3HardenedWinVerifyCacheProcessImportTodos: Processing 'qt6corevbox.dll'...
4d30.74a0: supR3HardenedWinVerifyCacheProcessImportTodos: 'qt6corevbox.dll' -> '\Device\HarddiskVolume2\Program Files\Oracle\VirtualBox\qt6corevbox.dll' [rcNtRedir=0xc0150008]
4d30.74a0: supR3HardenedScreenImage/Imports: cache hit (VINF_SUCCESS) on \Device\HarddiskVolume2\Program Files\Oracle\VirtualBox\Qt6CoreVBox.dll [redoing WinVerifyTrust]
4d30.74a0: supR3HardenedWinVerifyCacheProcessImportTodos: Processing 'vcruntime140_1.dll'...
4d30.74a0: supR3HardenedWinVerifyCacheProcessImportTodos: 'vcruntime140_1.dll' -> '\Device\HarddiskVolume2\Windows\System32\vcruntime140_1.dll' [rcNtRedir=0xc0150008]
4d30.74a0: supR3HardenedScreenImage/Imports: cache hit (VINF_SUCCESS) on \Device\HarddiskVolume2\Windows\System32\vcruntime140_1.dll
4d30.74a0: supR3HardenedWinVerifyCacheProcessImportTodos: Processing 'vcruntime140.dll'...
4d30.74a0: supR3HardenedWinVerifyCacheProcessImportTodos: 'vcruntime140.dll' -> '\Device\HarddiskVolume2\Windows\System32\vcruntime140.dll' [rcNtRedir=0xc0150008]
4d30.74a0: supR3HardenedWinVerifyCacheProcessImportTodos: Processing 'msvcp140_2.dll'...
4d30.74a0: supR3HardenedWinVerifyCacheProcessImportTodos: 'msvcp140_2.dll' -> '\Device\HarddiskVolume2\Windows\System32\msvcp140_2.dll' [rcNtRedir=0xc0150008]
4d30.74a0: supR3HardenedScreenImage/Imports: cache hit (VINF_SUCCESS) on \Device\HarddiskVolume2\Windows\System32\msvcp140_2.dll [lacks WinVerifyTrust]
4d30.74a0: supR3HardenedWinVerifyCacheProcessImportTodos: Processing 'msvcp140_1.dll'...
4d30.74a0: supR3HardenedWinVerifyCacheProcessImportTodos: 'msvcp140_1.dll' -> '\Device\HarddiskVolume2\Windows\System32\msvcp140_1.dll' [rcNtRedir=0xc0150008]
4d30.74a0: supR3HardenedScreenImage/Imports: cache hit (VINF_SUCCESS) on \Device\HarddiskVolume2\Windows\System32\msvcp140_1.dll [lacks WinVerifyTrust]
4d30.74a0: supR3HardenedWinVerifyCacheProcessImportTodos: Processing 'msvcp140.dll'...
4d30.74a0: supR3HardenedWinVerifyCacheProcessImportTodos: 'msvcp140.dll' -> '\Device\HarddiskVolume2\Windows\System32\msvcp140.dll' [rcNtRedir=0xc0150008]
4d30.74a0: supR3HardenedWinVerifyCacheProcessImportTodos: Processing 'qt6corevbox.dll'...
4d30.74a0: supR3HardenedWinVerifyCacheProcessImportTodos: 'qt6corevbox.dll' -> '\Device\HarddiskVolume2\Program Files\Oracle\VirtualBox\qt6corevbox.dll' [rcNtRedir=0xc0150008]
4d30.74a0: supR3HardenedScreenImage/Imports: cache hit (VINF_SUCCESS) on \Device\HarddiskVolume2\Program Files\Oracle\VirtualBox\Qt6CoreVBox.dll [lacks WinVerifyTrust]
4d30.74a0: supR3HardenedWinVerifyCacheProcessImportTodos: Processing 'dwrite.dll'...
4d30.74a0: supR3HardenedWinVerifyCacheProcessImportTodos: 'dwrite.dll' -> '\Device\HarddiskVolume2\Windows\System32\dwrite.dll' [rcNtRedir=0xc0150008]
4d30.74a0: supR3HardenedScreenImage/Imports: cache hit (22900) on \Device\HarddiskVolume2\Windows\System32\DWrite.dll [lacks WinVerifyTrust]
4d30.74a0: supR3HardenedWinVerifyCacheProcessImportTodos: Processing 'uxtheme.dll'...
4d30.74a0: supR3HardenedWinVerifyCacheProcessImportTodos: 'uxtheme.dll' -> '\Device\HarddiskVolume2\Windows\System32\uxtheme.dll' [rcNtRedir=0xc0150008]
4d30.74a0: supR3HardenedScreenImage/Imports: cache hit (22900) on \Device\HarddiskVolume2\Windows\System32\uxtheme.dll [lacks WinVerifyTrust]
4d30.74a0: supR3HardenedWinVerifyCacheProcessImportTodos: Processing 'user32.dll'...
4d30.74a0: supR3HardenedWinVerifyCacheProcessImportTodos: 'user32.dll' -> '\Device\HarddiskVolume2\Windows\System32\user32.dll' [rcNtRedir=0xc0150008]
4d30.74a0: supR3HardenedScreenImage/Imports: cache hit (VINF_SUCCESS) on \Device\HarddiskVolume2\Windows\System32\user32.dll [lacks WinVerifyTrust]
4d30.74a0: supR3HardenedWinVerifyCacheProcessImportTodos: Processing 'shell32.dll'...
4d30.74a0: supR3HardenedWinVerifyCacheProcessImportTodos: 'shell32.dll' -> '\Device\HarddiskVolume2\Windows\System32\shell32.dll' [rcNtRedir=0xc0150008]
4d30.74a0: supR3HardenedScreenImage/Imports: cache hit (VINF_SUCCESS) on \Device\HarddiskVolume2\Windows\System32\shell32.dll [lacks WinVerifyTrust]
4d30.74a0: supR3HardenedWinVerifyCacheProcessImportTodos: Processing 'ole32.dll'...
4d30.74a0: supR3HardenedWinVerifyCacheProcessImportTodos: 'ole32.dll' -> '\Device\HarddiskVolume2\Windows\System32\ole32.dll' [rcNtRedir=0xc0150008]
4d30.74a0: supR3HardenedScreenImage/Imports: cache hit (VINF_SUCCESS) on \Device\HarddiskVolume2\Windows\System32\ole32.dll
4d30.74a0: supR3HardenedWinVerifyCacheProcessImportTodos: Processing 'gdi32.dll'...
4d30.74a0: supR3HardenedWinVerifyCacheProcessImportTodos: 'gdi32.dll' -> '\Device\HarddiskVolume2\Windows\System32\gdi32.dll' [rcNtRedir=0xc0150008]
4d30.74a0: supR3HardenedScreenImage/Imports: cache hit (VINF_SUCCESS) on \Device\HarddiskVolume2\Windows\System32\gdi32.dll [lacks WinVerifyTrust]
4d30.74a0: supR3HardenedWinVerifyCacheProcessImportTodos: Processing 'd3d12.dll'...
4d30.74a0: supR3HardenedWinVerifyCacheProcessImportTodos: 'd3d12.dll' -> '\Device\HarddiskVolume2\Windows\System32\d3d12.dll' [rcNtRedir=0xc0150008]
4d30.74a0: supR3HardenedScreenImage/Imports: cache hit (VINF_SUCCESS) on \Device\HarddiskVolume2\Windows\System32\D3D12.dll [lacks WinVerifyTrust]
4d30.74a0: supR3HardenedWinVerifyCacheProcessImportTodos: Processing 'dxgi.dll'...
4d30.74a0: supR3HardenedWinVerifyCacheProcessImportTodos: 'dxgi.dll' -> '\Device\HarddiskVolume2\Windows\System32\dxgi.dll' [rcNtRedir=0xc0150008]
4d30.74a0: supR3HardenedScreenImage/Imports: cache hit (VINF_SUCCESS) on \Device\HarddiskVolume2\Windows\System32\dxgi.dll [lacks WinVerifyTrust]
4d30.74a0: supR3HardenedWinVerifyCacheProcessImportTodos: Processing 'd3d11.dll'...
4d30.74a0: supR3HardenedWinVerifyCacheProcessImportTodos: 'd3d11.dll' -> '\Device\HarddiskVolume2\Windows\System32\d3d11.dll' [rcNtRedir=0xc0150008]
4d30.74a0: supR3HardenedScreenImage/Imports: cache hit (VINF_SUCCESS) on \Device\HarddiskVolume2\Windows\System32\d3d11.dll [lacks WinVerifyTrust]
4d30.74a0: supR3HardenedMonitor_LdrLoadDll: returns rcNt=0x0 hMod=00007ff9458c0000 'C:\WINDOWS\system32\rsaenh.dll'
4d30.74a0: supR3HardenedMonitor_LdrLoadDll: returns rcNt=0x0 hMod=00007ff946e90000 'C:\WINDOWS\System32\crypt32.dll'
4d30.74a0: supR3HardenedScreenImage/Imports: 0 (was 0) fWinVerifyTrust=1 for '\Device\HarddiskVolume2\Program Files\Oracle\VirtualBox\Qt6CoreVBox.dll'
4d30.74a0: supR3HardenedWinVerifyCacheProcessImportTodos: Processing 'uicommon.dll'...
4d30.74a0: supR3HardenedWinVerifyCacheProcessImportTodos: 'uicommon.dll' -> '\Device\HarddiskVolume2\Program Files\Oracle\VirtualBox\uicommon.dll' [rcNtRedir=0xc0150008]
4d30.74a0: supR3HardenedMonitor_LdrLoadDll: returns rcNt=0x0 hMod=00007ff9458c0000 'C:\WINDOWS\system32\rsaenh.dll'
4d30.74a0: supR3HardenedMonitor_LdrLoadDll: returns rcNt=0x0 hMod=00007ff946e90000 'C:\WINDOWS\System32\crypt32.dll'
4d30.74a0: supR3HardenedWinVerifyCacheScheduleImports: Import todo: #0 'qt6corevbox.dll'.
4d30.74a0: supR3HardenedWinVerifyCacheScheduleImports: Import todo: #1 'qt6guivbox.dll'.
4d30.74a0: supR3HardenedWinVerifyCacheScheduleImports: Import todo: #2 'qt6widgetsvbox.dll'.
4d30.74a0: supR3HardenedWinVerifyCacheScheduleImports: Import todo: #3 'qt6helpvbox.dll'.
4d30.74a0: supR3HardenedWinVerifyCacheScheduleImports: Import todo: #4 'qt6statemachinevbox.dll'.
4d30.74a0: supR3HardenedWinVerifyCacheScheduleImports: Import todo: #11 'user32.dll'.
4d30.74a0: supR3HardenedWinVerifyCacheScheduleImports: Import todo: #12 'ole32.dll'.
4d30.74a0: supR3HardenedWinVerifyCacheScheduleImports: Import todo: #13 'oleaut32.dll'.
4d30.74a0: supR3HardenedWinVerifyCacheScheduleImports: Import todo: #14 'vboxrt.dll'.
4d30.74a0: supR3HardenedWinVerifyCacheScheduleImports: Import todo: #15 'vcruntime140.dll'.
4d30.74a0: supR3HardenedWinVerifyCacheScheduleImports: Import todo: #16 'vcruntime140_1.dll'.
4d30.74a0: supR3HardenedWinVerifyCacheScheduleImports: Import todo: #17 'msvcp140.dll'.
4d30.74a0: supR3HardenedWinVerifyCacheScheduleImports: Import todo: #18 'advapi32.dll'.
4d30.74a0: supR3HardenedWinVerifyCacheScheduleImports: Import todo: #19 'rpcrt4.dll'.
4d30.74a0: supHardenedWinVerifyImageByHandle: -> 0 (\Device\HarddiskVolume2\Program Files\Oracle\VirtualBox\UICommon.dll) WinVerifyTrust
4d30.74a0: supR3HardenedWinVerifyCacheInsert: \Device\HarddiskVolume2\Program Files\Oracle\VirtualBox\UICommon.dll
4d30.74a0: supR3HardenedWinVerifyCacheProcessImportTodos: Processing 'rpcrt4.dll'...
4d30.74a0: supR3HardenedWinVerifyCacheProcessImportTodos: 'rpcrt4.dll' -> '\Device\HarddiskVolume2\Windows\System32\rpcrt4.dll' [rcNtRedir=0xc0150008]
4d30.74a0: supR3HardenedWinVerifyCacheProcessImportTodos: Processing 'advapi32.dll'...
4d30.74a0: supR3HardenedWinVerifyCacheProcessImportTodos: 'advapi32.dll' -> '\Device\HarddiskVolume2\Windows\System32\advapi32.dll' [rcNtRedir=0xc0150008]
4d30.74a0: supR3HardenedScreenImage/Imports: cache hit (VINF_SUCCESS) on \Device\HarddiskVolume2\Windows\System32\advapi32.dll
4d30.74a0: supR3HardenedWinVerifyCacheProcessImportTodos: Processing 'msvcp140.dll'...
4d30.74a0: supR3HardenedWinVerifyCacheProcessImportTodos: 'msvcp140.dll' -> '\Device\HarddiskVolume2\Windows\System32\msvcp140.dll' [rcNtRedir=0xc0150008]
4d30.74a0: supR3HardenedWinVerifyCacheProcessImportTodos: Processing 'vcruntime140_1.dll'...
4d30.74a0: supR3HardenedWinVerifyCacheProcessImportTodos: 'vcruntime140_1.dll' -> '\Device\HarddiskVolume2\Windows\System32\vcruntime140_1.dll' [rcNtRedir=0xc0150008]
4d30.74a0: supR3HardenedWinVerifyCacheProcessImportTodos: Processing 'vcruntime140.dll'...
4d30.74a0: supR3HardenedWinVerifyCacheProcessImportTodos: 'vcruntime140.dll' -> '\Device\HarddiskVolume2\Windows\System32\vcruntime140.dll' [rcNtRedir=0xc0150008]
4d30.74a0: supR3HardenedWinVerifyCacheProcessImportTodos: Processing 'vboxrt.dll'...
4d30.74a0: supR3HardenedWinVerifyCacheProcessImportTodos: 'vboxrt.dll' -> '\Device\HarddiskVolume2\Program Files\Oracle\VirtualBox\vboxrt.dll' [rcNtRedir=0xc0150008]
4d30.74a0: supR3HardenedWinVerifyCacheProcessImportTodos: Processing 'oleaut32.dll'...
4d30.74a0: supR3HardenedWinVerifyCacheProcessImportTodos: 'oleaut32.dll' -> '\Device\HarddiskVolume2\Windows\System32\oleaut32.dll' [rcNtRedir=0xc0150008]
4d30.74a0: supR3HardenedScreenImage/Imports: cache hit (VINF_SUCCESS) on \Device\HarddiskVolume2\Windows\System32\oleaut32.dll
4d30.74a0: supR3HardenedWinVerifyCacheProcessImportTodos: Processing 'ole32.dll'...
4d30.74a0: supR3HardenedWinVerifyCacheProcessImportTodos: 'ole32.dll' -> '\Device\HarddiskVolume2\Windows\System32\ole32.dll' [rcNtRedir=0xc0150008]
4d30.74a0: supR3HardenedScreenImage/Imports: cache hit (VINF_SUCCESS) on \Device\HarddiskVolume2\Windows\System32\ole32.dll
4d30.74a0: supR3HardenedWinVerifyCacheProcessImportTodos: Processing 'user32.dll'...
4d30.74a0: supR3HardenedWinVerifyCacheProcessImportTodos: 'user32.dll' -> '\Device\HarddiskVolume2\Windows\System32\user32.dll' [rcNtRedir=0xc0150008]
4d30.74a0: supR3HardenedScreenImage/Imports: cache hit (VINF_SUCCESS) on \Device\HarddiskVolume2\Windows\System32\user32.dll [redoing WinVerifyTrust]
4d30.74a0: supR3HardenedMonitor_LdrLoadDll: returns rcNt=0x0 hMod=00007ff9458c0000 'C:\WINDOWS\system32\rsaenh.dll'
4d30.74a0: supR3HardenedMonitor_LdrLoadDll: returns rcNt=0x0 hMod=00007ff946e90000 'C:\WINDOWS\System32\crypt32.dll'
4d30.74a0: supR3HardenedScreenImage/Imports: 0 (was 0) fWinVerifyTrust=1 for '\Device\HarddiskVolume2\Windows\System32\user32.dll'
4d30.74a0: supR3HardenedWinVerifyCacheProcessImportTodos: Processing 'qt6statemachinevbox.dll'...
4d30.74a0: supR3HardenedWinVerifyCacheProcessImportTodos: 'qt6statemachinevbox.dll' -> '\Device\HarddiskVolume2\Program Files\Oracle\VirtualBox\qt6statemachinevbox.dll' [rcNtRedir=0xc0150008]
4d30.74a0: supR3HardenedMonitor_LdrLoadDll: returns rcNt=0x0 hMod=00007ff9458c0000 'C:\WINDOWS\system32\rsaenh.dll'
4d30.74a0: supR3HardenedMonitor_LdrLoadDll: returns rcNt=0x0 hMod=00007ff946e90000 'C:\WINDOWS\System32\crypt32.dll'
4d30.74a0: supR3HardenedWinVerifyCacheScheduleImports: Import todo: #0 'qt6guivbox.dll'.
4d30.74a0: supR3HardenedWinVerifyCacheScheduleImports: Import todo: #1 'qt6corevbox.dll'.
4d30.74a0: supR3HardenedWinVerifyCacheScheduleImports: Import todo: #2 'vcruntime140.dll'.
4d30.74a0: supHardenedWinVerifyImageByHandle: -> 0 (\Device\HarddiskVolume2\Program Files\Oracle\VirtualBox\Qt6StateMachineVBox.dll) WinVerifyTrust
4d30.74a0: supR3HardenedWinVerifyCacheInsert: \Device\HarddiskVolume2\Program Files\Oracle\VirtualBox\Qt6StateMachineVBox.dll
4d30.74a0: supR3HardenedWinVerifyCacheProcessImportTodos: Processing 'qt6helpvbox.dll'...
4d30.74a0: supR3HardenedWinVerifyCacheProcessImportTodos: 'qt6helpvbox.dll' -> '\Device\HarddiskVolume2\Program Files\Oracle\VirtualBox\qt6helpvbox.dll' [rcNtRedir=0xc0150008]
4d30.74a0: supR3HardenedWinVerifyCacheProcessImportTodos: Processing 'vcruntime140.dll'...
4d30.74a0: supR3HardenedWinVerifyCacheProcessImportTodos: 'vcruntime140.dll' -> '\Device\HarddiskVolume2\Windows\System32\vcruntime140.dll' [rcNtRedir=0xc0150008]
4d30.74a0: supR3HardenedWinVerifyCacheProcessImportTodos: Processing 'qt6corevbox.dll'...
4d30.74a0: supR3HardenedWinVerifyCacheProcessImportTodos: 'qt6corevbox.dll' -> '\Device\HarddiskVolume2\Program Files\Oracle\VirtualBox\qt6corevbox.dll' [rcNtRedir=0xc0150008]
4d30.74a0: supR3HardenedScreenImage/Imports: cache hit (VINF_SUCCESS) on \Device\HarddiskVolume2\Program Files\Oracle\VirtualBox\Qt6CoreVBox.dll
4d30.74a0: supR3HardenedWinVerifyCacheProcessImportTodos: Processing 'qt6guivbox.dll'...
4d30.74a0: supR3HardenedWinVerifyCacheProcessImportTodos: 'qt6guivbox.dll' -> '\Device\HarddiskVolume2\Program Files\Oracle\VirtualBox\qt6guivbox.dll' [rcNtRedir=0xc0150008]
4d30.74a0: supR3HardenedScreenImage/Imports: cache hit (VINF_SUCCESS) on \Device\HarddiskVolume2\Program Files\Oracle\VirtualBox\Qt6GuiVBox.dll [lacks WinVerifyTrust]
4d30.74a0: supR3HardenedMonitor_LdrLoadDll: returns rcNt=0x0 hMod=00007ff9458c0000 'C:\WINDOWS\system32\rsaenh.dll'
4d30.74a0: supR3HardenedMonitor_LdrLoadDll: returns rcNt=0x0 hMod=00007ff946e90000 'C:\WINDOWS\System32\crypt32.dll'
4d30.74a0: supR3HardenedWinVerifyCacheScheduleImports: Import todo: #0 'qt6sqlvbox.dll'.
4d30.74a0: supR3HardenedWinVerifyCacheScheduleImports: Import todo: #1 'qt6widgetsvbox.dll'.
4d30.74a0: supR3HardenedWinVerifyCacheScheduleImports: Import todo: #2 'qt6guivbox.dll'.
4d30.74a0: supR3HardenedWinVerifyCacheScheduleImports: Import todo: #3 'qt6corevbox.dll'.
4d30.74a0: supR3HardenedWinVerifyCacheScheduleImports: Import todo: #4 'msvcp140.dll'.
4d30.74a0: supR3HardenedWinVerifyCacheScheduleImports: Import todo: #5 'vcruntime140.dll'.
4d30.74a0: supR3HardenedWinVerifyCacheScheduleImports: Import todo: #6 'vcruntime140_1.dll'.
4d30.74a0: supHardenedWinVerifyImageByHandle: -> 0 (\Device\HarddiskVolume2\Program Files\Oracle\VirtualBox\Qt6HelpVBox.dll) WinVerifyTrust
4d30.74a0: supR3HardenedWinVerifyCacheInsert: \Device\HarddiskVolume2\Program Files\Oracle\VirtualBox\Qt6HelpVBox.dll
4d30.74a0: supR3HardenedWinVerifyCacheProcessImportTodos: Processing 'qt6widgetsvbox.dll'...
4d30.74a0: supR3HardenedWinVerifyCacheProcessImportTodos: 'qt6widgetsvbox.dll' -> '\Device\HarddiskVolume2\Program Files\Oracle\VirtualBox\qt6widgetsvbox.dll' [rcNtRedir=0xc0150008]
4d30.74a0: supR3HardenedScreenImage/Imports: cache hit (VINF_SUCCESS) on \Device\HarddiskVolume2\Program Files\Oracle\VirtualBox\Qt6WidgetsVBox.dll
4d30.74a0: supR3HardenedWinVerifyCacheProcessImportTodos: Processing 'qt6guivbox.dll'...
4d30.74a0: supR3HardenedWinVerifyCacheProcessImportTodos: 'qt6guivbox.dll' -> '\Device\HarddiskVolume2\Program Files\Oracle\VirtualBox\qt6guivbox.dll' [rcNtRedir=0xc0150008]
4d30.74a0: supR3HardenedScreenImage/Imports: cache hit (VINF_SUCCESS) on \Device\HarddiskVolume2\Program Files\Oracle\VirtualBox\Qt6GuiVBox.dll [redoing WinVerifyTrust]
4d30.74a0: supR3HardenedWinVerifyCacheProcessImportTodos: Processing 'vcruntime140_1.dll'...
4d30.74a0: supR3HardenedWinVerifyCacheProcessImportTodos: 'vcruntime140_1.dll' -> '\Device\HarddiskVolume2\Windows\System32\vcruntime140_1.dll' [rcNtRedir=0xc0150008]
4d30.74a0: supR3HardenedWinVerifyCacheProcessImportTodos: Processing 'vcruntime140.dll'...
4d30.74a0: supR3HardenedWinVerifyCacheProcessImportTodos: 'vcruntime140.dll' -> '\Device\HarddiskVolume2\Windows\System32\vcruntime140.dll' [rcNtRedir=0xc0150008]
4d30.74a0: supR3HardenedWinVerifyCacheProcessImportTodos: Processing 'msvcp140.dll'...
4d30.74a0: supR3HardenedWinVerifyCacheProcessImportTodos: 'msvcp140.dll' -> '\Device\HarddiskVolume2\Windows\System32\msvcp140.dll' [rcNtRedir=0xc0150008]
4d30.74a0: supR3HardenedWinVerifyCacheProcessImportTodos: Processing 'qt6corevbox.dll'...
4d30.74a0: supR3HardenedWinVerifyCacheProcessImportTodos: 'qt6corevbox.dll' -> '\Device\HarddiskVolume2\Program Files\Oracle\VirtualBox\qt6corevbox.dll' [rcNtRedir=0xc0150008]
4d30.74a0: supR3HardenedScreenImage/Imports: cache hit (VINF_SUCCESS) on \Device\HarddiskVolume2\Program Files\Oracle\VirtualBox\Qt6CoreVBox.dll
4d30.74a0: supR3HardenedWinVerifyCacheProcessImportTodos: Processing 'qt6guivbox.dll'...
4d30.74a0: supR3HardenedWinVerifyCacheProcessImportTodos: 'qt6guivbox.dll' -> '\Device\HarddiskVolume2\Program Files\Oracle\VirtualBox\qt6guivbox.dll' [rcNtRedir=0xc0150008]
4d30.74a0: supR3HardenedScreenImage/Imports: cache hit (VINF_SUCCESS) on \Device\HarddiskVolume2\Program Files\Oracle\VirtualBox\Qt6GuiVBox.dll [lacks WinVerifyTrust]
4d30.74a0: supR3HardenedWinVerifyCacheProcessImportTodos: Processing 'qt6widgetsvbox.dll'...
4d30.74a0: supR3HardenedWinVerifyCacheProcessImportTodos: 'qt6widgetsvbox.dll' -> '\Device\HarddiskVolume2\Program Files\Oracle\VirtualBox\qt6widgetsvbox.dll' [rcNtRedir=0xc0150008]
4d30.74a0: supR3HardenedScreenImage/Imports: cache hit (VINF_SUCCESS) on \Device\HarddiskVolume2\Program Files\Oracle\VirtualBox\Qt6WidgetsVBox.dll
4d30.74a0: supR3HardenedWinVerifyCacheProcessImportTodos: Processing 'qt6sqlvbox.dll'...
4d30.74a0: supR3HardenedWinVerifyCacheProcessImportTodos: 'qt6sqlvbox.dll' -> '\Device\HarddiskVolume2\Program Files\Oracle\VirtualBox\qt6sqlvbox.dll' [rcNtRedir=0xc0150008]
4d30.74a0: Detected WinVerifyTrust recursion: rc=VINF_SUCCESS '\Device\HarddiskVolume2\Program Files\Oracle\VirtualBox\Qt6SqlVBox.dll'.
4d30.74a0: supR3HardenedWinVerifyCacheScheduleImports: Import todo: #0 'qt6corevbox.dll'.
4d30.74a0: supR3HardenedWinVerifyCacheScheduleImports: Import todo: #1 'msvcp140.dll'.
4d30.74a0: supR3HardenedWinVerifyCacheScheduleImports: Import todo: #2 'vcruntime140.dll'.
4d30.74a0: supR3HardenedWinVerifyCacheScheduleImports: Import todo: #3 'vcruntime140_1.dll'.
4d30.74a0: supHardenedWinVerifyImageByHandle: -> 0 (\Device\HarddiskVolume2\Program Files\Oracle\VirtualBox\Qt6SqlVBox.dll)
4d30.74a0: supR3HardenedWinVerifyCacheInsert: \Device\HarddiskVolume2\Program Files\Oracle\VirtualBox\Qt6SqlVBox.dll
4d30.74a0: supR3HardenedWinVerifyCacheProcessImportTodos: Processing 'vcruntime140_1.dll'...
4d30.74a0: supR3HardenedWinVerifyCacheProcessImportTodos: 'vcruntime140_1.dll' -> '\Device\HarddiskVolume2\Windows\System32\vcruntime140_1.dll' [rcNtRedir=0xc0150008]
4d30.74a0: supR3HardenedWinVerifyCacheProcessImportTodos: Processing 'vcruntime140.dll'...
4d30.74a0: supR3HardenedWinVerifyCacheProcessImportTodos: 'vcruntime140.dll' -> '\Device\HarddiskVolume2\Windows\System32\vcruntime140.dll' [rcNtRedir=0xc0150008]
4d30.74a0: supR3HardenedScreenImage/Imports: cache hit (VINF_SUCCESS) on \Device\HarddiskVolume2\Windows\System32\vcruntime140.dll
4d30.74a0: supR3HardenedWinVerifyCacheProcessImportTodos: Processing 'msvcp140.dll'...
4d30.74a0: supR3HardenedWinVerifyCacheProcessImportTodos: 'msvcp140.dll' -> '\Device\HarddiskVolume2\Windows\System32\msvcp140.dll' [rcNtRedir=0xc0150008]
4d30.74a0: supR3HardenedWinVerifyCacheProcessImportTodos: Processing 'qt6corevbox.dll'...
4d30.74a0: supR3HardenedWinVerifyCacheProcessImportTodos: 'qt6corevbox.dll' -> '\Device\HarddiskVolume2\Program Files\Oracle\VirtualBox\qt6corevbox.dll' [rcNtRedir=0xc0150008]
4d30.74a0: supR3HardenedScreenImage/Imports: cache hit (VINF_SUCCESS) on \Device\HarddiskVolume2\Program Files\Oracle\VirtualBox\Qt6CoreVBox.dll
4d30.74a0: supR3HardenedMonitor_LdrLoadDll: returns rcNt=0x0 hMod=00007ff9458c0000 'C:\WINDOWS\system32\rsaenh.dll'
4d30.74a0: supR3HardenedMonitor_LdrLoadDll: returns rcNt=0x0 hMod=00007ff946e90000 'C:\WINDOWS\System32\crypt32.dll'
4d30.74a0: supR3HardenedScreenImage/Imports: 0 (was 0) fWinVerifyTrust=1 for '\Device\HarddiskVolume2\Program Files\Oracle\VirtualBox\Qt6GuiVBox.dll'
4d30.74a0: supR3HardenedWinVerifyCacheProcessImportTodos: Processing 'qt6corevbox.dll'...
4d30.74a0: supR3HardenedWinVerifyCacheProcessImportTodos: 'qt6corevbox.dll' -> '\Device\HarddiskVolume2\Program Files\Oracle\VirtualBox\qt6corevbox.dll' [rcNtRedir=0xc0150008]
4d30.74a0: supR3HardenedScreenImage/Imports: cache hit (VINF_SUCCESS) on \Device\HarddiskVolume2\Program Files\Oracle\VirtualBox\Qt6CoreVBox.dll
4d30.74a0: supR3HardenedMonitor_LdrLoadDll: pName=C:\Program Files\Oracle\VirtualBox\VirtualBoxVM.dll (rcNtResolve=0xc0150008) *pfFlags=0x0 pwszSearchPath=0000000000000a01:<flags> [calling]
4d30.74a0: supR3HardenedScreenImage/NtCreateSection: cache hit (VINF_SUCCESS) on \Device\HarddiskVolume2\Program Files\Oracle\VirtualBox\VirtualBoxVM.dll
4d30.74a0: supR3HardenedScreenImage/NtCreateSection: cache hit (VINF_SUCCESS) on \Device\HarddiskVolume2\Program Files\Oracle\VirtualBox\UICommon.dll
4d30.74a0: supR3HardenedScreenImage/NtCreateSection: cache hit (VINF_SUCCESS) on \Device\HarddiskVolume2\Program Files\Oracle\VirtualBox\Qt6CoreVBox.dll
4d30.74a0: supR3HardenedScreenImage/NtCreateSection: cache hit (VINF_SUCCESS) on \Device\HarddiskVolume2\Program Files\Oracle\VirtualBox\Qt6GuiVBox.dll
4d30.74a0: supR3HardenedScreenImage/NtCreateSection: cache hit (VINF_SUCCESS) on \Device\HarddiskVolume2\Program Files\Oracle\VirtualBox\Qt6WidgetsVBox.dll
4d30.74a0: supR3HardenedScreenImage/NtCreateSection: cache hit (VINF_SUCCESS) on \Device\HarddiskVolume2\Windows\System32\winmm.dll
4d30.74a0: supR3HardenedScreenImage/NtCreateSection: cache hit (VINF_SUCCESS) on \Device\HarddiskVolume2\Program Files\Oracle\VirtualBox\Qt6HelpVBox.dll
4d30.74a0: supR3HardenedScreenImage/NtCreateSection: cache hit (VINF_SUCCESS) on \Device\HarddiskVolume2\Program Files\Oracle\VirtualBox\Qt6StateMachineVBox.dll
4d30.74a0: supR3HardenedScreenImage/NtCreateSection: cache hit (VINF_SUCCESS) on \Device\HarddiskVolume2\Windows\System32\userenv.dll [avoiding WinVerifyTrust]
4d30.74a0: supR3HardenedScreenImage/NtCreateSection: cache hit (22900) on \Device\HarddiskVolume2\Windows\System32\authz.dll [avoiding WinVerifyTrust]
4d30.74a0: supR3HardenedScreenImage/NtCreateSection: cache hit (VINF_SUCCESS) on \Device\HarddiskVolume2\Windows\System32\netapi32.dll [avoiding WinVerifyTrust]
4d30.74a0: supR3HardenedScreenImage/NtCreateSection: cache hit (VINF_SUCCESS) on \Device\HarddiskVolume2\Windows\System32\version.dll [avoiding WinVerifyTrust]
4d30.74a0: supR3HardenedScreenImage/NtCreateSection: cache hit (VINF_SUCCESS) on \Device\HarddiskVolume2\Windows\System32\msvcp140_1.dll [avoiding WinVerifyTrust]
4d30.74a0: supR3HardenedScreenImage/NtCreateSection: cache hit (VINF_SUCCESS) on \Device\HarddiskVolume2\Windows\System32\d3d11.dll [avoiding WinVerifyTrust]
4d30.74a0: supR3HardenedScreenImage/NtCreateSection: cache hit (VINF_SUCCESS) on \Device\HarddiskVolume2\Windows\System32\dxgi.dll [avoiding WinVerifyTrust]
4d30.74a0: supR3HardenedScreenImage/NtCreateSection: cache hit (VINF_SUCCESS) on \Device\HarddiskVolume2\Windows\System32\D3D12.dll [avoiding WinVerifyTrust]
4d30.74a0: supR3HardenedScreenImage/NtCreateSection: cache hit (22900) on \Device\HarddiskVolume2\Windows\System32\uxtheme.dll [avoiding WinVerifyTrust]
4d30.74a0: supR3HardenedScreenImage/NtCreateSection: cache hit (22900) on \Device\HarddiskVolume2\Windows\System32\DWrite.dll [avoiding WinVerifyTrust]
4d30.74a0: supR3HardenedScreenImage/NtCreateSection: cache hit (VINF_SUCCESS) on \Device\HarddiskVolume2\Windows\System32\msvcp140_2.dll [avoiding WinVerifyTrust]
4d30.74a0: supR3HardenedScreenImage/NtCreateSection: cache hit (VINF_SUCCESS) on \Device\HarddiskVolume2\Windows\System32\dwmapi.dll [avoiding WinVerifyTrust]
4d30.74a0: supR3HardenedScreenImage/NtCreateSection: cache hit (VINF_SUCCESS) on \Device\HarddiskVolume2\Program Files\Oracle\VirtualBox\Qt6SqlVBox.dll [avoiding WinVerifyTrust]
4d30.74a0: supR3HardenedWinVerifyCacheScheduleImports: Import todo: #12 'rpcrt4.dll'.
4d30.74a0: supHardenedWinVerifyImageByHandle: -> 0 (\Device\HarddiskVolume2\Windows\System32\powrprof.dll)
4d30.74a0: supR3HardenedWinVerifyCacheInsert: \Device\HarddiskVolume2\Windows\System32\powrprof.dll
4d30.74a0: supR3HardenedWinVerifyCacheScheduleImports: Import todo: #3 'rpcrt4.dll'.
4d30.74a0: supHardenedWinVerifyImageByHandle: -> 0 (\Device\HarddiskVolume2\Windows\System32\srvcli.dll)
4d30.74a0: supR3HardenedWinVerifyCacheInsert: \Device\HarddiskVolume2\Windows\System32\srvcli.dll
4d30.74a0: supHardenedWinVerifyImageByHandle: -> 0 (\Device\HarddiskVolume2\Windows\System32\netutils.dll)
4d30.74a0: supR3HardenedWinVerifyCacheInsert: \Device\HarddiskVolume2\Windows\System32\netutils.dll
4d30.74a0: supR3HardenedDllNotificationCallback: load   00007ff945fa0000 LB 0x00033000 C:\WINDOWS\SYSTEM32\USERENV.dll [fFlags=0x0]
4d30.74a0: supR3HardenedScreenImage/LdrLoadDll: cache hit (VINF_SUCCESS) on \Device\HarddiskVolume2\Windows\System32\userenv.dll [avoiding WinVerifyTrust]
4d30.74a0: supR3HardenedDllNotificationCallback: load   00007ff945500000 LB 0x00050000 C:\WINDOWS\SYSTEM32\AUTHZ.dll [fFlags=0x0]
4d30.74a0: supR3HardenedScreenImage/LdrLoadDll: cache hit (22900) on \Device\HarddiskVolume2\Windows\System32\authz.dll [avoiding WinVerifyTrust]
4d30.74a0: supR3HardenedDllNotificationCallback: load   00007ff938280000 LB 0x0001a000 C:\WINDOWS\SYSTEM32\NETAPI32.dll [fFlags=0x0]
4d30.74a0: supR3HardenedScreenImage/LdrLoadDll: cache hit (VINF_SUCCESS) on \Device\HarddiskVolume2\Windows\System32\netapi32.dll [avoiding WinVerifyTrust]
4d30.74a0: supR3HardenedDllNotificationCallback: load   00007ff947010000 LB 0x00027000 C:\WINDOWS\System32\win32u.dll [fFlags=0x0]
4d30.74a0: supR3HardenedScreenImage/LdrLoadDll: cache hit (VINF_SUCCESS) on \Device\HarddiskVolume2\Windows\System32\win32u.dll [avoiding WinVerifyTrust]
4d30.74a0: supR3HardenedDllNotificationCallback: load   00007ff949d10000 LB 0x001c5000 C:\WINDOWS\System32\USER32.dll [fFlags=0x0]
4d30.74a0: supR3HardenedDllNotificationCallback: load   00007ff946bf0000 LB 0x0012b000 C:\WINDOWS\System32\gdi32full.dll [fFlags=0x0]
4d30.74a0: supR3HardenedWinVerifyCacheScheduleImports: Import todo: #0 'msvcp_win.dll'.
4d30.74a0: supR3HardenedWinVerifyCacheScheduleImports: Import todo: #35 'gdi32.dll'.
4d30.74a0: supR3HardenedWinVerifyCacheScheduleImports: Import todo: #37 'user32.dll'.
4d30.74a0: supR3HardenedWinVerifyCacheScheduleImports: Import todo: #38 'win32u.dll'.
4d30.74a0: supHardenedWinVerifyImageByHandle: -> 0 (\Device\HarddiskVolume2\Windows\System32\gdi32full.dll)
4d30.74a0: supR3HardenedWinVerifyCacheInsert: \Device\HarddiskVolume2\Windows\System32\gdi32full.dll
4d30.74a0: supR3HardenedDllNotificationCallback: load   00007ff948660000 LB 0x0002b000 C:\WINDOWS\System32\GDI32.dll [fFlags=0x0]
4d30.74a0: supR3HardenedScreenImage/LdrLoadDll: cache hit (VINF_SUCCESS) on \Device\HarddiskVolume2\Windows\System32\gdi32.dll [avoiding WinVerifyTrust]
4d30.74a0: supR3HardenedDllNotificationCallback: load   00007ff949900000 LB 0x00382000 C:\WINDOWS\System32\combase.dll [fFlags=0x0]
4d30.74a0: supR3HardenedScreenImage/LdrLoadDll: cache hit (VINF_SUCCESS) on \Device\HarddiskVolume2\Windows\System32\combase.dll [avoiding WinVerifyTrust]
4d30.74a0: supR3HardenedDllNotificationCallback: load   00007ff94a040000 LB 0x00197000 C:\WINDOWS\System32\ole32.dll [fFlags=0x0]
4d30.74a0: supR3HardenedScreenImage/LdrLoadDll: cache hit (VINF_SUCCESS) on \Device\HarddiskVolume2\Windows\System32\ole32.dll
4d30.74a0: supR3HardenedDllNotificationCallback: load   00007ff946d20000 LB 0x0016a000 C:\WINDOWS\System32\wintypes.dll [fFlags=0x0]
4d30.74a0: supR3HardenedWinVerifyCacheScheduleImports: Import todo: #3 'combase.dll'.
4d30.74a0: supHardenedWinVerifyImageByHandle: -> 0 (\Device\HarddiskVolume2\Windows\System32\WinTypes.dll)
4d30.74a0: supR3HardenedWinVerifyCacheInsert: \Device\HarddiskVolume2\Windows\System32\WinTypes.dll
4d30.74a0: supR3HardenedDllNotificationCallback: load   00007ff948f90000 LB 0x00767000 C:\WINDOWS\System32\SHELL32.dll [fFlags=0x0]
4d30.74a0: supR3HardenedScreenImage/LdrLoadDll: cache hit (VINF_SUCCESS) on \Device\HarddiskVolume2\Windows\System32\shell32.dll [avoiding WinVerifyTrust]
4d30.74a0: supR3HardenedDllNotificationCallback: load   00007ff93fc60000 LB 0x0000b000 C:\WINDOWS\SYSTEM32\VERSION.dll [fFlags=0x0]
4d30.74a0: supR3HardenedScreenImage/LdrLoadDll: cache hit (VINF_SUCCESS) on \Device\HarddiskVolume2\Windows\System32\version.dll [avoiding WinVerifyTrust]
4d30.74a0: supR3HardenedDllNotificationCallback: load   00007ff937920000 LB 0x00036000 C:\WINDOWS\SYSTEM32\WINMM.dll [fFlags=0x0]
4d30.74a0: supR3HardenedScreenImage/LdrLoadDll: cache hit (VINF_SUCCESS) on \Device\HarddiskVolume2\Windows\System32\winmm.dll
4d30.74a0: supR3HardenedDllNotificationCallback: load   00007ff8af2c0000 LB 0x00009000 C:\WINDOWS\SYSTEM32\MSVCP140_1.dll [fFlags=0x0]
4d30.74a0: supR3HardenedScreenImage/LdrLoadDll: cache hit (VINF_SUCCESS) on \Device\HarddiskVolume2\Windows\System32\msvcp140_1.dll [avoiding WinVerifyTrust]
4d30.74a0: supR3HardenedDllNotificationCallback: load   00007ff92a3f0000 LB 0x00029000 C:\WINDOWS\SYSTEM32\SRVCLI.DLL [fFlags=0x0]
4d30.74a0: supR3HardenedScreenImage/LdrLoadDll: cache hit (VINF_SUCCESS) on \Device\HarddiskVolume2\Windows\System32\srvcli.dll [avoiding WinVerifyTrust]
4d30.74a0: supR3HardenedDllNotificationCallback: load   00007ff945320000 LB 0x0000d000 C:\WINDOWS\SYSTEM32\NETUTILS.DLL [fFlags=0x0]
4d30.74a0: supR3HardenedScreenImage/LdrLoadDll: cache hit (VINF_SUCCESS) on \Device\HarddiskVolume2\Windows\System32\netutils.dll [avoiding WinVerifyTrust]
4d30.74a0: supR3HardenedDllNotificationCallback: load   00007ff8c9810000 LB 0x005c3000 C:\Program Files\Oracle\VirtualBox\Qt6CoreVBox.dll [fFlags=0x0]
4d30.74a0: supR3HardenedDllNotificationCallback: load   00007ff9467e0000 LB 0x0005e000 C:\WINDOWS\SYSTEM32\powrprof.dll [fFlags=0x0]
4d30.74a0: supR3HardenedScreenImage/LdrLoadDll: cache hit (VINF_SUCCESS) on \Device\HarddiskVolume2\Windows\System32\powrprof.dll [avoiding WinVerifyTrust]
4d30.74a0: supR3HardenedDllNotificationCallback: load   00007ff944780000 LB 0x00141000 C:\WINDOWS\SYSTEM32\dxgi.dll [fFlags=0x0]
4d30.74a0: supR3HardenedScreenImage/LdrLoadDll: cache hit (VINF_SUCCESS) on \Device\HarddiskVolume2\Windows\System32\dxgi.dll [avoiding WinVerifyTrust]
4d30.74a0: supR3HardenedDllNotificationCallback: load   00007ff943770000 LB 0x00263000 C:\WINDOWS\SYSTEM32\d3d11.dll [fFlags=0x0]
4d30.74a0: supR3HardenedScreenImage/LdrLoadDll: cache hit (VINF_SUCCESS) on \Device\HarddiskVolume2\Windows\System32\d3d11.dll [avoiding WinVerifyTrust]
4d30.74a0: supR3HardenedDllNotificationCallback: load   00007ff91cea0000 LB 0x00023000 C:\WINDOWS\SYSTEM32\d3d12.dll [fFlags=0x0]
4d30.74a0: supR3HardenedScreenImage/LdrLoadDll: cache hit (VINF_SUCCESS) on \Device\HarddiskVolume2\Windows\System32\D3D12.dll [avoiding WinVerifyTrust]
4d30.74a0: supR3HardenedDllNotificationCallback: load   00007ff944650000 LB 0x000a9000 C:\WINDOWS\SYSTEM32\UxTheme.dll [fFlags=0x0]
4d30.74a0: supR3HardenedScreenImage/LdrLoadDll: cache hit (22900) on \Device\HarddiskVolume2\Windows\System32\uxtheme.dll [avoiding WinVerifyTrust]
4d30.74a0: supR3HardenedDllNotificationCallback: load   00007ff942e00000 LB 0x00267000 C:\WINDOWS\SYSTEM32\DWrite.dll [fFlags=0x0]
4d30.74a0: supR3HardenedScreenImage/LdrLoadDll: cache hit (22900) on \Device\HarddiskVolume2\Windows\System32\DWrite.dll [avoiding WinVerifyTrust]
4d30.74a0: supR3HardenedDllNotificationCallback: load   00007ff8af240000 LB 0x00044000 C:\WINDOWS\SYSTEM32\MSVCP140_2.dll [fFlags=0x0]
4d30.74a0: supR3HardenedScreenImage/LdrLoadDll: cache hit (VINF_SUCCESS) on \Device\HarddiskVolume2\Windows\System32\msvcp140_2.dll [avoiding WinVerifyTrust]
4d30.74a0: supR3HardenedDllNotificationCallback: load   00007ff8c8f80000 LB 0x0088e000 C:\Program Files\Oracle\VirtualBox\Qt6GuiVBox.dll [fFlags=0x0]
4d30.74a0: supR3HardenedScreenImage/LdrLoadDll: cache hit (VINF_SUCCESS) on \Device\HarddiskVolume2\Program Files\Oracle\VirtualBox\Qt6GuiVBox.dll
4d30.74a0: supR3HardenedDllNotificationCallback: load   00007ff944940000 LB 0x0002f000 C:\WINDOWS\SYSTEM32\dwmapi.dll [fFlags=0x0]
4d30.74a0: supR3HardenedScreenImage/LdrLoadDll: cache hit (VINF_SUCCESS) on \Device\HarddiskVolume2\Windows\System32\dwmapi.dll [avoiding WinVerifyTrust]
4d30.74a0: supR3HardenedDllNotificationCallback: load   00007ff8c8440000 LB 0x0062a000 C:\Program Files\Oracle\VirtualBox\Qt6WidgetsVBox.dll [fFlags=0x0]
4d30.74a0: supR3HardenedScreenImage/LdrLoadDll: cache hit (VINF_SUCCESS) on \Device\HarddiskVolume2\Program Files\Oracle\VirtualBox\Qt6WidgetsVBox.dll
4d30.74a0: supR3HardenedDllNotificationCallback: load   00007ff8c8dc0000 LB 0x0004d000 C:\Program Files\Oracle\VirtualBox\Qt6SqlVBox.dll [fFlags=0x0]
4d30.74a0: supR3HardenedScreenImage/LdrLoadDll: cache hit (VINF_SUCCESS) on \Device\HarddiskVolume2\Program Files\Oracle\VirtualBox\Qt6SqlVBox.dll [avoiding WinVerifyTrust]
4d30.74a0: supR3HardenedDllNotificationCallback: load   00007ff8c8e10000 LB 0x00092000 C:\Program Files\Oracle\VirtualBox\Qt6HelpVBox.dll [fFlags=0x0]
4d30.74a0: supR3HardenedScreenImage/LdrLoadDll: cache hit (VINF_SUCCESS) on \Device\HarddiskVolume2\Program Files\Oracle\VirtualBox\Qt6HelpVBox.dll
4d30.74a0: supR3HardenedDllNotificationCallback: load   00007ff8c8eb0000 LB 0x00055000 C:\Program Files\Oracle\VirtualBox\Qt6StateMachineVBox.dll [fFlags=0x0]
4d30.74a0: supR3HardenedScreenImage/LdrLoadDll: cache hit (VINF_SUCCESS) on \Device\HarddiskVolume2\Program Files\Oracle\VirtualBox\Qt6StateMachineVBox.dll
4d30.74a0: supR3HardenedDllNotificationCallback: load   00007ff948580000 LB 0x000d8000 C:\WINDOWS\System32\OLEAUT32.dll [fFlags=0x0]
4d30.74a0: supR3HardenedScreenImage/LdrLoadDll: cache hit (VINF_SUCCESS) on \Device\HarddiskVolume2\Windows\System32\oleaut32.dll
4d30.74a0: supR3HardenedDllNotificationCallback: load   00007ff857df0000 LB 0x01b5a000 C:\Program Files\Oracle\VirtualBox\UICommon.dll [fFlags=0x0]
4d30.74a0: supR3HardenedScreenImage/LdrLoadDll: cache hit (VINF_SUCCESS) on \Device\HarddiskVolume2\Program Files\Oracle\VirtualBox\UICommon.dll
4d30.74a0: supR3HardenedDllNotificationCallback: load   00007ff8c46b0000 LB 0x0014e000 C:\Program Files\Oracle\VirtualBox\VirtualBoxVM.dll [fFlags=0x0]
4d30.74a0: supR3HardenedScreenImage/LdrLoadDll: cache hit (VINF_SUCCESS) on \Device\HarddiskVolume2\Program Files\Oracle\VirtualBox\VirtualBoxVM.dll
4d30.74a0: supR3HardenedWinVerifyCacheScheduleImports: Import todo: #26 'win32u.dll'.
4d30.74a0: supHardenedWinVerifyImageByHandle: -> 0 (\Device\HarddiskVolume2\Windows\System32\imm32.dll)
4d30.74a0: supR3HardenedWinVerifyCacheInsert: \Device\HarddiskVolume2\Windows\System32\imm32.dll
4d30.74a0: supR3HardenedMonitor_NtCreateSection: NtMapViewOfSection failed on 0000000000000564 (hFile=00000000000004ec) with 0xc0000022 -> STATUS_TRUST_FAILURE
4d30.74a0: Detected loader lock ownership: rc=VINF_SUCCESS '\Device\HarddiskVolume2\Windows\System32\imm32.dll'.
4d30.74a0: supR3HardenedWinVerifyCacheProcessWvtTodos: 0 (was 0) fWinVerifyTrust=0 for '\Device\HarddiskVolume2\Windows\System32\imm32.dll' [rescheduled]
4d30.74a0: Detected loader lock ownership: rc=VINF_SUCCESS '\Device\HarddiskVolume2\Windows\System32\WinTypes.dll'.
4d30.74a0: supR3HardenedWinVerifyCacheProcessWvtTodos: 0 (was 0) fWinVerifyTrust=0 for '\Device\HarddiskVolume2\Windows\System32\WinTypes.dll' [rescheduled]
4d30.74a0: Detected loader lock ownership: rc=VINF_SUCCESS '\Device\HarddiskVolume2\Windows\System32\gdi32full.dll'.
4d30.74a0: supR3HardenedWinVerifyCacheProcessWvtTodos: 0 (was 0) fWinVerifyTrust=0 for '\Device\HarddiskVolume2\Windows\System32\gdi32full.dll' [rescheduled]
4d30.74a0: Detected loader lock ownership: rc=VINF_SUCCESS '\Device\HarddiskVolume2\Windows\System32\netutils.dll'.
4d30.74a0: supR3HardenedWinVerifyCacheProcessWvtTodos: 0 (was 0) fWinVerifyTrust=0 for '\Device\HarddiskVolume2\Windows\System32\netutils.dll' [rescheduled]
4d30.74a0: Detected loader lock ownership: rc=VINF_SUCCESS '\Device\HarddiskVolume2\Windows\System32\srvcli.dll'.
4d30.74a0: supR3HardenedWinVerifyCacheProcessWvtTodos: 0 (was 0) fWinVerifyTrust=0 for '\Device\HarddiskVolume2\Windows\System32\srvcli.dll' [rescheduled]
4d30.74a0: Detected loader lock ownership: rc=VINF_SUCCESS '\Device\HarddiskVolume2\Windows\System32\powrprof.dll'.
4d30.74a0: supR3HardenedWinVerifyCacheProcessWvtTodos: 0 (was 0) fWinVerifyTrust=0 for '\Device\HarddiskVolume2\Windows\System32\powrprof.dll' [rescheduled]
4d30.74a0: Detected loader lock ownership: rc=VINF_SUCCESS '\Device\HarddiskVolume2\Program Files\Oracle\VirtualBox\Qt6SqlVBox.dll'.
4d30.74a0: supR3HardenedWinVerifyCacheProcessWvtTodos: 0 (was 0) fWinVerifyTrust=0 for '\Device\HarddiskVolume2\Program Files\Oracle\VirtualBox\Qt6SqlVBox.dll' [rescheduled]
4d30.74a0: Detected loader lock ownership: rc=VINF_SUCCESS '\Device\HarddiskVolume2\Windows\System32\userenv.dll'.
4d30.74a0: supR3HardenedWinVerifyCacheProcessWvtTodos: 0 (was 0) fWinVerifyTrust=0 for '\Device\HarddiskVolume2\Windows\System32\userenv.dll' [rescheduled]
4d30.74a0: Detected loader lock ownership: rc=22900 '\Device\HarddiskVolume2\Windows\System32\authz.dll'.
4d30.74a0: supR3HardenedWinVerifyCacheProcessWvtTodos: 22900 (was 22900) fWinVerifyTrust=0 for '\Device\HarddiskVolume2\Windows\System32\authz.dll' [rescheduled]
4d30.74a0: Detected loader lock ownership: rc=VINF_SUCCESS '\Device\HarddiskVolume2\Windows\System32\netapi32.dll'.
4d30.74a0: supR3HardenedWinVerifyCacheProcessWvtTodos: 0 (was 0) fWinVerifyTrust=0 for '\Device\HarddiskVolume2\Windows\System32\netapi32.dll' [rescheduled]
4d30.74a0: Detected loader lock ownership: rc=VINF_SUCCESS '\Device\HarddiskVolume2\Windows\System32\version.dll'.
4d30.74a0: supR3HardenedWinVerifyCacheProcessWvtTodos: 0 (was 0) fWinVerifyTrust=0 for '\Device\HarddiskVolume2\Windows\System32\version.dll' [rescheduled]
4d30.74a0: Detected loader lock ownership: rc=VINF_SUCCESS '\Device\HarddiskVolume2\Windows\System32\d3d11.dll'.
4d30.74a0: supR3HardenedWinVerifyCacheProcessWvtTodos: 0 (was 0) fWinVerifyTrust=0 for '\Device\HarddiskVolume2\Windows\System32\d3d11.dll' [rescheduled]
4d30.74a0: Detected loader lock ownership: rc=VINF_SUCCESS '\Device\HarddiskVolume2\Windows\System32\dxgi.dll'.
4d30.74a0: supR3HardenedWinVerifyCacheProcessWvtTodos: 0 (was 0) fWinVerifyTrust=0 for '\Device\HarddiskVolume2\Windows\System32\dxgi.dll' [rescheduled]
4d30.74a0: Detected loader lock ownership: rc=VINF_SUCCESS '\Device\HarddiskVolume2\Windows\System32\D3D12.dll'.
4d30.74a0: supR3HardenedWinVerifyCacheProcessWvtTodos: 0 (was 0) fWinVerifyTrust=0 for '\Device\HarddiskVolume2\Windows\System32\D3D12.dll' [rescheduled]
4d30.74a0: Detected loader lock ownership: rc=VINF_SUCCESS '\Device\HarddiskVolume2\Windows\System32\shell32.dll'.
4d30.74a0: supR3HardenedWinVerifyCacheProcessWvtTodos: 0 (was 0) fWinVerifyTrust=0 for '\Device\HarddiskVolume2\Windows\System32\shell32.dll' [rescheduled]
4d30.74a0: Detected loader lock ownership: rc=22900 '\Device\HarddiskVolume2\Windows\System32\DWrite.dll'.
4d30.74a0: supR3HardenedWinVerifyCacheProcessWvtTodos: 22900 (was 22900) fWinVerifyTrust=0 for '\Device\HarddiskVolume2\Windows\System32\DWrite.dll' [rescheduled]
4d30.74a0: Detected loader lock ownership: rc=VINF_SUCCESS '\Device\HarddiskVolume2\Windows\System32\msvcp140_2.dll'.
4d30.74a0: supR3HardenedWinVerifyCacheProcessWvtTodos: 0 (was 0) fWinVerifyTrust=0 for '\Device\HarddiskVolume2\Windows\System32\msvcp140_2.dll' [rescheduled]
4d30.74a0: Detected loader lock ownership: rc=VINF_SUCCESS '\Device\HarddiskVolume2\Windows\System32\dwmapi.dll'.
4d30.74a0: supR3HardenedWinVerifyCacheProcessWvtTodos: 0 (was 0) fWinVerifyTrust=0 for '\Device\HarddiskVolume2\Windows\System32\dwmapi.dll' [rescheduled]
4d30.74a0: Detected loader lock ownership: rc=22900 '\Device\HarddiskVolume2\Windows\System32\uxtheme.dll'.
4d30.74a0: supR3HardenedWinVerifyCacheProcessWvtTodos: 22900 (was 22900) fWinVerifyTrust=0 for '\Device\HarddiskVolume2\Windows\System32\uxtheme.dll' [rescheduled]
4d30.74a0: Detected loader lock ownership: rc=VINF_SUCCESS '\Device\HarddiskVolume2\Windows\System32\msvcp140_1.dll'.
4d30.74a0: supR3HardenedWinVerifyCacheProcessWvtTodos: 0 (was 0) fWinVerifyTrust=0 for '\Device\HarddiskVolume2\Windows\System32\msvcp140_1.dll' [rescheduled]
4d30.74a0: Detected loader lock ownership: rc=VINF_SUCCESS '\Device\HarddiskVolume2\Windows\System32\win32u.dll'.
4d30.74a0: supR3HardenedWinVerifyCacheProcessWvtTodos: 0 (was 0) fWinVerifyTrust=0 for '\Device\HarddiskVolume2\Windows\System32\win32u.dll' [rescheduled]
4d30.74a0: Detected loader lock ownership: rc=VINF_SUCCESS '\Device\HarddiskVolume2\Windows\System32\gdi32.dll'.
4d30.74a0: supR3HardenedWinVerifyCacheProcessWvtTodos: 0 (was 0) fWinVerifyTrust=0 for '\Device\HarddiskVolume2\Windows\System32\gdi32.dll' [rescheduled]
4d30.74a0: Detected loader lock ownership: rc=VINF_SUCCESS '\Device\HarddiskVolume2\Windows\System32\combase.dll'.
4d30.74a0: supR3HardenedWinVerifyCacheProcessWvtTodos: 0 (was 0) fWinVerifyTrust=0 for '\Device\HarddiskVolume2\Windows\System32\combase.dll' [rescheduled]
4d30.74a0: supR3HardenedScreenImage/LdrLoadDll: cache hit (VINF_SUCCESS) on \Device\HarddiskVolume2\Windows\System32\imm32.dll [redoing WinVerifyTrust]
4d30.74a0: Detected loader lock ownership: rc=VINF_SUCCESS '\Device\HarddiskVolume2\Windows\System32\imm32.dll'.
4d30.74a0: supR3HardenedScreenImage/LdrLoadDll: WinVerifyTrust not available, rescheduling \Device\HarddiskVolume2\Windows\System32\imm32.dll
4d30.74a0: supR3HardenedWinVerifyCacheProcessImportTodos: Processing 'win32u.dll'...
4d30.74a0: supR3HardenedWinVerifyCacheProcessImportTodos: 'win32u.dll' -> '\Device\HarddiskVolume2\Windows\System32\win32u.dll' [rcNtRedir=0xc0150008]
4d30.74a0: supR3HardenedScreenImage/Imports: cache hit (VINF_SUCCESS) on \Device\HarddiskVolume2\Windows\System32\win32u.dll [redoing WinVerifyTrust]
4d30.74a0: Detected loader lock ownership: rc=VINF_SUCCESS '\Device\HarddiskVolume2\Windows\System32\win32u.dll'.
4d30.74a0: supR3HardenedScreenImage/Imports: WinVerifyTrust not available, rescheduling \Device\HarddiskVolume2\Windows\System32\win32u.dll
4d30.74a0: supR3HardenedWinVerifyCacheProcessImportTodos: Processing 'combase.dll'...
4d30.74a0: supR3HardenedWinVerifyCacheProcessImportTodos: 'combase.dll' -> '\Device\HarddiskVolume2\Windows\System32\combase.dll' [rcNtRedir=0xc0150008]
4d30.74a0: supR3HardenedScreenImage/Imports: cache hit (VINF_SUCCESS) on \Device\HarddiskVolume2\Windows\System32\combase.dll [redoing WinVerifyTrust]
4d30.74a0: Detected loader lock ownership: rc=VINF_SUCCESS '\Device\HarddiskVolume2\Windows\System32\combase.dll'.
4d30.74a0: supR3HardenedScreenImage/Imports: WinVerifyTrust not available, rescheduling \Device\HarddiskVolume2\Windows\System32\combase.dll
4d30.74a0: supR3HardenedWinVerifyCacheProcessImportTodos: Processing 'win32u.dll'...
4d30.74a0: supR3HardenedWinVerifyCacheProcessImportTodos: 'win32u.dll' -> '\Device\HarddiskVolume2\Windows\System32\win32u.dll' [rcNtRedir=0xc0150008]
4d30.74a0: supR3HardenedScreenImage/Imports: cache hit (VINF_SUCCESS) on \Device\HarddiskVolume2\Windows\System32\win32u.dll [redoing WinVerifyTrust]
4d30.74a0: Detected loader lock ownership: rc=VINF_SUCCESS '\Device\HarddiskVolume2\Windows\System32\win32u.dll'.
4d30.74a0: supR3HardenedScreenImage/Imports: WinVerifyTrust not available, rescheduling \Device\HarddiskVolume2\Windows\System32\win32u.dll
4d30.74a0: supR3HardenedWinVerifyCacheProcessImportTodos: Processing 'user32.dll'...
4d30.74a0: supR3HardenedWinVerifyCacheProcessImportTodos: 'user32.dll' -> '\Device\HarddiskVolume2\Windows\System32\user32.dll' [rcNtRedir=0xc0150008]
4d30.74a0: supR3HardenedWinVerifyCacheProcessImportTodos: Processing 'gdi32.dll'...
4d30.74a0: supR3HardenedWinVerifyCacheProcessImportTodos: 'gdi32.dll' -> '\Device\HarddiskVolume2\Windows\System32\gdi32.dll' [rcNtRedir=0xc0150008]
4d30.74a0: supR3HardenedScreenImage/Imports: cache hit (VINF_SUCCESS) on \Device\HarddiskVolume2\Windows\System32\gdi32.dll [redoing WinVerifyTrust]
4d30.74a0: Detected loader lock ownership: rc=VINF_SUCCESS '\Device\HarddiskVolume2\Windows\System32\gdi32.dll'.
4d30.74a0: supR3HardenedScreenImage/Imports: WinVerifyTrust not available, rescheduling \Device\HarddiskVolume2\Windows\System32\gdi32.dll
4d30.74a0: supR3HardenedWinVerifyCacheProcessImportTodos: Processing 'msvcp_win.dll'...
4d30.74a0: supR3HardenedWinVerifyCacheProcessImportTodos: 'msvcp_win.dll' -> '\Device\HarddiskVolume2\Windows\System32\msvcp_win.dll' [rcNtRedir=0xc0150008]
4d30.74a0: supR3HardenedWinVerifyCacheProcessImportTodos: Processing 'rpcrt4.dll'...
4d30.74a0: supR3HardenedWinVerifyCacheProcessImportTodos: 'rpcrt4.dll' -> '\Device\HarddiskVolume2\Windows\System32\rpcrt4.dll' [rcNtRedir=0xc0150008]
4d30.74a0: supR3HardenedWinVerifyCacheProcessImportTodos: Processing 'rpcrt4.dll'...
4d30.74a0: supR3HardenedWinVerifyCacheProcessImportTodos: 'rpcrt4.dll' -> '\Device\HarddiskVolume2\Windows\System32\rpcrt4.dll' [rcNtRedir=0xc0150008]
4d30.74a0: supR3HardenedMonitor_LdrLoadDll: pName=C:\WINDOWS\system32\IMM32.DLL (rcNtResolve=0xc0150008) *pfFlags=0x0 pwszSearchPath=0000000000000009:<flags> [calling]
4d30.74a0: supR3HardenedDllNotificationCallback: load   00007ff948390000 LB 0x00032000 C:\WINDOWS\System32\IMM32.DLL [fFlags=0x0]
4d30.74a0: supR3HardenedScreenImage/LdrLoadDll: cache hit (VINF_SUCCESS) on \Device\HarddiskVolume2\Windows\System32\imm32.dll [avoiding WinVerifyTrust]
4d30.74a0: supR3HardenedMonitor_LdrLoadDll: returns rcNt=0x0 hMod=00007ff948390000 'C:\WINDOWS\system32\IMM32.DLL'
4d30.74a0: Detected loader lock ownership: rc=VINF_SUCCESS '\Device\HarddiskVolume2\Windows\System32\imm32.dll'.
4d30.74a0: supR3HardenedWinVerifyCacheProcessWvtTodos: 0 (was 0) fWinVerifyTrust=0 for '\Device\HarddiskVolume2\Windows\System32\imm32.dll' [rescheduled]
4d30.74a0: Detected loader lock ownership: rc=VINF_SUCCESS '\Device\HarddiskVolume2\Windows\System32\WinTypes.dll'.
4d30.74a0: supR3HardenedWinVerifyCacheProcessWvtTodos: 0 (was 0) fWinVerifyTrust=0 for '\Device\HarddiskVolume2\Windows\System32\WinTypes.dll' [rescheduled]
4d30.74a0: Detected loader lock ownership: rc=VINF_SUCCESS '\Device\HarddiskVolume2\Windows\System32\gdi32full.dll'.
4d30.74a0: supR3HardenedWinVerifyCacheProcessWvtTodos: 0 (was 0) fWinVerifyTrust=0 for '\Device\HarddiskVolume2\Windows\System32\gdi32full.dll' [rescheduled]
4d30.74a0: Detected loader lock ownership: rc=VINF_SUCCESS '\Device\HarddiskVolume2\Windows\System32\netutils.dll'.
4d30.74a0: supR3HardenedWinVerifyCacheProcessWvtTodos: 0 (was 0) fWinVerifyTrust=0 for '\Device\HarddiskVolume2\Windows\System32\netutils.dll' [rescheduled]
4d30.74a0: Detected loader lock ownership: rc=VINF_SUCCESS '\Device\HarddiskVolume2\Windows\System32\srvcli.dll'.
4d30.74a0: supR3HardenedWinVerifyCacheProcessWvtTodos: 0 (was 0) fWinVerifyTrust=0 for '\Device\HarddiskVolume2\Windows\System32\srvcli.dll' [rescheduled]
4d30.74a0: Detected loader lock ownership: rc=VINF_SUCCESS '\Device\HarddiskVolume2\Windows\System32\powrprof.dll'.
4d30.74a0: supR3HardenedWinVerifyCacheProcessWvtTodos: 0 (was 0) fWinVerifyTrust=0 for '\Device\HarddiskVolume2\Windows\System32\powrprof.dll' [rescheduled]
4d30.74a0: Detected loader lock ownership: rc=VINF_SUCCESS '\Device\HarddiskVolume2\Program Files\Oracle\VirtualBox\Qt6SqlVBox.dll'.
4d30.74a0: supR3HardenedWinVerifyCacheProcessWvtTodos: 0 (was 0) fWinVerifyTrust=0 for '\Device\HarddiskVolume2\Program Files\Oracle\VirtualBox\Qt6SqlVBox.dll' [rescheduled]
4d30.74a0: Detected loader lock ownership: rc=VINF_SUCCESS '\Device\HarddiskVolume2\Windows\System32\userenv.dll'.
4d30.74a0: supR3HardenedWinVerifyCacheProcessWvtTodos: 0 (was 0) fWinVerifyTrust=0 for '\Device\HarddiskVolume2\Windows\System32\userenv.dll' [rescheduled]
4d30.74a0: Detected loader lock ownership: rc=22900 '\Device\HarddiskVolume2\Windows\System32\authz.dll'.
4d30.74a0: supR3HardenedWinVerifyCacheProcessWvtTodos: 22900 (was 22900) fWinVerifyTrust=0 for '\Device\HarddiskVolume2\Windows\System32\authz.dll' [rescheduled]
4d30.74a0: Detected loader lock ownership: rc=VINF_SUCCESS '\Device\HarddiskVolume2\Windows\System32\netapi32.dll'.
4d30.74a0: supR3HardenedWinVerifyCacheProcessWvtTodos: 0 (was 0) fWinVerifyTrust=0 for '\Device\HarddiskVolume2\Windows\System32\netapi32.dll' [rescheduled]
4d30.74a0: Detected loader lock ownership: rc=VINF_SUCCESS '\Device\HarddiskVolume2\Windows\System32\version.dll'.
4d30.74a0: supR3HardenedWinVerifyCacheProcessWvtTodos: 0 (was 0) fWinVerifyTrust=0 for '\Device\HarddiskVolume2\Windows\System32\version.dll' [rescheduled]
4d30.74a0: Detected loader lock ownership: rc=VINF_SUCCESS '\Device\HarddiskVolume2\Windows\System32\d3d11.dll'.
4d30.74a0: supR3HardenedWinVerifyCacheProcessWvtTodos: 0 (was 0) fWinVerifyTrust=0 for '\Device\HarddiskVolume2\Windows\System32\d3d11.dll' [rescheduled]
4d30.74a0: Detected loader lock ownership: rc=VINF_SUCCESS '\Device\HarddiskVolume2\Windows\System32\dxgi.dll'.
4d30.74a0: supR3HardenedWinVerifyCacheProcessWvtTodos: 0 (was 0) fWinVerifyTrust=0 for '\Device\HarddiskVolume2\Windows\System32\dxgi.dll' [rescheduled]
4d30.74a0: Detected loader lock ownership: rc=VINF_SUCCESS '\Device\HarddiskVolume2\Windows\System32\D3D12.dll'.
4d30.74a0: supR3HardenedWinVerifyCacheProcessWvtTodos: 0 (was 0) fWinVerifyTrust=0 for '\Device\HarddiskVolume2\Windows\System32\D3D12.dll' [rescheduled]
4d30.74a0: Detected loader lock ownership: rc=VINF_SUCCESS '\Device\HarddiskVolume2\Windows\System32\shell32.dll'.
4d30.74a0: supR3HardenedWinVerifyCacheProcessWvtTodos: 0 (was 0) fWinVerifyTrust=0 for '\Device\HarddiskVolume2\Windows\System32\shell32.dll' [rescheduled]
4d30.74a0: Detected loader lock ownership: rc=22900 '\Device\HarddiskVolume2\Windows\System32\DWrite.dll'.
4d30.74a0: supR3HardenedWinVerifyCacheProcessWvtTodos: 22900 (was 22900) fWinVerifyTrust=0 for '\Device\HarddiskVolume2\Windows\System32\DWrite.dll' [rescheduled]
4d30.74a0: Detected loader lock ownership: rc=VINF_SUCCESS '\Device\HarddiskVolume2\Windows\System32\msvcp140_2.dll'.
4d30.74a0: supR3HardenedWinVerifyCacheProcessWvtTodos: 0 (was 0) fWinVerifyTrust=0 for '\Device\HarddiskVolume2\Windows\System32\msvcp140_2.dll' [rescheduled]
4d30.74a0: Detected loader lock ownership: rc=VINF_SUCCESS '\Device\HarddiskVolume2\Windows\System32\dwmapi.dll'.
4d30.74a0: supR3HardenedWinVerifyCacheProcessWvtTodos: 0 (was 0) fWinVerifyTrust=0 for '\Device\HarddiskVolume2\Windows\System32\dwmapi.dll' [rescheduled]
4d30.74a0: Detected loader lock ownership: rc=22900 '\Device\HarddiskVolume2\Windows\System32\uxtheme.dll'.
4d30.74a0: supR3HardenedWinVerifyCacheProcessWvtTodos: 22900 (was 22900) fWinVerifyTrust=0 for '\Device\HarddiskVolume2\Windows\System32\uxtheme.dll' [rescheduled]
4d30.74a0: Detected loader lock ownership: rc=VINF_SUCCESS '\Device\HarddiskVolume2\Windows\System32\msvcp140_1.dll'.
4d30.74a0: supR3HardenedWinVerifyCacheProcessWvtTodos: 0 (was 0) fWinVerifyTrust=0 for '\Device\HarddiskVolume2\Windows\System32\msvcp140_1.dll' [rescheduled]
4d30.74a0: Detected loader lock ownership: rc=VINF_SUCCESS '\Device\HarddiskVolume2\Windows\System32\win32u.dll'.
4d30.74a0: supR3HardenedWinVerifyCacheProcessWvtTodos: 0 (was 0) fWinVerifyTrust=0 for '\Device\HarddiskVolume2\Windows\System32\win32u.dll' [rescheduled]
4d30.74a0: Detected loader lock ownership: rc=VINF_SUCCESS '\Device\HarddiskVolume2\Windows\System32\gdi32.dll'.
4d30.74a0: supR3HardenedWinVerifyCacheProcessWvtTodos: 0 (was 0) fWinVerifyTrust=0 for '\Device\HarddiskVolume2\Windows\System32\gdi32.dll' [rescheduled]
4d30.74a0: Detected loader lock ownership: rc=VINF_SUCCESS '\Device\HarddiskVolume2\Windows\System32\combase.dll'.
4d30.74a0: supR3HardenedWinVerifyCacheProcessWvtTodos: 0 (was 0) fWinVerifyTrust=0 for '\Device\HarddiskVolume2\Windows\System32\combase.dll' [rescheduled]
4d30.74a0: supHardenedWinVerifyImageByHandle: -> 0 (\Device\HarddiskVolume2\Windows\System32\umpdc.dll)
4d30.74a0: supR3HardenedWinVerifyCacheInsert: \Device\HarddiskVolume2\Windows\System32\umpdc.dll
4d30.74a0: supR3HardenedDllNotificationCallback: load   00007ff9467c0000 LB 0x00014000 C:\WINDOWS\SYSTEM32\UMPDC.dll [fFlags=0x0]
4d30.74a0: supR3HardenedScreenImage/LdrLoadDll: cache hit (VINF_SUCCESS) on \Device\HarddiskVolume2\Windows\System32\umpdc.dll [avoiding WinVerifyTrust]
4d30.74a0: Detected loader lock ownership: rc=VINF_SUCCESS '\Device\HarddiskVolume2\Windows\System32\umpdc.dll'.
4d30.74a0: supR3HardenedWinVerifyCacheProcessWvtTodos: 0 (was 0) fWinVerifyTrust=0 for '\Device\HarddiskVolume2\Windows\System32\umpdc.dll' [rescheduled]
4d30.74a0: Detected loader lock ownership: rc=VINF_SUCCESS '\Device\HarddiskVolume2\Windows\System32\imm32.dll'.
4d30.74a0: supR3HardenedWinVerifyCacheProcessWvtTodos: 0 (was 0) fWinVerifyTrust=0 for '\Device\HarddiskVolume2\Windows\System32\imm32.dll' [rescheduled]
4d30.74a0: Detected loader lock ownership: rc=VINF_SUCCESS '\Device\HarddiskVolume2\Windows\System32\WinTypes.dll'.
4d30.74a0: supR3HardenedWinVerifyCacheProcessWvtTodos: 0 (was 0) fWinVerifyTrust=0 for '\Device\HarddiskVolume2\Windows\System32\WinTypes.dll' [rescheduled]
4d30.74a0: Detected loader lock ownership: rc=VINF_SUCCESS '\Device\HarddiskVolume2\Windows\System32\gdi32full.dll'.
4d30.74a0: supR3HardenedWinVerifyCacheProcessWvtTodos: 0 (was 0) fWinVerifyTrust=0 for '\Device\HarddiskVolume2\Windows\System32\gdi32full.dll' [rescheduled]
4d30.74a0: Detected loader lock ownership: rc=VINF_SUCCESS '\Device\HarddiskVolume2\Windows\System32\netutils.dll'.
4d30.74a0: supR3HardenedWinVerifyCacheProcessWvtTodos: 0 (was 0) fWinVerifyTrust=0 for '\Device\HarddiskVolume2\Windows\System32\netutils.dll' [rescheduled]
4d30.74a0: Detected loader lock ownership: rc=VINF_SUCCESS '\Device\HarddiskVolume2\Windows\System32\srvcli.dll'.
4d30.74a0: supR3HardenedWinVerifyCacheProcessWvtTodos: 0 (was 0) fWinVerifyTrust=0 for '\Device\HarddiskVolume2\Windows\System32\srvcli.dll' [rescheduled]
4d30.74a0: Detected loader lock ownership: rc=VINF_SUCCESS '\Device\HarddiskVolume2\Windows\System32\powrprof.dll'.
4d30.74a0: supR3HardenedWinVerifyCacheProcessWvtTodos: 0 (was 0) fWinVerifyTrust=0 for '\Device\HarddiskVolume2\Windows\System32\powrprof.dll' [rescheduled]
4d30.74a0: Detected loader lock ownership: rc=VINF_SUCCESS '\Device\HarddiskVolume2\Program Files\Oracle\VirtualBox\Qt6SqlVBox.dll'.
4d30.74a0: supR3HardenedWinVerifyCacheProcessWvtTodos: 0 (was 0) fWinVerifyTrust=0 for '\Device\HarddiskVolume2\Program Files\Oracle\VirtualBox\Qt6SqlVBox.dll' [rescheduled]
4d30.74a0: Detected loader lock ownership: rc=VINF_SUCCESS '\Device\HarddiskVolume2\Windows\System32\userenv.dll'.
4d30.74a0: supR3HardenedWinVerifyCacheProcessWvtTodos: 0 (was 0) fWinVerifyTrust=0 for '\Device\HarddiskVolume2\Windows\System32\userenv.dll' [rescheduled]
4d30.74a0: Detected loader lock ownership: rc=22900 '\Device\HarddiskVolume2\Windows\System32\authz.dll'.
4d30.74a0: supR3HardenedWinVerifyCacheProcessWvtTodos: 22900 (was 22900) fWinVerifyTrust=0 for '\Device\HarddiskVolume2\Windows\System32\authz.dll' [rescheduled]
4d30.74a0: Detected loader lock ownership: rc=VINF_SUCCESS '\Device\HarddiskVolume2\Windows\System32\netapi32.dll'.
4d30.74a0: supR3HardenedWinVerifyCacheProcessWvtTodos: 0 (was 0) fWinVerifyTrust=0 for '\Device\HarddiskVolume2\Windows\System32\netapi32.dll' [rescheduled]
4d30.74a0: Detected loader lock ownership: rc=VINF_SUCCESS '\Device\HarddiskVolume2\Windows\System32\version.dll'.
4d30.74a0: supR3HardenedWinVerifyCacheProcessWvtTodos: 0 (was 0) fWinVerifyTrust=0 for '\Device\HarddiskVolume2\Windows\System32\version.dll' [rescheduled]
4d30.74a0: Detected loader lock ownership: rc=VINF_SUCCESS '\Device\HarddiskVolume2\Windows\System32\d3d11.dll'.
4d30.74a0: supR3HardenedWinVerifyCacheProcessWvtTodos: 0 (was 0) fWinVerifyTrust=0 for '\Device\HarddiskVolume2\Windows\System32\d3d11.dll' [rescheduled]
4d30.74a0: Detected loader lock ownership: rc=VINF_SUCCESS '\Device\HarddiskVolume2\Windows\System32\dxgi.dll'.
4d30.74a0: supR3HardenedWinVerifyCacheProcessWvtTodos: 0 (was 0) fWinVerifyTrust=0 for '\Device\HarddiskVolume2\Windows\System32\dxgi.dll' [rescheduled]
4d30.74a0: Detected loader lock ownership: rc=VINF_SUCCESS '\Device\HarddiskVolume2\Windows\System32\D3D12.dll'.
4d30.74a0: supR3HardenedWinVerifyCacheProcessWvtTodos: 0 (was 0) fWinVerifyTrust=0 for '\Device\HarddiskVolume2\Windows\System32\D3D12.dll' [rescheduled]
4d30.74a0: Detected loader lock ownership: rc=VINF_SUCCESS '\Device\HarddiskVolume2\Windows\System32\shell32.dll'.
4d30.74a0: supR3HardenedWinVerifyCacheProcessWvtTodos: 0 (was 0) fWinVerifyTrust=0 for '\Device\HarddiskVolume2\Windows\System32\shell32.dll' [rescheduled]
4d30.74a0: Detected loader lock ownership: rc=22900 '\Device\HarddiskVolume2\Windows\System32\DWrite.dll'.
4d30.74a0: supR3HardenedWinVerifyCacheProcessWvtTodos: 22900 (was 22900) fWinVerifyTrust=0 for '\Device\HarddiskVolume2\Windows\System32\DWrite.dll' [rescheduled]
4d30.74a0: Detected loader lock ownership: rc=VINF_SUCCESS '\Device\HarddiskVolume2\Windows\System32\msvcp140_2.dll'.
4d30.74a0: supR3HardenedWinVerifyCacheProcessWvtTodos: 0 (was 0) fWinVerifyTrust=0 for '\Device\HarddiskVolume2\Windows\System32\msvcp140_2.dll' [rescheduled]
4d30.74a0: Detected loader lock ownership: rc=VINF_SUCCESS '\Device\HarddiskVolume2\Windows\System32\dwmapi.dll'.
4d30.74a0: supR3HardenedWinVerifyCacheProcessWvtTodos: 0 (was 0) fWinVerifyTrust=0 for '\Device\HarddiskVolume2\Windows\System32\dwmapi.dll' [rescheduled]
4d30.74a0: Detected loader lock ownership: rc=22900 '\Device\HarddiskVolume2\Windows\System32\uxtheme.dll'.
4d30.74a0: supR3HardenedWinVerifyCacheProcessWvtTodos: 22900 (was 22900) fWinVerifyTrust=0 for '\Device\HarddiskVolume2\Windows\System32\uxtheme.dll' [rescheduled]
4d30.74a0: Detected loader lock ownership: rc=VINF_SUCCESS '\Device\HarddiskVolume2\Windows\System32\msvcp140_1.dll'.
4d30.74a0: supR3HardenedWinVerifyCacheProcessWvtTodos: 0 (was 0) fWinVerifyTrust=0 for '\Device\HarddiskVolume2\Windows\System32\msvcp140_1.dll' [rescheduled]
4d30.74a0: Detected loader lock ownership: rc=VINF_SUCCESS '\Device\HarddiskVolume2\Windows\System32\win32u.dll'.
4d30.74a0: supR3HardenedWinVerifyCacheProcessWvtTodos: 0 (was 0) fWinVerifyTrust=0 for '\Device\HarddiskVolume2\Windows\System32\win32u.dll' [rescheduled]
4d30.74a0: Detected loader lock ownership: rc=VINF_SUCCESS '\Device\HarddiskVolume2\Windows\System32\gdi32.dll'.
4d30.74a0: supR3HardenedWinVerifyCacheProcessWvtTodos: 0 (was 0) fWinVerifyTrust=0 for '\Device\HarddiskVolume2\Windows\System32\gdi32.dll' [rescheduled]
4d30.74a0: Detected loader lock ownership: rc=VINF_SUCCESS '\Device\HarddiskVolume2\Windows\System32\combase.dll'.
4d30.74a0: supR3HardenedWinVerifyCacheProcessWvtTodos: 0 (was 0) fWinVerifyTrust=0 for '\Device\HarddiskVolume2\Windows\System32\combase.dll' [rescheduled]
4d30.74a0: supR3HardenedScreenImage/LdrLoadDll: cache hit (VINF_SUCCESS) on \Device\HarddiskVolume2\Windows\System32\gdi32.dll [redoing WinVerifyTrust]
4d30.74a0: Detected loader lock ownership: rc=VINF_SUCCESS '\Device\HarddiskVolume2\Windows\System32\gdi32.dll'.
4d30.74a0: supR3HardenedScreenImage/LdrLoadDll: WinVerifyTrust not available, rescheduling \Device\HarddiskVolume2\Windows\System32\gdi32.dll
4d30.74a0: supR3HardenedMonitor_LdrLoadDll: returns rcNt=0x0 hMod=00007ff948660000 'C:\WINDOWS\System32\gdi32.dll'
4d30.74a0: Detected loader lock ownership: rc=VINF_SUCCESS '\Device\HarddiskVolume2\Windows\System32\umpdc.dll'.
4d30.74a0: supR3HardenedWinVerifyCacheProcessWvtTodos: 0 (was 0) fWinVerifyTrust=0 for '\Device\HarddiskVolume2\Windows\System32\umpdc.dll' [rescheduled]
4d30.74a0: Detected loader lock ownership: rc=VINF_SUCCESS '\Device\HarddiskVolume2\Windows\System32\imm32.dll'.
4d30.74a0: supR3HardenedWinVerifyCacheProcessWvtTodos: 0 (was 0) fWinVerifyTrust=0 for '\Device\HarddiskVolume2\Windows\System32\imm32.dll' [rescheduled]
4d30.74a0: Detected loader lock ownership: rc=VINF_SUCCESS '\Device\HarddiskVolume2\Windows\System32\WinTypes.dll'.
4d30.74a0: supR3HardenedWinVerifyCacheProcessWvtTodos: 0 (was 0) fWinVerifyTrust=0 for '\Device\HarddiskVolume2\Windows\System32\WinTypes.dll' [rescheduled]
4d30.74a0: Detected loader lock ownership: rc=VINF_SUCCESS '\Device\HarddiskVolume2\Windows\System32\gdi32full.dll'.
4d30.74a0: supR3HardenedWinVerifyCacheProcessWvtTodos: 0 (was 0) fWinVerifyTrust=0 for '\Device\HarddiskVolume2\Windows\System32\gdi32full.dll' [rescheduled]
4d30.74a0: Detected loader lock ownership: rc=VINF_SUCCESS '\Device\HarddiskVolume2\Windows\System32\netutils.dll'.
4d30.74a0: supR3HardenedWinVerifyCacheProcessWvtTodos: 0 (was 0) fWinVerifyTrust=0 for '\Device\HarddiskVolume2\Windows\System32\netutils.dll' [rescheduled]
4d30.74a0: Detected loader lock ownership: rc=VINF_SUCCESS '\Device\HarddiskVolume2\Windows\System32\srvcli.dll'.
4d30.74a0: supR3HardenedWinVerifyCacheProcessWvtTodos: 0 (was 0) fWinVerifyTrust=0 for '\Device\HarddiskVolume2\Windows\System32\srvcli.dll' [rescheduled]
4d30.74a0: Detected loader lock ownership: rc=VINF_SUCCESS '\Device\HarddiskVolume2\Windows\System32\powrprof.dll'.
4d30.74a0: supR3HardenedWinVerifyCacheProcessWvtTodos: 0 (was 0) fWinVerifyTrust=0 for '\Device\HarddiskVolume2\Windows\System32\powrprof.dll' [rescheduled]
4d30.74a0: Detected loader lock ownership: rc=VINF_SUCCESS '\Device\HarddiskVolume2\Program Files\Oracle\VirtualBox\Qt6SqlVBox.dll'.
4d30.74a0: supR3HardenedWinVerifyCacheProcessWvtTodos: 0 (was 0) fWinVerifyTrust=0 for '\Device\HarddiskVolume2\Program Files\Oracle\VirtualBox\Qt6SqlVBox.dll' [rescheduled]
4d30.74a0: Detected loader lock ownership: rc=VINF_SUCCESS '\Device\HarddiskVolume2\Windows\System32\userenv.dll'.
4d30.74a0: supR3HardenedWinVerifyCacheProcessWvtTodos: 0 (was 0) fWinVerifyTrust=0 for '\Device\HarddiskVolume2\Windows\System32\userenv.dll' [rescheduled]
4d30.74a0: Detected loader lock ownership: rc=22900 '\Device\HarddiskVolume2\Windows\System32\authz.dll'.
4d30.74a0: supR3HardenedWinVerifyCacheProcessWvtTodos: 22900 (was 22900) fWinVerifyTrust=0 for '\Device\HarddiskVolume2\Windows\System32\authz.dll' [rescheduled]
4d30.74a0: Detected loader lock ownership: rc=VINF_SUCCESS '\Device\HarddiskVolume2\Windows\System32\netapi32.dll'.
4d30.74a0: supR3HardenedWinVerifyCacheProcessWvtTodos: 0 (was 0) fWinVerifyTrust=0 for '\Device\HarddiskVolume2\Windows\System32\netapi32.dll' [rescheduled]
4d30.74a0: Detected loader lock ownership: rc=VINF_SUCCESS '\Device\HarddiskVolume2\Windows\System32\version.dll'.
4d30.74a0: supR3HardenedWinVerifyCacheProcessWvtTodos: 0 (was 0) fWinVerifyTrust=0 for '\Device\HarddiskVolume2\Windows\System32\version.dll' [rescheduled]
4d30.74a0: Detected loader lock ownership: rc=VINF_SUCCESS '\Device\HarddiskVolume2\Windows\System32\d3d11.dll'.
4d30.74a0: supR3HardenedWinVerifyCacheProcessWvtTodos: 0 (was 0) fWinVerifyTrust=0 for '\Device\HarddiskVolume2\Windows\System32\d3d11.dll' [rescheduled]
4d30.74a0: Detected loader lock ownership: rc=VINF_SUCCESS '\Device\HarddiskVolume2\Windows\System32\dxgi.dll'.
4d30.74a0: supR3HardenedWinVerifyCacheProcessWvtTodos: 0 (was 0) fWinVerifyTrust=0 for '\Device\HarddiskVolume2\Windows\System32\dxgi.dll' [rescheduled]
4d30.74a0: Detected loader lock ownership: rc=VINF_SUCCESS '\Device\HarddiskVolume2\Windows\System32\D3D12.dll'.
4d30.74a0: supR3HardenedWinVerifyCacheProcessWvtTodos: 0 (was 0) fWinVerifyTrust=0 for '\Device\HarddiskVolume2\Windows\System32\D3D12.dll' [rescheduled]
4d30.74a0: Detected loader lock ownership: rc=VINF_SUCCESS '\Device\HarddiskVolume2\Windows\System32\shell32.dll'.
4d30.74a0: supR3HardenedWinVerifyCacheProcessWvtTodos: 0 (was 0) fWinVerifyTrust=0 for '\Device\HarddiskVolume2\Windows\System32\shell32.dll' [rescheduled]
4d30.74a0: Detected loader lock ownership: rc=22900 '\Device\HarddiskVolume2\Windows\System32\DWrite.dll'.
4d30.74a0: supR3HardenedWinVerifyCacheProcessWvtTodos: 22900 (was 22900) fWinVerifyTrust=0 for '\Device\HarddiskVolume2\Windows\System32\DWrite.dll' [rescheduled]
4d30.74a0: Detected loader lock ownership: rc=VINF_SUCCESS '\Device\HarddiskVolume2\Windows\System32\msvcp140_2.dll'.
4d30.74a0: supR3HardenedWinVerifyCacheProcessWvtTodos: 0 (was 0) fWinVerifyTrust=0 for '\Device\HarddiskVolume2\Windows\System32\msvcp140_2.dll' [rescheduled]
4d30.74a0: Detected loader lock ownership: rc=VINF_SUCCESS '\Device\HarddiskVolume2\Windows\System32\dwmapi.dll'.
4d30.74a0: supR3HardenedWinVerifyCacheProcessWvtTodos: 0 (was 0) fWinVerifyTrust=0 for '\Device\HarddiskVolume2\Windows\System32\dwmapi.dll' [rescheduled]
4d30.74a0: Detected loader lock ownership: rc=22900 '\Device\HarddiskVolume2\Windows\System32\uxtheme.dll'.
4d30.74a0: supR3HardenedWinVerifyCacheProcessWvtTodos: 22900 (was 22900) fWinVerifyTrust=0 for '\Device\HarddiskVolume2\Windows\System32\uxtheme.dll' [rescheduled]
4d30.74a0: Detected loader lock ownership: rc=VINF_SUCCESS '\Device\HarddiskVolume2\Windows\System32\msvcp140_1.dll'.
4d30.74a0: supR3HardenedWinVerifyCacheProcessWvtTodos: 0 (was 0) fWinVerifyTrust=0 for '\Device\HarddiskVolume2\Windows\System32\msvcp140_1.dll' [rescheduled]
4d30.74a0: Detected loader lock ownership: rc=VINF_SUCCESS '\Device\HarddiskVolume2\Windows\System32\win32u.dll'.
4d30.74a0: supR3HardenedWinVerifyCacheProcessWvtTodos: 0 (was 0) fWinVerifyTrust=0 for '\Device\HarddiskVolume2\Windows\System32\win32u.dll' [rescheduled]
4d30.74a0: Detected loader lock ownership: rc=VINF_SUCCESS '\Device\HarddiskVolume2\Windows\System32\gdi32.dll'.
4d30.74a0: supR3HardenedWinVerifyCacheProcessWvtTodos: 0 (was 0) fWinVerifyTrust=0 for '\Device\HarddiskVolume2\Windows\System32\gdi32.dll' [rescheduled]
4d30.74a0: Detected loader lock ownership: rc=VINF_SUCCESS '\Device\HarddiskVolume2\Windows\System32\combase.dll'.
4d30.74a0: supR3HardenedWinVerifyCacheProcessWvtTodos: 0 (was 0) fWinVerifyTrust=0 for '\Device\HarddiskVolume2\Windows\System32\combase.dll' [rescheduled]
4d30.74a0: supR3HardenedMonitor_LdrLoadDll: returns rcNt=0x0 hMod=00007ff8c46b0000 'C:\Program Files\Oracle\VirtualBox\VirtualBoxVM.dll'
4d30.74a0: supR3HardenedMonitor_LdrLoadDll: returns rcNt=0x0 hMod=00007ff9458c0000 'C:\WINDOWS\system32\rsaenh.dll'
4d30.74a0: supR3HardenedMonitor_LdrLoadDll: returns rcNt=0x0 hMod=00007ff946e90000 'C:\WINDOWS\System32\crypt32.dll'
4d30.74a0: supR3HardenedWinVerifyCacheProcessWvtTodos: 0 (was 0) fWinVerifyTrust=1 for '\Device\HarddiskVolume2\Windows\System32\umpdc.dll'
4d30.74a0: supR3HardenedMonitor_LdrLoadDll: returns rcNt=0x0 hMod=00007ff9458c0000 'C:\WINDOWS\system32\rsaenh.dll'
4d30.74a0: supR3HardenedMonitor_LdrLoadDll: returns rcNt=0x0 hMod=00007ff946e90000 'C:\WINDOWS\System32\crypt32.dll'
4d30.74a0: supR3HardenedWinVerifyCacheProcessWvtTodos: 0 (was 0) fWinVerifyTrust=1 for '\Device\HarddiskVolume2\Windows\System32\imm32.dll'
4d30.74a0: supR3HardenedMonitor_LdrLoadDll: returns rcNt=0x0 hMod=00007ff9458c0000 'C:\WINDOWS\system32\rsaenh.dll'
4d30.74a0: supR3HardenedMonitor_LdrLoadDll: returns rcNt=0x0 hMod=00007ff946e90000 'C:\WINDOWS\System32\crypt32.dll'
4d30.74a0: supR3HardenedWinVerifyCacheProcessWvtTodos: 0 (was 0) fWinVerifyTrust=1 for '\Device\HarddiskVolume2\Windows\System32\WinTypes.dll'
4d30.74a0: supR3HardenedMonitor_LdrLoadDll: returns rcNt=0x0 hMod=00007ff9458c0000 'C:\WINDOWS\system32\rsaenh.dll'
4d30.74a0: supR3HardenedMonitor_LdrLoadDll: returns rcNt=0x0 hMod=00007ff946e90000 'C:\WINDOWS\System32\crypt32.dll'
4d30.74a0: supR3HardenedWinVerifyCacheProcessWvtTodos: 0 (was 0) fWinVerifyTrust=1 for '\Device\HarddiskVolume2\Windows\System32\gdi32full.dll'
4d30.74a0: supR3HardenedMonitor_LdrLoadDll: returns rcNt=0x0 hMod=00007ff9458c0000 'C:\WINDOWS\system32\rsaenh.dll'
4d30.74a0: supR3HardenedMonitor_LdrLoadDll: returns rcNt=0x0 hMod=00007ff946e90000 'C:\WINDOWS\System32\crypt32.dll'
4d30.74a0: supR3HardenedWinVerifyCacheProcessWvtTodos: 0 (was 0) fWinVerifyTrust=1 for '\Device\HarddiskVolume2\Windows\System32\netutils.dll'
4d30.74a0: supR3HardenedMonitor_LdrLoadDll: returns rcNt=0x0 hMod=00007ff9458c0000 'C:\WINDOWS\system32\rsaenh.dll'
4d30.74a0: supR3HardenedMonitor_LdrLoadDll: returns rcNt=0x0 hMod=00007ff946e90000 'C:\WINDOWS\System32\crypt32.dll'
4d30.74a0: supR3HardenedWinVerifyCacheProcessWvtTodos: 0 (was 0) fWinVerifyTrust=1 for '\Device\HarddiskVolume2\Windows\System32\srvcli.dll'
4d30.74a0: supR3HardenedMonitor_LdrLoadDll: returns rcNt=0x0 hMod=00007ff9458c0000 'C:\WINDOWS\system32\rsaenh.dll'
4d30.74a0: supR3HardenedMonitor_LdrLoadDll: returns rcNt=0x0 hMod=00007ff946e90000 'C:\WINDOWS\System32\crypt32.dll'
4d30.74a0: supR3HardenedWinVerifyCacheProcessWvtTodos: 0 (was 0) fWinVerifyTrust=1 for '\Device\HarddiskVolume2\Windows\System32\powrprof.dll'
4d30.74a0: supR3HardenedMonitor_LdrLoadDll: returns rcNt=0x0 hMod=00007ff9458c0000 'C:\WINDOWS\system32\rsaenh.dll'
4d30.74a0: supR3HardenedMonitor_LdrLoadDll: returns rcNt=0x0 hMod=00007ff946e90000 'C:\WINDOWS\System32\crypt32.dll'
4d30.74a0: supR3HardenedWinVerifyCacheProcessWvtTodos: 0 (was 0) fWinVerifyTrust=1 for '\Device\HarddiskVolume2\Program Files\Oracle\VirtualBox\Qt6SqlVBox.dll'
4d30.74a0: supR3HardenedMonitor_LdrLoadDll: returns rcNt=0x0 hMod=00007ff9458c0000 'C:\WINDOWS\system32\rsaenh.dll'
4d30.74a0: supR3HardenedMonitor_LdrLoadDll: returns rcNt=0x0 hMod=00007ff946e90000 'C:\WINDOWS\System32\crypt32.dll'
4d30.74a0: supR3HardenedWinVerifyCacheProcessWvtTodos: 0 (was 0) fWinVerifyTrust=1 for '\Device\HarddiskVolume2\Windows\System32\userenv.dll'
4d30.74a0: supR3HardNtViCallWinVerifyTrustCatFile: hFile=0000000000000520 pwszName=\Device\HarddiskVolume2\Windows\System32\authz.dll
4d30.74a0: supR3HardNtViCallWinVerifyTrustCatFile: Cached context 0000024e751a9aa0
4d30.74a0: supR3HardNtViCallWinVerifyTrustCatFile: hCatAdmin=0000024e751a9aa0
4d30.74a0: supR3HardNtViCallWinVerifyTrustCatFile: cbHash=20 wszDigest=10A53C266477BFC04271044CAF74A44CB8C9B48C
4d30.74a0: supR3HardenedMonitor_LdrLoadDll: returns rcNt=0x0 hMod=00007ff9458c0000 'C:\WINDOWS\system32\rsaenh.dll'
4d30.74a0: supR3HardenedScreenImage/LdrLoadDll: cache hit (VINF_SUCCESS) on \Device\HarddiskVolume2\Windows\System32\crypt32.dll
4d30.74a0: supR3HardenedMonitor_LdrLoadDll: pName=C:\WINDOWS\System32\crypt32.dll (Input=crypt32.dll, rcNtResolve=0xc0150008) *pfFlags=0x0 pwszSearchPath=0000000000000001:<flags> [calling]
4d30.74a0: supR3HardenedMonitor_LdrLoadDll: returns rcNt=0x0 hMod=00007ff946e90000 'C:\WINDOWS\System32\crypt32.dll'
4d30.74a0: supR3HardNtViCallWinVerifyTrustCatFile: WinVerifyTrust => 0x0; cat='C:\WINDOWS\system32\CatRoot\{F750E6C3-38EE-11D1-85E5-00C04FC295EE}\Microsoft-OneCore-CoreSystem-Core-merged-Package~31bf3856ad364e35~amd64~~10.0.26100.8037.cat'; file='\Device\HarddiskVolume2\Windows\System32\authz.dll'
4d30.74a0: supR3HardNtViCallWinVerifyTrustCatFile -> 0 (org 22900)
4d30.74a0: supR3HardenedWinVerifyCacheProcessWvtTodos: 0 (was 22900) fWinVerifyTrust=1 for '\Device\HarddiskVolume2\Windows\System32\authz.dll'
4d30.74a0: supR3HardenedMonitor_LdrLoadDll: returns rcNt=0x0 hMod=00007ff9458c0000 'C:\WINDOWS\system32\rsaenh.dll'
4d30.74a0: supR3HardenedMonitor_LdrLoadDll: returns rcNt=0x0 hMod=00007ff946e90000 'C:\WINDOWS\System32\crypt32.dll'
4d30.74a0: supR3HardenedWinVerifyCacheProcessWvtTodos: 0 (was 0) fWinVerifyTrust=1 for '\Device\HarddiskVolume2\Windows\System32\netapi32.dll'
4d30.74a0: supR3HardenedMonitor_LdrLoadDll: returns rcNt=0x0 hMod=00007ff9458c0000 'C:\WINDOWS\system32\rsaenh.dll'
4d30.74a0: supR3HardenedMonitor_LdrLoadDll: returns rcNt=0x0 hMod=00007ff946e90000 'C:\WINDOWS\System32\crypt32.dll'
4d30.74a0: supR3HardenedWinVerifyCacheProcessWvtTodos: 0 (was 0) fWinVerifyTrust=1 for '\Device\HarddiskVolume2\Windows\System32\version.dll'
4d30.74a0: supR3HardenedScreenImage/LdrLoadDll: cache hit (VINF_SUCCESS) on \Device\HarddiskVolume2\Windows\System32\rsaenh.dll
4d30.74a0: supR3HardenedMonitor_LdrLoadDll: pName=C:\WINDOWS\system32\rsaenh.dll (rcNtResolve=0xc0150008) *pfFlags=0x0 pwszSearchPath=0000000000000001:<flags> [calling]
4d30.74a0: supR3HardenedMonitor_LdrLoadDll: returns rcNt=0x0 hMod=00007ff9458c0000 'C:\WINDOWS\system32\rsaenh.dll'
4d30.74a0: supR3HardenedMonitor_LdrLoadDll: returns rcNt=0x0 hMod=00007ff946e90000 'C:\WINDOWS\System32\crypt32.dll'
4d30.74a0: supR3HardenedWinVerifyCacheProcessWvtTodos: 0 (was 0) fWinVerifyTrust=1 for '\Device\HarddiskVolume2\Windows\System32\d3d11.dll'
4d30.74a0: supR3HardenedMonitor_LdrLoadDll: returns rcNt=0x0 hMod=00007ff9458c0000 'C:\WINDOWS\system32\rsaenh.dll'
4d30.74a0: supR3HardenedMonitor_LdrLoadDll: returns rcNt=0x0 hMod=00007ff946e90000 'C:\WINDOWS\System32\crypt32.dll'
4d30.74a0: supR3HardenedWinVerifyCacheProcessWvtTodos: 0 (was 0) fWinVerifyTrust=1 for '\Device\HarddiskVolume2\Windows\System32\dxgi.dll'
4d30.74a0: supR3HardenedMonitor_LdrLoadDll: returns rcNt=0x0 hMod=00007ff9458c0000 'C:\WINDOWS\system32\rsaenh.dll'
4d30.74a0: supR3HardenedMonitor_LdrLoadDll: returns rcNt=0x0 hMod=00007ff946e90000 'C:\WINDOWS\System32\crypt32.dll'
4d30.74a0: supR3HardenedWinVerifyCacheProcessWvtTodos: 0 (was 0) fWinVerifyTrust=1 for '\Device\HarddiskVolume2\Windows\System32\D3D12.dll'
4d30.74a0: supR3HardenedMonitor_LdrLoadDll: returns rcNt=0x0 hMod=00007ff9458c0000 'C:\WINDOWS\system32\rsaenh.dll'
4d30.74a0: supR3HardenedMonitor_LdrLoadDll: returns rcNt=0x0 hMod=00007ff946e90000 'C:\WINDOWS\System32\crypt32.dll'
4d30.74a0: supR3HardenedWinVerifyCacheProcessWvtTodos: 0 (was 0) fWinVerifyTrust=1 for '\Device\HarddiskVolume2\Windows\System32\shell32.dll'
4d30.74a0: supR3HardNtViCallWinVerifyTrustCatFile: hFile=00000000000004dc pwszName=\Device\HarddiskVolume2\Windows\System32\DWrite.dll
4d30.74a0: supR3HardNtViCallWinVerifyTrustCatFile: Cached context 0000024e751a9aa0
4d30.74a0: supR3HardNtViCallWinVerifyTrustCatFile: hCatAdmin=0000024e751a9aa0
4d30.74a0: supR3HardNtViCallWinVerifyTrustCatFile: cbHash=20 wszDigest=DC94200FCBDB579DA0DEBAD689ECB1C5A57CC545
4d30.74a0: supR3HardenedMonitor_LdrLoadDll: returns rcNt=0x0 hMod=00007ff9458c0000 'C:\WINDOWS\system32\rsaenh.dll'
4d30.74a0: supR3HardenedMonitor_LdrLoadDll: returns rcNt=0x0 hMod=00007ff946e90000 'C:\WINDOWS\System32\crypt32.dll'
4d30.74a0: supR3HardNtViCallWinVerifyTrustCatFile: WinVerifyTrust => 0x0; cat='C:\WINDOWS\system32\CatRoot\{F750E6C3-38EE-11D1-85E5-00C04FC295EE}\Microsoft-OneCore-Graphics-DirectX-Package~31bf3856ad364e35~amd64~~10.0.26100.8246.cat'; file='\Device\HarddiskVolume2\Windows\System32\DWrite.dll'
4d30.74a0: supR3HardNtViCallWinVerifyTrustCatFile -> 0 (org 22900)
4d30.74a0: supR3HardenedWinVerifyCacheProcessWvtTodos: 0 (was 22900) fWinVerifyTrust=1 for '\Device\HarddiskVolume2\Windows\System32\DWrite.dll'
4d30.74a0: supR3HardenedMonitor_LdrLoadDll: returns rcNt=0x0 hMod=00007ff9458c0000 'C:\WINDOWS\system32\rsaenh.dll'
4d30.74a0: supR3HardenedMonitor_LdrLoadDll: returns rcNt=0x0 hMod=00007ff946e90000 'C:\WINDOWS\System32\crypt32.dll'
4d30.74a0: supR3HardenedWinVerifyCacheProcessWvtTodos: 0 (was 0) fWinVerifyTrust=1 for '\Device\HarddiskVolume2\Windows\System32\msvcp140_2.dll'
4d30.74a0: supR3HardenedMonitor_LdrLoadDll: returns rcNt=0x0 hMod=00007ff9458c0000 'C:\WINDOWS\system32\rsaenh.dll'
4d30.74a0: supR3HardenedMonitor_LdrLoadDll: returns rcNt=0x0 hMod=00007ff946e90000 'C:\WINDOWS\System32\crypt32.dll'
4d30.74a0: supR3HardenedWinVerifyCacheProcessWvtTodos: 0 (was 0) fWinVerifyTrust=1 for '\Device\HarddiskVolume2\Windows\System32\dwmapi.dll'
4d30.74a0: supR3HardNtViCallWinVerifyTrustCatFile: hFile=00000000000004b0 pwszName=\Device\HarddiskVolume2\Windows\System32\uxtheme.dll
4d30.74a0: supR3HardNtViCallWinVerifyTrustCatFile: Cached context 0000024e751a9aa0
4d30.74a0: supR3HardNtViCallWinVerifyTrustCatFile: hCatAdmin=0000024e751a9aa0
4d30.74a0: supR3HardNtViCallWinVerifyTrustCatFile: cbHash=20 wszDigest=E79F93BC3D29033AD2BD48256699B4A8D9A4ACB2
4d30.74a0: supR3HardenedMonitor_LdrLoadDll: returns rcNt=0x0 hMod=00007ff9458c0000 'C:\WINDOWS\system32\rsaenh.dll'
4d30.74a0: supR3HardenedMonitor_LdrLoadDll: returns rcNt=0x0 hMod=00007ff946e90000 'C:\WINDOWS\System32\crypt32.dll'
4d30.74a0: supR3HardNtViCallWinVerifyTrustCatFile: WinVerifyTrust => 0x0; cat='C:\WINDOWS\system32\CatRoot\{F750E6C3-38EE-11D1-85E5-00C04FC295EE}\Microsoft-Windows-Client-Desktop-Required-Package04112~31bf3856ad364e35~amd64~~10.0.26100.8246.cat'; file='\Device\HarddiskVolume2\Windows\System32\uxtheme.dll'
4d30.74a0: supR3HardNtViCallWinVerifyTrustCatFile -> 0 (org 22900)
4d30.74a0: supR3HardenedWinVerifyCacheProcessWvtTodos: 0 (was 22900) fWinVerifyTrust=1 for '\Device\HarddiskVolume2\Windows\System32\uxtheme.dll'
4d30.74a0: supR3HardenedMonitor_LdrLoadDll: returns rcNt=0x0 hMod=00007ff9458c0000 'C:\WINDOWS\system32\rsaenh.dll'
4d30.74a0: supR3HardenedMonitor_LdrLoadDll: returns rcNt=0x0 hMod=00007ff946e90000 'C:\WINDOWS\System32\crypt32.dll'
4d30.74a0: supR3HardenedWinVerifyCacheProcessWvtTodos: 0 (was 0) fWinVerifyTrust=1 for '\Device\HarddiskVolume2\Windows\System32\msvcp140_1.dll'
4d30.74a0: supR3HardenedMonitor_LdrLoadDll: returns rcNt=0x0 hMod=00007ff9458c0000 'C:\WINDOWS\system32\rsaenh.dll'
4d30.74a0: supR3HardenedMonitor_LdrLoadDll: returns rcNt=0x0 hMod=00007ff946e90000 'C:\WINDOWS\System32\crypt32.dll'
4d30.74a0: supR3HardenedWinVerifyCacheProcessWvtTodos: 0 (was 0) fWinVerifyTrust=1 for '\Device\HarddiskVolume2\Windows\System32\win32u.dll'
4d30.74a0: supR3HardenedMonitor_LdrLoadDll: returns rcNt=0x0 hMod=00007ff9458c0000 'C:\WINDOWS\system32\rsaenh.dll'
4d30.74a0: supR3HardenedMonitor_LdrLoadDll: returns rcNt=0x0 hMod=00007ff946e90000 'C:\WINDOWS\System32\crypt32.dll'
4d30.74a0: supR3HardenedWinVerifyCacheProcessWvtTodos: 0 (was 0) fWinVerifyTrust=1 for '\Device\HarddiskVolume2\Windows\System32\gdi32.dll'
4d30.74a0: supR3HardenedMonitor_LdrLoadDll: returns rcNt=0x0 hMod=00007ff9458c0000 'C:\WINDOWS\system32\rsaenh.dll'
4d30.74a0: supR3HardenedMonitor_LdrLoadDll: returns rcNt=0x0 hMod=00007ff946e90000 'C:\WINDOWS\System32\crypt32.dll'
4d30.74a0: supR3HardenedWinVerifyCacheProcessWvtTodos: 0 (was 0) fWinVerifyTrust=1 for '\Device\HarddiskVolume2\Windows\System32\combase.dll'
4d30.74a0: SUPR3HardenedMain: Calling TrustedMain (00007ff8c46b19c0)...
4d30.74a0: supR3HardenedDllNotificationCallback: load   00007ff947240000 LB 0x00868000 C:\WINDOWS\System32\windows.storage.dll [fFlags=0x0]
4d30.74a0: supR3HardenedWinVerifyCacheScheduleImports: Import todo: #31 'combase.dll'.
4d30.74a0: supR3HardenedWinVerifyCacheScheduleImports: Import todo: #32 'msvcp_win.dll'.
4d30.74a0: supHardenedWinVerifyImageByHandle: -> 0 (\Device\HarddiskVolume2\Windows\System32\windows.storage.dll)
4d30.74a0: supR3HardenedWinVerifyCacheInsert: \Device\HarddiskVolume2\Windows\System32\windows.storage.dll
4d30.74a0: supR3HardenedDllNotificationCallback: load   00007ff949700000 LB 0x00066000 C:\WINDOWS\System32\shlwapi.dll [fFlags=0x0]
4d30.74a0: supR3HardenedWinVerifyCacheScheduleImports: Import todo: #4 'windows.storage.dll'.
4d30.74a0: supHardenedWinVerifyImageByHandle: -> 0 (\Device\HarddiskVolume2\Windows\System32\shlwapi.dll)
4d30.74a0: supR3HardenedWinVerifyCacheInsert: \Device\HarddiskVolume2\Windows\System32\shlwapi.dll
4d30.74a0: supR3HardenedWinVerifyCacheProcessImportTodos: Processing 'windows.storage.dll'...
4d30.74a0: supR3HardenedWinVerifyCacheProcessImportTodos: 'windows.storage.dll' -> '\Device\HarddiskVolume2\Windows\System32\windows.storage.dll' [rcNtRedir=0xc0150008]
4d30.74a0: supR3HardenedScreenImage/Imports: cache hit (VINF_SUCCESS) on \Device\HarddiskVolume2\Windows\System32\windows.storage.dll [lacks WinVerifyTrust]
4d30.74a0: supR3HardenedWinVerifyCacheProcessImportTodos: Processing 'msvcp_win.dll'...
4d30.74a0: supR3HardenedWinVerifyCacheProcessImportTodos: 'msvcp_win.dll' -> '\Device\HarddiskVolume2\Windows\System32\msvcp_win.dll' [rcNtRedir=0xc0150008]
4d30.74a0: supR3HardenedWinVerifyCacheProcessImportTodos: Processing 'combase.dll'...
4d30.74a0: supR3HardenedWinVerifyCacheProcessImportTodos: 'combase.dll' -> '\Device\HarddiskVolume2\Windows\System32\combase.dll' [rcNtRedir=0xc0150008]
4d30.74a0: supR3HardenedScreenImage/Imports: cache hit (VINF_SUCCESS) on \Device\HarddiskVolume2\Windows\System32\combase.dll
4d30.74a0: supR3HardenedMonitor_LdrLoadDll: returns rcNt=0x0 hMod=00007ff9458c0000 'C:\WINDOWS\system32\rsaenh.dll'
4d30.74a0: supR3HardenedMonitor_LdrLoadDll: returns rcNt=0x0 hMod=00007ff946e90000 'C:\WINDOWS\System32\crypt32.dll'
4d30.74a0: supR3HardenedWinVerifyCacheProcessWvtTodos: 0 (was 0) fWinVerifyTrust=1 for '\Device\HarddiskVolume2\Windows\System32\shlwapi.dll'
4d30.74a0: supR3HardenedMonitor_LdrLoadDll: returns rcNt=0x0 hMod=00007ff9458c0000 'C:\WINDOWS\system32\rsaenh.dll'
4d30.74a0: supR3HardenedMonitor_LdrLoadDll: returns rcNt=0x0 hMod=00007ff946e90000 'C:\WINDOWS\System32\crypt32.dll'
4d30.74a0: supR3HardenedWinVerifyCacheProcessWvtTodos: 0 (was 0) fWinVerifyTrust=1 for '\Device\HarddiskVolume2\Windows\System32\windows.storage.dll'
4d30.74a0: supR3HardenedMonitor_LdrLoadDll: returns rcNt=0x0 hMod=00007ff9458c0000 'C:\WINDOWS\system32\rsaenh.dll'
4d30.74a0: supR3HardenedMonitor_LdrLoadDll: returns rcNt=0x0 hMod=00007ff946e90000 'C:\WINDOWS\System32\crypt32.dll'
4d30.74a0: supR3HardenedWinVerifyCacheScheduleImports: Import todo: #0 'advapi32.dll'.
4d30.74a0: supR3HardenedWinVerifyCacheScheduleImports: Import todo: #1 'dwmapi.dll'.
4d30.74a0: supR3HardenedWinVerifyCacheScheduleImports: Import todo: #2 'gdi32.dll'.
4d30.74a0: supR3HardenedWinVerifyCacheScheduleImports: Import todo: #3 'imm32.dll'.
4d30.74a0: supR3HardenedWinVerifyCacheScheduleImports: Import todo: #4 'ole32.dll'.
4d30.74a0: supR3HardenedWinVerifyCacheScheduleImports: Import todo: #5 'oleaut32.dll'.
4d30.74a0: supR3HardenedWinVerifyCacheScheduleImports: Import todo: #6 'setupapi.dll'.
4d30.74a0: supR3HardenedWinVerifyCacheScheduleImports: Import todo: #7 'shell32.dll'.
4d30.74a0: supR3HardenedWinVerifyCacheScheduleImports: Import todo: #8 'shlwapi.dll'.
4d30.74a0: supR3HardenedWinVerifyCacheScheduleImports: Import todo: #9 'user32.dll'.
4d30.74a0: supR3HardenedWinVerifyCacheScheduleImports: Import todo: #10 'winmm.dll'.
4d30.74a0: supR3HardenedWinVerifyCacheScheduleImports: Import todo: #11 'wtsapi32.dll'.
4d30.74a0: supR3HardenedWinVerifyCacheScheduleImports: Import todo: #13 'comdlg32.dll'.
4d30.74a0: supR3HardenedWinVerifyCacheScheduleImports: Import todo: #14 'd3d9.dll'.
4d30.74a0: supR3HardenedWinVerifyCacheScheduleImports: Import todo: #17 'uiautomationcore.dll'.
4d30.74a0: supR3HardenedWinVerifyCacheScheduleImports: Import todo: #18 'qt6guivbox.dll'.
4d30.74a0: supR3HardenedWinVerifyCacheScheduleImports: Import todo: #19 'qt6corevbox.dll'.
4d30.74a0: supR3HardenedWinVerifyCacheScheduleImports: Import todo: #21 'msvcp140.dll'.
4d30.74a0: supR3HardenedWinVerifyCacheScheduleImports: Import todo: #22 'vcruntime140.dll'.
4d30.74a0: supR3HardenedWinVerifyCacheScheduleImports: Import todo: #23 'vcruntime140_1.dll'.
4d30.74a0: supHardenedWinVerifyImageByHandle: -> 0 (\Device\HarddiskVolume2\Program Files\Oracle\VirtualBox\platforms\qwindowsVBox.dll) WinVerifyTrust
4d30.74a0: supR3HardenedWinVerifyCacheInsert: \Device\HarddiskVolume2\Program Files\Oracle\VirtualBox\platforms\qwindowsVBox.dll
4d30.74a0: supR3HardenedWinVerifyCacheProcessImportTodos: Processing 'vcruntime140_1.dll'...
4d30.74a0: supR3HardenedWinVerifyCacheProcessImportTodos: 'vcruntime140_1.dll' -> '\Device\HarddiskVolume2\Windows\System32\vcruntime140_1.dll' [rcNtRedir=0xc0150008]
4d30.74a0: supR3HardenedWinVerifyCacheProcessImportTodos: Processing 'vcruntime140.dll'...
4d30.74a0: supR3HardenedWinVerifyCacheProcessImportTodos: 'vcruntime140.dll' -> '\Device\HarddiskVolume2\Windows\System32\vcruntime140.dll' [rcNtRedir=0xc0150008]
4d30.74a0: supR3HardenedWinVerifyCacheProcessImportTodos: Processing 'msvcp140.dll'...
4d30.74a0: supR3HardenedWinVerifyCacheProcessImportTodos: 'msvcp140.dll' -> '\Device\HarddiskVolume2\Windows\System32\msvcp140.dll' [rcNtRedir=0xc0150008]
4d30.74a0: supR3HardenedWinVerifyCacheProcessImportTodos: Processing 'qt6corevbox.dll'...
4d30.74a0: supR3HardenedWinVerifyCacheProcessImportTodos: 'qt6corevbox.dll' -> '\Device\HarddiskVolume2\Program Files\Oracle\VirtualBox\qt6corevbox.dll' [rcNtRedir=0xc0150008]
4d30.74a0: supR3HardenedWinVerifyCacheProcessImportTodos: Processing 'qt6guivbox.dll'...
4d30.74a0: supR3HardenedWinVerifyCacheProcessImportTodos: 'qt6guivbox.dll' -> '\Device\HarddiskVolume2\Program Files\Oracle\VirtualBox\qt6guivbox.dll' [rcNtRedir=0xc0150008]
4d30.74a0: supR3HardenedScreenImage/Imports: cache hit (VINF_SUCCESS) on \Device\HarddiskVolume2\Program Files\Oracle\VirtualBox\Qt6GuiVBox.dll
4d30.74a0: supR3HardenedWinVerifyCacheProcessImportTodos: Processing 'uiautomationcore.dll'...
4d30.74a0: supR3HardenedWinVerifyCacheProcessImportTodos: 'uiautomationcore.dll' -> '\Device\HarddiskVolume2\Windows\System32\uiautomationcore.dll' [rcNtRedir=0xc0150008]
4d30.74a0: supR3HardNtViCallWinVerifyTrustCatFile: hFile=0000000000000430 pwszName=\Device\HarddiskVolume2\Windows\System32\UIAutomationCore.dll
4d30.74a0: supR3HardNtViCallWinVerifyTrustCatFile: Cached context 0000024e751a9aa0
4d30.74a0: supR3HardNtViCallWinVerifyTrustCatFile: hCatAdmin=0000024e751a9aa0
4d30.74a0: supR3HardNtViCallWinVerifyTrustCatFile: cbHash=20 wszDigest=468786E2F8CEB02138D0DB3BFE06F422C7B0D04B
4d30.74a0: supR3HardenedMonitor_LdrLoadDll: returns rcNt=0x0 hMod=00007ff9458c0000 'C:\WINDOWS\system32\rsaenh.dll'
4d30.74a0: supR3HardenedMonitor_LdrLoadDll: returns rcNt=0x0 hMod=00007ff946e90000 'C:\WINDOWS\System32\crypt32.dll'
4d30.74a0: supR3HardNtViCallWinVerifyTrustCatFile: WinVerifyTrust => 0x0; cat='C:\WINDOWS\system32\CatRoot\{F750E6C3-38EE-11D1-85E5-00C04FC295EE}\Runlevel-Win4-merged-Package~31bf3856ad364e35~amd64~~10.0.26100.8246.cat'; file='\Device\HarddiskVolume2\Windows\System32\UIAutomationCore.dll'
4d30.74a0: supR3HardNtViCallWinVerifyTrustCatFile -> 0 (org 22900)
4d30.74a0: supR3HardenedWinVerifyCacheScheduleImports: Import todo: #0 'msvcp_win.dll'.
4d30.74a0: supHardenedWinVerifyImageByHandle: -> 0 (\Device\HarddiskVolume2\Windows\System32\UIAutomationCore.dll) WinVerifyTrust
4d30.74a0: supR3HardenedWinVerifyCacheInsert: \Device\HarddiskVolume2\Windows\System32\UIAutomationCore.dll
4d30.74a0: supR3HardenedWinVerifyCacheProcessImportTodos: Processing 'd3d9.dll'...
4d30.74a0: supR3HardenedWinVerifyCacheProcessImportTodos: 'd3d9.dll' -> '\Device\HarddiskVolume2\Windows\System32\d3d9.dll' [rcNtRedir=0xc0150008]
4d30.74a0: supR3HardenedWinVerifyCacheProcessImportTodos: Processing 'msvcp_win.dll'...
4d30.74a0: supR3HardenedWinVerifyCacheProcessImportTodos: 'msvcp_win.dll' -> '\Device\HarddiskVolume2\Windows\System32\msvcp_win.dll' [rcNtRedir=0xc0150008]
4d30.74a0: supR3HardenedMonitor_LdrLoadDll: returns rcNt=0x0 hMod=00007ff9458c0000 'C:\WINDOWS\system32\rsaenh.dll'
4d30.74a0: supR3HardenedMonitor_LdrLoadDll: returns rcNt=0x0 hMod=00007ff946e90000 'C:\WINDOWS\System32\crypt32.dll'
4d30.74a0: supR3HardenedWinVerifyCacheScheduleImports: Import todo: #0 'msvcrt.dll'.
4d30.74a0: supR3HardenedWinVerifyCacheScheduleImports: Import todo: #6 'user32.dll'.
4d30.74a0: supR3HardenedWinVerifyCacheScheduleImports: Import todo: #9 'win32u.dll'.
4d30.74a0: supR3HardenedWinVerifyCacheScheduleImports: Import todo: #10 'gdi32.dll'.
4d30.74a0: supR3HardenedWinVerifyCacheScheduleImports: Import todo: #12 'dwmapi.dll'.
4d30.74a0: supR3HardenedWinVerifyCacheScheduleImports: Import todo: #15 'version.dll'.
4d30.74a0: supHardenedWinVerifyImageByHandle: -> 0 (\Device\HarddiskVolume2\Windows\System32\d3d9.dll) WinVerifyTrust
4d30.74a0: supR3HardenedWinVerifyCacheInsert: \Device\HarddiskVolume2\Windows\System32\d3d9.dll
4d30.74a0: supR3HardenedWinVerifyCacheProcessImportTodos: Processing 'comdlg32.dll'...
4d30.74a0: supR3HardenedWinVerifyCacheProcessImportTodos: 'comdlg32.dll' -> '\Device\HarddiskVolume2\Windows\System32\comdlg32.dll' [rcNtRedir=0xc0150008]
4d30.74a0: supR3HardNtViCallWinVerifyTrustCatFile: hFile=00000000000007c0 pwszName=\Device\HarddiskVolume2\Windows\System32\comdlg32.dll
4d30.74a0: supR3HardNtViCallWinVerifyTrustCatFile: Cached context 0000024e751a9aa0
4d30.74a0: supR3HardNtViCallWinVerifyTrustCatFile: hCatAdmin=0000024e751a9aa0
4d30.74a0: supR3HardNtViCallWinVerifyTrustCatFile: cbHash=20 wszDigest=8693F65AB86A525FA8E22C050AD51E96DFEDAF77
4d30.74a0: supR3HardenedWinVerifyCacheProcessImportTodos: Processing 'version.dll'...
4d30.74a0: supR3HardenedWinVerifyCacheProcessImportTodos: 'version.dll' -> '\Device\HarddiskVolume2\Windows\System32\version.dll' [rcNtRedir=0xc0150008]
4d30.74a0: supR3HardenedScreenImage/Imports: cache hit (VINF_SUCCESS) on \Device\HarddiskVolume2\Windows\System32\version.dll
4d30.74a0: supR3HardenedWinVerifyCacheProcessImportTodos: Processing 'dwmapi.dll'...
4d30.74a0: supR3HardenedWinVerifyCacheProcessImportTodos: 'dwmapi.dll' -> '\Device\HarddiskVolume2\Windows\System32\dwmapi.dll' [rcNtRedir=0xc0150008]
4d30.74a0: supR3HardenedScreenImage/Imports: cache hit (VINF_SUCCESS) on \Device\HarddiskVolume2\Windows\System32\dwmapi.dll
4d30.74a0: supR3HardenedWinVerifyCacheProcessImportTodos: Processing 'gdi32.dll'...
4d30.74a0: supR3HardenedWinVerifyCacheProcessImportTodos: 'gdi32.dll' -> '\Device\HarddiskVolume2\Windows\System32\gdi32.dll' [rcNtRedir=0xc0150008]
4d30.74a0: supR3HardenedWinVerifyCacheProcessImportTodos: Processing 'win32u.dll'...
4d30.74a0: supR3HardenedWinVerifyCacheProcessImportTodos: 'win32u.dll' -> '\Device\HarddiskVolume2\Windows\System32\win32u.dll' [rcNtRedir=0xc0150008]
4d30.74a0: supR3HardenedWinVerifyCacheProcessImportTodos: Processing 'user32.dll'...
4d30.74a0: supR3HardenedWinVerifyCacheProcessImportTodos: 'user32.dll' -> '\Device\HarddiskVolume2\Windows\System32\user32.dll' [rcNtRedir=0xc0150008]
4d30.74a0: supR3HardenedWinVerifyCacheProcessImportTodos: Processing 'msvcrt.dll'...
4d30.74a0: supR3HardenedWinVerifyCacheProcessImportTodos: 'msvcrt.dll' -> '\Device\HarddiskVolume2\Windows\System32\msvcrt.dll' [rcNtRedir=0xc0150008]
4d30.74a0: supR3HardenedScreenImage/Imports: cache hit (VINF_SUCCESS) on \Device\HarddiskVolume2\Windows\System32\msvcrt.dll
4d30.74a0: supR3HardenedMonitor_LdrLoadDll: returns rcNt=0x0 hMod=00007ff9458c0000 'C:\WINDOWS\system32\rsaenh.dll'
4d30.74a0: supR3HardenedMonitor_LdrLoadDll: returns rcNt=0x0 hMod=00007ff946e90000 'C:\WINDOWS\System32\crypt32.dll'
4d30.74a0: supR3HardNtViCallWinVerifyTrustCatFile: WinVerifyTrust => 0x0; cat='C:\WINDOWS\system32\CatRoot\{F750E6C3-38EE-11D1-85E5-00C04FC295EE}\Microsoft-Windows-Client-Desktop-Required-Package04~31bf3856ad364e35~amd64~~10.0.26100.8246.cat'; file='\Device\HarddiskVolume2\Windows\System32\comdlg32.dll'
4d30.74a0: supR3HardNtViCallWinVerifyTrustCatFile -> 0 (org 22900)
4d30.74a0: supR3HardenedWinVerifyCacheScheduleImports: Import todo: #0 'msvcp_win.dll'.
4d30.74a0: supR3HardenedWinVerifyCacheScheduleImports: Import todo: #26 'rpcrt4.dll'.
4d30.74a0: supR3HardenedWinVerifyCacheScheduleImports: Import todo: #43 'user32.dll'.
4d30.74a0: supR3HardenedWinVerifyCacheScheduleImports: Import todo: #61 'shlwapi.dll'.
4d30.74a0: supR3HardenedWinVerifyCacheScheduleImports: Import todo: #62 'gdi32.dll'.
4d30.74a0: supR3HardenedWinVerifyCacheScheduleImports: Import todo: #63 'comctl32.dll'.
4d30.74a0: supR3HardenedWinVerifyCacheScheduleImports: Import todo: #64 'shell32.dll'.
4d30.74a0: supHardenedWinVerifyImageByHandle: -> 0 (\Device\HarddiskVolume2\Windows\System32\comdlg32.dll) WinVerifyTrust
4d30.74a0: supR3HardenedWinVerifyCacheInsert: \Device\HarddiskVolume2\Windows\System32\comdlg32.dll
4d30.74a0: supR3HardenedWinVerifyCacheProcessImportTodos: Processing 'wtsapi32.dll'...
4d30.74a0: supR3HardenedWinVerifyCacheProcessImportTodos: 'wtsapi32.dll' -> '\Device\HarddiskVolume2\Windows\System32\wtsapi32.dll' [rcNtRedir=0xc0150008]
4d30.74a0: supR3HardenedWinVerifyCacheProcessImportTodos: Processing 'shell32.dll'...
4d30.74a0: supR3HardenedWinVerifyCacheProcessImportTodos: 'shell32.dll' -> '\Device\HarddiskVolume2\Windows\System32\shell32.dll' [rcNtRedir=0xc0150008]
4d30.74a0: supR3HardenedScreenImage/Imports: cache hit (VINF_SUCCESS) on \Device\HarddiskVolume2\Windows\System32\shell32.dll
4d30.74a0: supR3HardenedWinVerifyCacheProcessImportTodos: Processing 'comctl32.dll'...
4d30.74a0: supR3HardenedWinVerifyCacheProcessImportTodos: 'comctl32.dll' -> '\Device\HarddiskVolume2\Windows\System32\comctl32.dll' [rcNtRedir=0x0]
4d30.74a0: Detected WinVerifyTrust recursion: rc=VINF_SUCCESS '\Device\HarddiskVolume2\Windows\System32\comctl32.dll'.
4d30.74a0: supR3HardenedWinVerifyCacheScheduleImports: Import todo: #1 'advapi32.dll'.
4d30.74a0: supR3HardenedWinVerifyCacheScheduleImports: Import todo: #2 'gdi32.dll'.
4d30.74a0: supR3HardenedWinVerifyCacheScheduleImports: Import todo: #4 'user32.dll'.
4d30.74a0: supHardenedWinVerifyImageByHandle: -> 0 (\Device\HarddiskVolume2\Windows\System32\comctl32.dll)
4d30.74a0: supR3HardenedWinVerifyCacheInsert: \Device\HarddiskVolume2\Windows\System32\comctl32.dll
4d30.74a0: supR3HardenedWinVerifyCacheProcessImportTodos: Processing 'gdi32.dll'...
4d30.74a0: supR3HardenedWinVerifyCacheProcessImportTodos: 'gdi32.dll' -> '\Device\HarddiskVolume2\Windows\System32\gdi32.dll' [rcNtRedir=0xc0150008]
4d30.74a0: supR3HardenedWinVerifyCacheProcessImportTodos: Processing 'shlwapi.dll'...
4d30.74a0: supR3HardenedWinVerifyCacheProcessImportTodos: 'shlwapi.dll' -> '\Device\HarddiskVolume2\Windows\System32\shlwapi.dll' [rcNtRedir=0xc0150008]
4d30.74a0: supR3HardenedScreenImage/Imports: cache hit (VINF_SUCCESS) on \Device\HarddiskVolume2\Windows\System32\shlwapi.dll
4d30.74a0: supR3HardenedWinVerifyCacheProcessImportTodos: Processing 'user32.dll'...
4d30.74a0: supR3HardenedWinVerifyCacheProcessImportTodos: 'user32.dll' -> '\Device\HarddiskVolume2\Windows\System32\user32.dll' [rcNtRedir=0xc0150008]
4d30.74a0: supR3HardenedWinVerifyCacheProcessImportTodos: Processing 'rpcrt4.dll'...
4d30.74a0: supR3HardenedWinVerifyCacheProcessImportTodos: 'rpcrt4.dll' -> '\Device\HarddiskVolume2\Windows\System32\rpcrt4.dll' [rcNtRedir=0xc0150008]
4d30.74a0: supR3HardenedWinVerifyCacheProcessImportTodos: Processing 'msvcp_win.dll'...
4d30.74a0: supR3HardenedWinVerifyCacheProcessImportTodos: 'msvcp_win.dll' -> '\Device\HarddiskVolume2\Windows\System32\msvcp_win.dll' [rcNtRedir=0xc0150008]
4d30.74a0: supR3HardenedWinVerifyCacheProcessImportTodos: Processing 'user32.dll'...
4d30.74a0: supR3HardenedWinVerifyCacheProcessImportTodos: 'user32.dll' -> '\Device\HarddiskVolume2\Windows\System32\user32.dll' [rcNtRedir=0xc0150008]
4d30.74a0: supR3HardenedWinVerifyCacheProcessImportTodos: Processing 'gdi32.dll'...
4d30.74a0: supR3HardenedWinVerifyCacheProcessImportTodos: 'gdi32.dll' -> '\Device\HarddiskVolume2\Windows\System32\gdi32.dll' [rcNtRedir=0xc0150008]
4d30.74a0: supR3HardenedWinVerifyCacheProcessImportTodos: Processing 'advapi32.dll'...
4d30.74a0: supR3HardenedWinVerifyCacheProcessImportTodos: 'advapi32.dll' -> '\Device\HarddiskVolume2\Windows\System32\advapi32.dll' [rcNtRedir=0xc0150008]
4d30.74a0: supR3HardenedScreenImage/Imports: cache hit (VINF_SUCCESS) on \Device\HarddiskVolume2\Windows\System32\advapi32.dll
4d30.74a0: supR3HardenedMonitor_LdrLoadDll: returns rcNt=0x0 hMod=00007ff9458c0000 'C:\WINDOWS\system32\rsaenh.dll'
4d30.74a0: supR3HardenedMonitor_LdrLoadDll: returns rcNt=0x0 hMod=00007ff946e90000 'C:\WINDOWS\System32\crypt32.dll'
4d30.74a0: supR3HardenedWinVerifyCacheScheduleImports: Import todo: #0 'msvcrt.dll'.
4d30.74a0: supR3HardenedWinVerifyCacheScheduleImports: Import todo: #23 'sspicli.dll'.
4d30.74a0: supR3HardenedWinVerifyCacheScheduleImports: Import todo: #28 'crypt32.dll'.
4d30.74a0: supHardenedWinVerifyImageByHandle: -> 0 (\Device\HarddiskVolume2\Windows\System32\wtsapi32.dll) WinVerifyTrust
4d30.74a0: supR3HardenedWinVerifyCacheInsert: \Device\HarddiskVolume2\Windows\System32\wtsapi32.dll
4d30.74a0: supR3HardenedWinVerifyCacheProcessImportTodos: Processing 'winmm.dll'...
4d30.74a0: supR3HardenedWinVerifyCacheProcessImportTodos: 'winmm.dll' -> '\Device\HarddiskVolume2\Windows\System32\winmm.dll' [rcNtRedir=0xc0150008]
4d30.74a0: supR3HardenedScreenImage/Imports: cache hit (VINF_SUCCESS) on \Device\HarddiskVolume2\Windows\System32\winmm.dll
4d30.74a0: supR3HardenedWinVerifyCacheProcessImportTodos: Processing 'user32.dll'...
4d30.74a0: supR3HardenedWinVerifyCacheProcessImportTodos: 'user32.dll' -> '\Device\HarddiskVolume2\Windows\System32\user32.dll' [rcNtRedir=0xc0150008]
4d30.74a0: supR3HardenedWinVerifyCacheProcessImportTodos: Processing 'shlwapi.dll'...
4d30.74a0: supR3HardenedWinVerifyCacheProcessImportTodos: 'shlwapi.dll' -> '\Device\HarddiskVolume2\Windows\System32\shlwapi.dll' [rcNtRedir=0xc0150008]
4d30.74a0: supR3HardenedScreenImage/Imports: cache hit (VINF_SUCCESS) on \Device\HarddiskVolume2\Windows\System32\shlwapi.dll
4d30.74a0: supR3HardenedWinVerifyCacheProcessImportTodos: Processing 'shell32.dll'...
4d30.74a0: supR3HardenedWinVerifyCacheProcessImportTodos: 'shell32.dll' -> '\Device\HarddiskVolume2\Windows\System32\shell32.dll' [rcNtRedir=0xc0150008]
4d30.74a0: supR3HardenedScreenImage/Imports: cache hit (VINF_SUCCESS) on \Device\HarddiskVolume2\Windows\System32\shell32.dll
4d30.74a0: supR3HardenedWinVerifyCacheProcessImportTodos: Processing 'setupapi.dll'...
4d30.74a0: supR3HardenedWinVerifyCacheProcessImportTodos: 'setupapi.dll' -> '\Device\HarddiskVolume2\Windows\System32\setupapi.dll' [rcNtRedir=0xc0150008]
4d30.74a0: supR3HardenedWinVerifyCacheProcessImportTodos: Processing 'crypt32.dll'...
4d30.74a0: supR3HardenedWinVerifyCacheProcessImportTodos: 'crypt32.dll' -> '\Device\HarddiskVolume2\Windows\System32\crypt32.dll' [rcNtRedir=0xc0150008]
4d30.74a0: supR3HardenedWinVerifyCacheProcessImportTodos: Processing 'sspicli.dll'...
4d30.74a0: supR3HardenedWinVerifyCacheProcessImportTodos: 'sspicli.dll' -> '\Device\HarddiskVolume2\Windows\System32\sspicli.dll' [rcNtRedir=0xc0150008]
4d30.74a0: Detected WinVerifyTrust recursion: rc=VINF_SUCCESS '\Device\HarddiskVolume2\Windows\System32\sspicli.dll'.
4d30.74a0: supR3HardenedWinVerifyCacheScheduleImports: Import todo: #3 'rpcrt4.dll'.
4d30.74a0: supHardenedWinVerifyImageByHandle: -> 0 (\Device\HarddiskVolume2\Windows\System32\sspicli.dll)
4d30.74a0: supR3HardenedWinVerifyCacheInsert: \Device\HarddiskVolume2\Windows\System32\sspicli.dll
4d30.74a0: supR3HardenedWinVerifyCacheProcessImportTodos: Processing 'msvcrt.dll'...
4d30.74a0: supR3HardenedWinVerifyCacheProcessImportTodos: 'msvcrt.dll' -> '\Device\HarddiskVolume2\Windows\System32\msvcrt.dll' [rcNtRedir=0xc0150008]
4d30.74a0: supR3HardenedScreenImage/Imports: cache hit (VINF_SUCCESS) on \Device\HarddiskVolume2\Windows\System32\msvcrt.dll
4d30.74a0: supR3HardenedWinVerifyCacheProcessImportTodos: Processing 'rpcrt4.dll'...
4d30.74a0: supR3HardenedWinVerifyCacheProcessImportTodos: 'rpcrt4.dll' -> '\Device\HarddiskVolume2\Windows\System32\rpcrt4.dll' [rcNtRedir=0xc0150008]
4d30.74a0: supR3HardenedMonitor_LdrLoadDll: returns rcNt=0x0 hMod=00007ff9458c0000 'C:\WINDOWS\system32\rsaenh.dll'
4d30.74a0: supR3HardenedMonitor_LdrLoadDll: returns rcNt=0x0 hMod=00007ff946e90000 'C:\WINDOWS\System32\crypt32.dll'
4d30.74a0: supR3HardenedWinVerifyCacheScheduleImports: Import todo: #0 'msvcrt.dll'.
4d30.74a0: supHardenedWinVerifyImageByHandle: -> 0 (\Device\HarddiskVolume2\Windows\System32\setupapi.dll) WinVerifyTrust
4d30.74a0: supR3HardenedWinVerifyCacheInsert: \Device\HarddiskVolume2\Windows\System32\setupapi.dll
4d30.74a0: supR3HardenedWinVerifyCacheProcessImportTodos: Processing 'oleaut32.dll'...
4d30.74a0: supR3HardenedWinVerifyCacheProcessImportTodos: 'oleaut32.dll' -> '\Device\HarddiskVolume2\Windows\System32\oleaut32.dll' [rcNtRedir=0xc0150008]
4d30.74a0: supR3HardenedScreenImage/Imports: cache hit (VINF_SUCCESS) on \Device\HarddiskVolume2\Windows\System32\oleaut32.dll
4d30.74a0: supR3HardenedWinVerifyCacheProcessImportTodos: Processing 'ole32.dll'...
4d30.74a0: supR3HardenedWinVerifyCacheProcessImportTodos: 'ole32.dll' -> '\Device\HarddiskVolume2\Windows\System32\ole32.dll' [rcNtRedir=0xc0150008]
4d30.74a0: supR3HardenedScreenImage/Imports: cache hit (VINF_SUCCESS) on \Device\HarddiskVolume2\Windows\System32\ole32.dll
4d30.74a0: supR3HardenedWinVerifyCacheProcessImportTodos: Processing 'imm32.dll'...
4d30.74a0: supR3HardenedWinVerifyCacheProcessImportTodos: 'imm32.dll' -> '\Device\HarddiskVolume2\Windows\System32\imm32.dll' [rcNtRedir=0xc0150008]
4d30.74a0: supR3HardenedScreenImage/Imports: cache hit (VINF_SUCCESS) on \Device\HarddiskVolume2\Windows\System32\imm32.dll
4d30.74a0: supR3HardenedWinVerifyCacheProcessImportTodos: Processing 'gdi32.dll'...
4d30.74a0: supR3HardenedWinVerifyCacheProcessImportTodos: 'gdi32.dll' -> '\Device\HarddiskVolume2\Windows\System32\gdi32.dll' [rcNtRedir=0xc0150008]
4d30.74a0: supR3HardenedWinVerifyCacheProcessImportTodos: Processing 'dwmapi.dll'...
4d30.74a0: supR3HardenedWinVerifyCacheProcessImportTodos: 'dwmapi.dll' -> '\Device\HarddiskVolume2\Windows\System32\dwmapi.dll' [rcNtRedir=0xc0150008]
4d30.74a0: supR3HardenedScreenImage/Imports: cache hit (VINF_SUCCESS) on \Device\HarddiskVolume2\Windows\System32\dwmapi.dll
4d30.74a0: supR3HardenedWinVerifyCacheProcessImportTodos: Processing 'advapi32.dll'...
4d30.74a0: supR3HardenedWinVerifyCacheProcessImportTodos: 'advapi32.dll' -> '\Device\HarddiskVolume2\Windows\System32\advapi32.dll' [rcNtRedir=0xc0150008]
4d30.74a0: supR3HardenedScreenImage/Imports: cache hit (VINF_SUCCESS) on \Device\HarddiskVolume2\Windows\System32\advapi32.dll
4d30.74a0: supR3HardenedWinVerifyCacheProcessImportTodos: Processing 'msvcrt.dll'...
4d30.74a0: supR3HardenedWinVerifyCacheProcessImportTodos: 'msvcrt.dll' -> '\Device\HarddiskVolume2\Windows\System32\msvcrt.dll' [rcNtRedir=0xc0150008]
4d30.74a0: supR3HardenedMonitor_LdrLoadDll: pName=C:\Program Files\Oracle\VirtualBox\platforms\qwindowsVBox.dll (rcNtResolve=0xc0150008) *pfFlags=0x0 pwszSearchPath=0000000000000001:<flags> [calling]
4d30.74a0: supR3HardenedScreenImage/NtCreateSection: cache hit (VINF_SUCCESS) on \Device\HarddiskVolume2\Program Files\Oracle\VirtualBox\platforms\qwindowsVBox.dll
4d30.74a0: supR3HardenedScreenImage/NtCreateSection: cache hit (VINF_SUCCESS) on \Device\HarddiskVolume2\Windows\System32\wtsapi32.dll
4d30.74a0: supR3HardenedWinVerifyCacheScheduleImports: Import todo: #1 'advapi32.dll'.
4d30.74a0: supR3HardenedWinVerifyCacheScheduleImports: Import todo: #2 'gdi32.dll'.
4d30.74a0: supR3HardenedWinVerifyCacheScheduleImports: Import todo: #4 'user32.dll'.
4d30.74a0: supHardenedWinVerifyImageByHandle: -> 0 (\Device\HarddiskVolume2\Windows\WinSxS\amd64_microsoft.windows.common-controls_6595b64144ccf1df_5.82.26100.8115_none_87ecef177a2e8a19\comctl32.dll)
4d30.74a0: supR3HardenedWinVerifyCacheInsert: \Device\HarddiskVolume2\Windows\WinSxS\amd64_microsoft.windows.common-controls_6595b64144ccf1df_5.82.26100.8115_none_87ecef177a2e8a19\comctl32.dll
4d30.74a0: supR3HardenedScreenImage/NtCreateSection: cache hit (VINF_SUCCESS) on \Device\HarddiskVolume2\Windows\System32\d3d9.dll
4d30.74a0: supR3HardenedScreenImage/NtCreateSection: cache hit (VINF_SUCCESS) on \Device\HarddiskVolume2\Windows\System32\UIAutomationCore.dll
4d30.74a0: supR3HardenedScreenImage/NtCreateSection: cache hit (VINF_SUCCESS) on \Device\HarddiskVolume2\Windows\System32\sspicli.dll [avoiding WinVerifyTrust]
4d30.74a0: supR3HardenedWinVerifyCacheScheduleImports: Import todo: #0 'msvcp_win.dll'.
4d30.74a0: supR3HardenedWinVerifyCacheScheduleImports: Import todo: #27 'win32u.dll'.
4d30.74a0: supHardenedWinVerifyImageByHandle: -> 0 (\Device\HarddiskVolume2\Windows\System32\DXCore.dll)
4d30.74a0: supR3HardenedWinVerifyCacheInsert: \Device\HarddiskVolume2\Windows\System32\DXCore.dll
4d30.74a0: supR3HardenedDllNotificationCallback: load   00007ff948690000 LB 0x00487000 C:\WINDOWS\System32\SETUPAPI.dll [fFlags=0x0]
4d30.74a0: supR3HardenedScreenImage/LdrLoadDll: cache hit (VINF_SUCCESS) on \Device\HarddiskVolume2\Windows\System32\setupapi.dll
4d30.74a0: supR3HardenedDllNotificationCallback: load   00007ff945c20000 LB 0x00049000 C:\WINDOWS\SYSTEM32\SspiCli.dll [fFlags=0x0]
4d30.74a0: supR3HardenedScreenImage/LdrLoadDll: cache hit (VINF_SUCCESS) on \Device\HarddiskVolume2\Windows\System32\sspicli.dll [avoiding WinVerifyTrust]
4d30.74a0: supR3HardenedDllNotificationCallback: load   00007ff9444f0000 LB 0x00029000 C:\WINDOWS\SYSTEM32\WTSAPI32.dll [fFlags=0x0]
4d30.74a0: supR3HardenedScreenImage/LdrLoadDll: cache hit (VINF_SUCCESS) on \Device\HarddiskVolume2\Windows\System32\wtsapi32.dll
4d30.74a0: supR3HardenedDllNotificationCallback: load   00007ff91b8c0000 LB 0x000b5000 C:\WINDOWS\WinSxS\amd64_microsoft.windows.common-controls_6595b64144ccf1df_5.82.26100.8115_none_87ecef177a2e8a19\COMCTL32.dll [fFlags=0x0]
4d30.74a0: supR3HardenedScreenImage/LdrLoadDll: cache hit (VINF_SUCCESS) on \Device\HarddiskVolume2\Windows\WinSxS\amd64_microsoft.windows.common-controls_6595b64144ccf1df_5.82.26100.8115_none_87ecef177a2e8a19\comctl32.dll [avoiding WinVerifyTrust]
4d30.74a0: supR3HardenedDllNotificationCallback: load   00007ff9483d0000 LB 0x000ef000 C:\WINDOWS\System32\COMDLG32.dll [fFlags=0x0]
4d30.74a0: supR3HardenedScreenImage/LdrLoadDll: cache hit (VINF_SUCCESS) on \Device\HarddiskVolume2\Windows\System32\comdlg32.dll
4d30.74a0: supR3HardenedDllNotificationCallback: load   00007ff9448d0000 LB 0x00043000 C:\WINDOWS\SYSTEM32\dxcore.dll [fFlags=0x0]
4d30.74a0: supR3HardenedScreenImage/LdrLoadDll: cache hit (VINF_SUCCESS) on \Device\HarddiskVolume2\Windows\System32\DXCore.dll [avoiding WinVerifyTrust]
4d30.74a0: supR3HardenedDllNotificationCallback: load   00007ff912d90000 LB 0x001b2000 C:\WINDOWS\SYSTEM32\d3d9.dll [fFlags=0x0]
4d30.74a0: supR3HardenedScreenImage/LdrLoadDll: cache hit (VINF_SUCCESS) on \Device\HarddiskVolume2\Windows\System32\d3d9.dll
4d30.74a0: supR3HardenedDllNotificationCallback: load   00007ff9152f0000 LB 0x00420000 C:\WINDOWS\SYSTEM32\UIAutomationCore.DLL [fFlags=0x0]
4d30.74a0: supR3HardenedScreenImage/LdrLoadDll: cache hit (VINF_SUCCESS) on \Device\HarddiskVolume2\Windows\System32\UIAutomationCore.dll
4d30.74a0: supR3HardenedDllNotificationCallback: load   00007ff8c8ce0000 LB 0x000db000 C:\Program Files\Oracle\VirtualBox\platforms\qwindowsVBox.dll [fFlags=0x0]
4d30.74a0: supR3HardenedScreenImage/LdrLoadDll: cache hit (VINF_SUCCESS) on \Device\HarddiskVolume2\Program Files\Oracle\VirtualBox\platforms\qwindowsVBox.dll
4d30.74a0: Detected loader lock ownership: rc=VINF_SUCCESS '\Device\HarddiskVolume2\Windows\System32\DXCore.dll'.
4d30.74a0: supR3HardenedWinVerifyCacheProcessWvtTodos: 0 (was 0) fWinVerifyTrust=0 for '\Device\HarddiskVolume2\Windows\System32\DXCore.dll' [rescheduled]
4d30.74a0: Detected loader lock ownership: rc=VINF_SUCCESS '\Device\HarddiskVolume2\Windows\WinSxS\amd64_microsoft.windows.common-controls_6595b64144ccf1df_5.82.26100.8115_none_87ecef177a2e8a19\comctl32.dll'.
4d30.74a0: supR3HardenedWinVerifyCacheProcessWvtTodos: 0 (was 0) fWinVerifyTrust=0 for '\Device\HarddiskVolume2\Windows\WinSxS\amd64_microsoft.windows.common-controls_6595b64144ccf1df_5.82.26100.8115_none_87ecef177a2e8a19\comctl32.dll' [rescheduled]
4d30.74a0: Detected loader lock ownership: rc=VINF_SUCCESS '\Device\HarddiskVolume2\Windows\System32\sspicli.dll'.
4d30.74a0: supR3HardenedWinVerifyCacheProcessWvtTodos: 0 (was 0) fWinVerifyTrust=0 for '\Device\HarddiskVolume2\Windows\System32\sspicli.dll' [rescheduled]
4d30.74a0: Detected loader lock ownership: rc=VINF_SUCCESS '\Device\HarddiskVolume2\Windows\System32\comctl32.dll'.
4d30.74a0: supR3HardenedWinVerifyCacheProcessWvtTodos: 0 (was 0) fWinVerifyTrust=0 for '\Device\HarddiskVolume2\Windows\System32\comctl32.dll' [rescheduled]
4d30.74a0: supR3HardenedScreenImage/LdrLoadDll: cache hit (VINF_SUCCESS) on \Device\HarddiskVolume2\Windows\System32\imm32.dll
4d30.74a0: supR3HardenedWinVerifyCacheProcessImportTodos: Processing 'win32u.dll'...
4d30.74a0: supR3HardenedWinVerifyCacheProcessImportTodos: 'win32u.dll' -> '\Device\HarddiskVolume2\Windows\System32\win32u.dll' [rcNtRedir=0xc0150008]
4d30.74a0: supR3HardenedWinVerifyCacheProcessImportTodos: Processing 'msvcp_win.dll'...
4d30.74a0: supR3HardenedWinVerifyCacheProcessImportTodos: 'msvcp_win.dll' -> '\Device\HarddiskVolume2\Windows\System32\msvcp_win.dll' [rcNtRedir=0xc0150008]
4d30.74a0: supR3HardenedWinVerifyCacheProcessImportTodos: Processing 'user32.dll'...
4d30.74a0: supR3HardenedWinVerifyCacheProcessImportTodos: 'user32.dll' -> '\Device\HarddiskVolume2\Windows\System32\user32.dll' [rcNtRedir=0xc0150008]
4d30.74a0: supR3HardenedWinVerifyCacheProcessImportTodos: Processing 'gdi32.dll'...
4d30.74a0: supR3HardenedWinVerifyCacheProcessImportTodos: 'gdi32.dll' -> '\Device\HarddiskVolume2\Windows\System32\gdi32.dll' [rcNtRedir=0xc0150008]
4d30.74a0: supR3HardenedScreenImage/Imports: cache hit (VINF_SUCCESS) on \Device\HarddiskVolume2\Windows\System32\gdi32.dll
4d30.74a0: supR3HardenedWinVerifyCacheProcessImportTodos: Processing 'advapi32.dll'...
4d30.74a0: supR3HardenedWinVerifyCacheProcessImportTodos: 'advapi32.dll' -> '\Device\HarddiskVolume2\Windows\System32\advapi32.dll' [rcNtRedir=0xc0150008]
4d30.74a0: supR3HardenedScreenImage/Imports: cache hit (VINF_SUCCESS) on \Device\HarddiskVolume2\Windows\System32\advapi32.dll
4d30.74a0: supR3HardenedMonitor_LdrLoadDll: pName=C:\WINDOWS\System32\imm32.dll (Input=imm32.dll, rcNtResolve=0xc0150008) *pfFlags=0x0 pwszSearchPath=0000000000000001:<flags> [calling]
4d30.74a0: supR3HardenedMonitor_LdrLoadDll: returns rcNt=0x0 hMod=00007ff948390000 'C:\WINDOWS\System32\imm32.dll'
4d30.74a0: Detected loader lock ownership: rc=VINF_SUCCESS '\Device\HarddiskVolume2\Windows\System32\DXCore.dll'.
4d30.74a0: supR3HardenedWinVerifyCacheProcessWvtTodos: 0 (was 0) fWinVerifyTrust=0 for '\Device\HarddiskVolume2\Windows\System32\DXCore.dll' [rescheduled]
4d30.74a0: Detected loader lock ownership: rc=VINF_SUCCESS '\Device\HarddiskVolume2\Windows\WinSxS\amd64_microsoft.windows.common-controls_6595b64144ccf1df_5.82.26100.8115_none_87ecef177a2e8a19\comctl32.dll'.
4d30.74a0: supR3HardenedWinVerifyCacheProcessWvtTodos: 0 (was 0) fWinVerifyTrust=0 for '\Device\HarddiskVolume2\Windows\WinSxS\amd64_microsoft.windows.common-controls_6595b64144ccf1df_5.82.26100.8115_none_87ecef177a2e8a19\comctl32.dll' [rescheduled]
4d30.74a0: Detected loader lock ownership: rc=VINF_SUCCESS '\Device\HarddiskVolume2\Windows\System32\sspicli.dll'.
4d30.74a0: supR3HardenedWinVerifyCacheProcessWvtTodos: 0 (was 0) fWinVerifyTrust=0 for '\Device\HarddiskVolume2\Windows\System32\sspicli.dll' [rescheduled]
4d30.74a0: Detected loader lock ownership: rc=VINF_SUCCESS '\Device\HarddiskVolume2\Windows\System32\comctl32.dll'.
4d30.74a0: supR3HardenedWinVerifyCacheProcessWvtTodos: 0 (was 0) fWinVerifyTrust=0 for '\Device\HarddiskVolume2\Windows\System32\comctl32.dll' [rescheduled]
4d30.74a0: supR3HardenedMonitor_LdrLoadDll: returns rcNt=0x0 hMod=00007ff8c8ce0000 'C:\Program Files\Oracle\VirtualBox\platforms\qwindowsVBox.dll'
4d30.74a0: supR3HardenedMonitor_LdrLoadDll: returns rcNt=0x0 hMod=00007ff9458c0000 'C:\WINDOWS\system32\rsaenh.dll'
4d30.74a0: supR3HardenedMonitor_LdrLoadDll: returns rcNt=0x0 hMod=00007ff946e90000 'C:\WINDOWS\System32\crypt32.dll'
4d30.74a0: supR3HardenedWinVerifyCacheProcessWvtTodos: 0 (was 0) fWinVerifyTrust=1 for '\Device\HarddiskVolume2\Windows\System32\DXCore.dll'
4d30.74a0: supR3HardenedMonitor_LdrLoadDll: returns rcNt=0x0 hMod=00007ff9458c0000 'C:\WINDOWS\system32\rsaenh.dll'
4d30.74a0: supR3HardenedMonitor_LdrLoadDll: returns rcNt=0x0 hMod=00007ff946e90000 'C:\WINDOWS\System32\crypt32.dll'
4d30.74a0: supR3HardenedWinVerifyCacheProcessWvtTodos: 0 (was 0) fWinVerifyTrust=1 for '\Device\HarddiskVolume2\Windows\WinSxS\amd64_microsoft.windows.common-controls_6595b64144ccf1df_5.82.26100.8115_none_87ecef177a2e8a19\comctl32.dll'
4d30.74a0: supR3HardenedMonitor_LdrLoadDll: returns rcNt=0x0 hMod=00007ff9458c0000 'C:\WINDOWS\system32\rsaenh.dll'
4d30.74a0: supR3HardenedMonitor_LdrLoadDll: returns rcNt=0x0 hMod=00007ff946e90000 'C:\WINDOWS\System32\crypt32.dll'
4d30.74a0: supR3HardenedWinVerifyCacheProcessWvtTodos: 0 (was 0) fWinVerifyTrust=1 for '\Device\HarddiskVolume2\Windows\System32\sspicli.dll'
4d30.74a0: supR3HardenedMonitor_LdrLoadDll: returns rcNt=0x0 hMod=00007ff9458c0000 'C:\WINDOWS\system32\rsaenh.dll'
4d30.74a0: supR3HardenedMonitor_LdrLoadDll: returns rcNt=0x0 hMod=00007ff946e90000 'C:\WINDOWS\System32\crypt32.dll'
4d30.74a0: supR3HardenedWinVerifyCacheProcessWvtTodos: 0 (was 0) fWinVerifyTrust=1 for '\Device\HarddiskVolume2\Windows\System32\comctl32.dll'
4d30.74a0: supR3HardenedWinVerifyCacheScheduleImports: Import todo: #4 'rpcrt4.dll'.
4d30.74a0: supR3HardenedWinVerifyCacheScheduleImports: Import todo: #39 'bcryptprimitives.dll'.
4d30.74a0: supR3HardenedWinVerifyCacheScheduleImports: Import todo: #53 'combase.dll'.
4d30.74a0: supR3HardenedWinVerifyCacheScheduleImports: Import todo: #54 'msvcp_win.dll'.
4d30.74a0: supHardenedWinVerifyImageByHandle: -> 22900 (\Device\HarddiskVolume2\Windows\System32\rpcss.dll)
4d30.74a0: supR3HardenedWinVerifyCacheInsert: \Device\HarddiskVolume2\Windows\System32\rpcss.dll
4d30.74a0: supR3HardenedMonitor_NtCreateSection: NtMapViewOfSection failed on 00000000000004a4 (hFile=00000000000006cc) with 0xc0000022 -> STATUS_TRUST_FAILURE
4d30.74a0: supR3HardNtViCallWinVerifyTrustCatFile: hFile=0000000000000500 pwszName=\Device\HarddiskVolume2\Windows\System32\rpcss.dll
4d30.74a0: supR3HardNtViCallWinVerifyTrustCatFile: Cached context 0000024e751a9aa0
4d30.74a0: supR3HardNtViCallWinVerifyTrustCatFile: hCatAdmin=0000024e751a9aa0
4d30.74a0: supR3HardNtViCallWinVerifyTrustCatFile: cbHash=20 wszDigest=B18D024C5D5583708146EDA3504163B934E46ECE
4d30.74a0: supR3HardenedWinVerifyCacheProcessImportTodos: Processing 'msvcp_win.dll'...
4d30.74a0: supR3HardenedWinVerifyCacheProcessImportTodos: 'msvcp_win.dll' -> '\Device\HarddiskVolume2\Windows\System32\msvcp_win.dll' [rcNtRedir=0xc0150008]
4d30.74a0: supR3HardenedWinVerifyCacheProcessImportTodos: Processing 'combase.dll'...
4d30.74a0: supR3HardenedWinVerifyCacheProcessImportTodos: 'combase.dll' -> '\Device\HarddiskVolume2\Windows\System32\combase.dll' [rcNtRedir=0xc0150008]
4d30.74a0: supR3HardenedScreenImage/Imports: cache hit (VINF_SUCCESS) on \Device\HarddiskVolume2\Windows\System32\combase.dll
4d30.74a0: supR3HardenedWinVerifyCacheProcessImportTodos: Processing 'bcryptprimitives.dll'...
4d30.74a0: supR3HardenedWinVerifyCacheProcessImportTodos: 'bcryptprimitives.dll' -> '\Device\HarddiskVolume2\Windows\System32\bcryptprimitives.dll' [rcNtRedir=0xc0150008]
4d30.74a0: supR3HardenedScreenImage/Imports: cache hit (VINF_SUCCESS) on \Device\HarddiskVolume2\Windows\System32\bcryptprimitives.dll
4d30.74a0: supR3HardenedWinVerifyCacheProcessImportTodos: Processing 'rpcrt4.dll'...
4d30.74a0: supR3HardenedWinVerifyCacheProcessImportTodos: 'rpcrt4.dll' -> '\Device\HarddiskVolume2\Windows\System32\rpcrt4.dll' [rcNtRedir=0xc0150008]
4d30.74a0: supR3HardenedScreenImage/Imports: cache hit (VINF_SUCCESS) on \Device\HarddiskVolume2\Windows\System32\rpcrt4.dll
4d30.74a0: supR3HardenedMonitor_LdrLoadDll: returns rcNt=0x0 hMod=00007ff9458c0000 'C:\WINDOWS\system32\rsaenh.dll'
4d30.74a0: supR3HardenedMonitor_LdrLoadDll: returns rcNt=0x0 hMod=00007ff946e90000 'C:\WINDOWS\System32\crypt32.dll'
4d30.74a0: supR3HardNtViCallWinVerifyTrustCatFile: WinVerifyTrust => 0x0; cat='C:\WINDOWS\system32\CatRoot\{F750E6C3-38EE-11D1-85E5-00C04FC295EE}\Microsoft-OneCore-CoreSystem-Core-merged-Package~31bf3856ad364e35~amd64~~10.0.26100.8246.cat'; file='\Device\HarddiskVolume2\Windows\System32\rpcss.dll'
4d30.74a0: supR3HardNtViCallWinVerifyTrustCatFile -> 0 (org 22900)
4d30.74a0: supR3HardenedWinVerifyCacheProcessWvtTodos: 0 (was 22900) fWinVerifyTrust=1 for '\Device\HarddiskVolume2\Windows\System32\rpcss.dll'
4d30.74a0: supR3HardenedScreenImage/LdrLoadDll: cache hit (VINF_SUCCESS) on \Device\HarddiskVolume2\Windows\System32\uxtheme.dll
4d30.74a0: supR3HardenedMonitor_LdrLoadDll: pName=C:\WINDOWS\system32\uxtheme.dll (rcNtResolve=0xc0150008) *pfFlags=0x0 pwszSearchPath=0000000000000009:<flags> [calling]
4d30.74a0: supR3HardenedMonitor_LdrLoadDll: returns rcNt=0x0 hMod=00007ff944650000 'C:\WINDOWS\system32\uxtheme.dll'
4d30.74a0: supR3HardenedDllNotificationCallback: load   00007ff949ee0000 LB 0x0015c000 C:\WINDOWS\System32\MSCTF.dll [fFlags=0x0]
4d30.74a0: supR3HardenedWinVerifyCacheScheduleImports: Import todo: #0 'msvcrt.dll'.
4d30.74a0: supR3HardenedWinVerifyCacheScheduleImports: Import todo: #37 'user32.dll'.
4d30.74a0: supHardenedWinVerifyImageByHandle: -> 0 (\Device\HarddiskVolume2\Windows\System32\msctf.dll)
4d30.74a0: supR3HardenedWinVerifyCacheInsert: \Device\HarddiskVolume2\Windows\System32\msctf.dll
4d30.74a0: supR3HardenedWinVerifyCacheProcessImportTodos: Processing 'user32.dll'...
4d30.74a0: supR3HardenedWinVerifyCacheProcessImportTodos: 'user32.dll' -> '\Device\HarddiskVolume2\Windows\System32\user32.dll' [rcNtRedir=0xc0150008]
4d30.74a0: supR3HardenedScreenImage/Imports: cache hit (VINF_SUCCESS) on \Device\HarddiskVolume2\Windows\System32\user32.dll
4d30.74a0: supR3HardenedWinVerifyCacheProcessImportTodos: Processing 'msvcrt.dll'...
4d30.74a0: supR3HardenedWinVerifyCacheProcessImportTodos: 'msvcrt.dll' -> '\Device\HarddiskVolume2\Windows\System32\msvcrt.dll' [rcNtRedir=0xc0150008]
4d30.74a0: supR3HardenedMonitor_LdrLoadDll: returns rcNt=0x0 hMod=00007ff9458c0000 'C:\WINDOWS\system32\rsaenh.dll'
4d30.74a0: supR3HardenedMonitor_LdrLoadDll: returns rcNt=0x0 hMod=00007ff946e90000 'C:\WINDOWS\System32\crypt32.dll'
4d30.74a0: supR3HardenedWinVerifyCacheProcessWvtTodos: 0 (was 0) fWinVerifyTrust=1 for '\Device\HarddiskVolume2\Windows\System32\msctf.dll'
4d30.74a0: supR3HardNtViCallWinVerifyTrustCatFile: hFile=00000000000006c0 pwszName=\Device\HarddiskVolume2\Windows\System32\OskSupport.dll
4d30.74a0: supR3HardNtViCallWinVerifyTrustCatFile: Cached context 0000024e751a9aa0
4d30.74a0: supR3HardNtViCallWinVerifyTrustCatFile: hCatAdmin=0000024e751a9aa0
4d30.74a0: supR3HardNtViCallWinVerifyTrustCatFile: cbHash=20 wszDigest=4C4DD1B9BBC82075369A1336385871E1DD373200
4d30.74a0: supR3HardenedMonitor_LdrLoadDll: returns rcNt=0x0 hMod=00007ff9458c0000 'C:\WINDOWS\system32\rsaenh.dll'
4d30.74a0: supR3HardenedMonitor_LdrLoadDll: returns rcNt=0x0 hMod=00007ff946e90000 'C:\WINDOWS\System32\crypt32.dll'
4d30.74a0: supR3HardNtViCallWinVerifyTrustCatFile: WinVerifyTrust => 0x0; cat='C:\WINDOWS\system32\CatRoot\{F750E6C3-38EE-11D1-85E5-00C04FC295EE}\Microsoft-Windows-Client-Desktop-Required-Package0515~31bf3856ad364e35~amd64~~10.0.26100.8036.cat'; file='\Device\HarddiskVolume2\Windows\System32\OskSupport.dll'
4d30.74a0: supR3HardNtViCallWinVerifyTrustCatFile -> 0 (org 22900)
4d30.74a0: supR3HardenedWinVerifyCacheScheduleImports: Import todo: #0 'msvcrt.dll'.
4d30.74a0: supR3HardenedWinVerifyCacheScheduleImports: Import todo: #2 'user32.dll'.
4d30.74a0: supHardenedWinVerifyImageByHandle: -> 0 (\Device\HarddiskVolume2\Windows\System32\OskSupport.dll) WinVerifyTrust
4d30.74a0: supR3HardenedWinVerifyCacheInsert: \Device\HarddiskVolume2\Windows\System32\OskSupport.dll
4d30.74a0: supR3HardenedWinVerifyCacheProcessImportTodos: Processing 'user32.dll'...
4d30.74a0: supR3HardenedWinVerifyCacheProcessImportTodos: 'user32.dll' -> '\Device\HarddiskVolume2\Windows\System32\user32.dll' [rcNtRedir=0xc0150008]
4d30.74a0: supR3HardenedWinVerifyCacheProcessImportTodos: Processing 'msvcrt.dll'...
4d30.74a0: supR3HardenedWinVerifyCacheProcessImportTodos: 'msvcrt.dll' -> '\Device\HarddiskVolume2\Windows\System32\msvcrt.dll' [rcNtRedir=0xc0150008]
4d30.74a0: supR3HardenedMonitor_LdrLoadDll: pName=C:\WINDOWS\System32\OskSupport.dll (rcNtResolve=0xc0150008) *pfFlags=0x0 pwszSearchPath=0000000000000009:<flags> [calling]
4d30.74a0: supR3HardenedScreenImage/NtCreateSection: cache hit (VINF_SUCCESS) on \Device\HarddiskVolume2\Windows\System32\OskSupport.dll
4d30.74a0: supR3HardenedDllNotificationCallback: load   00007ff942380000 LB 0x00008000 C:\WINDOWS\System32\OskSupport.dll [fFlags=0x0]
4d30.74a0: supR3HardenedScreenImage/LdrLoadDll: cache hit (VINF_SUCCESS) on \Device\HarddiskVolume2\Windows\System32\OskSupport.dll
4d30.74a0: supR3HardenedMonitor_LdrLoadDll: returns rcNt=0x0 hMod=00007ff942380000 'C:\WINDOWS\System32\OskSupport.dll'
4d30.74a0: supR3HardenedMonitor_LdrLoadDll: returns rcNt=0x0 hMod=00007ff949d10000 'C:\WINDOWS\System32\USER32.dll'
4d30.74a0: supR3HardenedMonitor_LdrLoadDll: returns rcNt=0x0 hMod=00007ff9458c0000 'C:\WINDOWS\system32\rsaenh.dll'
4d30.74a0: supR3HardenedMonitor_LdrLoadDll: returns rcNt=0x0 hMod=00007ff946e90000 'C:\WINDOWS\System32\crypt32.dll'
4d30.74a0: supR3HardenedWinVerifyCacheScheduleImports: Import todo: #19 'cfgmgr32.dll'.
4d30.74a0: supHardenedWinVerifyImageByHandle: -> 0 (\Device\HarddiskVolume2\Windows\System32\devobj.dll) WinVerifyTrust
4d30.74a0: supR3HardenedWinVerifyCacheInsert: \Device\HarddiskVolume2\Windows\System32\devobj.dll
4d30.74a0: supR3HardenedWinVerifyCacheProcessImportTodos: Processing 'cfgmgr32.dll'...
4d30.74a0: supR3HardenedWinVerifyCacheProcessImportTodos: 'cfgmgr32.dll' -> '\Device\HarddiskVolume2\Windows\System32\cfgmgr32.dll' [rcNtRedir=0xc0150008]
4d30.74a0: supR3HardenedMonitor_LdrLoadDll: returns rcNt=0x0 hMod=00007ff9458c0000 'C:\WINDOWS\system32\rsaenh.dll'
4d30.74a0: supR3HardenedMonitor_LdrLoadDll: returns rcNt=0x0 hMod=00007ff946e90000 'C:\WINDOWS\System32\crypt32.dll'
4d30.74a0: supHardenedWinVerifyImageByHandle: -> 0 (\Device\HarddiskVolume2\Windows\System32\cfgmgr32.dll) WinVerifyTrust
4d30.74a0: supR3HardenedWinVerifyCacheInsert: \Device\HarddiskVolume2\Windows\System32\cfgmgr32.dll
4d30.74a0: supR3HardenedMonitor_LdrLoadDll: pName=C:\WINDOWS\System32\DEVOBJ.dll (Input=DEVOBJ.dll, rcNtResolve=0xc0150008) *pfFlags=0x0 pwszSearchPath=0000000000000001:<flags> [calling]
4d30.74a0: supR3HardenedScreenImage/NtCreateSection: cache hit (VINF_SUCCESS) on \Device\HarddiskVolume2\Windows\System32\devobj.dll
4d30.74a0: supR3HardenedScreenImage/NtCreateSection: cache hit (VINF_SUCCESS) on \Device\HarddiskVolume2\Windows\System32\cfgmgr32.dll
4d30.74a0: supR3HardenedDllNotificationCallback: load   00007ff946880000 LB 0x00051000 C:\WINDOWS\SYSTEM32\cfgmgr32.dll [fFlags=0x0]
4d30.74a0: supR3HardenedScreenImage/LdrLoadDll: cache hit (VINF_SUCCESS) on \Device\HarddiskVolume2\Windows\System32\cfgmgr32.dll
4d30.74a0: supR3HardenedDllNotificationCallback: load   00007ff946850000 LB 0x0002d000 C:\WINDOWS\System32\DEVOBJ.dll [fFlags=0x0]
4d30.74a0: supR3HardenedScreenImage/LdrLoadDll: cache hit (VINF_SUCCESS) on \Device\HarddiskVolume2\Windows\System32\devobj.dll
4d30.74a0: supR3HardenedMonitor_LdrLoadDll: returns rcNt=0x0 hMod=00007ff946850000 'C:\WINDOWS\System32\DEVOBJ.dll'
4d30.74a0: supR3HardenedIsApiSetDll: ApiSetQueryApiSetPresence(api-ms-win-core-registry-l1-1-0.dll) -> 0x0, fPresent=1
4d30.74a0: supR3HardenedMonitor_LdrLoadDll: pName=api-ms-win-core-registry-l1-1-0.dll (rcNtResolve=0x0) *pfFlags=0x0 pwszSearchPath=0000000000000001:<flags> [calling]
4d30.74a0: supR3HardenedMonitor_LdrLoadDll: returns rcNt=0x0 hMod=00007ff947cb0000 'api-ms-win-core-registry-l1-1-0.dll'
4d30.74a0: supR3HardenedScreenImage/LdrLoadDll: cache hit (VINF_SUCCESS) on \Device\HarddiskVolume2\Windows\System32\wintrust.dll
4d30.74a0: supR3HardenedMonitor_LdrLoadDll: pName=C:\WINDOWS\System32\WINTRUST.dll (Input=WINTRUST.dll, rcNtResolve=0xc0150008) *pfFlags=0x0 pwszSearchPath=0000000000000001:<flags> [calling]
4d30.74a0: supR3HardenedMonitor_LdrLoadDll: returns rcNt=0x0 hMod=00007ff947100000 'C:\WINDOWS\System32\WINTRUST.dll'
4d30.74a0: supR3HardenedMonitor_LdrLoadDll: returns rcNt=0x0 hMod=00007ff9458c0000 'C:\WINDOWS\system32\rsaenh.dll'
4d30.74a0: supR3HardenedMonitor_LdrLoadDll: returns rcNt=0x0 hMod=00007ff946e90000 'C:\WINDOWS\System32\crypt32.dll'
4d30.74a0: supR3HardenedWinVerifyCacheScheduleImports: Import todo: #0 'gdi32.dll'.
4d30.74a0: supR3HardenedWinVerifyCacheScheduleImports: Import todo: #1 'user32.dll'.
4d30.74a0: supR3HardenedWinVerifyCacheScheduleImports: Import todo: #2 'uxtheme.dll'.
4d30.74a0: supR3HardenedWinVerifyCacheScheduleImports: Import todo: #3 'qt6widgetsvbox.dll'.
4d30.74a0: supR3HardenedWinVerifyCacheScheduleImports: Import todo: #4 'qt6guivbox.dll'.
4d30.74a0: supR3HardenedWinVerifyCacheScheduleImports: Import todo: #5 'qt6corevbox.dll'.
4d30.74a0: supR3HardenedWinVerifyCacheScheduleImports: Import todo: #7 'msvcp140.dll'.
4d30.74a0: supR3HardenedWinVerifyCacheScheduleImports: Import todo: #8 'vcruntime140.dll'.
4d30.74a0: supHardenedWinVerifyImageByHandle: -> 0 (\Device\HarddiskVolume2\Program Files\Oracle\VirtualBox\styles\qmodernwindowsstyleVBox.dll) WinVerifyTrust
4d30.74a0: supR3HardenedWinVerifyCacheInsert: \Device\HarddiskVolume2\Program Files\Oracle\VirtualBox\styles\qmodernwindowsstyleVBox.dll
4d30.74a0: supR3HardenedWinVerifyCacheProcessImportTodos: Processing 'vcruntime140.dll'...
4d30.74a0: supR3HardenedWinVerifyCacheProcessImportTodos: 'vcruntime140.dll' -> '\Device\HarddiskVolume2\Windows\System32\vcruntime140.dll' [rcNtRedir=0xc0150008]
4d30.74a0: supR3HardenedWinVerifyCacheProcessImportTodos: Processing 'msvcp140.dll'...
4d30.74a0: supR3HardenedWinVerifyCacheProcessImportTodos: 'msvcp140.dll' -> '\Device\HarddiskVolume2\Windows\System32\msvcp140.dll' [rcNtRedir=0xc0150008]
4d30.74a0: supR3HardenedWinVerifyCacheProcessImportTodos: Processing 'qt6corevbox.dll'...
4d30.74a0: supR3HardenedWinVerifyCacheProcessImportTodos: 'qt6corevbox.dll' -> '\Device\HarddiskVolume2\Program Files\Oracle\VirtualBox\qt6corevbox.dll' [rcNtRedir=0xc0150008]
4d30.74a0: supR3HardenedWinVerifyCacheProcessImportTodos: Processing 'qt6guivbox.dll'...
4d30.74a0: supR3HardenedWinVerifyCacheProcessImportTodos: 'qt6guivbox.dll' -> '\Device\HarddiskVolume2\Program Files\Oracle\VirtualBox\qt6guivbox.dll' [rcNtRedir=0xc0150008]
4d30.74a0: supR3HardenedScreenImage/Imports: cache hit (VINF_SUCCESS) on \Device\HarddiskVolume2\Program Files\Oracle\VirtualBox\Qt6GuiVBox.dll
4d30.74a0: supR3HardenedWinVerifyCacheProcessImportTodos: Processing 'qt6widgetsvbox.dll'...
4d30.74a0: supR3HardenedWinVerifyCacheProcessImportTodos: 'qt6widgetsvbox.dll' -> '\Device\HarddiskVolume2\Program Files\Oracle\VirtualBox\qt6widgetsvbox.dll' [rcNtRedir=0xc0150008]
4d30.74a0: supR3HardenedScreenImage/Imports: cache hit (VINF_SUCCESS) on \Device\HarddiskVolume2\Program Files\Oracle\VirtualBox\Qt6WidgetsVBox.dll
4d30.74a0: supR3HardenedWinVerifyCacheProcessImportTodos: Processing 'uxtheme.dll'...
4d30.74a0: supR3HardenedWinVerifyCacheProcessImportTodos: 'uxtheme.dll' -> '\Device\HarddiskVolume2\Windows\System32\uxtheme.dll' [rcNtRedir=0xc0150008]
4d30.74a0: supR3HardenedScreenImage/Imports: cache hit (VINF_SUCCESS) on \Device\HarddiskVolume2\Windows\System32\uxtheme.dll
4d30.74a0: supR3HardenedWinVerifyCacheProcessImportTodos: Processing 'user32.dll'...
4d30.74a0: supR3HardenedWinVerifyCacheProcessImportTodos: 'user32.dll' -> '\Device\HarddiskVolume2\Windows\System32\user32.dll' [rcNtRedir=0xc0150008]
4d30.74a0: supR3HardenedWinVerifyCacheProcessImportTodos: Processing 'gdi32.dll'...
4d30.74a0: supR3HardenedWinVerifyCacheProcessImportTodos: 'gdi32.dll' -> '\Device\HarddiskVolume2\Windows\System32\gdi32.dll' [rcNtRedir=0xc0150008]
4d30.74a0: supR3HardenedMonitor_LdrLoadDll: pName=C:\Program Files\Oracle\VirtualBox\styles\qmodernwindowsstyleVBox.dll (rcNtResolve=0xc0150008) *pfFlags=0x0 pwszSearchPath=0000000000000001:<flags> [calling]
4d30.74a0: supR3HardenedScreenImage/NtCreateSection: cache hit (VINF_SUCCESS) on \Device\HarddiskVolume2\Program Files\Oracle\VirtualBox\styles\qmodernwindowsstyleVBox.dll
4d30.74a0: supR3HardenedDllNotificationCallback: load   00007ff8c8ca0000 LB 0x00036000 C:\Program Files\Oracle\VirtualBox\styles\qmodernwindowsstyleVBox.dll [fFlags=0x0]
4d30.74a0: supR3HardenedScreenImage/LdrLoadDll: cache hit (VINF_SUCCESS) on \Device\HarddiskVolume2\Program Files\Oracle\VirtualBox\styles\qmodernwindowsstyleVBox.dll
4d30.74a0: supR3HardenedMonitor_LdrLoadDll: returns rcNt=0x0 hMod=00007ff8c8ca0000 'C:\Program Files\Oracle\VirtualBox\styles\qmodernwindowsstyleVBox.dll'
4d30.74a0: '\Device\HarddiskVolume2\Windows\System32\imageres.dll' has no imports
4d30.74a0: supHardenedWinVerifyImageByHandle: -> 22900 (\Device\HarddiskVolume2\Windows\System32\imageres.dll)
4d30.74a0: supR3HardenedWinVerifyCacheInsert: \Device\HarddiskVolume2\Windows\System32\imageres.dll
4d30.74a0: supR3HardenedMonitor_NtCreateSection: NtMapViewOfSection failed on 0000000000000828 (hFile=00000000000006bc) with 0xc0000022 -> STATUS_TRUST_FAILURE
4d30.74a0: supR3HardenedScreenImage/NtCreateSection: cache hit (22900) on \Device\HarddiskVolume2\Windows\System32\imageres.dll [avoiding WinVerifyTrust]
4d30.74a0: supR3HardenedMonitor_NtCreateSection: NtMapViewOfSection failed on 00000000000006bc (hFile=0000000000000828) with 0xc0000022 -> STATUS_TRUST_FAILURE
4d30.74a0: supR3HardNtViCallWinVerifyTrustCatFile: hFile=000000000000075c pwszName=\Device\HarddiskVolume2\Windows\System32\imageres.dll
4d30.74a0: supR3HardNtViCallWinVerifyTrustCatFile: Cached context 0000024e751a9aa0
4d30.74a0: supR3HardNtViCallWinVerifyTrustCatFile: hCatAdmin=0000024e751a9aa0
4d30.74a0: supR3HardNtViCallWinVerifyTrustCatFile: cbHash=20 wszDigest=0EE2082FDAB9E64FDEB5A51961DE49D30EFA3625
4d30.74a0: supR3HardenedMonitor_LdrLoadDll: returns rcNt=0x0 hMod=00007ff9458c0000 'C:\WINDOWS\system32\rsaenh.dll'
4d30.74a0: supR3HardenedMonitor_LdrLoadDll: returns rcNt=0x0 hMod=00007ff946e90000 'C:\WINDOWS\System32\crypt32.dll'
4d30.74a0: supR3HardNtViCallWinVerifyTrustCatFile: WinVerifyTrust => 0x0; cat='C:\WINDOWS\system32\CatRoot\{F750E6C3-38EE-11D1-85E5-00C04FC295EE}\Microsoft-Windows-Client-Desktop-Required-Package02~31bf3856ad364e35~amd64~~10.0.26100.8246.cat'; file='\Device\HarddiskVolume2\Windows\System32\imageres.dll'
4d30.74a0: supR3HardNtViCallWinVerifyTrustCatFile -> 0 (org 22900)
4d30.74a0: supR3HardenedWinVerifyCacheProcessWvtTodos: 0 (was 22900) fWinVerifyTrust=1 for '\Device\HarddiskVolume2\Windows\System32\imageres.dll'
4d30.74a0: supR3HardNtViCallWinVerifyTrustCatFile: hFile=0000000000000688 pwszName=\Device\HarddiskVolume2\Windows\System32\IconCodecService.dll
4d30.74a0: supR3HardNtViCallWinVerifyTrustCatFile: Cached context 0000024e751a9aa0
4d30.74a0: supR3HardNtViCallWinVerifyTrustCatFile: hCatAdmin=0000024e751a9aa0
4d30.74a0: supR3HardNtViCallWinVerifyTrustCatFile: cbHash=20 wszDigest=6A94C939C9629E54D59EAB8EB41ACFCDF775AA8B
4d30.74a0: supR3HardenedMonitor_LdrLoadDll: returns rcNt=0x0 hMod=00007ff9458c0000 'C:\WINDOWS\system32\rsaenh.dll'
4d30.74a0: supR3HardenedMonitor_LdrLoadDll: returns rcNt=0x0 hMod=00007ff946e90000 'C:\WINDOWS\System32\crypt32.dll'
4d30.74a0: supR3HardNtViCallWinVerifyTrustCatFile: WinVerifyTrust => 0x0; cat='C:\WINDOWS\system32\CatRoot\{F750E6C3-38EE-11D1-85E5-00C04FC295EE}\Microsoft-Windows-Client-Desktop-Required-Package0518~31bf3856ad364e35~amd64~~10.0.26100.8036.cat'; file='\Device\HarddiskVolume2\Windows\System32\IconCodecService.dll'
4d30.74a0: supR3HardNtViCallWinVerifyTrustCatFile -> 0 (org 22900)
4d30.74a0: supR3HardenedWinVerifyCacheScheduleImports: Import todo: #0 'msvcrt.dll'.
4d30.74a0: supR3HardenedWinVerifyCacheScheduleImports: Import todo: #2 'user32.dll'.
4d30.74a0: supHardenedWinVerifyImageByHandle: -> 0 (\Device\HarddiskVolume2\Windows\System32\IconCodecService.dll) WinVerifyTrust
4d30.74a0: supR3HardenedWinVerifyCacheInsert: \Device\HarddiskVolume2\Windows\System32\IconCodecService.dll
4d30.74a0: supR3HardenedWinVerifyCacheProcessImportTodos: Processing 'user32.dll'...
4d30.74a0: supR3HardenedWinVerifyCacheProcessImportTodos: 'user32.dll' -> '\Device\HarddiskVolume2\Windows\System32\user32.dll' [rcNtRedir=0xc0150008]
4d30.74a0: supR3HardenedWinVerifyCacheProcessImportTodos: Processing 'msvcrt.dll'...
4d30.74a0: supR3HardenedWinVerifyCacheProcessImportTodos: 'msvcrt.dll' -> '\Device\HarddiskVolume2\Windows\System32\msvcrt.dll' [rcNtRedir=0xc0150008]
4d30.74a0: supR3HardenedMonitor_LdrLoadDll: pName=C:\WINDOWS\system32\IconCodecService.dll (rcNtResolve=0xc0150008) *pfFlags=0x0 pwszSearchPath=0000000000000001:<flags> [calling]
4d30.74a0: supR3HardenedScreenImage/NtCreateSection: cache hit (VINF_SUCCESS) on \Device\HarddiskVolume2\Windows\System32\IconCodecService.dll
4d30.74a0: supR3HardenedDllNotificationCallback: load   00007ff9098d0000 LB 0x0000b000 C:\WINDOWS\system32\IconCodecService.dll [fFlags=0x0]
4d30.74a0: supR3HardenedScreenImage/LdrLoadDll: cache hit (VINF_SUCCESS) on \Device\HarddiskVolume2\Windows\System32\IconCodecService.dll
4d30.74a0: supR3HardenedMonitor_LdrLoadDll: returns rcNt=0x0 hMod=00007ff9098d0000 'C:\WINDOWS\system32\IconCodecService.dll'
4d30.74a0: supHardenedWinVerifyImageByHandle: -> 0 (\Device\HarddiskVolume2\Windows\System32\WindowsCodecs.dll)
4d30.74a0: supR3HardenedWinVerifyCacheInsert: \Device\HarddiskVolume2\Windows\System32\WindowsCodecs.dll
4d30.74a0: supR3HardenedDllNotificationCallback: load   00007ff942bc0000 LB 0x0022e000 C:\WINDOWS\SYSTEM32\WindowsCodecs.dll [fFlags=0x0]
4d30.74a0: supR3HardenedScreenImage/LdrLoadDll: cache hit (VINF_SUCCESS) on \Device\HarddiskVolume2\Windows\System32\WindowsCodecs.dll [avoiding WinVerifyTrust]
4d30.74a0: supR3HardenedMonitor_LdrLoadDll: returns rcNt=0x0 hMod=00007ff9458c0000 'C:\WINDOWS\system32\rsaenh.dll'
4d30.74a0: supR3HardenedMonitor_LdrLoadDll: returns rcNt=0x0 hMod=00007ff946e90000 'C:\WINDOWS\System32\crypt32.dll'
4d30.74a0: supR3HardenedWinVerifyCacheProcessWvtTodos: 0 (was 0) fWinVerifyTrust=1 for '\Device\HarddiskVolume2\Windows\System32\WindowsCodecs.dll'
4d30.74a0: supR3HardenedMonitor_LdrLoadDll: returns rcNt=0x0 hMod=00007ff9458c0000 'C:\WINDOWS\system32\rsaenh.dll'
4d30.74a0: supR3HardenedMonitor_LdrLoadDll: returns rcNt=0x0 hMod=00007ff946e90000 'C:\WINDOWS\System32\crypt32.dll'
4d30.74a0: supR3HardenedWinVerifyCacheScheduleImports: Import todo: #0 'msvcrt.dll'.
4d30.74a0: supR3HardenedWinVerifyCacheScheduleImports: Import todo: #39 'gdi32.dll'.
4d30.74a0: supR3HardenedWinVerifyCacheScheduleImports: Import todo: #40 'user32.dll'.
4d30.74a0: supHardenedWinVerifyImageByHandle: -> 0 (\Device\HarddiskVolume2\Windows\WinSxS\amd64_microsoft.windows.common-controls_6595b64144ccf1df_6.0.26100.8115_none_3e075c82e3354f9c\comctl32.dll) WinVerifyTrust
4d30.74a0: supR3HardenedWinVerifyCacheInsert: \Device\HarddiskVolume2\Windows\WinSxS\amd64_microsoft.windows.common-controls_6595b64144ccf1df_6.0.26100.8115_none_3e075c82e3354f9c\comctl32.dll
4d30.74a0: supR3HardenedWinVerifyCacheProcessImportTodos: Processing 'user32.dll'...
4d30.74a0: supR3HardenedWinVerifyCacheProcessImportTodos: 'user32.dll' -> '\Device\HarddiskVolume2\Windows\System32\user32.dll' [rcNtRedir=0xc0150008]
4d30.74a0: supR3HardenedWinVerifyCacheProcessImportTodos: Processing 'gdi32.dll'...
4d30.74a0: supR3HardenedWinVerifyCacheProcessImportTodos: 'gdi32.dll' -> '\Device\HarddiskVolume2\Windows\System32\gdi32.dll' [rcNtRedir=0xc0150008]
4d30.74a0: supR3HardenedWinVerifyCacheProcessImportTodos: Processing 'msvcrt.dll'...
4d30.74a0: supR3HardenedWinVerifyCacheProcessImportTodos: 'msvcrt.dll' -> '\Device\HarddiskVolume2\Windows\System32\msvcrt.dll' [rcNtRedir=0xc0150008]
4d30.74a0: supR3HardenedMonitor_LdrLoadDll: pName=C:\WINDOWS\WinSxS\amd64_microsoft.windows.common-controls_6595b64144ccf1df_6.0.26100.8115_none_3e075c82e3354f9c\comctl32.dll (Input=comctl32.dll, rcNtResolve=0x0) *pfFlags=0x0 pwszSearchPath=0000000000004001:<flags> [calling]
4d30.74a0: supR3HardenedScreenImage/NtCreateSection: cache hit (VINF_SUCCESS) on \Device\HarddiskVolume2\Windows\WinSxS\amd64_microsoft.windows.common-controls_6595b64144ccf1df_6.0.26100.8115_none_3e075c82e3354f9c\comctl32.dll
4d30.74a0: supR3HardenedDllNotificationCallback: load   00007ff92cb70000 LB 0x00293000 C:\WINDOWS\WinSxS\amd64_microsoft.windows.common-controls_6595b64144ccf1df_6.0.26100.8115_none_3e075c82e3354f9c\comctl32.dll [fFlags=0x0]
4d30.74a0: supR3HardenedScreenImage/LdrLoadDll: cache hit (VINF_SUCCESS) on \Device\HarddiskVolume2\Windows\WinSxS\amd64_microsoft.windows.common-controls_6595b64144ccf1df_6.0.26100.8115_none_3e075c82e3354f9c\comctl32.dll
4d30.74a0: supR3HardenedMonitor_LdrLoadDll: returns rcNt=0x0 hMod=00007ff92cb70000 'C:\WINDOWS\WinSxS\amd64_microsoft.windows.common-controls_6595b64144ccf1df_6.0.26100.8115_none_3e075c82e3354f9c\comctl32.dll'
4d30.74a0: supR3HardenedScreenImage/LdrLoadDll: cache hit (VINF_SUCCESS) on \Device\HarddiskVolume2\Windows\WinSxS\amd64_microsoft.windows.common-controls_6595b64144ccf1df_6.0.26100.8115_none_3e075c82e3354f9c\comctl32.dll
4d30.74a0: supR3HardenedMonitor_LdrLoadDll: pName=C:\WINDOWS\WinSxS\amd64_microsoft.windows.common-controls_6595b64144ccf1df_6.0.26100.8115_none_3e075c82e3354f9c\comctl32.dll (Input=comctl32.dll, rcNtResolve=0x0) *pfFlags=0x0 pwszSearchPath=0000000000004001:<flags> [calling]
4d30.74a0: supR3HardenedMonitor_LdrLoadDll: returns rcNt=0x0 hMod=00007ff92cb70000 'C:\WINDOWS\WinSxS\amd64_microsoft.windows.common-controls_6595b64144ccf1df_6.0.26100.8115_none_3e075c82e3354f9c\comctl32.dll'
4d30.74a0: supR3HardenedScreenImage/NtCreateSection: cache hit (VINF_SUCCESS) on \Device\HarddiskVolume2\Windows\System32\imageres.dll
4d30.74a0: supR3HardenedMonitor_NtCreateSection: NtMapViewOfSection failed on 000000000000087c (hFile=0000000000000870) with 0xc0000022 -> STATUS_TRUST_FAILURE
4d30.74a0: supR3HardenedScreenImage/NtCreateSection: cache hit (VINF_SUCCESS) on \Device\HarddiskVolume2\Windows\System32\imageres.dll
4d30.74a0: supR3HardenedMonitor_NtCreateSection: NtMapViewOfSection failed on 0000000000000870 (hFile=000000000000087c) with 0xc0000022 -> STATUS_TRUST_FAILURE
4d30.74a0: supR3HardenedScreenImage/NtCreateSection: cache hit (VINF_SUCCESS) on \Device\HarddiskVolume2\Windows\System32\imageres.dll
4d30.74a0: supR3HardenedMonitor_NtCreateSection: NtMapViewOfSection failed on 000000000000087c (hFile=0000000000000870) with 0xc0000022 -> STATUS_TRUST_FAILURE
4d30.74a0: supR3HardenedScreenImage/NtCreateSection: cache hit (VINF_SUCCESS) on \Device\HarddiskVolume2\Windows\System32\imageres.dll
4d30.74a0: supR3HardenedMonitor_NtCreateSection: NtMapViewOfSection failed on 0000000000000870 (hFile=000000000000087c) with 0xc0000022 -> STATUS_TRUST_FAILURE
4d30.74a0: supR3HardenedScreenImage/NtCreateSection: cache hit (VINF_SUCCESS) on \Device\HarddiskVolume2\Windows\System32\imageres.dll
4d30.74a0: supR3HardenedMonitor_NtCreateSection: NtMapViewOfSection failed on 000000000000087c (hFile=0000000000000870) with 0xc0000022 -> STATUS_TRUST_FAILURE
4d30.74a0: supR3HardenedScreenImage/NtCreateSection: cache hit (VINF_SUCCESS) on \Device\HarddiskVolume2\Windows\System32\imageres.dll
4d30.74a0: supR3HardenedMonitor_NtCreateSection: NtMapViewOfSection failed on 0000000000000870 (hFile=000000000000087c) with 0xc0000022 -> STATUS_TRUST_FAILURE
4d30.74a0: supR3HardenedScreenImage/NtCreateSection: cache hit (VINF_SUCCESS) on \Device\HarddiskVolume2\Windows\System32\imageres.dll
4d30.74a0: supR3HardenedMonitor_NtCreateSection: NtMapViewOfSection failed on 000000000000087c (hFile=0000000000000870) with 0xc0000022 -> STATUS_TRUST_FAILURE
4d30.74a0: supR3HardenedMonitor_NtCreateSection: NtMapViewOfSection failed on 0000000000000870 (hFile=000000000000087c) with 0xc0000022 -> STATUS_TRUST_FAILURE
4d30.74a0: supR3HardenedMonitor_NtCreateSection: NtMapViewOfSection failed on 000000000000087c (hFile=0000000000000870) with 0xc0000022 -> STATUS_TRUST_FAILURE
4d30.74a0: supR3HardenedMonitor_NtCreateSection: NtMapViewOfSection failed on 00000000000008c0 (hFile=00000000000008c4) with 0xc0000022 -> STATUS_TRUST_FAILURE
4d30.74a0: supR3HardenedMonitor_NtCreateSection: NtMapViewOfSection failed on 00000000000008c4 (hFile=00000000000008c0) with 0xc0000022 -> STATUS_TRUST_FAILURE
4d30.74a0: supR3HardenedMonitor_NtCreateSection: NtMapViewOfSection failed on 00000000000008c0 (hFile=00000000000008c4) with 0xc0000022 -> STATUS_TRUST_FAILURE
4d30.74a0: supR3HardenedDllNotificationCallback: load   00007ff948210000 LB 0x000ae000 C:\WINDOWS\System32\clbcatq.dll [fFlags=0x0]
4d30.74a0: supR3HardenedWinVerifyCacheScheduleImports: Import todo: #0 'msvcrt.dll'.
4d30.74a0: supR3HardenedWinVerifyCacheScheduleImports: Import todo: #31 'rpcrt4.dll'.
4d30.74a0: supHardenedWinVerifyImageByHandle: -> 0 (\Device\HarddiskVolume2\Windows\System32\clbcatq.dll)
4d30.74a0: supR3HardenedWinVerifyCacheInsert: \Device\HarddiskVolume2\Windows\System32\clbcatq.dll
4d30.74a0: supR3HardenedScreenImage/NtCreateSection: cache hit (VINF_SUCCESS) on \Device\HarddiskVolume2\Windows\System32\rpcss.dll
4d30.74a0: supR3HardenedMonitor_NtCreateSection: NtMapViewOfSection failed on 000000000000086c (hFile=00000000000006bc) with 0xc0000022 -> STATUS_TRUST_FAILURE
4d30.8b88: supR3HardenedWinVerifyCacheProcessImportTodos: Processing 'rpcrt4.dll'...
4d30.8b88: supR3HardenedWinVerifyCacheProcessImportTodos: 'rpcrt4.dll' -> '\Device\HarddiskVolume2\Windows\System32\rpcrt4.dll' [rcNtRedir=0xc0150008]
4d30.8b88: supR3HardenedWinVerifyCacheProcessImportTodos: Processing 'msvcrt.dll'...
4d30.8b88: supR3HardenedWinVerifyCacheProcessImportTodos: 'msvcrt.dll' -> '\Device\HarddiskVolume2\Windows\System32\msvcrt.dll' [rcNtRedir=0xc0150008]
4d30.8b88: supR3HardenedMonitor_LdrLoadDll: returns rcNt=0x0 hMod=00007ff9458c0000 'C:\WINDOWS\system32\rsaenh.dll'
4d30.8b88: supR3HardenedMonitor_LdrLoadDll: returns rcNt=0x0 hMod=00007ff946e90000 'C:\WINDOWS\System32\crypt32.dll'
4d30.8b88: supR3HardenedWinVerifyCacheProcessWvtTodos: 0 (was 0) fWinVerifyTrust=1 for '\Device\HarddiskVolume2\Windows\System32\clbcatq.dll'
4d30.8b88: supR3HardenedMonitor_LdrLoadDll: returns rcNt=0x0 hMod=00007ff9458c0000 'C:\WINDOWS\system32\rsaenh.dll'
4d30.8b88: supR3HardenedMonitor_LdrLoadDll: returns rcNt=0x0 hMod=00007ff946e90000 'C:\WINDOWS\System32\crypt32.dll'
4d30.8b88: supR3HardenedWinVerifyCacheScheduleImports: Import todo: #9 'advapi32.dll'.
4d30.8b88: supR3HardenedWinVerifyCacheScheduleImports: Import todo: #10 'ole32.dll'.
4d30.8b88: supR3HardenedWinVerifyCacheScheduleImports: Import todo: #11 'oleaut32.dll'.
4d30.8b88: supR3HardenedWinVerifyCacheScheduleImports: Import todo: #12 'vcruntime140.dll'.
4d30.8b88: supR3HardenedWinVerifyCacheScheduleImports: Import todo: #13 'vcruntime140_1.dll'.
4d30.8b88: supR3HardenedWinVerifyCacheScheduleImports: Import todo: #14 'msvcp140.dll'.
4d30.8b88: supR3HardenedWinVerifyCacheScheduleImports: Import todo: #15 'vboxrt.dll'.
4d30.8b88: supHardenedWinVerifyImageByHandle: -> 0 (\Device\HarddiskVolume2\Program Files\Oracle\VirtualBox\VBoxC.dll) WinVerifyTrust
4d30.8b88: supR3HardenedWinVerifyCacheInsert: \Device\HarddiskVolume2\Program Files\Oracle\VirtualBox\VBoxC.dll
4d30.8b88: supR3HardenedWinVerifyCacheProcessImportTodos: Processing 'vboxrt.dll'...
4d30.8b88: supR3HardenedWinVerifyCacheProcessImportTodos: 'vboxrt.dll' -> '\Device\HarddiskVolume2\Program Files\Oracle\VirtualBox\vboxrt.dll' [rcNtRedir=0xc0150008]
4d30.8b88: supR3HardenedWinVerifyCacheProcessImportTodos: Processing 'msvcp140.dll'...
4d30.8b88: supR3HardenedWinVerifyCacheProcessImportTodos: 'msvcp140.dll' -> '\Device\HarddiskVolume2\Windows\System32\msvcp140.dll' [rcNtRedir=0xc0150008]
4d30.8b88: supR3HardenedWinVerifyCacheProcessImportTodos: Processing 'vcruntime140_1.dll'...
4d30.8b88: supR3HardenedWinVerifyCacheProcessImportTodos: 'vcruntime140_1.dll' -> '\Device\HarddiskVolume2\Windows\System32\vcruntime140_1.dll' [rcNtRedir=0xc0150008]
4d30.8b88: supR3HardenedWinVerifyCacheProcessImportTodos: Processing 'vcruntime140.dll'...
4d30.8b88: supR3HardenedWinVerifyCacheProcessImportTodos: 'vcruntime140.dll' -> '\Device\HarddiskVolume2\Windows\System32\vcruntime140.dll' [rcNtRedir=0xc0150008]
4d30.8b88: supR3HardenedWinVerifyCacheProcessImportTodos: Processing 'oleaut32.dll'...
4d30.8b88: supR3HardenedWinVerifyCacheProcessImportTodos: 'oleaut32.dll' -> '\Device\HarddiskVolume2\Windows\System32\oleaut32.dll' [rcNtRedir=0xc0150008]
4d30.8b88: supR3HardenedScreenImage/Imports: cache hit (VINF_SUCCESS) on \Device\HarddiskVolume2\Windows\System32\oleaut32.dll
4d30.8b88: supR3HardenedWinVerifyCacheProcessImportTodos: Processing 'ole32.dll'...
4d30.8b88: supR3HardenedWinVerifyCacheProcessImportTodos: 'ole32.dll' -> '\Device\HarddiskVolume2\Windows\System32\ole32.dll' [rcNtRedir=0xc0150008]
4d30.8b88: supR3HardenedScreenImage/Imports: cache hit (VINF_SUCCESS) on \Device\HarddiskVolume2\Windows\System32\ole32.dll
4d30.8b88: supR3HardenedWinVerifyCacheProcessImportTodos: Processing 'advapi32.dll'...
4d30.8b88: supR3HardenedWinVerifyCacheProcessImportTodos: 'advapi32.dll' -> '\Device\HarddiskVolume2\Windows\System32\advapi32.dll' [rcNtRedir=0xc0150008]
4d30.8b88: supR3HardenedScreenImage/Imports: cache hit (VINF_SUCCESS) on \Device\HarddiskVolume2\Windows\System32\advapi32.dll
4d30.8b88: supR3HardenedMonitor_LdrLoadDll: pName=C:\Program Files\Oracle\VirtualBox\VBoxC.dll (rcNtResolve=0xc0150008) *pfFlags=0x0 pwszSearchPath=0000000000002009:<flags> [calling]
4d30.8b88: supR3HardenedScreenImage/NtCreateSection: cache hit (VINF_SUCCESS) on \Device\HarddiskVolume2\Program Files\Oracle\VirtualBox\VBoxC.dll
4d30.8b88: supR3HardenedDllNotificationCallback: load   00007ff8c8020000 LB 0x0041c000 C:\Program Files\Oracle\VirtualBox\VBoxC.dll [fFlags=0x0]
4d30.8b88: supR3HardenedScreenImage/LdrLoadDll: cache hit (VINF_SUCCESS) on \Device\HarddiskVolume2\Program Files\Oracle\VirtualBox\VBoxC.dll
4d30.8b88: supR3HardenedMonitor_LdrLoadDll: returns rcNt=0x0 hMod=00007ff8c8020000 'C:\Program Files\Oracle\VirtualBox\VBoxC.dll'
4d30.8b88: supR3HardenedMonitor_LdrLoadDll: returns rcNt=0x0 hMod=00007ff9458c0000 'C:\WINDOWS\system32\rsaenh.dll'
4d30.8b88: supR3HardenedMonitor_LdrLoadDll: returns rcNt=0x0 hMod=00007ff946e90000 'C:\WINDOWS\System32\crypt32.dll'
4d30.8b88: supR3HardenedWinVerifyCacheScheduleImports: Import todo: #4 'advapi32.dll'.
4d30.8b88: supR3HardenedWinVerifyCacheScheduleImports: Import todo: #5 'shlwapi.dll'.
4d30.8b88: supR3HardenedWinVerifyCacheScheduleImports: Import todo: #6 'ole32.dll'.
4d30.8b88: supR3HardenedWinVerifyCacheScheduleImports: Import todo: #7 'oleaut32.dll'.
4d30.8b88: supR3HardenedWinVerifyCacheScheduleImports: Import todo: #8 'rpcrt4.dll'.
4d30.8b88: supR3HardenedWinVerifyCacheScheduleImports: Import todo: #9 'vcruntime140.dll'.
4d30.8b88: supR3HardenedWinVerifyCacheScheduleImports: Import todo: #10 'vboxrt.dll'.
4d30.8b88: supHardenedWinVerifyImageByHandle: -> 0 (\Device\HarddiskVolume2\Program Files\Oracle\VirtualBox\VBoxProxyStub.dll) WinVerifyTrust
4d30.8b88: supR3HardenedWinVerifyCacheInsert: \Device\HarddiskVolume2\Program Files\Oracle\VirtualBox\VBoxProxyStub.dll
4d30.8b88: supR3HardenedWinVerifyCacheProcessImportTodos: Processing 'vboxrt.dll'...
4d30.8b88: supR3HardenedWinVerifyCacheProcessImportTodos: 'vboxrt.dll' -> '\Device\HarddiskVolume2\Program Files\Oracle\VirtualBox\vboxrt.dll' [rcNtRedir=0xc0150008]
4d30.8b88: supR3HardenedWinVerifyCacheProcessImportTodos: Processing 'vcruntime140.dll'...
4d30.8b88: supR3HardenedWinVerifyCacheProcessImportTodos: 'vcruntime140.dll' -> '\Device\HarddiskVolume2\Windows\System32\vcruntime140.dll' [rcNtRedir=0xc0150008]
4d30.8b88: supR3HardenedWinVerifyCacheProcessImportTodos: Processing 'rpcrt4.dll'...
4d30.8b88: supR3HardenedWinVerifyCacheProcessImportTodos: 'rpcrt4.dll' -> '\Device\HarddiskVolume2\Windows\System32\rpcrt4.dll' [rcNtRedir=0xc0150008]
4d30.8b88: supR3HardenedWinVerifyCacheProcessImportTodos: Processing 'oleaut32.dll'...
4d30.8b88: supR3HardenedWinVerifyCacheProcessImportTodos: 'oleaut32.dll' -> '\Device\HarddiskVolume2\Windows\System32\oleaut32.dll' [rcNtRedir=0xc0150008]
4d30.8b88: supR3HardenedScreenImage/Imports: cache hit (VINF_SUCCESS) on \Device\HarddiskVolume2\Windows\System32\oleaut32.dll
4d30.8b88: supR3HardenedWinVerifyCacheProcessImportTodos: Processing 'ole32.dll'...
4d30.8b88: supR3HardenedWinVerifyCacheProcessImportTodos: 'ole32.dll' -> '\Device\HarddiskVolume2\Windows\System32\ole32.dll' [rcNtRedir=0xc0150008]
4d30.8b88: supR3HardenedScreenImage/Imports: cache hit (VINF_SUCCESS) on \Device\HarddiskVolume2\Windows\System32\ole32.dll
4d30.8b88: supR3HardenedWinVerifyCacheProcessImportTodos: Processing 'shlwapi.dll'...
4d30.8b88: supR3HardenedWinVerifyCacheProcessImportTodos: 'shlwapi.dll' -> '\Device\HarddiskVolume2\Windows\System32\shlwapi.dll' [rcNtRedir=0xc0150008]
4d30.8b88: supR3HardenedScreenImage/Imports: cache hit (VINF_SUCCESS) on \Device\HarddiskVolume2\Windows\System32\shlwapi.dll
4d30.8b88: supR3HardenedWinVerifyCacheProcessImportTodos: Processing 'advapi32.dll'...
4d30.8b88: supR3HardenedWinVerifyCacheProcessImportTodos: 'advapi32.dll' -> '\Device\HarddiskVolume2\Windows\System32\advapi32.dll' [rcNtRedir=0xc0150008]
4d30.8b88: supR3HardenedScreenImage/Imports: cache hit (VINF_SUCCESS) on \Device\HarddiskVolume2\Windows\System32\advapi32.dll
4d30.8b88: supR3HardenedMonitor_LdrLoadDll: pName=C:\Program Files\Oracle\VirtualBox\VBoxProxyStub.dll (rcNtResolve=0xc0150008) *pfFlags=0x0 pwszSearchPath=0000000000002009:<flags> [calling]
4d30.8b88: supR3HardenedScreenImage/NtCreateSection: cache hit (VINF_SUCCESS) on \Device\HarddiskVolume2\Program Files\Oracle\VirtualBox\VBoxProxyStub.dll
4d30.8b88: supR3HardenedDllNotificationCallback: load   00007ff8c8bb0000 LB 0x000e7000 C:\Program Files\Oracle\VirtualBox\VBoxProxyStub.dll [fFlags=0x0]
4d30.8b88: supR3HardenedScreenImage/LdrLoadDll: cache hit (VINF_SUCCESS) on \Device\HarddiskVolume2\Program Files\Oracle\VirtualBox\VBoxProxyStub.dll
4d30.8b88: supR3HardenedMonitor_LdrLoadDll: returns rcNt=0x0 hMod=00007ff8c8bb0000 'C:\Program Files\Oracle\VirtualBox\VBoxProxyStub.dll'
4d30.8b88: supR3HardenedScreenImage/LdrLoadDll: cache hit (VINF_SUCCESS) on \Device\HarddiskVolume2\Windows\System32\oleaut32.dll
4d30.8b88: supR3HardenedMonitor_LdrLoadDll: pName=C:\WINDOWS\system32\oleaut32.dll (rcNtResolve=0xc0150008) *pfFlags=0x0 pwszSearchPath=0000000000002009:<flags> [calling]
4d30.8b88: supR3HardenedMonitor_LdrLoadDll: returns rcNt=0x0 hMod=00007ff948580000 'C:\WINDOWS\system32\oleaut32.dll'
4d30.74a0: '\Device\HarddiskVolume2\Windows\System32\tzres.dll' has no imports
4d30.74a0: supHardenedWinVerifyImageByHandle: -> 22900 (\Device\HarddiskVolume2\Windows\System32\tzres.dll)
4d30.74a0: supR3HardenedWinVerifyCacheInsert: \Device\HarddiskVolume2\Windows\System32\tzres.dll
4d30.74a0: supR3HardenedMonitor_NtCreateSection: NtMapViewOfSection failed on 0000000000000998 (hFile=0000000000000990) with 0xc0000022 -> STATUS_TRUST_FAILURE
4d30.74a0: supR3HardenedScreenImage/NtCreateSection: cache hit (22900) on \Device\HarddiskVolume2\Windows\System32\tzres.dll [avoiding WinVerifyTrust]
4d30.74a0: supR3HardenedMonitor_NtCreateSection: NtMapViewOfSection failed on 0000000000000990 (hFile=0000000000000998) with 0xc0000022 -> STATUS_TRUST_FAILURE
4d30.8b38: supR3HardNtViCallWinVerifyTrustCatFile: hFile=0000000000000994 pwszName=\Device\HarddiskVolume2\Windows\System32\tzres.dll
4d30.8b38: supR3HardNtViCallWinVerifyTrustCatFile: Cached context 0000024e751a9aa0
4d30.8b38: supR3HardNtViCallWinVerifyTrustCatFile: hCatAdmin=0000024e751a9aa0
4d30.8b38: supR3HardNtViCallWinVerifyTrustCatFile: cbHash=20 wszDigest=12222A17319FEB9AF4802DB807C5467D6C590194
4d30.8b38: supR3HardenedMonitor_LdrLoadDll: returns rcNt=0x0 hMod=00007ff9458c0000 'C:\WINDOWS\system32\rsaenh.dll'
4d30.8b38: supR3HardenedMonitor_LdrLoadDll: returns rcNt=0x0 hMod=00007ff946e90000 'C:\WINDOWS\System32\crypt32.dll'
4d30.8b38: supR3HardNtViCallWinVerifyTrustCatFile: WinVerifyTrust => 0x0; cat='C:\WINDOWS\system32\CatRoot\{F750E6C3-38EE-11D1-85E5-00C04FC295EE}\Microsoft-OneCore-CoreSystem-Core-merged-Package~31bf3856ad364e35~amd64~~10.0.26100.8037.cat'; file='\Device\HarddiskVolume2\Windows\System32\tzres.dll'
4d30.8b38: supR3HardNtViCallWinVerifyTrustCatFile -> 0 (org 22900)
4d30.8b38: supR3HardenedWinVerifyCacheProcessWvtTodos: 0 (was 22900) fWinVerifyTrust=1 for '\Device\HarddiskVolume2\Windows\System32\tzres.dll'
4d30.8b38: supR3HardenedMonitor_LdrLoadDll: returns rcNt=0x0 hMod=00007ff9458c0000 'C:\WINDOWS\system32\rsaenh.dll'
4d30.8b38: supR3HardenedMonitor_LdrLoadDll: returns rcNt=0x0 hMod=00007ff946e90000 'C:\WINDOWS\System32\crypt32.dll'
4d30.8b38: supR3HardenedMonitor_LdrLoadDll: returns rcNt=0x0 hMod=00007ff9458c0000 'C:\WINDOWS\system32\rsaenh.dll'
4d30.8b38: supR3HardenedMonitor_LdrLoadDll: returns rcNt=0x0 hMod=00007ff946e90000 'C:\WINDOWS\System32\crypt32.dll'
4d30.8b38: \Device\HarddiskVolume2\Program Files\Oracle\VirtualBox\ExtensionPacks\Oracle_VirtualBox_Extension_Pack\win.amd64\VBoxPuelMainVM.dll: Owner is administrators group.
4d30.8b38: supR3HardenedMonitor_LdrLoadDll: returns rcNt=0x0 hMod=00007ff9458c0000 'C:\WINDOWS\system32\rsaenh.dll'
4d30.8b38: supR3HardenedMonitor_LdrLoadDll: returns rcNt=0x0 hMod=00007ff946e90000 'C:\WINDOWS\System32\crypt32.dll'
4d30.8b38: supR3HardenedWinVerifyCacheScheduleImports: Import todo: #0 'vboxrt.dll'.
4d30.8b38: supR3HardenedWinVerifyCacheScheduleImports: Import todo: #3 'vcruntime140.dll'.
4d30.8b38: supHardenedWinVerifyImageByHandle: -> 0 (\Device\HarddiskVolume2\Program Files\Oracle\VirtualBox\ExtensionPacks\Oracle_VirtualBox_Extension_Pack\win.amd64\VBoxPuelMainVM.dll) WinVerifyTrust
4d30.8b38: supR3HardenedWinVerifyCacheInsert: \Device\HarddiskVolume2\Program Files\Oracle\VirtualBox\ExtensionPacks\Oracle_VirtualBox_Extension_Pack\win.amd64\VBoxPuelMainVM.dll
4d30.8b38: supR3HardenedWinVerifyCacheProcessImportTodos: Processing 'vcruntime140.dll'...
4d30.8b38: supR3HardenedWinVerifyCacheProcessImportTodos: 'vcruntime140.dll' -> '\Device\HarddiskVolume2\Windows\System32\vcruntime140.dll' [rcNtRedir=0xc0150008]
4d30.8b38: supR3HardenedWinVerifyCacheProcessImportTodos: Processing 'vboxrt.dll'...
4d30.8b38: supR3HardenedWinVerifyCacheProcessImportTodos: 'vboxrt.dll' -> '\Device\HarddiskVolume2\Program Files\Oracle\VirtualBox\vboxrt.dll' [rcNtRedir=0xc0150008]
4d30.8b38: supR3HardenedMonitor_LdrLoadDll: pName=C:\Program Files\Oracle\VirtualBox\ExtensionPacks\Oracle_VirtualBox_Extension_Pack\win.amd64\VBoxPuelMainVM.DLL (rcNtResolve=0xc0150008) *pfFlags=0x0 pwszSearchPath=0000000000000001:<flags> [calling]
4d30.8b38: supR3HardenedScreenImage/NtCreateSection: cache hit (VINF_SUCCESS) on \Device\HarddiskVolume2\Program Files\Oracle\VirtualBox\ExtensionPacks\Oracle_VirtualBox_Extension_Pack\win.amd64\VBoxPuelMainVM.dll
4d30.8b38: supR3HardenedDllNotificationCallback: load   00007ff92ea40000 LB 0x00008000 C:\Program Files\Oracle\VirtualBox\ExtensionPacks\Oracle_VirtualBox_Extension_Pack\win.amd64\VBoxPuelMainVM.DLL [fFlags=0x0]
4d30.8b38: supR3HardenedScreenImage/LdrLoadDll: cache hit (VINF_SUCCESS) on \Device\HarddiskVolume2\Program Files\Oracle\VirtualBox\ExtensionPacks\Oracle_VirtualBox_Extension_Pack\win.amd64\VBoxPuelMainVM.dll
4d30.8b38: supR3HardenedMonitor_LdrLoadDll: returns rcNt=0x0 hMod=00007ff92ea40000 'C:\Program Files\Oracle\VirtualBox\ExtensionPacks\Oracle_VirtualBox_Extension_Pack\win.amd64\VBoxPuelMainVM.DLL'
4d30.8b38: supR3HardenedMonitor_LdrLoadDll: returns rcNt=0x0 hMod=00007ff9458c0000 'C:\WINDOWS\system32\rsaenh.dll'
4d30.8b38: supR3HardenedMonitor_LdrLoadDll: returns rcNt=0x0 hMod=00007ff946e90000 'C:\WINDOWS\System32\crypt32.dll'
4d30.8b38: supR3HardenedWinVerifyCacheScheduleImports: Import todo: #0 'vboxrt.dll'.
4d30.8b38: supR3HardenedWinVerifyCacheScheduleImports: Import todo: #5 'vcruntime140.dll'.
4d30.8b38: supR3HardenedWinVerifyCacheScheduleImports: Import todo: #6 'vcruntime140_1.dll'.
4d30.8b38: supHardenedWinVerifyImageByHandle: -> 0 (\Device\HarddiskVolume2\Program Files\Oracle\VirtualBox\VBoxVMM.dll) WinVerifyTrust
4d30.8b38: supR3HardenedWinVerifyCacheInsert: \Device\HarddiskVolume2\Program Files\Oracle\VirtualBox\VBoxVMM.dll
4d30.8b38: supR3HardenedWinVerifyCacheProcessImportTodos: Processing 'vcruntime140_1.dll'...
4d30.8b38: supR3HardenedWinVerifyCacheProcessImportTodos: 'vcruntime140_1.dll' -> '\Device\HarddiskVolume2\Windows\System32\vcruntime140_1.dll' [rcNtRedir=0xc0150008]
4d30.8b38: supR3HardenedWinVerifyCacheProcessImportTodos: Processing 'vcruntime140.dll'...
4d30.8b38: supR3HardenedWinVerifyCacheProcessImportTodos: 'vcruntime140.dll' -> '\Device\HarddiskVolume2\Windows\System32\vcruntime140.dll' [rcNtRedir=0xc0150008]
4d30.8b38: supR3HardenedWinVerifyCacheProcessImportTodos: Processing 'vboxrt.dll'...
4d30.8b38: supR3HardenedWinVerifyCacheProcessImportTodos: 'vboxrt.dll' -> '\Device\HarddiskVolume2\Program Files\Oracle\VirtualBox\vboxrt.dll' [rcNtRedir=0xc0150008]
4d30.8b38: supR3HardenedMonitor_LdrLoadDll: pName=C:\Program Files\Oracle\VirtualBox\VBoxVMM.DLL (rcNtResolve=0xc0150008) *pfFlags=0x0 pwszSearchPath=0000000000000001:<flags> [calling]
4d30.8b38: supR3HardenedScreenImage/NtCreateSection: cache hit (VINF_SUCCESS) on \Device\HarddiskVolume2\Program Files\Oracle\VirtualBox\VBoxVMM.dll
4d30.8b38: supR3HardenedDllNotificationCallback: load   00007ff8c2200000 LB 0x005b4000 C:\Program Files\Oracle\VirtualBox\VBoxVMM.DLL [fFlags=0x0]
4d30.8b38: supR3HardenedScreenImage/LdrLoadDll: cache hit (VINF_SUCCESS) on \Device\HarddiskVolume2\Program Files\Oracle\VirtualBox\VBoxVMM.dll
4d30.8b38: supR3HardenedMonitor_LdrLoadDll: returns rcNt=0x0 hMod=00007ff8c2200000 'C:\Program Files\Oracle\VirtualBox\VBoxVMM.DLL'
4d30.74a0: supR3HardenedScreenImage/LdrLoadDll: cache hit (VINF_SUCCESS) on \Device\HarddiskVolume2\Windows\System32\oleaut32.dll
4d30.74a0: supR3HardenedMonitor_LdrLoadDll: pName=C:\Windows\System32\oleaut32.dll (rcNtResolve=0xc0150008) *pfFlags=0x0 pwszSearchPath=0000000000002009:<flags> [calling]
4d30.74a0: supR3HardenedMonitor_LdrLoadDll: returns rcNt=0x0 hMod=00007ff948580000 'C:\Windows\System32\oleaut32.dll'
4d30.74a0: \Device\HarddiskVolume2\Windows\System32\DriverStore\FileRepository\nv_dispi.inf_amd64_021cb587ccc8964f\nvldumdx.dll: Signature #2/3: VERR_CR_X509_CPV_NOT_VALID_AT_TIME for 0x69a1c6c8; retrying against current time: 0x69fbb276.
4d30.74a0: \Device\HarddiskVolume2\Windows\System32\DriverStore\FileRepository\nv_dispi.inf_amd64_021cb587ccc8964f\nvldumdx.dll: Signature #2/3: VERR_CR_X509_CPV_NOT_VALID_AT_TIME (-23033) w/ timestamp=0x69fbb276/now.
4d30.74a0: supR3HardenedMonitor_LdrLoadDll: returns rcNt=0x0 hMod=00007ff9458c0000 'C:\WINDOWS\system32\rsaenh.dll'
4d30.74a0: supR3HardenedMonitor_LdrLoadDll: returns rcNt=0x0 hMod=00007ff946e90000 'C:\WINDOWS\System32\crypt32.dll'
4d30.74a0: supR3HardenedWinVerifyCacheScheduleImports: Import todo: #32 'version.dll'.
4d30.74a0: supR3HardenedWinVerifyCacheScheduleImports: Import todo: #33 'user32.dll'.
4d30.74a0: supHardenedWinVerifyImageByHandle: -> 0 (\Device\HarddiskVolume2\Windows\System32\DriverStore\FileRepository\nv_dispi.inf_amd64_021cb587ccc8964f\nvldumdx.dll) WinVerifyTrust
4d30.74a0: supR3HardenedWinVerifyCacheInsert: \Device\HarddiskVolume2\Windows\System32\DriverStore\FileRepository\nv_dispi.inf_amd64_021cb587ccc8964f\nvldumdx.dll
4d30.74a0: supR3HardenedWinVerifyCacheProcessImportTodos: Processing 'user32.dll'...
4d30.74a0: supR3HardenedWinVerifyCacheProcessImportTodos: 'user32.dll' -> '\Device\HarddiskVolume2\Windows\System32\user32.dll' [rcNtRedir=0xc0150008]
4d30.74a0: supR3HardenedWinVerifyCacheProcessImportTodos: Processing 'version.dll'...
4d30.74a0: supR3HardenedWinVerifyCacheProcessImportTodos: 'version.dll' -> '\Device\HarddiskVolume2\Windows\System32\version.dll' [rcNtRedir=0xc0150008]
4d30.74a0: supR3HardenedScreenImage/Imports: cache hit (VINF_SUCCESS) on \Device\HarddiskVolume2\Windows\System32\version.dll
4d30.74a0: supR3HardenedMonitor_LdrLoadDll: pName=C:\WINDOWS\System32\DriverStore\FileRepository\nv_dispi.inf_amd64_021cb587ccc8964f\nvldumdx.dll (rcNtResolve=0xc0150008) *pfFlags=0x0 pwszSearchPath=0000000000000009:<flags> [calling]
4d30.74a0: supR3HardenedScreenImage/NtCreateSection: cache hit (VINF_SUCCESS) on \Device\HarddiskVolume2\Windows\System32\DriverStore\FileRepository\nv_dispi.inf_amd64_021cb587ccc8964f\nvldumdx.dll
4d30.74a0: supR3HardenedDllNotificationCallback: load   00007ff93fe10000 LB 0x000c4000 C:\WINDOWS\System32\DriverStore\FileRepository\nv_dispi.inf_amd64_021cb587ccc8964f\nvldumdx.dll [fFlags=0x0]
4d30.74a0: supR3HardenedScreenImage/LdrLoadDll: cache hit (VINF_SUCCESS) on \Device\HarddiskVolume2\Windows\System32\DriverStore\FileRepository\nv_dispi.inf_amd64_021cb587ccc8964f\nvldumdx.dll
4d30.74a0: supR3HardenedIsApiSetDll: ApiSetQueryApiSetPresence(api-ms-win-core-synch-l1-2-0) -> 0x0, fPresent=1
4d30.74a0: supR3HardenedMonitor_LdrLoadDll: pName=api-ms-win-core-synch-l1-2-0 (rcNtResolve=0x0) *pfFlags=0x0 pwszSearchPath=0000000000000801:<flags> [calling]
4d30.74a0: supR3HardenedMonitor_LdrLoadDll: returns rcNt=0x0 hMod=00007ff947cb0000 'api-ms-win-core-synch-l1-2-0'
4d30.74a0: supR3HardenedIsApiSetDll: ApiSetQueryApiSetPresence(api-ms-win-core-fibers-l1-1-1) -> 0x0, fPresent=1
4d30.74a0: supR3HardenedMonitor_LdrLoadDll: pName=api-ms-win-core-fibers-l1-1-1 (rcNtResolve=0x0) *pfFlags=0x0 pwszSearchPath=0000000000000801:<flags> [calling]
4d30.74a0: supR3HardenedMonitor_LdrLoadDll: returns rcNt=0x0 hMod=00007ff947cb0000 'api-ms-win-core-fibers-l1-1-1'
4d30.74a0: supR3HardenedIsApiSetDll: ApiSetQueryApiSetPresence(api-ms-win-core-synch-l1-2-0) -> 0x0, fPresent=1
4d30.74a0: supR3HardenedMonitor_LdrLoadDll: pName=api-ms-win-core-synch-l1-2-0 (rcNtResolve=0x0) *pfFlags=0x0 pwszSearchPath=0000000000000801:<flags> [calling]
4d30.74a0: supR3HardenedMonitor_LdrLoadDll: returns rcNt=0x0 hMod=00007ff947cb0000 'api-ms-win-core-synch-l1-2-0'
4d30.74a0: supR3HardenedScreenImage/LdrLoadDll: cache hit (VINF_SUCCESS) on \Device\HarddiskVolume2\Windows\System32\kernel32.dll
4d30.74a0: supR3HardenedMonitor_LdrLoadDll: pName=C:\WINDOWS\System32\kernel32.dll (Input=kernel32, rcNtResolve=0xc0150008) *pfFlags=0x0 pwszSearchPath=0000000000000801:<flags> [calling]
4d30.74a0: supR3HardenedMonitor_LdrLoadDll: returns rcNt=0x0 hMod=00007ff948ec0000 'C:\WINDOWS\System32\kernel32.dll'
4d30.74a0: supR3HardenedMonitor_LdrLoadDll: returns rcNt=0x0 hMod=00007ff93fe10000 'C:\WINDOWS\System32\DriverStore\FileRepository\nv_dispi.inf_amd64_021cb587ccc8964f\nvldumdx.dll'
4d30.74a0: supR3HardenedScreenImage/LdrLoadDll: cache hit (VINF_SUCCESS) on \Device\HarddiskVolume2\Windows\System32\msasn1.dll
4d30.74a0: supR3HardenedMonitor_LdrLoadDll: pName=C:\WINDOWS\System32\msasn1.dll (Input=msasn1.dll, rcNtResolve=0xc0150008) *pfFlags=0x0 pwszSearchPath=0000000000000801:<flags> [calling]
4d30.74a0: supR3HardenedMonitor_LdrLoadDll: returns rcNt=0x0 hMod=00007ff946240000 'C:\WINDOWS\System32\msasn1.dll'
4d30.74a0: supR3HardenedMonitor_LdrLoadDll: returns rcNt=0x0 hMod=00007ff93fbd0000 'C:\WINDOWS\System32\cryptnet.dll'
4d30.74a0: supR3HardenedScreenImage/LdrLoadDll: cache hit (VINF_SUCCESS) on \Device\HarddiskVolume2\Windows\System32\cryptbase.dll
4d30.74a0: supR3HardenedMonitor_LdrLoadDll: pName=C:\WINDOWS\System32\cryptbase.dll (Input=cryptbase.dll, rcNtResolve=0xc0150008) *pfFlags=0x0 pwszSearchPath=0000000000000801:<flags> [calling]
4d30.74a0: supR3HardenedMonitor_LdrLoadDll: returns rcNt=0x0 hMod=00007ff9461f0000 'C:\WINDOWS\System32\cryptbase.dll'
4d30.74a0: supR3HardenedMonitor_LdrLoadDll: returns rcNt=0x0 hMod=00007ff9458c0000 'C:\WINDOWS\system32\rsaenh.dll'
4d30.74a0: supR3HardenedMonitor_LdrLoadDll: returns rcNt=0x0 hMod=00007ff946e90000 'C:\WINDOWS\System32\crypt32.dll'
4d30.74a0: supR3HardenedWinVerifyCacheScheduleImports: Import todo: #0 'msvcp_win.dll'.
4d30.74a0: supHardenedWinVerifyImageByHandle: -> 0 (\Device\HarddiskVolume2\Windows\System32\wldp.dll) WinVerifyTrust
4d30.74a0: supR3HardenedWinVerifyCacheInsert: \Device\HarddiskVolume2\Windows\System32\wldp.dll
4d30.74a0: supR3HardenedWinVerifyCacheProcessImportTodos: Processing 'msvcp_win.dll'...
4d30.74a0: supR3HardenedWinVerifyCacheProcessImportTodos: 'msvcp_win.dll' -> '\Device\HarddiskVolume2\Windows\System32\msvcp_win.dll' [rcNtRedir=0xc0150008]
4d30.74a0: supR3HardenedMonitor_LdrLoadDll: pName=C:\WINDOWS\System32\wldp.dll (Input=wldp.dll, rcNtResolve=0xc0150008) *pfFlags=0x0 pwszSearchPath=0000000000000801:<flags> [calling]
4d30.74a0: supR3HardenedScreenImage/NtCreateSection: cache hit (VINF_SUCCESS) on \Device\HarddiskVolume2\Windows\System32\wldp.dll
4d30.74a0: supR3HardenedDllNotificationCallback: load   00007ff9462b0000 LB 0x00068000 C:\WINDOWS\System32\wldp.dll [fFlags=0x0]
4d30.74a0: supR3HardenedScreenImage/LdrLoadDll: cache hit (VINF_SUCCESS) on \Device\HarddiskVolume2\Windows\System32\wldp.dll
4d30.74a0: supR3HardenedMonitor_LdrLoadDll: returns rcNt=0x0 hMod=00007ff9462b0000 'C:\WINDOWS\System32\wldp.dll'
4d30.74a0: supR3HardenedMonitor_LdrLoadDll: returns rcNt=0x0 hMod=00007ff9458c0000 'C:\WINDOWS\system32\rsaenh.dll'
4d30.74a0: supR3HardenedMonitor_LdrLoadDll: returns rcNt=0x0 hMod=00007ff946e90000 'C:\WINDOWS\System32\crypt32.dll'
4d30.74a0: supR3HardenedWinVerifyCacheScheduleImports: Import todo: #0 'msvcrt.dll'.
4d30.74a0: supHardenedWinVerifyImageByHandle: -> 0 (\Device\HarddiskVolume2\Windows\System32\drvstore.dll) WinVerifyTrust
4d30.74a0: supR3HardenedWinVerifyCacheInsert: \Device\HarddiskVolume2\Windows\System32\drvstore.dll
4d30.74a0: supR3HardenedWinVerifyCacheProcessImportTodos: Processing 'msvcrt.dll'...
4d30.74a0: supR3HardenedWinVerifyCacheProcessImportTodos: 'msvcrt.dll' -> '\Device\HarddiskVolume2\Windows\System32\msvcrt.dll' [rcNtRedir=0xc0150008]
4d30.74a0: supR3HardenedMonitor_LdrLoadDll: pName=C:\WINDOWS\System32\drvstore.dll (Input=drvstore.dll, rcNtResolve=0xc0150008) *pfFlags=0x0 pwszSearchPath=0000000000000801:<flags> [calling]
4d30.74a0: supR3HardenedScreenImage/NtCreateSection: cache hit (VINF_SUCCESS) on \Device\HarddiskVolume2\Windows\System32\drvstore.dll
4d30.74a0: supR3HardenedDllNotificationCallback: load   00007ff93f9a0000 LB 0x00178000 C:\WINDOWS\System32\drvstore.dll [fFlags=0x0]
4d30.74a0: supR3HardenedScreenImage/LdrLoadDll: cache hit (VINF_SUCCESS) on \Device\HarddiskVolume2\Windows\System32\drvstore.dll
4d30.74a0: supR3HardenedMonitor_LdrLoadDll: returns rcNt=0x0 hMod=00007ff93f9a0000 'C:\WINDOWS\System32\drvstore.dll'
4d30.74a0: supR3HardenedScreenImage/LdrLoadDll: cache hit (VINF_SUCCESS) on \Device\HarddiskVolume2\Windows\System32\devobj.dll
4d30.74a0: supR3HardenedMonitor_LdrLoadDll: pName=C:\WINDOWS\System32\devobj.dll (Input=devobj.dll, rcNtResolve=0xc0150008) *pfFlags=0x0 pwszSearchPath=0000000000000801:<flags> [calling]
4d30.74a0: supR3HardenedMonitor_LdrLoadDll: returns rcNt=0x0 hMod=00007ff946850000 'C:\WINDOWS\System32\devobj.dll'
4d30.74a0: supR3HardenedMonitor_LdrLoadDll: returns rcNt=0x0 hMod=00007ff946e90000 'C:\WINDOWS\System32\crypt32.dll'
4d30.74a0: supR3HardenedScreenImage/LdrLoadDll: cache hit (VINF_SUCCESS) on \Device\HarddiskVolume2\Windows\System32\wintrust.dll
4d30.74a0: supR3HardenedMonitor_LdrLoadDll: pName=C:\WINDOWS\System32\wintrust.dll (Input=wintrust.dll, rcNtResolve=0xc0150008) *pfFlags=0x0 pwszSearchPath=0000000000000801:<flags> [calling]
4d30.74a0: supR3HardenedMonitor_LdrLoadDll: returns rcNt=0x0 hMod=00007ff947100000 'C:\WINDOWS\System32\wintrust.dll'
4d30.74a0: \Device\HarddiskVolume2\Windows\System32\DriverStore\FileRepository\nv_dispi.inf_amd64_021cb587ccc8964f\nvgpucomp64.dll: Signature #2/3: VERR_CR_X509_CPV_NOT_VALID_AT_TIME for 0x69a1c875; retrying against current time: 0x69fbb277.
4d30.74a0: \Device\HarddiskVolume2\Windows\System32\DriverStore\FileRepository\nv_dispi.inf_amd64_021cb587ccc8964f\nvgpucomp64.dll: Signature #2/3: VERR_CR_X509_CPV_NOT_VALID_AT_TIME (-23033) w/ timestamp=0x69fbb277/now.
4d30.74a0: supR3HardenedMonitor_LdrLoadDll: returns rcNt=0x0 hMod=00007ff9458c0000 'C:\WINDOWS\system32\rsaenh.dll'
4d30.74a0: supR3HardenedMonitor_LdrLoadDll: returns rcNt=0x0 hMod=00007ff946e90000 'C:\WINDOWS\System32\crypt32.dll'
4d30.74a0: supR3HardenedWinVerifyCacheScheduleImports: Import todo: #1 'ole32.dll'.
4d30.74a0: supR3HardenedWinVerifyCacheScheduleImports: Import todo: #2 'shell32.dll'.
4d30.74a0: supR3HardenedWinVerifyCacheScheduleImports: Import todo: #3 'advapi32.dll'.
4d30.74a0: supHardenedWinVerifyImageByHandle: -> 0 (\Device\HarddiskVolume2\Windows\System32\DriverStore\FileRepository\nv_dispi.inf_amd64_021cb587ccc8964f\nvgpucomp64.dll) WinVerifyTrust
4d30.74a0: supR3HardenedWinVerifyCacheInsert: \Device\HarddiskVolume2\Windows\System32\DriverStore\FileRepository\nv_dispi.inf_amd64_021cb587ccc8964f\nvgpucomp64.dll
4d30.74a0: supR3HardenedWinVerifyCacheProcessImportTodos: Processing 'advapi32.dll'...
4d30.74a0: supR3HardenedWinVerifyCacheProcessImportTodos: 'advapi32.dll' -> '\Device\HarddiskVolume2\Windows\System32\advapi32.dll' [rcNtRedir=0xc0150008]
4d30.74a0: supR3HardenedWinVerifyCacheProcessImportTodos: Processing 'shell32.dll'...
4d30.74a0: supR3HardenedWinVerifyCacheProcessImportTodos: 'shell32.dll' -> '\Device\HarddiskVolume2\Windows\System32\shell32.dll' [rcNtRedir=0xc0150008]
4d30.74a0: supR3HardenedScreenImage/Imports: cache hit (VINF_SUCCESS) on \Device\HarddiskVolume2\Windows\System32\shell32.dll
4d30.74a0: supR3HardenedWinVerifyCacheProcessImportTodos: Processing 'ole32.dll'...
4d30.74a0: supR3HardenedWinVerifyCacheProcessImportTodos: 'ole32.dll' -> '\Device\HarddiskVolume2\Windows\System32\ole32.dll' [rcNtRedir=0xc0150008]
4d30.74a0: supR3HardenedMonitor_LdrLoadDll: pName=C:\WINDOWS\System32\DriverStore\FileRepository\nv_dispi.inf_amd64_021cb587ccc8964f\nvgpucomp64.dll (rcNtResolve=0xc0150008) *pfFlags=0x0 pwszSearchPath=0000000000000001:<flags> [calling]
4d30.74a0: supR3HardenedScreenImage/NtCreateSection: cache hit (VINF_SUCCESS) on \Device\HarddiskVolume2\Windows\System32\DriverStore\FileRepository\nv_dispi.inf_amd64_021cb587ccc8964f\nvgpucomp64.dll
4d30.74a0: supR3HardenedDllNotificationCallback: load   00007ff939b30000 LB 0x04f57000 C:\WINDOWS\System32\DriverStore\FileRepository\nv_dispi.inf_amd64_021cb587ccc8964f\nvgpucomp64.dll [fFlags=0x0]
4d30.74a0: supR3HardenedScreenImage/LdrLoadDll: cache hit (VINF_SUCCESS) on \Device\HarddiskVolume2\Windows\System32\DriverStore\FileRepository\nv_dispi.inf_amd64_021cb587ccc8964f\nvgpucomp64.dll
4d30.74a0: supR3HardenedIsApiSetDll: ApiSetQueryApiSetPresence(api-ms-win-core-synch-l1-2-0) -> 0x0, fPresent=1
4d30.74a0: supR3HardenedMonitor_LdrLoadDll: pName=api-ms-win-core-synch-l1-2-0 (rcNtResolve=0x0) *pfFlags=0x0 pwszSearchPath=0000000000000801:<flags> [calling]
4d30.74a0: supR3HardenedMonitor_LdrLoadDll: returns rcNt=0x0 hMod=00007ff947cb0000 'api-ms-win-core-synch-l1-2-0'
4d30.74a0: supR3HardenedIsApiSetDll: ApiSetQueryApiSetPresence(api-ms-win-core-fibers-l1-1-1) -> 0x0, fPresent=1
4d30.74a0: supR3HardenedMonitor_LdrLoadDll: pName=api-ms-win-core-fibers-l1-1-1 (rcNtResolve=0x0) *pfFlags=0x0 pwszSearchPath=0000000000000801:<flags> [calling]
4d30.74a0: supR3HardenedMonitor_LdrLoadDll: returns rcNt=0x0 hMod=00007ff947cb0000 'api-ms-win-core-fibers-l1-1-1'
4d30.74a0: supR3HardenedIsApiSetDll: ApiSetQueryApiSetPresence(api-ms-win-core-synch-l1-2-0) -> 0x0, fPresent=1
4d30.74a0: supR3HardenedMonitor_LdrLoadDll: pName=api-ms-win-core-synch-l1-2-0 (rcNtResolve=0x0) *pfFlags=0x0 pwszSearchPath=0000000000000801:<flags> [calling]
4d30.74a0: supR3HardenedMonitor_LdrLoadDll: returns rcNt=0x0 hMod=00007ff947cb0000 'api-ms-win-core-synch-l1-2-0'
4d30.74a0: supR3HardenedScreenImage/LdrLoadDll: cache hit (VINF_SUCCESS) on \Device\HarddiskVolume2\Windows\System32\kernel32.dll
4d30.74a0: supR3HardenedMonitor_LdrLoadDll: pName=C:\WINDOWS\System32\kernel32.dll (Input=kernel32, rcNtResolve=0xc0150008) *pfFlags=0x0 pwszSearchPath=0000000000000801:<flags> [calling]
4d30.74a0: supR3HardenedMonitor_LdrLoadDll: returns rcNt=0x0 hMod=00007ff948ec0000 'C:\WINDOWS\System32\kernel32.dll'
4d30.74a0: supR3HardenedIsApiSetDll: ApiSetQueryApiSetPresence(api-ms-win-core-string-l1-1-0) -> 0x0, fPresent=1
4d30.74a0: supR3HardenedMonitor_LdrLoadDll: pName=api-ms-win-core-string-l1-1-0 (rcNtResolve=0x0) *pfFlags=0x0 pwszSearchPath=0000000000000801:<flags> [calling]
4d30.74a0: supR3HardenedMonitor_LdrLoadDll: returns rcNt=0x0 hMod=00007ff947cb0000 'api-ms-win-core-string-l1-1-0'
4d30.74a0: supR3HardenedIsApiSetDll: ApiSetQueryApiSetPresence(api-ms-win-core-localization-l1-2-1) -> 0x0, fPresent=1
4d30.74a0: supR3HardenedMonitor_LdrLoadDll: pName=api-ms-win-core-localization-l1-2-1 (rcNtResolve=0x0) *pfFlags=0x0 pwszSearchPath=0000000000000801:<flags> [calling]
4d30.74a0: supR3HardenedMonitor_LdrLoadDll: returns rcNt=0x0 hMod=00007ff947cb0000 'api-ms-win-core-localization-l1-2-1'
4d30.74a0: supR3HardenedIsApiSetDll: ApiSetQueryApiSetPresence(api-ms-win-core-datetime-l1-1-1) -> 0x0, fPresent=1
4d30.74a0: supR3HardenedMonitor_LdrLoadDll: pName=api-ms-win-core-datetime-l1-1-1 (rcNtResolve=0x0) *pfFlags=0x0 pwszSearchPath=0000000000000801:<flags> [calling]
4d30.74a0: supR3HardenedMonitor_LdrLoadDll: returns rcNt=0x0 hMod=00007ff947cb0000 'api-ms-win-core-datetime-l1-1-1'
4d30.74a0: supR3HardenedIsApiSetDll: ApiSetQueryApiSetPresence(api-ms-win-core-localization-obsolete-l1-2-0) -> 0x0, fPresent=1
4d30.74a0: supR3HardenedMonitor_LdrLoadDll: pName=api-ms-win-core-localization-obsolete-l1-2-0 (rcNtResolve=0x0) *pfFlags=0x0 pwszSearchPath=0000000000000801:<flags> [calling]
4d30.74a0: supR3HardenedMonitor_LdrLoadDll: returns rcNt=0x0 hMod=00007ff947cb0000 'api-ms-win-core-localization-obsolete-l1-2-0'
4d30.74a0: supR3HardenedMonitor_LdrLoadDll: returns rcNt=0x0 hMod=00007ff939b30000 'C:\WINDOWS\System32\DriverStore\FileRepository\nv_dispi.inf_amd64_021cb587ccc8964f\nvgpucomp64.dll'
4d30.74a0: supR3HardenedIsApiSetDll: ApiSetQueryApiSetPresence(api-ms-win-core-string-l1-1-0) -> 0x0, fPresent=1
4d30.74a0: supR3HardenedMonitor_LdrLoadDll: pName=api-ms-win-core-string-l1-1-0 (rcNtResolve=0x0) *pfFlags=0x0 pwszSearchPath=0000000000000801:<flags> [calling]
4d30.74a0: supR3HardenedMonitor_LdrLoadDll: returns rcNt=0x0 hMod=00007ff947cb0000 'api-ms-win-core-string-l1-1-0'
4d30.74a0: supR3HardenedIsApiSetDll: ApiSetQueryApiSetPresence(api-ms-win-core-localization-l1-2-1) -> 0x0, fPresent=1
4d30.74a0: supR3HardenedMonitor_LdrLoadDll: pName=api-ms-win-core-localization-l1-2-1 (rcNtResolve=0x0) *pfFlags=0x0 pwszSearchPath=0000000000000801:<flags> [calling]
4d30.74a0: supR3HardenedMonitor_LdrLoadDll: returns rcNt=0x0 hMod=00007ff947cb0000 'api-ms-win-core-localization-l1-2-1'
4d30.74a0: supR3HardenedIsApiSetDll: ApiSetQueryApiSetPresence(api-ms-win-core-datetime-l1-1-1) -> 0x0, fPresent=1
4d30.74a0: supR3HardenedMonitor_LdrLoadDll: pName=api-ms-win-core-datetime-l1-1-1 (rcNtResolve=0x0) *pfFlags=0x0 pwszSearchPath=0000000000000801:<flags> [calling]
4d30.74a0: supR3HardenedMonitor_LdrLoadDll: returns rcNt=0x0 hMod=00007ff947cb0000 'api-ms-win-core-datetime-l1-1-1'
4d30.74a0: supR3HardenedIsApiSetDll: ApiSetQueryApiSetPresence(api-ms-win-core-localization-obsolete-l1-2-0) -> 0x0, fPresent=1
4d30.74a0: supR3HardenedMonitor_LdrLoadDll: pName=api-ms-win-core-localization-obsolete-l1-2-0 (rcNtResolve=0x0) *pfFlags=0x0 pwszSearchPath=0000000000000801:<flags> [calling]
4d30.74a0: supR3HardenedMonitor_LdrLoadDll: returns rcNt=0x0 hMod=00007ff947cb0000 'api-ms-win-core-localization-obsolete-l1-2-0'
4d30.74a0: \Device\HarddiskVolume2\Windows\System32\DriverStore\FileRepository\nv_dispi.inf_amd64_021cb587ccc8964f\NvMemMapStoragex.dll: Signature #2/3: VERR_CR_X509_CPV_NOT_VALID_AT_TIME for 0x69a1ca0d; retrying against current time: 0x69fbb277.
4d30.74a0: \Device\HarddiskVolume2\Windows\System32\DriverStore\FileRepository\nv_dispi.inf_amd64_021cb587ccc8964f\NvMemMapStoragex.dll: Signature #2/3: VERR_CR_X509_CPV_NOT_VALID_AT_TIME (-23033) w/ timestamp=0x69fbb277/now.
4d30.74a0: supR3HardenedMonitor_LdrLoadDll: returns rcNt=0x0 hMod=00007ff9458c0000 'C:\WINDOWS\system32\rsaenh.dll'
4d30.74a0: supR3HardenedMonitor_LdrLoadDll: returns rcNt=0x0 hMod=00007ff946e90000 'C:\WINDOWS\System32\crypt32.dll'
4d30.74a0: supR3HardenedWinVerifyCacheScheduleImports: Import todo: #0 'advapi32.dll'.
4d30.74a0: supR3HardenedWinVerifyCacheScheduleImports: Import todo: #1 'user32.dll'.
4d30.74a0: supR3HardenedWinVerifyCacheScheduleImports: Import todo: #2 'winmm.dll'.
4d30.74a0: supR3HardenedWinVerifyCacheScheduleImports: Import todo: #3 'version.dll'.
4d30.74a0: supR3HardenedWinVerifyCacheScheduleImports: Import todo: #4 'powrprof.dll'.
4d30.74a0: supR3HardenedWinVerifyCacheScheduleImports: Import todo: #5 'ole32.dll'.
4d30.74a0: supR3HardenedWinVerifyCacheScheduleImports: Import todo: #6 'shell32.dll'.
4d30.74a0: supHardenedWinVerifyImageByHandle: -> 0 (\Device\HarddiskVolume2\Windows\System32\DriverStore\FileRepository\nv_dispi.inf_amd64_021cb587ccc8964f\NvMemMapStoragex.dll) WinVerifyTrust
4d30.74a0: supR3HardenedWinVerifyCacheInsert: \Device\HarddiskVolume2\Windows\System32\DriverStore\FileRepository\nv_dispi.inf_amd64_021cb587ccc8964f\NvMemMapStoragex.dll
4d30.74a0: supR3HardenedWinVerifyCacheProcessImportTodos: Processing 'shell32.dll'...
4d30.74a0: supR3HardenedWinVerifyCacheProcessImportTodos: 'shell32.dll' -> '\Device\HarddiskVolume2\Windows\System32\shell32.dll' [rcNtRedir=0xc0150008]
4d30.74a0: supR3HardenedScreenImage/Imports: cache hit (VINF_SUCCESS) on \Device\HarddiskVolume2\Windows\System32\shell32.dll
4d30.74a0: supR3HardenedWinVerifyCacheProcessImportTodos: Processing 'ole32.dll'...
4d30.74a0: supR3HardenedWinVerifyCacheProcessImportTodos: 'ole32.dll' -> '\Device\HarddiskVolume2\Windows\System32\ole32.dll' [rcNtRedir=0xc0150008]
4d30.74a0: supR3HardenedWinVerifyCacheProcessImportTodos: Processing 'powrprof.dll'...
4d30.74a0: supR3HardenedWinVerifyCacheProcessImportTodos: 'powrprof.dll' -> '\Device\HarddiskVolume2\Windows\System32\powrprof.dll' [rcNtRedir=0xc0150008]
4d30.74a0: supR3HardenedScreenImage/Imports: cache hit (VINF_SUCCESS) on \Device\HarddiskVolume2\Windows\System32\powrprof.dll
4d30.74a0: supR3HardenedWinVerifyCacheProcessImportTodos: Processing 'version.dll'...
4d30.74a0: supR3HardenedWinVerifyCacheProcessImportTodos: 'version.dll' -> '\Device\HarddiskVolume2\Windows\System32\version.dll' [rcNtRedir=0xc0150008]
4d30.74a0: supR3HardenedScreenImage/Imports: cache hit (VINF_SUCCESS) on \Device\HarddiskVolume2\Windows\System32\version.dll
4d30.74a0: supR3HardenedWinVerifyCacheProcessImportTodos: Processing 'winmm.dll'...
4d30.74a0: supR3HardenedWinVerifyCacheProcessImportTodos: 'winmm.dll' -> '\Device\HarddiskVolume2\Windows\System32\winmm.dll' [rcNtRedir=0xc0150008]
4d30.74a0: supR3HardenedScreenImage/Imports: cache hit (VINF_SUCCESS) on \Device\HarddiskVolume2\Windows\System32\winmm.dll
4d30.74a0: supR3HardenedWinVerifyCacheProcessImportTodos: Processing 'user32.dll'...
4d30.74a0: supR3HardenedWinVerifyCacheProcessImportTodos: 'user32.dll' -> '\Device\HarddiskVolume2\Windows\System32\user32.dll' [rcNtRedir=0xc0150008]
4d30.74a0: supR3HardenedWinVerifyCacheProcessImportTodos: Processing 'advapi32.dll'...
4d30.74a0: supR3HardenedWinVerifyCacheProcessImportTodos: 'advapi32.dll' -> '\Device\HarddiskVolume2\Windows\System32\advapi32.dll' [rcNtRedir=0xc0150008]
4d30.74a0: supR3HardenedMonitor_LdrLoadDll: pName=C:\WINDOWS\System32\DriverStore\FileRepository\nv_dispi.inf_amd64_021cb587ccc8964f\NvMemMapStoragex.dll (rcNtResolve=0xc0150008) *pfFlags=0x0 pwszSearchPath=0000000000000001:<flags> [calling]
4d30.74a0: supR3HardenedScreenImage/NtCreateSection: cache hit (VINF_SUCCESS) on \Device\HarddiskVolume2\Windows\System32\DriverStore\FileRepository\nv_dispi.inf_amd64_021cb587ccc8964f\NvMemMapStoragex.dll
4d30.74a0: supR3HardenedDllNotificationCallback: load   00007ff937960000 LB 0x0013b000 C:\WINDOWS\System32\DriverStore\FileRepository\nv_dispi.inf_amd64_021cb587ccc8964f\NvMemMapStoragex.dll [fFlags=0x0]
4d30.74a0: supR3HardenedScreenImage/LdrLoadDll: cache hit (VINF_SUCCESS) on \Device\HarddiskVolume2\Windows\System32\DriverStore\FileRepository\nv_dispi.inf_amd64_021cb587ccc8964f\NvMemMapStoragex.dll
4d30.74a0: supR3HardenedIsApiSetDll: ApiSetQueryApiSetPresence(api-ms-win-core-synch-l1-2-0) -> 0x0, fPresent=1
4d30.74a0: supR3HardenedMonitor_LdrLoadDll: pName=api-ms-win-core-synch-l1-2-0 (rcNtResolve=0x0) *pfFlags=0x0 pwszSearchPath=0000000000000801:<flags> [calling]
4d30.74a0: supR3HardenedMonitor_LdrLoadDll: returns rcNt=0x0 hMod=00007ff947cb0000 'api-ms-win-core-synch-l1-2-0'
4d30.74a0: supR3HardenedIsApiSetDll: ApiSetQueryApiSetPresence(api-ms-win-core-fibers-l1-1-1) -> 0x0, fPresent=1
4d30.74a0: supR3HardenedMonitor_LdrLoadDll: pName=api-ms-win-core-fibers-l1-1-1 (rcNtResolve=0x0) *pfFlags=0x0 pwszSearchPath=0000000000000801:<flags> [calling]
4d30.74a0: supR3HardenedMonitor_LdrLoadDll: returns rcNt=0x0 hMod=00007ff947cb0000 'api-ms-win-core-fibers-l1-1-1'
4d30.74a0: supR3HardenedIsApiSetDll: ApiSetQueryApiSetPresence(api-ms-win-core-synch-l1-2-0) -> 0x0, fPresent=1
4d30.74a0: supR3HardenedMonitor_LdrLoadDll: pName=api-ms-win-core-synch-l1-2-0 (rcNtResolve=0x0) *pfFlags=0x0 pwszSearchPath=0000000000000801:<flags> [calling]
4d30.74a0: supR3HardenedMonitor_LdrLoadDll: returns rcNt=0x0 hMod=00007ff947cb0000 'api-ms-win-core-synch-l1-2-0'
4d30.74a0: supR3HardenedScreenImage/LdrLoadDll: cache hit (VINF_SUCCESS) on \Device\HarddiskVolume2\Windows\System32\kernel32.dll
4d30.74a0: supR3HardenedMonitor_LdrLoadDll: pName=C:\WINDOWS\System32\kernel32.dll (Input=kernel32, rcNtResolve=0xc0150008) *pfFlags=0x0 pwszSearchPath=0000000000000801:<flags> [calling]
4d30.74a0: supR3HardenedMonitor_LdrLoadDll: returns rcNt=0x0 hMod=00007ff948ec0000 'C:\WINDOWS\System32\kernel32.dll'
4d30.74a0: supR3HardenedIsApiSetDll: ApiSetQueryApiSetPresence(api-ms-win-core-string-l1-1-0) -> 0x0, fPresent=1
4d30.74a0: supR3HardenedMonitor_LdrLoadDll: pName=api-ms-win-core-string-l1-1-0 (rcNtResolve=0x0) *pfFlags=0x0 pwszSearchPath=0000000000000801:<flags> [calling]
4d30.74a0: supR3HardenedMonitor_LdrLoadDll: returns rcNt=0x0 hMod=00007ff947cb0000 'api-ms-win-core-string-l1-1-0'
4d30.74a0: supR3HardenedIsApiSetDll: ApiSetQueryApiSetPresence(api-ms-win-core-localization-l1-2-1) -> 0x0, fPresent=1
4d30.74a0: supR3HardenedMonitor_LdrLoadDll: pName=api-ms-win-core-localization-l1-2-1 (rcNtResolve=0x0) *pfFlags=0x0 pwszSearchPath=0000000000000801:<flags> [calling]
4d30.74a0: supR3HardenedMonitor_LdrLoadDll: returns rcNt=0x0 hMod=00007ff947cb0000 'api-ms-win-core-localization-l1-2-1'
4d30.74a0: supR3HardenedIsApiSetDll: ApiSetQueryApiSetPresence(api-ms-win-core-datetime-l1-1-1) -> 0x0, fPresent=1
4d30.74a0: supR3HardenedMonitor_LdrLoadDll: pName=api-ms-win-core-datetime-l1-1-1 (rcNtResolve=0x0) *pfFlags=0x0 pwszSearchPath=0000000000000801:<flags> [calling]
4d30.74a0: supR3HardenedMonitor_LdrLoadDll: returns rcNt=0x0 hMod=00007ff947cb0000 'api-ms-win-core-datetime-l1-1-1'
4d30.74a0: supR3HardenedIsApiSetDll: ApiSetQueryApiSetPresence(api-ms-win-core-localization-obsolete-l1-2-0) -> 0x0, fPresent=1
4d30.74a0: supR3HardenedMonitor_LdrLoadDll: pName=api-ms-win-core-localization-obsolete-l1-2-0 (rcNtResolve=0x0) *pfFlags=0x0 pwszSearchPath=0000000000000801:<flags> [calling]
4d30.74a0: supR3HardenedMonitor_LdrLoadDll: returns rcNt=0x0 hMod=00007ff947cb0000 'api-ms-win-core-localization-obsolete-l1-2-0'
4d30.74a0: supR3HardenedMonitor_LdrLoadDll: returns rcNt=0x0 hMod=00007ff937960000 'C:\WINDOWS\System32\DriverStore\FileRepository\nv_dispi.inf_amd64_021cb587ccc8964f\NvMemMapStoragex.dll'
4d30.74a0: \Device\HarddiskVolume2\Windows\System32\DriverStore\FileRepository\nv_dispi.inf_amd64_021cb587ccc8964f\nvd3dumx.dll: Signature #2/3: VERR_CR_X509_CPV_NOT_VALID_AT_TIME for 0x69a1c730; retrying against current time: 0x69fbb278.
4d30.74a0: \Device\HarddiskVolume2\Windows\System32\DriverStore\FileRepository\nv_dispi.inf_amd64_021cb587ccc8964f\nvd3dumx.dll: Signature #2/3: VERR_CR_X509_CPV_NOT_VALID_AT_TIME (-23033) w/ timestamp=0x69fbb278/now.
4d30.74a0: supR3HardenedMonitor_LdrLoadDll: returns rcNt=0x0 hMod=00007ff9458c0000 'C:\WINDOWS\system32\rsaenh.dll'
4d30.74a0: supR3HardenedMonitor_LdrLoadDll: returns rcNt=0x0 hMod=00007ff946e90000 'C:\WINDOWS\System32\crypt32.dll'
4d30.74a0: supR3HardenedWinVerifyCacheScheduleImports: Import todo: #0 'version.dll'.
4d30.74a0: supR3HardenedWinVerifyCacheScheduleImports: Import todo: #1 'user32.dll'.
4d30.74a0: supR3HardenedWinVerifyCacheScheduleImports: Import todo: #3 'advapi32.dll'.
4d30.74a0: supR3HardenedWinVerifyCacheScheduleImports: Import todo: #4 'gdi32.dll'.
4d30.74a0: supR3HardenedWinVerifyCacheScheduleImports: Import todo: #5 'winmm.dll'.
4d30.74a0: supHardenedWinVerifyImageByHandle: -> 0 (\Device\HarddiskVolume2\Windows\System32\DriverStore\FileRepository\nv_dispi.inf_amd64_021cb587ccc8964f\nvd3dumx.dll) WinVerifyTrust
4d30.74a0: supR3HardenedWinVerifyCacheInsert: \Device\HarddiskVolume2\Windows\System32\DriverStore\FileRepository\nv_dispi.inf_amd64_021cb587ccc8964f\nvd3dumx.dll
4d30.74a0: supR3HardenedWinVerifyCacheProcessImportTodos: Processing 'winmm.dll'...
4d30.74a0: supR3HardenedWinVerifyCacheProcessImportTodos: 'winmm.dll' -> '\Device\HarddiskVolume2\Windows\System32\winmm.dll' [rcNtRedir=0xc0150008]
4d30.74a0: supR3HardenedScreenImage/Imports: cache hit (VINF_SUCCESS) on \Device\HarddiskVolume2\Windows\System32\winmm.dll
4d30.74a0: supR3HardenedWinVerifyCacheProcessImportTodos: Processing 'gdi32.dll'...
4d30.74a0: supR3HardenedWinVerifyCacheProcessImportTodos: 'gdi32.dll' -> '\Device\HarddiskVolume2\Windows\System32\gdi32.dll' [rcNtRedir=0xc0150008]
4d30.74a0: supR3HardenedWinVerifyCacheProcessImportTodos: Processing 'advapi32.dll'...
4d30.74a0: supR3HardenedWinVerifyCacheProcessImportTodos: 'advapi32.dll' -> '\Device\HarddiskVolume2\Windows\System32\advapi32.dll' [rcNtRedir=0xc0150008]
4d30.74a0: supR3HardenedWinVerifyCacheProcessImportTodos: Processing 'user32.dll'...
4d30.74a0: supR3HardenedWinVerifyCacheProcessImportTodos: 'user32.dll' -> '\Device\HarddiskVolume2\Windows\System32\user32.dll' [rcNtRedir=0xc0150008]
4d30.74a0: supR3HardenedWinVerifyCacheProcessImportTodos: Processing 'version.dll'...
4d30.74a0: supR3HardenedWinVerifyCacheProcessImportTodos: 'version.dll' -> '\Device\HarddiskVolume2\Windows\System32\version.dll' [rcNtRedir=0xc0150008]
4d30.74a0: supR3HardenedScreenImage/Imports: cache hit (VINF_SUCCESS) on \Device\HarddiskVolume2\Windows\System32\version.dll
4d30.74a0: supR3HardenedMonitor_LdrLoadDll: pName=C:\WINDOWS\System32\DriverStore\FileRepository\nv_dispi.inf_amd64_021cb587ccc8964f\nvd3dumx.dll (rcNtResolve=0xc0150008) *pfFlags=0x0 pwszSearchPath=0000000000000001:<flags> [calling]
4d30.74a0: supR3HardenedScreenImage/NtCreateSection: cache hit (VINF_SUCCESS) on \Device\HarddiskVolume2\Windows\System32\DriverStore\FileRepository\nv_dispi.inf_amd64_021cb587ccc8964f\nvd3dumx.dll
4d30.74a0: supR3HardenedDllNotificationCallback: load   00007ff833b10000 LB 0x02736000 C:\WINDOWS\System32\DriverStore\FileRepository\nv_dispi.inf_amd64_021cb587ccc8964f\nvd3dumx.dll [fFlags=0x0]
4d30.74a0: supR3HardenedScreenImage/LdrLoadDll: cache hit (VINF_SUCCESS) on \Device\HarddiskVolume2\Windows\System32\DriverStore\FileRepository\nv_dispi.inf_amd64_021cb587ccc8964f\nvd3dumx.dll
4d30.74a0: supR3HardenedIsApiSetDll: ApiSetQueryApiSetPresence(api-ms-win-core-synch-l1-2-0) -> 0x0, fPresent=1
4d30.74a0: supR3HardenedMonitor_LdrLoadDll: pName=api-ms-win-core-synch-l1-2-0 (rcNtResolve=0x0) *pfFlags=0x0 pwszSearchPath=0000000000000801:<flags> [calling]
4d30.74a0: supR3HardenedMonitor_LdrLoadDll: returns rcNt=0x0 hMod=00007ff947cb0000 'api-ms-win-core-synch-l1-2-0'
4d30.74a0: supR3HardenedIsApiSetDll: ApiSetQueryApiSetPresence(api-ms-win-core-fibers-l1-1-1) -> 0x0, fPresent=1
4d30.74a0: supR3HardenedMonitor_LdrLoadDll: pName=api-ms-win-core-fibers-l1-1-1 (rcNtResolve=0x0) *pfFlags=0x0 pwszSearchPath=0000000000000801:<flags> [calling]
4d30.74a0: supR3HardenedMonitor_LdrLoadDll: returns rcNt=0x0 hMod=00007ff947cb0000 'api-ms-win-core-fibers-l1-1-1'
4d30.74a0: supR3HardenedIsApiSetDll: ApiSetQueryApiSetPresence(api-ms-win-core-synch-l1-2-0) -> 0x0, fPresent=1
4d30.74a0: supR3HardenedMonitor_LdrLoadDll: pName=api-ms-win-core-synch-l1-2-0 (rcNtResolve=0x0) *pfFlags=0x0 pwszSearchPath=0000000000000801:<flags> [calling]
4d30.74a0: supR3HardenedMonitor_LdrLoadDll: returns rcNt=0x0 hMod=00007ff947cb0000 'api-ms-win-core-synch-l1-2-0'
4d30.74a0: supR3HardenedScreenImage/LdrLoadDll: cache hit (VINF_SUCCESS) on \Device\HarddiskVolume2\Windows\System32\kernel32.dll
4d30.74a0: supR3HardenedMonitor_LdrLoadDll: pName=C:\WINDOWS\System32\kernel32.dll (Input=kernel32, rcNtResolve=0xc0150008) *pfFlags=0x0 pwszSearchPath=0000000000000801:<flags> [calling]
4d30.74a0: supR3HardenedMonitor_LdrLoadDll: returns rcNt=0x0 hMod=00007ff948ec0000 'C:\WINDOWS\System32\kernel32.dll'
4d30.74a0: supR3HardenedMonitor_LdrLoadDll: returns rcNt=0x0 hMod=00007ff833b10000 'C:\WINDOWS\System32\DriverStore\FileRepository\nv_dispi.inf_amd64_021cb587ccc8964f\nvd3dumx.dll'
4d30.74a0: supR3HardenedWinVerifyCacheScheduleImports: Import todo: #12 'msvcp_win.dll'.
4d30.74a0: supHardenedWinVerifyImageByHandle: -> 0 (\Device\HarddiskVolume2\Windows\System32\directxdatabasehelper.dll)
4d30.74a0: supR3HardenedWinVerifyCacheInsert: \Device\HarddiskVolume2\Windows\System32\directxdatabasehelper.dll
4d30.74a0: supR3HardenedDllNotificationCallback: load   00007ff941230000 LB 0x00061000 C:\WINDOWS\SYSTEM32\directxdatabasehelper.dll [fFlags=0x0]
4d30.74a0: supR3HardenedScreenImage/LdrLoadDll: cache hit (VINF_SUCCESS) on \Device\HarddiskVolume2\Windows\System32\directxdatabasehelper.dll [avoiding WinVerifyTrust]
4d30.74a0: supR3HardenedWinVerifyCacheProcessImportTodos: Processing 'msvcp_win.dll'...
4d30.74a0: supR3HardenedWinVerifyCacheProcessImportTodos: 'msvcp_win.dll' -> '\Device\HarddiskVolume2\Windows\System32\msvcp_win.dll' [rcNtRedir=0xc0150008]
4d30.74a0: supR3HardenedScreenImage/Imports: cache hit (VINF_SUCCESS) on \Device\HarddiskVolume2\Windows\System32\msvcp_win.dll
4d30.74a0: supR3HardenedMonitor_LdrLoadDll: returns rcNt=0x0 hMod=00007ff9458c0000 'C:\WINDOWS\system32\rsaenh.dll'
4d30.74a0: supR3HardenedMonitor_LdrLoadDll: returns rcNt=0x0 hMod=00007ff946e90000 'C:\WINDOWS\System32\crypt32.dll'
4d30.74a0: supR3HardenedWinVerifyCacheProcessWvtTodos: 0 (was 0) fWinVerifyTrust=1 for '\Device\HarddiskVolume2\Windows\System32\directxdatabasehelper.dll'
4d30.74a0: supR3HardenedIsApiSetDll: ApiSetQueryApiSetPresence(ext-ms-win-core-resourcepolicy-l1-1-0.dll) -> 0x0, fPresent=1
4d30.74a0: supR3HardenedMonitor_LdrLoadDll: pName=ext-ms-win-core-resourcepolicy-l1-1-0.dll (rcNtResolve=0x0) *pfFlags=0x0 pwszSearchPath=0000000000000001:<flags> [calling]
4d30.74a0: supR3HardenedWinVerifyCacheScheduleImports: Import todo: #0 'msvcrt.dll'.
4d30.74a0: supR3HardenedWinVerifyCacheScheduleImports: Import todo: #11 'rpcrt4.dll'.
4d30.74a0: supHardenedWinVerifyImageByHandle: -> 0 (\Device\HarddiskVolume2\Windows\System32\ResourcePolicyClient.dll)
4d30.74a0: supR3HardenedWinVerifyCacheInsert: \Device\HarddiskVolume2\Windows\System32\ResourcePolicyClient.dll
4d30.74a0: supR3HardenedDllNotificationCallback: load   00007ff944ce0000 LB 0x00014000 C:\WINDOWS\SYSTEM32\resourcepolicyclient.dll [fFlags=0x0]
4d30.74a0: supR3HardenedScreenImage/LdrLoadDll: cache hit (VINF_SUCCESS) on \Device\HarddiskVolume2\Windows\System32\ResourcePolicyClient.dll [avoiding WinVerifyTrust]
4d30.74a0: supR3HardenedMonitor_LdrLoadDll: returns rcNt=0x0 hMod=00007ff944ce0000 'ext-ms-win-core-resourcepolicy-l1-1-0.dll'
4d30.74a0: supR3HardenedWinVerifyCacheProcessImportTodos: Processing 'rpcrt4.dll'...
4d30.74a0: supR3HardenedWinVerifyCacheProcessImportTodos: 'rpcrt4.dll' -> '\Device\HarddiskVolume2\Windows\System32\rpcrt4.dll' [rcNtRedir=0xc0150008]
4d30.74a0: supR3HardenedWinVerifyCacheProcessImportTodos: Processing 'msvcrt.dll'...
4d30.74a0: supR3HardenedWinVerifyCacheProcessImportTodos: 'msvcrt.dll' -> '\Device\HarddiskVolume2\Windows\System32\msvcrt.dll' [rcNtRedir=0xc0150008]
4d30.74a0: supR3HardenedScreenImage/Imports: cache hit (VINF_SUCCESS) on \Device\HarddiskVolume2\Windows\System32\msvcrt.dll
4d30.74a0: supR3HardenedMonitor_LdrLoadDll: returns rcNt=0x0 hMod=00007ff9458c0000 'C:\WINDOWS\system32\rsaenh.dll'
4d30.74a0: supR3HardenedMonitor_LdrLoadDll: returns rcNt=0x0 hMod=00007ff946e90000 'C:\WINDOWS\System32\crypt32.dll'
4d30.74a0: supR3HardenedWinVerifyCacheProcessWvtTodos: 0 (was 0) fWinVerifyTrust=1 for '\Device\HarddiskVolume2\Windows\System32\ResourcePolicyClient.dll'
4d30.74a0: supR3HardenedDllNotificationCallback: Unload 00007ff944ce0000 LB 0x00014000 C:\WINDOWS\SYSTEM32\resourcepolicyclient.dll [flags=0x0]
4d30.74a0: supR3HardenedScreenImage/LdrLoadDll: cache hit (VINF_SUCCESS) on \Device\HarddiskVolume2\Windows\System32\DriverStore\FileRepository\nv_dispi.inf_amd64_021cb587ccc8964f\nvldumdx.dll
4d30.74a0: supR3HardenedMonitor_LdrLoadDll: pName=C:\WINDOWS\System32\DriverStore\FileRepository\nv_dispi.inf_amd64_021cb587ccc8964f\nvldumdx.dll (rcNtResolve=0xc0150008) *pfFlags=0x0 pwszSearchPath=0000000000000009:<flags> [calling]
4d30.74a0: supR3HardenedMonitor_LdrLoadDll: returns rcNt=0x0 hMod=00007ff93fe10000 'C:\WINDOWS\System32\DriverStore\FileRepository\nv_dispi.inf_amd64_021cb587ccc8964f\nvldumdx.dll'
4d30.74a0: supR3HardenedMonitor_LdrLoadDll: returns rcNt=0x0 hMod=00007ff948660000 'C:\WINDOWS\System32\gdi32.dll'
4d30.74a0: supR3HardenedDllNotificationCallback: Unload 00007ff833b10000 LB 0x02736000 C:\WINDOWS\System32\DriverStore\FileRepository\nv_dispi.inf_amd64_021cb587ccc8964f\nvd3dumx.dll [flags=0x0]
4d30.74a0: supR3HardenedDllNotificationCallback: Unload 00007ff939b30000 LB 0x04f57000 C:\WINDOWS\System32\DriverStore\FileRepository\nv_dispi.inf_amd64_021cb587ccc8964f\nvgpucomp64.dll [flags=0x0]
4d30.74a0: supR3HardenedDllNotificationCallback: Unload 00007ff937960000 LB 0x0013b000 C:\WINDOWS\System32\DriverStore\FileRepository\nv_dispi.inf_amd64_021cb587ccc8964f\NvMemMapStoragex.dll [flags=0x0]
4d30.74a0: supR3HardenedDllNotificationCallback: Unload 00007ff93f9a0000 LB 0x00178000 C:\WINDOWS\System32\drvstore.dll [flags=0x0]
4d30.74a0: supR3HardenedDllNotificationCallback: Unload 00007ff9462b0000 LB 0x00068000 C:\WINDOWS\System32\wldp.dll [flags=0x0]
4d30.74a0: supR3HardenedDllNotificationCallback: Unload 00007ff93fe10000 LB 0x000c4000 C:\WINDOWS\System32\DriverStore\FileRepository\nv_dispi.inf_amd64_021cb587ccc8964f\nvldumdx.dll [flags=0x0]
4d30.74a0: supR3HardNtViCallWinVerifyTrustCatFile: hFile=0000000000000d68 pwszName=\Device\HarddiskVolume2\Windows\System32\DataExchange.dll
4d30.74a0: supR3HardNtViCallWinVerifyTrustCatFile: Cached context 0000024e751a9aa0
4d30.74a0: supR3HardNtViCallWinVerifyTrustCatFile: hCatAdmin=0000024e751a9aa0
4d30.74a0: supR3HardNtViCallWinVerifyTrustCatFile: cbHash=20 wszDigest=63FC53769F66DBC5C581C47D039D514722077651
4d30.74a0: supR3HardenedMonitor_LdrLoadDll: returns rcNt=0x0 hMod=00007ff9458c0000 'C:\WINDOWS\system32\rsaenh.dll'
4d30.74a0: supR3HardenedMonitor_LdrLoadDll: returns rcNt=0x0 hMod=00007ff946e90000 'C:\WINDOWS\System32\crypt32.dll'
4d30.74a0: supR3HardNtViCallWinVerifyTrustCatFile: WinVerifyTrust => 0x0; cat='C:\WINDOWS\system32\CatRoot\{F750E6C3-38EE-11D1-85E5-00C04FC295EE}\Microsoft-Windows-Client-Desktop-Required-Package041120~31bf3856ad364e35~amd64~~10.0.26100.8246.cat'; file='\Device\HarddiskVolume2\Windows\System32\DataExchange.dll'
4d30.74a0: supR3HardNtViCallWinVerifyTrustCatFile -> 0 (org 22900)
4d30.74a0: supR3HardenedWinVerifyCacheScheduleImports: Import todo: #28 'msvcp_win.dll'.
4d30.74a0: supHardenedWinVerifyImageByHandle: -> 0 (\Device\HarddiskVolume2\Windows\System32\DataExchange.dll) WinVerifyTrust
4d30.74a0: supR3HardenedWinVerifyCacheInsert: \Device\HarddiskVolume2\Windows\System32\DataExchange.dll
4d30.74a0: supR3HardenedWinVerifyCacheProcessImportTodos: Processing 'msvcp_win.dll'...
4d30.74a0: supR3HardenedWinVerifyCacheProcessImportTodos: 'msvcp_win.dll' -> '\Device\HarddiskVolume2\Windows\System32\msvcp_win.dll' [rcNtRedir=0xc0150008]
4d30.74a0: supR3HardenedMonitor_LdrLoadDll: pName=C:\WINDOWS\system32\dataexchange.dll (rcNtResolve=0xc0150008) *pfFlags=0x0 pwszSearchPath=0000000000002009:<flags> [calling]
4d30.74a0: supR3HardenedScreenImage/NtCreateSection: cache hit (VINF_SUCCESS) on \Device\HarddiskVolume2\Windows\System32\DataExchange.dll
4d30.74a0: supR3HardenedDllNotificationCallback: load   00007ff90ce30000 LB 0x0005a000 C:\WINDOWS\system32\dataexchange.dll [fFlags=0x0]
4d30.74a0: supR3HardenedScreenImage/LdrLoadDll: cache hit (VINF_SUCCESS) on \Device\HarddiskVolume2\Windows\System32\DataExchange.dll
4d30.74a0: supR3HardenedMonitor_LdrLoadDll: returns rcNt=0x0 hMod=00007ff90ce30000 'C:\WINDOWS\system32\dataexchange.dll'
4d30.74a0: supR3HardenedWinVerifyCacheScheduleImports: Import todo: #39 'combase.dll'.
4d30.74a0: supR3HardenedWinVerifyCacheScheduleImports: Import todo: #41 'msvcp_win.dll'.
4d30.74a0: supHardenedWinVerifyImageByHandle: -> 0 (\Device\HarddiskVolume2\Windows\System32\twinapi.appcore.dll)
4d30.74a0: supR3HardenedWinVerifyCacheInsert: \Device\HarddiskVolume2\Windows\System32\twinapi.appcore.dll
4d30.74a0: supR3HardenedDllNotificationCallback: load   00007ff938520000 LB 0x0024d000 C:\WINDOWS\system32\twinapi.appcore.dll [fFlags=0x0]
4d30.74a0: supR3HardenedScreenImage/LdrLoadDll: cache hit (VINF_SUCCESS) on \Device\HarddiskVolume2\Windows\System32\twinapi.appcore.dll [avoiding WinVerifyTrust]
4d30.74a0: supR3HardenedWinVerifyCacheScheduleImports: Import todo: #0 'msvcrt.dll'.
4d30.74a0: supR3HardenedWinVerifyCacheScheduleImports: Import todo: #17 'oleaut32.dll'.
4d30.74a0: supR3HardenedWinVerifyCacheScheduleImports: Import todo: #18 'rpcrt4.dll'.
4d30.74a0: supHardenedWinVerifyImageByHandle: -> 0 (\Device\HarddiskVolume2\Windows\System32\TextInputFramework.dll)
4d30.74a0: supR3HardenedWinVerifyCacheInsert: \Device\HarddiskVolume2\Windows\System32\TextInputFramework.dll
4d30.74a0: supR3HardenedDllNotificationCallback: load   00007ff9191c0000 LB 0x00148000 C:\WINDOWS\SYSTEM32\textinputframework.dll [fFlags=0x0]
4d30.74a0: supR3HardenedScreenImage/LdrLoadDll: cache hit (VINF_SUCCESS) on \Device\HarddiskVolume2\Windows\System32\TextInputFramework.dll [avoiding WinVerifyTrust]
4d30.74a0: supR3HardenedWinVerifyCacheProcessImportTodos: Processing 'rpcrt4.dll'...
4d30.74a0: supR3HardenedWinVerifyCacheProcessImportTodos: 'rpcrt4.dll' -> '\Device\HarddiskVolume2\Windows\System32\rpcrt4.dll' [rcNtRedir=0xc0150008]
4d30.74a0: supR3HardenedWinVerifyCacheProcessImportTodos: Processing 'oleaut32.dll'...
4d30.74a0: supR3HardenedWinVerifyCacheProcessImportTodos: 'oleaut32.dll' -> '\Device\HarddiskVolume2\Windows\System32\oleaut32.dll' [rcNtRedir=0xc0150008]
4d30.74a0: supR3HardenedScreenImage/Imports: cache hit (VINF_SUCCESS) on \Device\HarddiskVolume2\Windows\System32\oleaut32.dll
4d30.74a0: supR3HardenedWinVerifyCacheProcessImportTodos: Processing 'msvcrt.dll'...
4d30.74a0: supR3HardenedWinVerifyCacheProcessImportTodos: 'msvcrt.dll' -> '\Device\HarddiskVolume2\Windows\System32\msvcrt.dll' [rcNtRedir=0xc0150008]
4d30.74a0: supR3HardenedWinVerifyCacheProcessImportTodos: Processing 'msvcp_win.dll'...
4d30.74a0: supR3HardenedWinVerifyCacheProcessImportTodos: 'msvcp_win.dll' -> '\Device\HarddiskVolume2\Windows\System32\msvcp_win.dll' [rcNtRedir=0xc0150008]
4d30.74a0: supR3HardenedWinVerifyCacheProcessImportTodos: Processing 'combase.dll'...
4d30.74a0: supR3HardenedWinVerifyCacheProcessImportTodos: 'combase.dll' -> '\Device\HarddiskVolume2\Windows\System32\combase.dll' [rcNtRedir=0xc0150008]
4d30.74a0: supR3HardenedScreenImage/Imports: cache hit (VINF_SUCCESS) on \Device\HarddiskVolume2\Windows\System32\combase.dll
4d30.74a0: supR3HardenedMonitor_LdrLoadDll: returns rcNt=0x0 hMod=00007ff9458c0000 'C:\WINDOWS\system32\rsaenh.dll'
4d30.74a0: supR3HardenedMonitor_LdrLoadDll: returns rcNt=0x0 hMod=00007ff946e90000 'C:\WINDOWS\System32\crypt32.dll'
4d30.74a0: supR3HardenedWinVerifyCacheProcessWvtTodos: 0 (was 0) fWinVerifyTrust=1 for '\Device\HarddiskVolume2\Windows\System32\TextInputFramework.dll'
4d30.74a0: supR3HardenedMonitor_LdrLoadDll: returns rcNt=0x0 hMod=00007ff9458c0000 'C:\WINDOWS\system32\rsaenh.dll'
4d30.74a0: supR3HardenedMonitor_LdrLoadDll: returns rcNt=0x0 hMod=00007ff946e90000 'C:\WINDOWS\System32\crypt32.dll'
4d30.74a0: supR3HardenedWinVerifyCacheProcessWvtTodos: 0 (was 0) fWinVerifyTrust=1 for '\Device\HarddiskVolume2\Windows\System32\twinapi.appcore.dll'
4d30.74a0: supR3HardenedMonitor_LdrLoadDll: returns rcNt=0x0 hMod=00007ff9482d0000 'C:\WINDOWS\System32\ADVAPI32.dll'
4d30.74a0: supR3HardenedMonitor_LdrLoadDll: returns rcNt=0x0 hMod=00007ff94a040000 'C:\WINDOWS\System32\ole32.dll'
4d30.74a0: supR3HardenedMonitor_LdrLoadDll: returns rcNt=0x0 hMod=00007ff948580000 'C:\WINDOWS\System32\OLEAUT32.dll'
4d30.74a0: supR3HardNtViCallWinVerifyTrustCatFile: hFile=0000000000000d7c pwszName=\Device\HarddiskVolume2\Windows\System32\wbem\wbemprox.dll
4d30.74a0: supR3HardNtViCallWinVerifyTrustCatFile: Cached context 0000024e751a9aa0
4d30.74a0: supR3HardNtViCallWinVerifyTrustCatFile: hCatAdmin=0000024e751a9aa0
4d30.74a0: supR3HardNtViCallWinVerifyTrustCatFile: cbHash=20 wszDigest=5B364C688520F72D6A68EFE76BA43B6991058645
4d30.74a0: supR3HardenedMonitor_LdrLoadDll: returns rcNt=0x0 hMod=00007ff9458c0000 'C:\WINDOWS\system32\rsaenh.dll'
4d30.74a0: supR3HardenedMonitor_LdrLoadDll: returns rcNt=0x0 hMod=00007ff946e90000 'C:\WINDOWS\System32\crypt32.dll'
4d30.74a0: supR3HardNtViCallWinVerifyTrustCatFile: WinVerifyTrust => 0x0; cat='C:\WINDOWS\system32\CatRoot\{F750E6C3-38EE-11D1-85E5-00C04FC295EE}\Microsoft-Windows-Client-Desktop-Required-Package0012~31bf3856ad364e35~amd64~~10.0.26100.8246.cat'; file='\Device\HarddiskVolume2\Windows\System32\wbem\wbemprox.dll'
4d30.74a0: supR3HardNtViCallWinVerifyTrustCatFile -> 0 (org 22900)
4d30.74a0: supR3HardenedWinVerifyCacheScheduleImports: Import todo: #0 'msvcrt.dll'.
4d30.74a0: supR3HardenedWinVerifyCacheScheduleImports: Import todo: #16 'wbemcomn.dll'.
4d30.74a0: supHardenedWinVerifyImageByHandle: -> 0 (\Device\HarddiskVolume2\Windows\System32\wbem\wbemprox.dll) WinVerifyTrust
4d30.74a0: supR3HardenedWinVerifyCacheInsert: \Device\HarddiskVolume2\Windows\System32\wbem\wbemprox.dll
4d30.74a0: supR3HardenedWinVerifyCacheProcessImportTodos: Processing 'wbemcomn.dll'...
4d30.74a0: supR3HardenedWinVerifyCacheProcessImportTodos: 'wbemcomn.dll' -> '\Device\HarddiskVolume2\Windows\System32\wbemcomn.dll' [rcNtRedir=0xc0150008]
4d30.74a0: supR3HardNtViCallWinVerifyTrustCatFile: hFile=00000000000009a0 pwszName=\Device\HarddiskVolume2\Windows\System32\wbemcomn.dll
4d30.74a0: supR3HardNtViCallWinVerifyTrustCatFile: Cached context 0000024e751a9aa0
4d30.74a0: supR3HardNtViCallWinVerifyTrustCatFile: hCatAdmin=0000024e751a9aa0
4d30.74a0: supR3HardNtViCallWinVerifyTrustCatFile: cbHash=20 wszDigest=C99010447EBD6E4E146E224DEB9B34693D817638
4d30.74a0: supR3HardenedMonitor_LdrLoadDll: returns rcNt=0x0 hMod=00007ff9458c0000 'C:\WINDOWS\system32\rsaenh.dll'
4d30.74a0: supR3HardenedMonitor_LdrLoadDll: returns rcNt=0x0 hMod=00007ff946e90000 'C:\WINDOWS\System32\crypt32.dll'
4d30.74a0: supR3HardNtViCallWinVerifyTrustCatFile: WinVerifyTrust => 0x0; cat='C:\WINDOWS\system32\CatRoot\{F750E6C3-38EE-11D1-85E5-00C04FC295EE}\Microsoft-Windows-Client-Desktop-Required-Package0012~31bf3856ad364e35~amd64~~10.0.26100.8246.cat'; file='\Device\HarddiskVolume2\Windows\System32\wbemcomn.dll'
4d30.74a0: supR3HardNtViCallWinVerifyTrustCatFile -> 0 (org 22900)
4d30.74a0: supR3HardenedWinVerifyCacheScheduleImports: Import todo: #0 'msvcrt.dll'.
4d30.74a0: supHardenedWinVerifyImageByHandle: -> 0 (\Device\HarddiskVolume2\Windows\System32\wbemcomn.dll) WinVerifyTrust
4d30.74a0: supR3HardenedWinVerifyCacheInsert: \Device\HarddiskVolume2\Windows\System32\wbemcomn.dll
4d30.74a0: supR3HardenedWinVerifyCacheProcessImportTodos: Processing 'msvcrt.dll'...
4d30.74a0: supR3HardenedWinVerifyCacheProcessImportTodos: 'msvcrt.dll' -> '\Device\HarddiskVolume2\Windows\System32\msvcrt.dll' [rcNtRedir=0xc0150008]
4d30.74a0: supR3HardenedWinVerifyCacheProcessImportTodos: Processing 'msvcrt.dll'...
4d30.74a0: supR3HardenedWinVerifyCacheProcessImportTodos: 'msvcrt.dll' -> '\Device\HarddiskVolume2\Windows\System32\msvcrt.dll' [rcNtRedir=0xc0150008]
4d30.74a0: supR3HardenedMonitor_LdrLoadDll: pName=C:\WINDOWS\system32\wbem\wbemprox.dll (rcNtResolve=0xc0150008) *pfFlags=0x0 pwszSearchPath=0000000000002009:<flags> [calling]
4d30.74a0: supR3HardenedScreenImage/NtCreateSection: cache hit (VINF_SUCCESS) on \Device\HarddiskVolume2\Windows\System32\wbem\wbemprox.dll
4d30.74a0: supR3HardenedScreenImage/NtCreateSection: cache hit (VINF_SUCCESS) on \Device\HarddiskVolume2\Windows\System32\wbemcomn.dll
4d30.74a0: supR3HardenedDllNotificationCallback: load   00007ff928f40000 LB 0x0007a000 C:\WINDOWS\SYSTEM32\wbemcomn.dll [fFlags=0x0]
4d30.74a0: supR3HardenedScreenImage/LdrLoadDll: cache hit (VINF_SUCCESS) on \Device\HarddiskVolume2\Windows\System32\wbemcomn.dll
4d30.74a0: supR3HardenedDllNotificationCallback: load   00007ff926700000 LB 0x00012000 C:\WINDOWS\system32\wbem\wbemprox.dll [fFlags=0x0]
4d30.74a0: supR3HardenedScreenImage/LdrLoadDll: cache hit (VINF_SUCCESS) on \Device\HarddiskVolume2\Windows\System32\wbem\wbemprox.dll
4d30.74a0: supR3HardenedIsApiSetDll: ApiSetQueryApiSetPresence(API-MS-Win-Core-LocalRegistry-L1-1-0.dll) -> 0x0, fPresent=1
4d30.74a0: supR3HardenedMonitor_LdrLoadDll: pName=API-MS-Win-Core-LocalRegistry-L1-1-0.dll (rcNtResolve=0x0) *pfFlags=0x0 pwszSearchPath=0000000000000009:<flags> [calling]
4d30.74a0: supR3HardenedMonitor_LdrLoadDll: returns rcNt=0x0 hMod=00007ff947cb0000 'API-MS-Win-Core-LocalRegistry-L1-1-0.dll'
4d30.74a0: supR3HardenedMonitor_LdrLoadDll: returns rcNt=0x0 hMod=00007ff926700000 'C:\WINDOWS\system32\wbem\wbemprox.dll'
4d30.74a0: supR3HardNtViCallWinVerifyTrustCatFile: hFile=0000000000000c24 pwszName=\Device\HarddiskVolume2\Windows\System32\wbem\wbemsvc.dll
4d30.74a0: supR3HardNtViCallWinVerifyTrustCatFile: Cached context 0000024e751a9aa0
4d30.74a0: supR3HardNtViCallWinVerifyTrustCatFile: hCatAdmin=0000024e751a9aa0
4d30.74a0: supR3HardNtViCallWinVerifyTrustCatFile: cbHash=20 wszDigest=9F5F78188B59B0CF9CA8B41635E75D96D2128148
4d30.74a0: supR3HardenedMonitor_LdrLoadDll: returns rcNt=0x0 hMod=00007ff9458c0000 'C:\WINDOWS\system32\rsaenh.dll'
4d30.74a0: supR3HardenedMonitor_LdrLoadDll: returns rcNt=0x0 hMod=00007ff946e90000 'C:\WINDOWS\System32\crypt32.dll'
4d30.74a0: supR3HardNtViCallWinVerifyTrustCatFile: WinVerifyTrust => 0x0; cat='C:\WINDOWS\system32\CatRoot\{F750E6C3-38EE-11D1-85E5-00C04FC295EE}\Microsoft-Windows-Client-Desktop-Required-Package0012~31bf3856ad364e35~amd64~~10.0.26100.8246.cat'; file='\Device\HarddiskVolume2\Windows\System32\wbem\wbemsvc.dll'
4d30.74a0: supR3HardNtViCallWinVerifyTrustCatFile -> 0 (org 22900)
4d30.74a0: supR3HardenedWinVerifyCacheScheduleImports: Import todo: #0 'msvcrt.dll'.
4d30.74a0: supR3HardenedWinVerifyCacheScheduleImports: Import todo: #1 'rpcrt4.dll'.
4d30.74a0: supHardenedWinVerifyImageByHandle: -> 0 (\Device\HarddiskVolume2\Windows\System32\wbem\wbemsvc.dll) WinVerifyTrust
4d30.74a0: supR3HardenedWinVerifyCacheInsert: \Device\HarddiskVolume2\Windows\System32\wbem\wbemsvc.dll
4d30.74a0: supR3HardenedWinVerifyCacheProcessImportTodos: Processing 'rpcrt4.dll'...
4d30.74a0: supR3HardenedWinVerifyCacheProcessImportTodos: 'rpcrt4.dll' -> '\Device\HarddiskVolume2\Windows\System32\rpcrt4.dll' [rcNtRedir=0xc0150008]
4d30.74a0: supR3HardenedWinVerifyCacheProcessImportTodos: Processing 'msvcrt.dll'...
4d30.74a0: supR3HardenedWinVerifyCacheProcessImportTodos: 'msvcrt.dll' -> '\Device\HarddiskVolume2\Windows\System32\msvcrt.dll' [rcNtRedir=0xc0150008]
4d30.74a0: supR3HardenedMonitor_LdrLoadDll: pName=C:\WINDOWS\system32\wbem\wbemsvc.dll (rcNtResolve=0xc0150008) *pfFlags=0x0 pwszSearchPath=0000000000002009:<flags> [calling]
4d30.74a0: supR3HardenedScreenImage/NtCreateSection: cache hit (VINF_SUCCESS) on \Device\HarddiskVolume2\Windows\System32\wbem\wbemsvc.dll
4d30.74a0: supR3HardenedDllNotificationCallback: load   00007ff925340000 LB 0x00015000 C:\WINDOWS\system32\wbem\wbemsvc.dll [fFlags=0x0]
4d30.74a0: supR3HardenedScreenImage/LdrLoadDll: cache hit (VINF_SUCCESS) on \Device\HarddiskVolume2\Windows\System32\wbem\wbemsvc.dll
4d30.74a0: supR3HardenedMonitor_LdrLoadDll: returns rcNt=0x0 hMod=00007ff925340000 'C:\WINDOWS\system32\wbem\wbemsvc.dll'
4d30.74a0: supR3HardenedIsApiSetDll: ApiSetQueryApiSetPresence(api-ms-win-core-localization-l1-2-0.dll) -> 0x0, fPresent=1
4d30.74a0: supR3HardenedMonitor_LdrLoadDll: pName=api-ms-win-core-localization-l1-2-0.dll (rcNtResolve=0x0) *pfFlags=0x0 pwszSearchPath=0000000000000009:<flags> [calling]
4d30.74a0: supR3HardenedMonitor_LdrLoadDll: returns rcNt=0x0 hMod=00007ff947cb0000 'api-ms-win-core-localization-l1-2-0.dll'
4d30.74a0: supR3HardenedIsApiSetDll: ApiSetQueryApiSetPresence(api-ms-win-core-localization-obsolete-l1-1-0.dll) -> 0x0, fPresent=1
4d30.74a0: supR3HardenedMonitor_LdrLoadDll: pName=api-ms-win-core-localization-obsolete-l1-1-0.dll (rcNtResolve=0x0) *pfFlags=0x0 pwszSearchPath=0000000000000009:<flags> [calling]
4d30.74a0: supR3HardenedMonitor_LdrLoadDll: returns rcNt=0x0 hMod=00007ff947cb0000 'api-ms-win-core-localization-obsolete-l1-1-0.dll'
4d30.74a0: supR3HardNtViCallWinVerifyTrustCatFile: hFile=0000000000000e10 pwszName=\Device\HarddiskVolume2\Windows\System32\wbem\fastprox.dll
4d30.74a0: supR3HardNtViCallWinVerifyTrustCatFile: Cached context 0000024e751a9aa0
4d30.74a0: supR3HardNtViCallWinVerifyTrustCatFile: hCatAdmin=0000024e751a9aa0
4d30.74a0: supR3HardNtViCallWinVerifyTrustCatFile: cbHash=20 wszDigest=4691A81A75F64622C91729537EE8CE4601AA016F
4d30.74a0: supR3HardenedMonitor_LdrLoadDll: returns rcNt=0x0 hMod=00007ff9458c0000 'C:\WINDOWS\system32\rsaenh.dll'
4d30.74a0: supR3HardenedMonitor_LdrLoadDll: returns rcNt=0x0 hMod=00007ff946e90000 'C:\WINDOWS\System32\crypt32.dll'
4d30.74a0: supR3HardNtViCallWinVerifyTrustCatFile: WinVerifyTrust => 0x0; cat='C:\WINDOWS\system32\CatRoot\{F750E6C3-38EE-11D1-85E5-00C04FC295EE}\Microsoft-Windows-Client-Desktop-Required-Package0012~31bf3856ad364e35~amd64~~10.0.26100.8246.cat'; file='\Device\HarddiskVolume2\Windows\System32\wbem\fastprox.dll'
4d30.74a0: supR3HardNtViCallWinVerifyTrustCatFile -> 0 (org 22900)
4d30.74a0: supR3HardenedWinVerifyCacheScheduleImports: Import todo: #0 'msvcrt.dll'.
4d30.74a0: supR3HardenedWinVerifyCacheScheduleImports: Import todo: #20 'wbemcomn.dll'.
4d30.74a0: supHardenedWinVerifyImageByHandle: -> 0 (\Device\HarddiskVolume2\Windows\System32\wbem\fastprox.dll) WinVerifyTrust
4d30.74a0: supR3HardenedWinVerifyCacheInsert: \Device\HarddiskVolume2\Windows\System32\wbem\fastprox.dll
4d30.74a0: supR3HardenedWinVerifyCacheProcessImportTodos: Processing 'wbemcomn.dll'...
4d30.74a0: supR3HardenedWinVerifyCacheProcessImportTodos: 'wbemcomn.dll' -> '\Device\HarddiskVolume2\Windows\System32\wbemcomn.dll' [rcNtRedir=0xc0150008]
4d30.74a0: supR3HardenedScreenImage/Imports: cache hit (VINF_SUCCESS) on \Device\HarddiskVolume2\Windows\System32\wbemcomn.dll
4d30.74a0: supR3HardenedWinVerifyCacheProcessImportTodos: Processing 'msvcrt.dll'...
4d30.74a0: supR3HardenedWinVerifyCacheProcessImportTodos: 'msvcrt.dll' -> '\Device\HarddiskVolume2\Windows\System32\msvcrt.dll' [rcNtRedir=0xc0150008]
4d30.74a0: supR3HardenedMonitor_LdrLoadDll: pName=C:\WINDOWS\system32\wbem\fastprox.dll (rcNtResolve=0xc0150008) *pfFlags=0x0 pwszSearchPath=0000000000002009:<flags> [calling]
4d30.74a0: supR3HardenedScreenImage/NtCreateSection: cache hit (VINF_SUCCESS) on \Device\HarddiskVolume2\Windows\System32\wbem\fastprox.dll
4d30.74a0: supR3HardenedDllNotificationCallback: load   00007ff925490000 LB 0x000f0000 C:\WINDOWS\system32\wbem\fastprox.dll [fFlags=0x0]
4d30.74a0: supR3HardenedScreenImage/LdrLoadDll: cache hit (VINF_SUCCESS) on \Device\HarddiskVolume2\Windows\System32\wbem\fastprox.dll
4d30.74a0: supR3HardenedMonitor_LdrLoadDll: returns rcNt=0x0 hMod=00007ff925490000 'C:\WINDOWS\system32\wbem\fastprox.dll'
4d30.74a0: supR3HardNtViCallWinVerifyTrustCatFile: hFile=0000000000000d80 pwszName=\Device\HarddiskVolume2\Windows\System32\amsi.dll
4d30.74a0: supR3HardNtViCallWinVerifyTrustCatFile: Cached context 0000024e751a9aa0
4d30.74a0: supR3HardNtViCallWinVerifyTrustCatFile: hCatAdmin=0000024e751a9aa0
4d30.74a0: supR3HardNtViCallWinVerifyTrustCatFile: cbHash=20 wszDigest=184D676080373693A88754BAB4C700D01D774483
4d30.74a0: supR3HardenedMonitor_LdrLoadDll: returns rcNt=0x0 hMod=00007ff9458c0000 'C:\WINDOWS\system32\rsaenh.dll'
4d30.74a0: supR3HardenedMonitor_LdrLoadDll: returns rcNt=0x0 hMod=00007ff946e90000 'C:\WINDOWS\System32\crypt32.dll'
4d30.74a0: supR3HardNtViCallWinVerifyTrustCatFile: WinVerifyTrust => 0x0; cat='C:\WINDOWS\system32\CatRoot\{F750E6C3-38EE-11D1-85E5-00C04FC295EE}\Microsoft-Windows-Client-Desktop-Required-Package0410~31bf3856ad364e35~amd64~~10.0.26100.8246.cat'; file='\Device\HarddiskVolume2\Windows\System32\amsi.dll'
4d30.74a0: supR3HardNtViCallWinVerifyTrustCatFile -> 0 (org 22900)
4d30.74a0: supR3HardenedWinVerifyCacheScheduleImports: Import todo: #0 'msvcrt.dll'.
4d30.74a0: supR3HardenedWinVerifyCacheScheduleImports: Import todo: #15 'rpcrt4.dll'.
4d30.74a0: supHardenedWinVerifyImageByHandle: -> 0 (\Device\HarddiskVolume2\Windows\System32\amsi.dll) WinVerifyTrust
4d30.74a0: supR3HardenedWinVerifyCacheInsert: \Device\HarddiskVolume2\Windows\System32\amsi.dll
4d30.74a0: supR3HardenedWinVerifyCacheProcessImportTodos: Processing 'rpcrt4.dll'...
4d30.74a0: supR3HardenedWinVerifyCacheProcessImportTodos: 'rpcrt4.dll' -> '\Device\HarddiskVolume2\Windows\System32\rpcrt4.dll' [rcNtRedir=0xc0150008]
4d30.74a0: supR3HardenedWinVerifyCacheProcessImportTodos: Processing 'msvcrt.dll'...
4d30.74a0: supR3HardenedWinVerifyCacheProcessImportTodos: 'msvcrt.dll' -> '\Device\HarddiskVolume2\Windows\System32\msvcrt.dll' [rcNtRedir=0xc0150008]
4d30.74a0: supR3HardenedMonitor_LdrLoadDll: pName=C:\WINDOWS\System32\amsi.dll (Input=amsi.dll, rcNtResolve=0xc0150008) *pfFlags=0x0 pwszSearchPath=0000000000000801:<flags> [calling]
4d30.74a0: supR3HardenedScreenImage/NtCreateSection: cache hit (VINF_SUCCESS) on \Device\HarddiskVolume2\Windows\System32\amsi.dll
4d30.74a0: supR3HardenedDllNotificationCallback: load   00007ff9252f0000 LB 0x0001d000 C:\WINDOWS\System32\amsi.dll [fFlags=0x0]
4d30.74a0: supR3HardenedScreenImage/LdrLoadDll: cache hit (VINF_SUCCESS) on \Device\HarddiskVolume2\Windows\System32\amsi.dll
4d30.74a0: supR3HardenedMonitor_LdrLoadDll: returns rcNt=0x0 hMod=00007ff9252f0000 'C:\WINDOWS\System32\amsi.dll'
4d30.74a0: supR3HardenedMonitor_LdrLoadDll: returns rcNt=0x0 hMod=00007ff9458c0000 'C:\WINDOWS\system32\rsaenh.dll'
4d30.74a0: supR3HardenedMonitor_LdrLoadDll: returns rcNt=0x0 hMod=00007ff946e90000 'C:\WINDOWS\System32\crypt32.dll'
4d30.74a0: supR3HardenedWinVerifyCacheScheduleImports: Import todo: #2 'advapi32.dll'.
4d30.74a0: supR3HardenedWinVerifyCacheScheduleImports: Import todo: #3 'oleaut32.dll'.
4d30.74a0: supR3HardenedWinVerifyCacheScheduleImports: Import todo: #4 'ole32.dll'.
4d30.74a0: supHardenedWinVerifyImageByHandle: -> 0 (\Device\HarddiskVolume2\ProgramData\Microsoft\Windows Defender\Platform\4.18.26030.3011-0\MpOAV.dll) WinVerifyTrust
4d30.74a0: supR3HardenedWinVerifyCacheInsert: \Device\HarddiskVolume2\ProgramData\Microsoft\Windows Defender\Platform\4.18.26030.3011-0\MpOAV.dll
4d30.74a0: supR3HardenedWinVerifyCacheProcessImportTodos: Processing 'ole32.dll'...
4d30.74a0: supR3HardenedWinVerifyCacheProcessImportTodos: 'ole32.dll' -> '\Device\HarddiskVolume2\Windows\System32\ole32.dll' [rcNtRedir=0xc0150008]
4d30.74a0: supR3HardenedWinVerifyCacheProcessImportTodos: Processing 'oleaut32.dll'...
4d30.74a0: supR3HardenedWinVerifyCacheProcessImportTodos: 'oleaut32.dll' -> '\Device\HarddiskVolume2\Windows\System32\oleaut32.dll' [rcNtRedir=0xc0150008]
4d30.74a0: supR3HardenedWinVerifyCacheProcessImportTodos: Processing 'advapi32.dll'...
4d30.74a0: supR3HardenedWinVerifyCacheProcessImportTodos: 'advapi32.dll' -> '\Device\HarddiskVolume2\Windows\System32\advapi32.dll' [rcNtRedir=0xc0150008]
4d30.74a0: supR3HardenedMonitor_LdrLoadDll: pName=C:\ProgramData\Microsoft\Windows Defender\Platform\4.18.26030.3011-0\MpOav.dll (rcNtResolve=0xc0150008) *pfFlags=0x0 pwszSearchPath=0000000000000001:<flags> [calling]
4d30.74a0: supR3HardenedScreenImage/NtCreateSection: cache hit (VINF_SUCCESS) on \Device\HarddiskVolume2\ProgramData\Microsoft\Windows Defender\Platform\4.18.26030.3011-0\MpOAV.dll
4d30.74a0: supR3HardenedDllNotificationCallback: load   00007ff9251d0000 LB 0x000a2000 C:\ProgramData\Microsoft\Windows Defender\Platform\4.18.26030.3011-0\MpOav.dll [fFlags=0x0]
4d30.74a0: supR3HardenedScreenImage/LdrLoadDll: cache hit (VINF_SUCCESS) on \Device\HarddiskVolume2\ProgramData\Microsoft\Windows Defender\Platform\4.18.26030.3011-0\MpOAV.dll
4d30.74a0: supR3HardenedIsApiSetDll: ApiSetQueryApiSetPresence(api-ms-win-core-synch-l1-2-0) -> 0x0, fPresent=1
4d30.74a0: supR3HardenedMonitor_LdrLoadDll: pName=api-ms-win-core-synch-l1-2-0 (rcNtResolve=0x0) *pfFlags=0x0 pwszSearchPath=0000000000000801:<flags> [calling]
4d30.74a0: supR3HardenedMonitor_LdrLoadDll: returns rcNt=0x0 hMod=00007ff947cb0000 'api-ms-win-core-synch-l1-2-0'
4d30.74a0: supR3HardenedIsApiSetDll: ApiSetQueryApiSetPresence(api-ms-win-core-fibers-l1-1-1) -> 0x0, fPresent=1
4d30.74a0: supR3HardenedMonitor_LdrLoadDll: pName=api-ms-win-core-fibers-l1-1-1 (rcNtResolve=0x0) *pfFlags=0x0 pwszSearchPath=0000000000000801:<flags> [calling]
4d30.74a0: supR3HardenedMonitor_LdrLoadDll: returns rcNt=0x0 hMod=00007ff947cb0000 'api-ms-win-core-fibers-l1-1-1'
4d30.74a0: supR3HardenedIsApiSetDll: ApiSetQueryApiSetPresence(api-ms-win-core-fibers-l1-1-2) -> 0x0, fPresent=1
4d30.74a0: supR3HardenedMonitor_LdrLoadDll: pName=api-ms-win-core-fibers-l1-1-2 (rcNtResolve=0x0) *pfFlags=0x0 pwszSearchPath=0000000000000801:<flags> [calling]
4d30.74a0: supR3HardenedMonitor_LdrLoadDll: returns rcNt=0x0 hMod=00007ff947cb0000 'api-ms-win-core-fibers-l1-1-2'
4d30.74a0: supR3HardenedScreenImage/LdrLoadDll: cache hit (VINF_SUCCESS) on \Device\HarddiskVolume2\Windows\System32\kernel32.dll
4d30.74a0: supR3HardenedMonitor_LdrLoadDll: pName=C:\WINDOWS\System32\kernel32.dll (Input=kernel32, rcNtResolve=0xc0150008) *pfFlags=0x0 pwszSearchPath=0000000000000801:<flags> [calling]
4d30.74a0: supR3HardenedMonitor_LdrLoadDll: returns rcNt=0x0 hMod=00007ff948ec0000 'C:\WINDOWS\System32\kernel32.dll'
4d30.74a0: supR3HardenedScreenImage/LdrLoadDll: cache hit (VINF_SUCCESS) on \Device\HarddiskVolume2\Windows\System32\version.dll
4d30.74a0: supR3HardenedMonitor_LdrLoadDll: pName=C:\WINDOWS\system32\version.dll (rcNtResolve=0xc0150008) *pfFlags=0x0 pwszSearchPath=0000000000000009:<flags> [calling]
4d30.74a0: supR3HardenedMonitor_LdrLoadDll: returns rcNt=0x0 hMod=00007ff93fc60000 'C:\WINDOWS\system32\version.dll'
4d30.74a0: supR3HardenedMonitor_LdrLoadDll: returns rcNt=0x0 hMod=00007ff9251d0000 'C:\ProgramData\Microsoft\Windows Defender\Platform\4.18.26030.3011-0\MpOav.dll'
4d30.8e80: supR3HardenedMonitor_LdrLoadDll: returns rcNt=0x0 hMod=00007ff94a040000 'C:\WINDOWS\system32\ole32.dll'
4d30.8e80: supR3HardenedMonitor_LdrLoadDll: returns rcNt=0x0 hMod=00007ff9458c0000 'C:\WINDOWS\system32\rsaenh.dll'
4d30.8e80: supR3HardenedScreenImage/LdrLoadDll: cache hit (VINF_SUCCESS) on \Device\HarddiskVolume2\Windows\System32\crypt32.dll
4d30.8e80: supR3HardenedMonitor_LdrLoadDll: pName=C:\WINDOWS\System32\crypt32.dll (Input=crypt32.dll, rcNtResolve=0xc0150008) *pfFlags=0x0 pwszSearchPath=0000000000000001:<flags> [calling]
4d30.8e80: supR3HardenedMonitor_LdrLoadDll: returns rcNt=0x0 hMod=00007ff946e90000 'C:\WINDOWS\System32\crypt32.dll'
4d30.8e80: supR3HardNtViCallWinVerifyTrustCatFile: hFile=0000000000001148 pwszName=\Device\HarddiskVolume2\Windows\System32\NetSetupShim.dll
4d30.8e80: supR3HardNtViCallWinVerifyTrustCatFile: Cached context 0000024e751a9aa0
4d30.8e80: supR3HardNtViCallWinVerifyTrustCatFile: hCatAdmin=0000024e751a9aa0
4d30.8e80: supR3HardNtViCallWinVerifyTrustCatFile: cbHash=20 wszDigest=AD1B6C185EA99EEF6EE76001362E31C32089A34D
4d30.8e80: supR3HardenedMonitor_LdrLoadDll: returns rcNt=0x0 hMod=00007ff9458c0000 'C:\WINDOWS\system32\rsaenh.dll'
4d30.8e80: supR3HardenedMonitor_LdrLoadDll: returns rcNt=0x0 hMod=00007ff946e90000 'C:\WINDOWS\System32\crypt32.dll'
4d30.8e80: supR3HardNtViCallWinVerifyTrustCatFile: WinVerifyTrust => 0x0; cat='C:\WINDOWS\system32\CatRoot\{F750E6C3-38EE-11D1-85E5-00C04FC295EE}\Microsoft-Windows-Client-Desktop-Required-Package04111~31bf3856ad364e35~amd64~~10.0.26100.8246.cat'; file='\Device\HarddiskVolume2\Windows\System32\NetSetupShim.dll'
4d30.8e80: supR3HardNtViCallWinVerifyTrustCatFile -> 0 (org 22900)
4d30.8e80: supR3HardenedWinVerifyCacheScheduleImports: Import todo: #0 'msvcp_win.dll'.
4d30.8e80: supR3HardenedWinVerifyCacheScheduleImports: Import todo: #34 'rpcrt4.dll'.
4d30.8e80: supR3HardenedWinVerifyCacheScheduleImports: Import todo: #35 'oleaut32.dll'.
4d30.8e80: supR3HardenedWinVerifyCacheScheduleImports: Import todo: #37 'ws2_32.dll'.
4d30.8e80: supR3HardenedWinVerifyCacheScheduleImports: Import todo: #38 'netsetupapi.dll'.
4d30.8e80: supR3HardenedWinVerifyCacheScheduleImports: Import todo: #39 'setupapi.dll'.
4d30.8e80: supR3HardenedWinVerifyCacheScheduleImports: Import todo: #40 'devrtl.dll'.
4d30.8e80: supHardenedWinVerifyImageByHandle: -> 0 (\Device\HarddiskVolume2\Windows\System32\NetSetupShim.dll) WinVerifyTrust
4d30.8e80: supR3HardenedWinVerifyCacheInsert: \Device\HarddiskVolume2\Windows\System32\NetSetupShim.dll
4d30.8e80: supR3HardenedWinVerifyCacheProcessImportTodos: Processing 'devrtl.dll'...
4d30.8e80: supR3HardenedWinVerifyCacheProcessImportTodos: 'devrtl.dll' -> '\Device\HarddiskVolume2\Windows\System32\devrtl.dll' [rcNtRedir=0xc0150008]
4d30.8e80: supR3HardNtViCallWinVerifyTrustCatFile: hFile=0000000000001154 pwszName=\Device\HarddiskVolume2\Windows\System32\devrtl.dll
4d30.8e80: supR3HardNtViCallWinVerifyTrustCatFile: Cached context 0000024e751a9aa0
4d30.8e80: supR3HardNtViCallWinVerifyTrustCatFile: hCatAdmin=0000024e751a9aa0
4d30.8e80: supR3HardNtViCallWinVerifyTrustCatFile: cbHash=20 wszDigest=D3AFE3254C119ACC1E2F584FB00A861BA5D9ABFB
4d30.8e80: supR3HardenedMonitor_LdrLoadDll: returns rcNt=0x0 hMod=00007ff9458c0000 'C:\WINDOWS\system32\rsaenh.dll'
4d30.8e80: supR3HardenedMonitor_LdrLoadDll: returns rcNt=0x0 hMod=00007ff946e90000 'C:\WINDOWS\System32\crypt32.dll'
4d30.8e80: supR3HardNtViCallWinVerifyTrustCatFile: WinVerifyTrust => 0x0; cat='C:\WINDOWS\system32\CatRoot\{F750E6C3-38EE-11D1-85E5-00C04FC295EE}\Microsoft-Windows-Client-Desktop-Required-Package04111~31bf3856ad364e35~amd64~~10.0.26100.8246.cat'; file='\Device\HarddiskVolume2\Windows\System32\devrtl.dll'
4d30.8e80: supR3HardNtViCallWinVerifyTrustCatFile -> 0 (org 22900)
4d30.8e80: supHardenedWinVerifyImageByHandle: -> 0 (\Device\HarddiskVolume2\Windows\System32\devrtl.dll) WinVerifyTrust
4d30.8e80: supR3HardenedWinVerifyCacheInsert: \Device\HarddiskVolume2\Windows\System32\devrtl.dll
4d30.8e80: supR3HardenedWinVerifyCacheProcessImportTodos: Processing 'setupapi.dll'...
4d30.8e80: supR3HardenedWinVerifyCacheProcessImportTodos: 'setupapi.dll' -> '\Device\HarddiskVolume2\Windows\System32\setupapi.dll' [rcNtRedir=0xc0150008]
4d30.8e80: supR3HardenedScreenImage/Imports: cache hit (VINF_SUCCESS) on \Device\HarddiskVolume2\Windows\System32\setupapi.dll
4d30.8e80: supR3HardenedWinVerifyCacheProcessImportTodos: Processing 'netsetupapi.dll'...
4d30.8e80: supR3HardenedWinVerifyCacheProcessImportTodos: 'netsetupapi.dll' -> '\Device\HarddiskVolume2\Windows\System32\netsetupapi.dll' [rcNtRedir=0xc0150008]
4d30.8e80: supR3HardenedMonitor_LdrLoadDll: returns rcNt=0x0 hMod=00007ff9458c0000 'C:\WINDOWS\system32\rsaenh.dll'
4d30.8e80: supR3HardenedMonitor_LdrLoadDll: returns rcNt=0x0 hMod=00007ff946e90000 'C:\WINDOWS\System32\crypt32.dll'
4d30.8e80: supR3HardenedWinVerifyCacheScheduleImports: Import todo: #0 'msvcrt.dll'.
4d30.8e80: supR3HardenedWinVerifyCacheScheduleImports: Import todo: #19 'rpcrt4.dll'.
4d30.8e80: supHardenedWinVerifyImageByHandle: -> 0 (\Device\HarddiskVolume2\Windows\System32\NetSetupApi.dll) WinVerifyTrust
4d30.8e80: supR3HardenedWinVerifyCacheInsert: \Device\HarddiskVolume2\Windows\System32\NetSetupApi.dll
4d30.8e80: supR3HardenedWinVerifyCacheProcessImportTodos: Processing 'ws2_32.dll'...
4d30.8e80: supR3HardenedWinVerifyCacheProcessImportTodos: 'ws2_32.dll' -> '\Device\HarddiskVolume2\Windows\System32\ws2_32.dll' [rcNtRedir=0xc0150008]
4d30.8e80: supR3HardenedScreenImage/Imports: cache hit (VINF_SUCCESS) on \Device\HarddiskVolume2\Windows\System32\ws2_32.dll
4d30.8e80: supR3HardenedWinVerifyCacheProcessImportTodos: Processing 'oleaut32.dll'...
4d30.8e80: supR3HardenedWinVerifyCacheProcessImportTodos: 'oleaut32.dll' -> '\Device\HarddiskVolume2\Windows\System32\oleaut32.dll' [rcNtRedir=0xc0150008]
4d30.8e80: supR3HardenedWinVerifyCacheProcessImportTodos: Processing 'rpcrt4.dll'...
4d30.8e80: supR3HardenedWinVerifyCacheProcessImportTodos: 'rpcrt4.dll' -> '\Device\HarddiskVolume2\Windows\System32\rpcrt4.dll' [rcNtRedir=0xc0150008]
4d30.8e80: supR3HardenedWinVerifyCacheProcessImportTodos: Processing 'msvcp_win.dll'...
4d30.8e80: supR3HardenedWinVerifyCacheProcessImportTodos: 'msvcp_win.dll' -> '\Device\HarddiskVolume2\Windows\System32\msvcp_win.dll' [rcNtRedir=0xc0150008]
4d30.8e80: supR3HardenedWinVerifyCacheProcessImportTodos: Processing 'rpcrt4.dll'...
4d30.8e80: supR3HardenedWinVerifyCacheProcessImportTodos: 'rpcrt4.dll' -> '\Device\HarddiskVolume2\Windows\System32\rpcrt4.dll' [rcNtRedir=0xc0150008]
4d30.8e80: supR3HardenedWinVerifyCacheProcessImportTodos: Processing 'msvcrt.dll'...
4d30.8e80: supR3HardenedWinVerifyCacheProcessImportTodos: 'msvcrt.dll' -> '\Device\HarddiskVolume2\Windows\System32\msvcrt.dll' [rcNtRedir=0xc0150008]
4d30.8e80: supR3HardenedMonitor_LdrLoadDll: pName=C:\Windows\System32\NetSetupShim.dll (rcNtResolve=0xc0150008) *pfFlags=0x0 pwszSearchPath=0000000000002009:<flags> [calling]
4d30.8e80: supR3HardenedScreenImage/NtCreateSection: cache hit (VINF_SUCCESS) on \Device\HarddiskVolume2\Windows\System32\NetSetupShim.dll
4d30.8e80: supR3HardenedScreenImage/NtCreateSection: cache hit (VINF_SUCCESS) on \Device\HarddiskVolume2\Windows\System32\NetSetupApi.dll
4d30.8e80: supR3HardenedScreenImage/NtCreateSection: cache hit (VINF_SUCCESS) on \Device\HarddiskVolume2\Windows\System32\devrtl.dll
4d30.8e80: supR3HardenedDllNotificationCallback: load   00007ff925360000 LB 0x00030000 C:\Windows\System32\NetSetupApi.dll [fFlags=0x0]
4d30.8e80: supR3HardenedScreenImage/LdrLoadDll: cache hit (VINF_SUCCESS) on \Device\HarddiskVolume2\Windows\System32\NetSetupApi.dll
4d30.8e80: supR3HardenedDllNotificationCallback: load   00007ff942210000 LB 0x00016000 C:\Windows\System32\DEVRTL.dll [fFlags=0x0]
4d30.8e80: supR3HardenedScreenImage/LdrLoadDll: cache hit (VINF_SUCCESS) on \Device\HarddiskVolume2\Windows\System32\devrtl.dll
4d30.8e80: supR3HardenedDllNotificationCallback: load   00007ff91bee0000 LB 0x00078000 C:\Windows\System32\NetSetupShim.dll [fFlags=0x0]
4d30.8e80: supR3HardenedScreenImage/LdrLoadDll: cache hit (VINF_SUCCESS) on \Device\HarddiskVolume2\Windows\System32\NetSetupShim.dll
4d30.8e80: supR3HardenedMonitor_LdrLoadDll: returns rcNt=0x0 hMod=00007ff91bee0000 'C:\Windows\System32\NetSetupShim.dll'
4d30.8e80: supR3HardenedMonitor_LdrLoadDll: returns rcNt=0x0 hMod=00007ff9458c0000 'C:\WINDOWS\system32\rsaenh.dll'
4d30.8e80: supR3HardenedMonitor_LdrLoadDll: returns rcNt=0x0 hMod=00007ff946e90000 'C:\WINDOWS\System32\crypt32.dll'
4d30.8e80: supR3HardenedWinVerifyCacheScheduleImports: Import todo: #0 'msvcrt.dll'.
4d30.8e80: supR3HardenedWinVerifyCacheScheduleImports: Import todo: #24 'rpcrt4.dll'.
4d30.8e80: supR3HardenedWinVerifyCacheScheduleImports: Import todo: #25 'nsi.dll'.
4d30.8e80: supR3HardenedWinVerifyCacheScheduleImports: Import todo: #26 'winnsi.dll'.
4d30.8e80: supHardenedWinVerifyImageByHandle: -> 0 (\Device\HarddiskVolume2\Windows\System32\NetSetupEngine.dll) WinVerifyTrust
4d30.8e80: supR3HardenedWinVerifyCacheInsert: \Device\HarddiskVolume2\Windows\System32\NetSetupEngine.dll
4d30.8e80: supR3HardenedWinVerifyCacheProcessImportTodos: Processing 'winnsi.dll'...
4d30.8e80: supR3HardenedWinVerifyCacheProcessImportTodos: 'winnsi.dll' -> '\Device\HarddiskVolume2\Windows\System32\winnsi.dll' [rcNtRedir=0xc0150008]
4d30.8e80: supR3HardenedScreenImage/LdrLoadDll: cache hit (VINF_SUCCESS) on \Device\HarddiskVolume2\Windows\System32\rsaenh.dll
4d30.8e80: supR3HardenedMonitor_LdrLoadDll: pName=C:\WINDOWS\system32\rsaenh.dll (rcNtResolve=0xc0150008) *pfFlags=0x0 pwszSearchPath=0000000000000001:<flags> [calling]
4d30.8e80: supR3HardenedMonitor_LdrLoadDll: returns rcNt=0x0 hMod=00007ff9458c0000 'C:\WINDOWS\system32\rsaenh.dll'
4d30.8e80: supR3HardenedMonitor_LdrLoadDll: returns rcNt=0x0 hMod=00007ff946e90000 'C:\WINDOWS\System32\crypt32.dll'
4d30.8e80: supHardenedWinVerifyImageByHandle: -> 0 (\Device\HarddiskVolume2\Windows\System32\winnsi.dll) WinVerifyTrust
4d30.8e80: supR3HardenedWinVerifyCacheInsert: \Device\HarddiskVolume2\Windows\System32\winnsi.dll
4d30.8e80: supR3HardenedWinVerifyCacheProcessImportTodos: Processing 'nsi.dll'...
4d30.8e80: supR3HardenedWinVerifyCacheProcessImportTodos: 'nsi.dll' -> '\Device\HarddiskVolume2\Windows\System32\nsi.dll' [rcNtRedir=0xc0150008]
4d30.8e80: supR3HardenedMonitor_LdrLoadDll: returns rcNt=0x0 hMod=00007ff9458c0000 'C:\WINDOWS\system32\rsaenh.dll'
4d30.8e80: supR3HardenedMonitor_LdrLoadDll: returns rcNt=0x0 hMod=00007ff946e90000 'C:\WINDOWS\System32\crypt32.dll'
4d30.8e80: supHardenedWinVerifyImageByHandle: -> 0 (\Device\HarddiskVolume2\Windows\System32\nsi.dll) WinVerifyTrust
4d30.8e80: supR3HardenedWinVerifyCacheInsert: \Device\HarddiskVolume2\Windows\System32\nsi.dll
4d30.8e80: supR3HardenedWinVerifyCacheProcessImportTodos: Processing 'rpcrt4.dll'...
4d30.8e80: supR3HardenedWinVerifyCacheProcessImportTodos: 'rpcrt4.dll' -> '\Device\HarddiskVolume2\Windows\System32\rpcrt4.dll' [rcNtRedir=0xc0150008]
4d30.8e80: supR3HardenedWinVerifyCacheProcessImportTodos: Processing 'msvcrt.dll'...
4d30.8e80: supR3HardenedWinVerifyCacheProcessImportTodos: 'msvcrt.dll' -> '\Device\HarddiskVolume2\Windows\System32\msvcrt.dll' [rcNtRedir=0xc0150008]
4d30.8e80: supR3HardenedMonitor_LdrLoadDll: pName=C:\Windows\System32\NetSetupEngine.dll (rcNtResolve=0xc0150008) *pfFlags=0x0 pwszSearchPath=0000000000000001:<flags> [calling]
4d30.8e80: supR3HardenedScreenImage/NtCreateSection: cache hit (VINF_SUCCESS) on \Device\HarddiskVolume2\Windows\System32\NetSetupEngine.dll
4d30.8e80: supR3HardenedScreenImage/NtCreateSection: cache hit (VINF_SUCCESS) on \Device\HarddiskVolume2\Windows\System32\winnsi.dll
4d30.8e80: supR3HardenedDllNotificationCallback: load   00007ff948570000 LB 0x0000a000 C:\WINDOWS\System32\NSI.dll [fFlags=0x0]
4d30.8e80: supR3HardenedScreenImage/LdrLoadDll: cache hit (VINF_SUCCESS) on \Device\HarddiskVolume2\Windows\System32\nsi.dll
4d30.8e80: supR3HardenedDllNotificationCallback: load   00007ff944630000 LB 0x0000e000 C:\WINDOWS\SYSTEM32\WINNSI.DLL [fFlags=0x0]
4d30.8e80: supR3HardenedScreenImage/LdrLoadDll: cache hit (VINF_SUCCESS) on \Device\HarddiskVolume2\Windows\System32\winnsi.dll
4d30.8e80: supR3HardenedDllNotificationCallback: load   00007ff8c36d0000 LB 0x000e6000 C:\Windows\System32\NetSetupEngine.dll [fFlags=0x0]
4d30.8e80: supR3HardenedScreenImage/LdrLoadDll: cache hit (VINF_SUCCESS) on \Device\HarddiskVolume2\Windows\System32\NetSetupEngine.dll
4d30.8e80: supR3HardenedMonitor_LdrLoadDll: returns rcNt=0x0 hMod=00007ff8c36d0000 'C:\Windows\System32\NetSetupEngine.dll'
4d30.7a24: supR3HardenedMonitor_LdrLoadDll: returns rcNt=0x0 hMod=00007ff9458c0000 'C:\WINDOWS\system32\rsaenh.dll'
4d30.7a24: supR3HardenedMonitor_LdrLoadDll: returns rcNt=0x0 hMod=00007ff946e90000 'C:\WINDOWS\System32\crypt32.dll'
4d30.7a24: supR3HardenedWinVerifyCacheScheduleImports: Import todo: #0 'vboxrt.dll'.
4d30.7a24: supR3HardenedWinVerifyCacheScheduleImports: Import todo: #3 'user32.dll'.
4d30.7a24: supR3HardenedWinVerifyCacheScheduleImports: Import todo: #4 'shell32.dll'.
4d30.7a24: supR3HardenedWinVerifyCacheScheduleImports: Import todo: #5 'ole32.dll'.
4d30.7a24: supR3HardenedWinVerifyCacheScheduleImports: Import todo: #6 'vcruntime140.dll'.
4d30.7a24: supR3HardenedWinVerifyCacheScheduleImports: Import todo: #7 'vcruntime140_1.dll'.
4d30.7a24: supR3HardenedWinVerifyCacheScheduleImports: Import todo: #8 'msvcp140.dll'.
4d30.7a24: supHardenedWinVerifyImageByHandle: -> 0 (\Device\HarddiskVolume2\Program Files\Oracle\VirtualBox\VBoxSharedClipboard.dll) WinVerifyTrust
4d30.7a24: supR3HardenedWinVerifyCacheInsert: \Device\HarddiskVolume2\Program Files\Oracle\VirtualBox\VBoxSharedClipboard.dll
4d30.7a24: supR3HardenedWinVerifyCacheProcessImportTodos: Processing 'msvcp140.dll'...
4d30.7a24: supR3HardenedWinVerifyCacheProcessImportTodos: 'msvcp140.dll' -> '\Device\HarddiskVolume2\Windows\System32\msvcp140.dll' [rcNtRedir=0xc0150008]
4d30.7a24: supR3HardenedScreenImage/Imports: cache hit (VINF_SUCCESS) on \Device\HarddiskVolume2\Windows\System32\msvcp140.dll
4d30.7a24: supR3HardenedWinVerifyCacheProcessImportTodos: Processing 'vcruntime140_1.dll'...
4d30.7a24: supR3HardenedWinVerifyCacheProcessImportTodos: 'vcruntime140_1.dll' -> '\Device\HarddiskVolume2\Windows\System32\vcruntime140_1.dll' [rcNtRedir=0xc0150008]
4d30.7a24: supR3HardenedWinVerifyCacheProcessImportTodos: Processing 'vcruntime140.dll'...
4d30.7a24: supR3HardenedWinVerifyCacheProcessImportTodos: 'vcruntime140.dll' -> '\Device\HarddiskVolume2\Windows\System32\vcruntime140.dll' [rcNtRedir=0xc0150008]
4d30.7a24: supR3HardenedWinVerifyCacheProcessImportTodos: Processing 'ole32.dll'...
4d30.7a24: supR3HardenedWinVerifyCacheProcessImportTodos: 'ole32.dll' -> '\Device\HarddiskVolume2\Windows\System32\ole32.dll' [rcNtRedir=0xc0150008]
4d30.7a24: supR3HardenedWinVerifyCacheProcessImportTodos: Processing 'shell32.dll'...
4d30.7a24: supR3HardenedWinVerifyCacheProcessImportTodos: 'shell32.dll' -> '\Device\HarddiskVolume2\Windows\System32\shell32.dll' [rcNtRedir=0xc0150008]
4d30.7a24: supR3HardenedScreenImage/Imports: cache hit (VINF_SUCCESS) on \Device\HarddiskVolume2\Windows\System32\shell32.dll
4d30.7a24: supR3HardenedWinVerifyCacheProcessImportTodos: Processing 'user32.dll'...
4d30.7a24: supR3HardenedWinVerifyCacheProcessImportTodos: 'user32.dll' -> '\Device\HarddiskVolume2\Windows\System32\user32.dll' [rcNtRedir=0xc0150008]
4d30.7a24: supR3HardenedWinVerifyCacheProcessImportTodos: Processing 'vboxrt.dll'...
4d30.7a24: supR3HardenedWinVerifyCacheProcessImportTodos: 'vboxrt.dll' -> '\Device\HarddiskVolume2\Program Files\Oracle\VirtualBox\vboxrt.dll' [rcNtRedir=0xc0150008]
4d30.7a24: supR3HardenedMonitor_LdrLoadDll: pName=C:\Program Files\Oracle\VirtualBox\VBoxSharedClipboard.DLL (rcNtResolve=0xc0150008) *pfFlags=0x0 pwszSearchPath=0000000000000001:<flags> [calling]
4d30.7a24: supR3HardenedScreenImage/NtCreateSection: cache hit (VINF_SUCCESS) on \Device\HarddiskVolume2\Program Files\Oracle\VirtualBox\VBoxSharedClipboard.dll
4d30.7a24: supR3HardenedDllNotificationCallback: load   00007ff91ef20000 LB 0x00022000 C:\Program Files\Oracle\VirtualBox\VBoxSharedClipboard.DLL [fFlags=0x0]
4d30.7a24: supR3HardenedScreenImage/LdrLoadDll: cache hit (VINF_SUCCESS) on \Device\HarddiskVolume2\Program Files\Oracle\VirtualBox\VBoxSharedClipboard.dll
4d30.7a24: supR3HardenedMonitor_LdrLoadDll: returns rcNt=0x0 hMod=00007ff91ef20000 'C:\Program Files\Oracle\VirtualBox\VBoxSharedClipboard.DLL'
4d30.8fe0: supR3HardenedMonitor_LdrLoadDll: returns rcNt=0x0 hMod=00007ff9458c0000 'C:\WINDOWS\system32\rsaenh.dll'
4d30.8fe0: supR3HardenedMonitor_LdrLoadDll: returns rcNt=0x0 hMod=00007ff946e90000 'C:\WINDOWS\System32\crypt32.dll'
4d30.8fe0: supR3HardenedWinVerifyCacheScheduleImports: Import todo: #0 'vboxrt.dll'.
4d30.8fe0: supR3HardenedWinVerifyCacheScheduleImports: Import todo: #2 'vcruntime140.dll'.
4d30.8fe0: supR3HardenedWinVerifyCacheScheduleImports: Import todo: #3 'vcruntime140_1.dll'.
4d30.8fe0: supR3HardenedWinVerifyCacheScheduleImports: Import todo: #4 'msvcp140.dll'.
4d30.8fe0: supHardenedWinVerifyImageByHandle: -> 0 (\Device\HarddiskVolume2\Program Files\Oracle\VirtualBox\VBoxDragAndDropSvc.dll) WinVerifyTrust
4d30.8fe0: supR3HardenedWinVerifyCacheInsert: \Device\HarddiskVolume2\Program Files\Oracle\VirtualBox\VBoxDragAndDropSvc.dll
4d30.8fe0: supR3HardenedWinVerifyCacheProcessImportTodos: Processing 'msvcp140.dll'...
4d30.8fe0: supR3HardenedWinVerifyCacheProcessImportTodos: 'msvcp140.dll' -> '\Device\HarddiskVolume2\Windows\System32\msvcp140.dll' [rcNtRedir=0xc0150008]
4d30.8fe0: supR3HardenedWinVerifyCacheProcessImportTodos: Processing 'vcruntime140_1.dll'...
4d30.8fe0: supR3HardenedWinVerifyCacheProcessImportTodos: 'vcruntime140_1.dll' -> '\Device\HarddiskVolume2\Windows\System32\vcruntime140_1.dll' [rcNtRedir=0xc0150008]
4d30.8fe0: supR3HardenedScreenImage/Imports: cache hit (VINF_SUCCESS) on \Device\HarddiskVolume2\Windows\System32\vcruntime140_1.dll
4d30.8fe0: supR3HardenedWinVerifyCacheProcessImportTodos: Processing 'vcruntime140.dll'...
4d30.8fe0: supR3HardenedWinVerifyCacheProcessImportTodos: 'vcruntime140.dll' -> '\Device\HarddiskVolume2\Windows\System32\vcruntime140.dll' [rcNtRedir=0xc0150008]
4d30.8fe0: supR3HardenedWinVerifyCacheProcessImportTodos: Processing 'vboxrt.dll'...
4d30.8fe0: supR3HardenedWinVerifyCacheProcessImportTodos: 'vboxrt.dll' -> '\Device\HarddiskVolume2\Program Files\Oracle\VirtualBox\vboxrt.dll' [rcNtRedir=0xc0150008]
4d30.8fe0: supR3HardenedMonitor_LdrLoadDll: pName=C:\Program Files\Oracle\VirtualBox\VBoxDragAndDropSvc.DLL (rcNtResolve=0xc0150008) *pfFlags=0x0 pwszSearchPath=0000000000000001:<flags> [calling]
4d30.8fe0: supR3HardenedScreenImage/NtCreateSection: cache hit (VINF_SUCCESS) on \Device\HarddiskVolume2\Program Files\Oracle\VirtualBox\VBoxDragAndDropSvc.dll
4d30.8fe0: supR3HardenedDllNotificationCallback: load   00007ff92e810000 LB 0x0000d000 C:\Program Files\Oracle\VirtualBox\VBoxDragAndDropSvc.DLL [fFlags=0x0]
4d30.8fe0: supR3HardenedScreenImage/LdrLoadDll: cache hit (VINF_SUCCESS) on \Device\HarddiskVolume2\Program Files\Oracle\VirtualBox\VBoxDragAndDropSvc.dll
4d30.8fe0: supR3HardenedMonitor_LdrLoadDll: returns rcNt=0x0 hMod=00007ff92e810000 'C:\Program Files\Oracle\VirtualBox\VBoxDragAndDropSvc.DLL'
4d30.8e80: supR3HardenedMonitor_LdrLoadDll: returns rcNt=0x0 hMod=00007ff948f90000 'C:\WINDOWS\system32\Shell32.dll'
4d30.8e80: supR3HardNtViCallWinVerifyTrustCatFile: hFile=0000000000001248 pwszName=\Device\HarddiskVolume2\Windows\System32\WinHvPlatform.dll
4d30.8e80: supR3HardNtViCallWinVerifyTrustCatFile: Cached context 0000024e751a9aa0
4d30.8e80: supR3HardNtViCallWinVerifyTrustCatFile: hCatAdmin=0000024e751a9aa0
4d30.8e80: supR3HardNtViCallWinVerifyTrustCatFile: cbHash=20 wszDigest=9F9310DDD773827A63A1F3F156518AABB04594E7
4d30.8e80: supR3HardenedMonitor_LdrLoadDll: returns rcNt=0x0 hMod=00007ff9458c0000 'C:\WINDOWS\system32\rsaenh.dll'
4d30.8e80: supR3HardenedMonitor_LdrLoadDll: returns rcNt=0x0 hMod=00007ff946e90000 'C:\WINDOWS\System32\crypt32.dll'
4d30.8e80: supR3HardNtViCallWinVerifyTrustCatFile: WinVerifyTrust => 0x0; cat='C:\WINDOWS\system32\CatRoot\{F750E6C3-38EE-11D1-85E5-00C04FC295EE}\Microsoft-Windows-Client-Features-Package~31bf3856ad364e35~amd64~~10.0.26100.8246.cat'; file='\Device\HarddiskVolume2\Windows\System32\WinHvPlatform.dll'
4d30.8e80: supR3HardNtViCallWinVerifyTrustCatFile -> 0 (org 22900)
4d30.8e80: supR3HardenedWinVerifyCacheScheduleImports: Import todo: #27 'devobj.dll'.
4d30.8e80: supHardenedWinVerifyImageByHandle: -> 0 (\Device\HarddiskVolume2\Windows\System32\WinHvPlatform.dll) WinVerifyTrust
4d30.8e80: supR3HardenedWinVerifyCacheInsert: \Device\HarddiskVolume2\Windows\System32\WinHvPlatform.dll
4d30.8e80: supR3HardenedWinVerifyCacheProcessImportTodos: Processing 'devobj.dll'...
4d30.8e80: supR3HardenedWinVerifyCacheProcessImportTodos: 'devobj.dll' -> '\Device\HarddiskVolume2\Windows\System32\devobj.dll' [rcNtRedir=0xc0150008]
4d30.8e80: supR3HardenedScreenImage/Imports: cache hit (VINF_SUCCESS) on \Device\HarddiskVolume2\Windows\System32\devobj.dll
4d30.8e80: supR3HardenedMonitor_LdrLoadDll: pName=C:\WINDOWS\system32\WinHvPlatform.dll (rcNtResolve=0xc0150008) *pfFlags=0x0 pwszSearchPath=0000000000000001:<flags> [calling]
4d30.8e80: supR3HardenedScreenImage/NtCreateSection: cache hit (VINF_SUCCESS) on \Device\HarddiskVolume2\Windows\System32\WinHvPlatform.dll
4d30.8e80: supR3HardenedDllNotificationCallback: load   00007ff91a6e0000 LB 0x00060000 C:\WINDOWS\system32\WinHvPlatform.dll [fFlags=0x0]
4d30.8e80: supR3HardenedScreenImage/LdrLoadDll: cache hit (VINF_SUCCESS) on \Device\HarddiskVolume2\Windows\System32\WinHvPlatform.dll
4d30.8e80: supR3HardenedMonitor_LdrLoadDll: returns rcNt=0x0 hMod=00007ff91a6e0000 'C:\WINDOWS\system32\WinHvPlatform.dll'
4d30.8e80: supR3HardenedMonitor_LdrLoadDll: returns rcNt=0x0 hMod=00007ff9458c0000 'C:\WINDOWS\system32\rsaenh.dll'
4d30.8e80: supR3HardenedMonitor_LdrLoadDll: returns rcNt=0x0 hMod=00007ff946e90000 'C:\WINDOWS\System32\crypt32.dll'
4d30.8e80: supHardenedWinVerifyImageByHandle: -> 0 (\Device\HarddiskVolume2\Windows\System32\vid.dll) WinVerifyTrust
4d30.8e80: supR3HardenedWinVerifyCacheInsert: \Device\HarddiskVolume2\Windows\System32\vid.dll
4d30.8e80: supR3HardenedMonitor_LdrLoadDll: pName=C:\WINDOWS\system32\vid.dll (rcNtResolve=0xc0150008) *pfFlags=0x0 pwszSearchPath=0000000000000001:<flags> [calling]
4d30.8e80: supR3HardenedScreenImage/NtCreateSection: cache hit (VINF_SUCCESS) on \Device\HarddiskVolume2\Windows\System32\vid.dll
4d30.8e80: supR3HardenedDllNotificationCallback: load   00007ff91a530000 LB 0x0003e000 C:\WINDOWS\system32\vid.dll [fFlags=0x0]
4d30.8e80: supR3HardenedScreenImage/LdrLoadDll: cache hit (VINF_SUCCESS) on \Device\HarddiskVolume2\Windows\System32\vid.dll
4d30.8e80: supR3HardenedMonitor_LdrLoadDll: returns rcNt=0x0 hMod=00007ff91a530000 'C:\WINDOWS\system32\vid.dll'
4d30.8e80: supR3HardenedMonitor_LdrLoadDll: returns rcNt=0x0 hMod=00007ff9458c0000 'C:\WINDOWS\system32\rsaenh.dll'
4d30.8e80: supR3HardenedMonitor_LdrLoadDll: returns rcNt=0x0 hMod=00007ff946e90000 'C:\WINDOWS\System32\crypt32.dll'
4d30.8e80: '\Device\HarddiskVolume2\Windows\System32\ntdll.dll' has no imports
4d30.8e80: supHardenedWinVerifyImageByHandle: -> 0 (\Device\HarddiskVolume2\Windows\System32\ntdll.dll) WinVerifyTrust
4d30.8e80: supR3HardenedWinVerifyCacheInsert: \Device\HarddiskVolume2\Windows\System32\ntdll.dll
4d30.8e80: supR3HardenedMonitor_LdrLoadDll: pName=C:\WINDOWS\system32\NTDLL.DLL (rcNtResolve=0xc0150008) *pfFlags=0x0 pwszSearchPath=0000000000000001:<flags> [calling]
4d30.8e80: supR3HardenedMonitor_LdrLoadDll: returns rcNt=0x0 hMod=00007ff94a320000 'C:\WINDOWS\system32\NTDLL.DLL'
4d30.8e80: supR3HardenedMonitor_LdrLoadDll: returns rcNt=0x0 hMod=00007ff9458c0000 'C:\WINDOWS\system32\rsaenh.dll'
4d30.8e80: supR3HardenedMonitor_LdrLoadDll: returns rcNt=0x0 hMod=00007ff946e90000 'C:\WINDOWS\System32\crypt32.dll'
4d30.8e80: supR3HardenedMonitor_LdrLoadDll: returns rcNt=0x0 hMod=00007ff9458c0000 'C:\WINDOWS\system32\rsaenh.dll'
4d30.8e80: supR3HardenedMonitor_LdrLoadDll: returns rcNt=0x0 hMod=00007ff946e90000 'C:\WINDOWS\System32\crypt32.dll'
4d30.8e80: supR3HardenedWinVerifyCacheScheduleImports: Import todo: #0 'vboxrt.dll'.
4d30.8e80: supR3HardenedWinVerifyCacheScheduleImports: Import todo: #1 'vboxddu.dll'.
4d30.8e80: supR3HardenedWinVerifyCacheScheduleImports: Import todo: #2 'vboxdd2.dll'.
4d30.8e80: supR3HardenedWinVerifyCacheScheduleImports: Import todo: #4 'user32.dll'.
4d30.8e80: supR3HardenedWinVerifyCacheScheduleImports: Import todo: #5 'setupapi.dll'.
4d30.8e80: supR3HardenedWinVerifyCacheScheduleImports: Import todo: #6 'ws2_32.dll'.
4d30.8e80: supR3HardenedWinVerifyCacheScheduleImports: Import todo: #7 'ole32.dll'.
4d30.8e80: supR3HardenedWinVerifyCacheScheduleImports: Import todo: #8 'oleaut32.dll'.
4d30.8e80: supR3HardenedWinVerifyCacheScheduleImports: Import todo: #9 'iphlpapi.dll'.
4d30.8e80: supR3HardenedWinVerifyCacheScheduleImports: Import todo: #21 'vcruntime140.dll'.
4d30.8e80: supR3HardenedWinVerifyCacheScheduleImports: Import todo: #22 'vcruntime140_1.dll'.
4d30.8e80: supHardenedWinVerifyImageByHandle: -> 0 (\Device\HarddiskVolume2\Program Files\Oracle\VirtualBox\VBoxDD.dll) WinVerifyTrust
4d30.8e80: supR3HardenedWinVerifyCacheInsert: \Device\HarddiskVolume2\Program Files\Oracle\VirtualBox\VBoxDD.dll
4d30.8e80: supR3HardenedWinVerifyCacheProcessImportTodos: Processing 'vcruntime140_1.dll'...
4d30.8e80: supR3HardenedWinVerifyCacheProcessImportTodos: 'vcruntime140_1.dll' -> '\Device\HarddiskVolume2\Windows\System32\vcruntime140_1.dll' [rcNtRedir=0xc0150008]
4d30.8e80: supR3HardenedWinVerifyCacheProcessImportTodos: Processing 'vcruntime140.dll'...
4d30.8e80: supR3HardenedWinVerifyCacheProcessImportTodos: 'vcruntime140.dll' -> '\Device\HarddiskVolume2\Windows\System32\vcruntime140.dll' [rcNtRedir=0xc0150008]
4d30.8e80: supR3HardenedWinVerifyCacheProcessImportTodos: Processing 'iphlpapi.dll'...
4d30.8e80: supR3HardenedWinVerifyCacheProcessImportTodos: 'iphlpapi.dll' -> '\Device\HarddiskVolume2\Windows\System32\iphlpapi.dll' [rcNtRedir=0xc0150008]
4d30.8e80: supR3HardenedMonitor_LdrLoadDll: returns rcNt=0x0 hMod=00007ff9458c0000 'C:\WINDOWS\system32\rsaenh.dll'
4d30.8e80: supR3HardenedMonitor_LdrLoadDll: returns rcNt=0x0 hMod=00007ff946e90000 'C:\WINDOWS\System32\crypt32.dll'
4d30.8e80: supHardenedWinVerifyImageByHandle: -> 0 (\Device\HarddiskVolume2\Windows\System32\IPHLPAPI.DLL) WinVerifyTrust
4d30.8e80: supR3HardenedWinVerifyCacheInsert: \Device\HarddiskVolume2\Windows\System32\IPHLPAPI.DLL
4d30.8e80: supR3HardenedWinVerifyCacheProcessImportTodos: Processing 'oleaut32.dll'...
4d30.8e80: supR3HardenedWinVerifyCacheProcessImportTodos: 'oleaut32.dll' -> '\Device\HarddiskVolume2\Windows\System32\oleaut32.dll' [rcNtRedir=0xc0150008]
4d30.8e80: supR3HardenedWinVerifyCacheProcessImportTodos: Processing 'ole32.dll'...
4d30.8e80: supR3HardenedWinVerifyCacheProcessImportTodos: 'ole32.dll' -> '\Device\HarddiskVolume2\Windows\System32\ole32.dll' [rcNtRedir=0xc0150008]
4d30.8e80: supR3HardenedWinVerifyCacheProcessImportTodos: Processing 'ws2_32.dll'...
4d30.8e80: supR3HardenedWinVerifyCacheProcessImportTodos: 'ws2_32.dll' -> '\Device\HarddiskVolume2\Windows\System32\ws2_32.dll' [rcNtRedir=0xc0150008]
4d30.8e80: supR3HardenedScreenImage/Imports: cache hit (VINF_SUCCESS) on \Device\HarddiskVolume2\Windows\System32\ws2_32.dll
4d30.8e80: supR3HardenedWinVerifyCacheProcessImportTodos: Processing 'setupapi.dll'...
4d30.8e80: supR3HardenedWinVerifyCacheProcessImportTodos: 'setupapi.dll' -> '\Device\HarddiskVolume2\Windows\System32\setupapi.dll' [rcNtRedir=0xc0150008]
4d30.8e80: supR3HardenedScreenImage/Imports: cache hit (VINF_SUCCESS) on \Device\HarddiskVolume2\Windows\System32\setupapi.dll
4d30.8e80: supR3HardenedWinVerifyCacheProcessImportTodos: Processing 'user32.dll'...
4d30.8e80: supR3HardenedWinVerifyCacheProcessImportTodos: 'user32.dll' -> '\Device\HarddiskVolume2\Windows\System32\user32.dll' [rcNtRedir=0xc0150008]
4d30.8e80: supR3HardenedWinVerifyCacheProcessImportTodos: Processing 'vboxdd2.dll'...
4d30.8e80: supR3HardenedWinVerifyCacheProcessImportTodos: 'vboxdd2.dll' -> '\Device\HarddiskVolume2\Program Files\Oracle\VirtualBox\vboxdd2.dll' [rcNtRedir=0xc0150008]
4d30.8e80: supR3HardenedMonitor_LdrLoadDll: returns rcNt=0x0 hMod=00007ff9458c0000 'C:\WINDOWS\system32\rsaenh.dll'
4d30.8e80: supR3HardenedMonitor_LdrLoadDll: returns rcNt=0x0 hMod=00007ff946e90000 'C:\WINDOWS\System32\crypt32.dll'
4d30.8e80: supR3HardenedWinVerifyCacheScheduleImports: Import todo: #0 'vboxrt.dll'.
4d30.8e80: supR3HardenedWinVerifyCacheScheduleImports: Import todo: #3 'vcruntime140.dll'.
4d30.8e80: supHardenedWinVerifyImageByHandle: -> 0 (\Device\HarddiskVolume2\Program Files\Oracle\VirtualBox\VBoxDD2.dll) WinVerifyTrust
4d30.8e80: supR3HardenedWinVerifyCacheInsert: \Device\HarddiskVolume2\Program Files\Oracle\VirtualBox\VBoxDD2.dll
4d30.8e80: supR3HardenedWinVerifyCacheProcessImportTodos: Processing 'vboxddu.dll'...
4d30.8e80: supR3HardenedWinVerifyCacheProcessImportTodos: 'vboxddu.dll' -> '\Device\HarddiskVolume2\Program Files\Oracle\VirtualBox\vboxddu.dll' [rcNtRedir=0xc0150008]
4d30.8e80: supR3HardenedWinVerifyCacheProcessImportTodos: Processing 'vcruntime140.dll'...
4d30.8e80: supR3HardenedWinVerifyCacheProcessImportTodos: 'vcruntime140.dll' -> '\Device\HarddiskVolume2\Windows\System32\vcruntime140.dll' [rcNtRedir=0xc0150008]
4d30.8e80: supR3HardenedWinVerifyCacheProcessImportTodos: Processing 'vboxrt.dll'...
4d30.8e80: supR3HardenedWinVerifyCacheProcessImportTodos: 'vboxrt.dll' -> '\Device\HarddiskVolume2\Program Files\Oracle\VirtualBox\vboxrt.dll' [rcNtRedir=0xc0150008]
4d30.8e80: supR3HardenedMonitor_LdrLoadDll: returns rcNt=0x0 hMod=00007ff9458c0000 'C:\WINDOWS\system32\rsaenh.dll'
4d30.8e80: supR3HardenedMonitor_LdrLoadDll: returns rcNt=0x0 hMod=00007ff946e90000 'C:\WINDOWS\System32\crypt32.dll'
4d30.8e80: supR3HardenedWinVerifyCacheScheduleImports: Import todo: #0 'vboxrt.dll'.
4d30.8e80: supR3HardenedWinVerifyCacheScheduleImports: Import todo: #2 'user32.dll'.
4d30.8e80: supR3HardenedWinVerifyCacheScheduleImports: Import todo: #3 'setupapi.dll'.
4d30.8e80: supR3HardenedWinVerifyCacheScheduleImports: Import todo: #5 'vcruntime140.dll'.
4d30.8e80: supR3HardenedWinVerifyCacheScheduleImports: Import todo: #6 'advapi32.dll'.
4d30.8e80: supHardenedWinVerifyImageByHandle: -> 0 (\Device\HarddiskVolume2\Program Files\Oracle\VirtualBox\VBoxDDU.dll) WinVerifyTrust
4d30.8e80: supR3HardenedWinVerifyCacheInsert: \Device\HarddiskVolume2\Program Files\Oracle\VirtualBox\VBoxDDU.dll
4d30.8e80: supR3HardenedWinVerifyCacheProcessImportTodos: Processing 'vboxrt.dll'...
4d30.8e80: supR3HardenedWinVerifyCacheProcessImportTodos: 'vboxrt.dll' -> '\Device\HarddiskVolume2\Program Files\Oracle\VirtualBox\vboxrt.dll' [rcNtRedir=0xc0150008]
4d30.8e80: supR3HardenedWinVerifyCacheProcessImportTodos: Processing 'advapi32.dll'...
4d30.8e80: supR3HardenedWinVerifyCacheProcessImportTodos: 'advapi32.dll' -> '\Device\HarddiskVolume2\Windows\System32\advapi32.dll' [rcNtRedir=0xc0150008]
4d30.8e80: supR3HardenedWinVerifyCacheProcessImportTodos: Processing 'vcruntime140.dll'...
4d30.8e80: supR3HardenedWinVerifyCacheProcessImportTodos: 'vcruntime140.dll' -> '\Device\HarddiskVolume2\Windows\System32\vcruntime140.dll' [rcNtRedir=0xc0150008]
4d30.8e80: supR3HardenedWinVerifyCacheProcessImportTodos: Processing 'setupapi.dll'...
4d30.8e80: supR3HardenedWinVerifyCacheProcessImportTodos: 'setupapi.dll' -> '\Device\HarddiskVolume2\Windows\System32\setupapi.dll' [rcNtRedir=0xc0150008]
4d30.8e80: supR3HardenedScreenImage/Imports: cache hit (VINF_SUCCESS) on \Device\HarddiskVolume2\Windows\System32\setupapi.dll
4d30.8e80: supR3HardenedWinVerifyCacheProcessImportTodos: Processing 'user32.dll'...
4d30.8e80: supR3HardenedWinVerifyCacheProcessImportTodos: 'user32.dll' -> '\Device\HarddiskVolume2\Windows\System32\user32.dll' [rcNtRedir=0xc0150008]
4d30.8e80: supR3HardenedWinVerifyCacheProcessImportTodos: Processing 'vboxrt.dll'...
4d30.8e80: supR3HardenedWinVerifyCacheProcessImportTodos: 'vboxrt.dll' -> '\Device\HarddiskVolume2\Program Files\Oracle\VirtualBox\vboxrt.dll' [rcNtRedir=0xc0150008]
4d30.8e80: supR3HardenedMonitor_LdrLoadDll: pName=C:\Program Files\Oracle\VirtualBox\VBoxDD.DLL (rcNtResolve=0xc0150008) *pfFlags=0x0 pwszSearchPath=0000000000000001:<flags> [calling]
4d30.8e80: supR3HardenedScreenImage/NtCreateSection: cache hit (VINF_SUCCESS) on \Device\HarddiskVolume2\Program Files\Oracle\VirtualBox\VBoxDD.dll
4d30.8e80: supR3HardenedScreenImage/NtCreateSection: cache hit (VINF_SUCCESS) on \Device\HarddiskVolume2\Program Files\Oracle\VirtualBox\VBoxDDU.dll
4d30.8e80: supR3HardenedScreenImage/NtCreateSection: cache hit (VINF_SUCCESS) on \Device\HarddiskVolume2\Program Files\Oracle\VirtualBox\VBoxDD2.dll
4d30.8e80: supR3HardenedScreenImage/NtCreateSection: cache hit (VINF_SUCCESS) on \Device\HarddiskVolume2\Windows\System32\IPHLPAPI.DLL
4d30.8e80: supR3HardenedDllNotificationCallback: load   00007ff8c7fa0000 LB 0x00073000 C:\Program Files\Oracle\VirtualBox\VBoxDDU.dll [fFlags=0x0]
4d30.8e80: supR3HardenedScreenImage/LdrLoadDll: cache hit (VINF_SUCCESS) on \Device\HarddiskVolume2\Program Files\Oracle\VirtualBox\VBoxDDU.dll
4d30.8e80: supR3HardenedDllNotificationCallback: load   00007ff83d060000 LB 0x00e5e000 C:\Program Files\Oracle\VirtualBox\VBoxDD2.dll [fFlags=0x0]
4d30.8e80: supR3HardenedScreenImage/LdrLoadDll: cache hit (VINF_SUCCESS) on \Device\HarddiskVolume2\Program Files\Oracle\VirtualBox\VBoxDD2.dll
4d30.8e80: supR3HardenedDllNotificationCallback: load   00007ff945330000 LB 0x00032000 C:\WINDOWS\SYSTEM32\IPHLPAPI.DLL [fFlags=0x0]
4d30.8e80: supR3HardenedScreenImage/LdrLoadDll: cache hit (VINF_SUCCESS) on \Device\HarddiskVolume2\Windows\System32\IPHLPAPI.DLL
4d30.8e80: supR3HardenedDllNotificationCallback: load   00007ff8c0320000 LB 0x00ae2000 C:\Program Files\Oracle\VirtualBox\VBoxDD.DLL [fFlags=0x0]
4d30.8e80: supR3HardenedScreenImage/LdrLoadDll: cache hit (VINF_SUCCESS) on \Device\HarddiskVolume2\Program Files\Oracle\VirtualBox\VBoxDD.dll
4d30.8e80: supR3HardenedMonitor_LdrLoadDll: returns rcNt=0x0 hMod=00007ff8c0320000 'C:\Program Files\Oracle\VirtualBox\VBoxDD.DLL'
4d30.8e80: supR3HardenedMonitor_LdrLoadDll: returns rcNt=0x0 hMod=00007ff9458c0000 'C:\WINDOWS\system32\rsaenh.dll'
4d30.8e80: supR3HardenedMonitor_LdrLoadDll: returns rcNt=0x0 hMod=00007ff946e90000 'C:\WINDOWS\System32\crypt32.dll'
4d30.8e80: supR3HardenedScreenImage/LdrLoadDll: cache hit (VINF_SUCCESS) on \Device\HarddiskVolume2\Program Files\Oracle\VirtualBox\VBoxC.dll
4d30.8e80: supR3HardenedMonitor_LdrLoadDll: pName=C:\Program Files\Oracle\VirtualBox\VBoxC.DLL (rcNtResolve=0xc0150008) *pfFlags=0x0 pwszSearchPath=0000000000000001:<flags> [calling]
4d30.8e80: supR3HardenedMonitor_LdrLoadDll: returns rcNt=0x0 hMod=00007ff8c8020000 'C:\Program Files\Oracle\VirtualBox\VBoxC.DLL'
4d30.8e80: supR3HardenedMonitor_LdrLoadDll: returns rcNt=0x0 hMod=00007ff9458c0000 'C:\WINDOWS\system32\rsaenh.dll'
4d30.8e80: supR3HardenedMonitor_LdrLoadDll: returns rcNt=0x0 hMod=00007ff946e90000 'C:\WINDOWS\System32\crypt32.dll'
4d30.8e80: supR3HardenedScreenImage/LdrLoadDll: cache hit (VINF_SUCCESS) on \Device\HarddiskVolume2\Program Files\Oracle\VirtualBox\VBoxDD2.dll
4d30.8e80: supR3HardenedMonitor_LdrLoadDll: pName=C:\Program Files\Oracle\VirtualBox\VBoxDD2.DLL (rcNtResolve=0xc0150008) *pfFlags=0x0 pwszSearchPath=0000000000000001:<flags> [calling]
4d30.8e80: supR3HardenedMonitor_LdrLoadDll: returns rcNt=0x0 hMod=00007ff83d060000 'C:\Program Files\Oracle\VirtualBox\VBoxDD2.DLL'
4d30.8e80: supR3HardenedMonitor_LdrLoadDll: returns rcNt=0x0 hMod=00007ff9458c0000 'C:\WINDOWS\system32\rsaenh.dll'
4d30.8e80: supR3HardenedMonitor_LdrLoadDll: returns rcNt=0x0 hMod=00007ff946e90000 'C:\WINDOWS\System32\crypt32.dll'
4d30.8e80: \Device\HarddiskVolume2\Program Files\Oracle\VirtualBox\ExtensionPacks\Oracle_VirtualBox_Extension_Pack\win.amd64\VBoxUsbCardReaderR3.dll: Owner is administrators group.
4d30.8e80: supR3HardenedMonitor_LdrLoadDll: returns rcNt=0x0 hMod=00007ff9458c0000 'C:\WINDOWS\system32\rsaenh.dll'
4d30.8e80: supR3HardenedMonitor_LdrLoadDll: returns rcNt=0x0 hMod=00007ff946e90000 'C:\WINDOWS\System32\crypt32.dll'
4d30.8e80: supR3HardenedWinVerifyCacheScheduleImports: Import todo: #1 'vcruntime140.dll'.
4d30.8e80: supR3HardenedWinVerifyCacheScheduleImports: Import todo: #2 'vboxrt.dll'.
4d30.8e80: supHardenedWinVerifyImageByHandle: -> 0 (\Device\HarddiskVolume2\Program Files\Oracle\VirtualBox\ExtensionPacks\Oracle_VirtualBox_Extension_Pack\win.amd64\VBoxUsbCardReaderR3.dll) WinVerifyTrust
4d30.8e80: supR3HardenedWinVerifyCacheInsert: \Device\HarddiskVolume2\Program Files\Oracle\VirtualBox\ExtensionPacks\Oracle_VirtualBox_Extension_Pack\win.amd64\VBoxUsbCardReaderR3.dll
4d30.8e80: supR3HardenedWinVerifyCacheProcessImportTodos: Processing 'vboxrt.dll'...
4d30.8e80: supR3HardenedWinVerifyCacheProcessImportTodos: 'vboxrt.dll' -> '\Device\HarddiskVolume2\Program Files\Oracle\VirtualBox\vboxrt.dll' [rcNtRedir=0xc0150008]
4d30.8e80: supR3HardenedWinVerifyCacheProcessImportTodos: Processing 'vcruntime140.dll'...
4d30.8e80: supR3HardenedWinVerifyCacheProcessImportTodos: 'vcruntime140.dll' -> '\Device\HarddiskVolume2\Windows\System32\vcruntime140.dll' [rcNtRedir=0xc0150008]
4d30.8e80: supR3HardenedMonitor_LdrLoadDll: pName=C:\Program Files\Oracle\VirtualBox\ExtensionPacks\Oracle_VirtualBox_Extension_Pack\win.amd64\VBoxUsbCardReaderR3.DLL (rcNtResolve=0xc0150008) *pfFlags=0x0 pwszSearchPath=0000000000000001:<flags> [calling]
4d30.8e80: supR3HardenedScreenImage/NtCreateSection: cache hit (VINF_SUCCESS) on \Device\HarddiskVolume2\Program Files\Oracle\VirtualBox\ExtensionPacks\Oracle_VirtualBox_Extension_Pack\win.amd64\VBoxUsbCardReaderR3.dll
4d30.8e80: supR3HardenedDllNotificationCallback: load   00007ff928580000 LB 0x00013000 C:\Program Files\Oracle\VirtualBox\ExtensionPacks\Oracle_VirtualBox_Extension_Pack\win.amd64\VBoxUsbCardReaderR3.DLL [fFlags=0x0]
4d30.8e80: supR3HardenedScreenImage/LdrLoadDll: cache hit (VINF_SUCCESS) on \Device\HarddiskVolume2\Program Files\Oracle\VirtualBox\ExtensionPacks\Oracle_VirtualBox_Extension_Pack\win.amd64\VBoxUsbCardReaderR3.dll
4d30.8e80: supR3HardenedMonitor_LdrLoadDll: returns rcNt=0x0 hMod=00007ff928580000 'C:\Program Files\Oracle\VirtualBox\ExtensionPacks\Oracle_VirtualBox_Extension_Pack\win.amd64\VBoxUsbCardReaderR3.DLL'
4d30.7f00: supR3HardenedMonitor_LdrLoadDll: returns rcNt=0x0 hMod=00007ff9458c0000 'C:\WINDOWS\system32\rsaenh.dll'
4d30.7f00: supR3HardenedMonitor_LdrLoadDll: returns rcNt=0x0 hMod=00007ff946e90000 'C:\WINDOWS\System32\crypt32.dll'
4d30.7f00: supR3HardenedWinVerifyCacheScheduleImports: Import todo: #0 'vboxrt.dll'.
4d30.7f00: supR3HardenedWinVerifyCacheScheduleImports: Import todo: #1 'vcruntime140.dll'.
4d30.7f00: supHardenedWinVerifyImageByHandle: -> 0 (\Device\HarddiskVolume2\Program Files\Oracle\VirtualBox\VBoxSharedFolders.dll) WinVerifyTrust
4d30.7f00: supR3HardenedWinVerifyCacheInsert: \Device\HarddiskVolume2\Program Files\Oracle\VirtualBox\VBoxSharedFolders.dll
4d30.7f00: supR3HardenedWinVerifyCacheProcessImportTodos: Processing 'vcruntime140.dll'...
4d30.7f00: supR3HardenedWinVerifyCacheProcessImportTodos: 'vcruntime140.dll' -> '\Device\HarddiskVolume2\Windows\System32\vcruntime140.dll' [rcNtRedir=0xc0150008]
4d30.7f00: supR3HardenedWinVerifyCacheProcessImportTodos: Processing 'vboxrt.dll'...
4d30.7f00: supR3HardenedWinVerifyCacheProcessImportTodos: 'vboxrt.dll' -> '\Device\HarddiskVolume2\Program Files\Oracle\VirtualBox\vboxrt.dll' [rcNtRedir=0xc0150008]
4d30.7f00: supR3HardenedMonitor_LdrLoadDll: pName=C:\Program Files\Oracle\VirtualBox\VBoxSharedFolders.DLL (rcNtResolve=0xc0150008) *pfFlags=0x0 pwszSearchPath=0000000000000001:<flags> [calling]
4d30.7f00: supR3HardenedScreenImage/NtCreateSection: cache hit (VINF_SUCCESS) on \Device\HarddiskVolume2\Program Files\Oracle\VirtualBox\VBoxSharedFolders.dll
4d30.7f00: supR3HardenedDllNotificationCallback: load   00007ff928520000 LB 0x00015000 C:\Program Files\Oracle\VirtualBox\VBoxSharedFolders.DLL [fFlags=0x0]
4d30.7f00: supR3HardenedScreenImage/LdrLoadDll: cache hit (VINF_SUCCESS) on \Device\HarddiskVolume2\Program Files\Oracle\VirtualBox\VBoxSharedFolders.dll
4d30.7f00: supR3HardenedMonitor_LdrLoadDll: returns rcNt=0x0 hMod=00007ff928520000 'C:\Program Files\Oracle\VirtualBox\VBoxSharedFolders.DLL'
4d30.7e90: supR3HardenedMonitor_LdrLoadDll: returns rcNt=0x0 hMod=00007ff9458c0000 'C:\WINDOWS\system32\rsaenh.dll'
4d30.7e90: supR3HardenedMonitor_LdrLoadDll: returns rcNt=0x0 hMod=00007ff946e90000 'C:\WINDOWS\System32\crypt32.dll'
4d30.7e90: supR3HardenedWinVerifyCacheScheduleImports: Import todo: #0 'vboxrt.dll'.
4d30.7e90: supR3HardenedWinVerifyCacheScheduleImports: Import todo: #2 'vcruntime140.dll'.
4d30.7e90: supR3HardenedWinVerifyCacheScheduleImports: Import todo: #3 'vcruntime140_1.dll'.
4d30.7e90: supR3HardenedWinVerifyCacheScheduleImports: Import todo: #4 'msvcp140.dll'.
4d30.7e90: supHardenedWinVerifyImageByHandle: -> 0 (\Device\HarddiskVolume2\Program Files\Oracle\VirtualBox\VBoxGuestControlSvc.dll) WinVerifyTrust
4d30.7e90: supR3HardenedWinVerifyCacheInsert: \Device\HarddiskVolume2\Program Files\Oracle\VirtualBox\VBoxGuestControlSvc.dll
4d30.7e90: supR3HardenedWinVerifyCacheProcessImportTodos: Processing 'msvcp140.dll'...
4d30.7e90: supR3HardenedWinVerifyCacheProcessImportTodos: 'msvcp140.dll' -> '\Device\HarddiskVolume2\Windows\System32\msvcp140.dll' [rcNtRedir=0xc0150008]
4d30.7e90: supR3HardenedWinVerifyCacheProcessImportTodos: Processing 'vcruntime140_1.dll'...
4d30.7e90: supR3HardenedWinVerifyCacheProcessImportTodos: 'vcruntime140_1.dll' -> '\Device\HarddiskVolume2\Windows\System32\vcruntime140_1.dll' [rcNtRedir=0xc0150008]
4d30.7e90: supR3HardenedWinVerifyCacheProcessImportTodos: Processing 'vcruntime140.dll'...
4d30.7e90: supR3HardenedWinVerifyCacheProcessImportTodos: 'vcruntime140.dll' -> '\Device\HarddiskVolume2\Windows\System32\vcruntime140.dll' [rcNtRedir=0xc0150008]
4d30.7e90: supR3HardenedWinVerifyCacheProcessImportTodos: Processing 'vboxrt.dll'...
4d30.7e90: supR3HardenedWinVerifyCacheProcessImportTodos: 'vboxrt.dll' -> '\Device\HarddiskVolume2\Program Files\Oracle\VirtualBox\vboxrt.dll' [rcNtRedir=0xc0150008]
4d30.7e90: supR3HardenedMonitor_LdrLoadDll: pName=C:\Program Files\Oracle\VirtualBox\VBoxGuestControlSvc.DLL (rcNtResolve=0xc0150008) *pfFlags=0x0 pwszSearchPath=0000000000000001:<flags> [calling]
4d30.7e90: supR3HardenedScreenImage/NtCreateSection: cache hit (VINF_SUCCESS) on \Device\HarddiskVolume2\Program Files\Oracle\VirtualBox\VBoxGuestControlSvc.dll
4d30.7e90: supR3HardenedDllNotificationCallback: load   00007ff92e800000 LB 0x0000c000 C:\Program Files\Oracle\VirtualBox\VBoxGuestControlSvc.DLL [fFlags=0x0]
4d30.7e90: supR3HardenedScreenImage/LdrLoadDll: cache hit (VINF_SUCCESS) on \Device\HarddiskVolume2\Program Files\Oracle\VirtualBox\VBoxGuestControlSvc.dll
4d30.7e90: supR3HardenedMonitor_LdrLoadDll: returns rcNt=0x0 hMod=00007ff92e800000 'C:\Program Files\Oracle\VirtualBox\VBoxGuestControlSvc.DLL'
4d30.8610: supR3HardenedMonitor_LdrLoadDll: returns rcNt=0x0 hMod=00007ff9458c0000 'C:\WINDOWS\system32\rsaenh.dll'
4d30.8610: supR3HardenedMonitor_LdrLoadDll: returns rcNt=0x0 hMod=00007ff946e90000 'C:\WINDOWS\System32\crypt32.dll'
4d30.8610: supR3HardenedWinVerifyCacheScheduleImports: Import todo: #0 'vboxrt.dll'.
4d30.8610: supR3HardenedWinVerifyCacheScheduleImports: Import todo: #2 'vcruntime140.dll'.
4d30.8610: supR3HardenedWinVerifyCacheScheduleImports: Import todo: #3 'vcruntime140_1.dll'.
4d30.8610: supR3HardenedWinVerifyCacheScheduleImports: Import todo: #4 'msvcp140.dll'.
4d30.8610: supHardenedWinVerifyImageByHandle: -> 0 (\Device\HarddiskVolume2\Program Files\Oracle\VirtualBox\VBoxGuestPropSvc.dll) WinVerifyTrust
4d30.8610: supR3HardenedWinVerifyCacheInsert: \Device\HarddiskVolume2\Program Files\Oracle\VirtualBox\VBoxGuestPropSvc.dll
4d30.8610: supR3HardenedWinVerifyCacheProcessImportTodos: Processing 'msvcp140.dll'...
4d30.8610: supR3HardenedWinVerifyCacheProcessImportTodos: 'msvcp140.dll' -> '\Device\HarddiskVolume2\Windows\System32\msvcp140.dll' [rcNtRedir=0xc0150008]
4d30.8610: supR3HardenedWinVerifyCacheProcessImportTodos: Processing 'vcruntime140_1.dll'...
4d30.8610: supR3HardenedWinVerifyCacheProcessImportTodos: 'vcruntime140_1.dll' -> '\Device\HarddiskVolume2\Windows\System32\vcruntime140_1.dll' [rcNtRedir=0xc0150008]
4d30.8610: supR3HardenedWinVerifyCacheProcessImportTodos: Processing 'vcruntime140.dll'...
4d30.8610: supR3HardenedWinVerifyCacheProcessImportTodos: 'vcruntime140.dll' -> '\Device\HarddiskVolume2\Windows\System32\vcruntime140.dll' [rcNtRedir=0xc0150008]
4d30.8610: supR3HardenedWinVerifyCacheProcessImportTodos: Processing 'vboxrt.dll'...
4d30.8610: supR3HardenedWinVerifyCacheProcessImportTodos: 'vboxrt.dll' -> '\Device\HarddiskVolume2\Program Files\Oracle\VirtualBox\vboxrt.dll' [rcNtRedir=0xc0150008]
4d30.8610: supR3HardenedMonitor_LdrLoadDll: pName=C:\Program Files\Oracle\VirtualBox\VBoxGuestPropSvc.DLL (rcNtResolve=0xc0150008) *pfFlags=0x0 pwszSearchPath=0000000000000001:<flags> [calling]
4d30.8610: supR3HardenedScreenImage/NtCreateSection: cache hit (VINF_SUCCESS) on \Device\HarddiskVolume2\Program Files\Oracle\VirtualBox\VBoxGuestPropSvc.dll
4d30.8610: supR3HardenedDllNotificationCallback: load   00007ff923e60000 LB 0x0000d000 C:\Program Files\Oracle\VirtualBox\VBoxGuestPropSvc.DLL [fFlags=0x0]
4d30.8610: supR3HardenedScreenImage/LdrLoadDll: cache hit (VINF_SUCCESS) on \Device\HarddiskVolume2\Program Files\Oracle\VirtualBox\VBoxGuestPropSvc.dll
4d30.8610: supR3HardenedMonitor_LdrLoadDll: returns rcNt=0x0 hMod=00007ff923e60000 'C:\Program Files\Oracle\VirtualBox\VBoxGuestPropSvc.DLL'
4d30.8e80: supR3HardenedMonitor_LdrLoadDll: returns rcNt=0x0 hMod=00007ff9458c0000 'C:\WINDOWS\system32\rsaenh.dll'
4d30.8e80: supR3HardenedMonitor_LdrLoadDll: returns rcNt=0x0 hMod=00007ff946e90000 'C:\WINDOWS\System32\crypt32.dll'
4d30.8e80: \Device\HarddiskVolume2\Program Files\Oracle\VirtualBox\ExtensionPacks\Oracle_VirtualBox_Extension_Pack\win.amd64\VDPluginCrypt.dll: Owner is administrators group.
4d30.8e80: supR3HardenedMonitor_LdrLoadDll: returns rcNt=0x0 hMod=00007ff9458c0000 'C:\WINDOWS\system32\rsaenh.dll'
4d30.8e80: supR3HardenedMonitor_LdrLoadDll: returns rcNt=0x0 hMod=00007ff946e90000 'C:\WINDOWS\System32\crypt32.dll'
4d30.8e80: supR3HardenedWinVerifyCacheScheduleImports: Import todo: #1 'vcruntime140.dll'.
4d30.8e80: supR3HardenedWinVerifyCacheScheduleImports: Import todo: #2 'vboxrt.dll'.
4d30.8e80: supHardenedWinVerifyImageByHandle: -> 0 (\Device\HarddiskVolume2\Program Files\Oracle\VirtualBox\ExtensionPacks\Oracle_VirtualBox_Extension_Pack\win.amd64\VDPluginCrypt.dll) WinVerifyTrust
4d30.8e80: supR3HardenedWinVerifyCacheInsert: \Device\HarddiskVolume2\Program Files\Oracle\VirtualBox\ExtensionPacks\Oracle_VirtualBox_Extension_Pack\win.amd64\VDPluginCrypt.dll
4d30.8e80: supR3HardenedWinVerifyCacheProcessImportTodos: Processing 'vboxrt.dll'...
4d30.8e80: supR3HardenedWinVerifyCacheProcessImportTodos: 'vboxrt.dll' -> '\Device\HarddiskVolume2\Program Files\Oracle\VirtualBox\vboxrt.dll' [rcNtRedir=0xc0150008]
4d30.8e80: supR3HardenedWinVerifyCacheProcessImportTodos: Processing 'vcruntime140.dll'...
4d30.8e80: supR3HardenedWinVerifyCacheProcessImportTodos: 'vcruntime140.dll' -> '\Device\HarddiskVolume2\Windows\System32\vcruntime140.dll' [rcNtRedir=0xc0150008]
4d30.8e80: supR3HardenedScreenImage/Imports: cache hit (VINF_SUCCESS) on \Device\HarddiskVolume2\Windows\System32\vcruntime140.dll
4d30.8e80: supR3HardenedMonitor_LdrLoadDll: pName=C:\Program Files\Oracle\VirtualBox\ExtensionPacks\Oracle_VirtualBox_Extension_Pack\win.amd64\VDPluginCrypt.DLL (rcNtResolve=0xc0150008) *pfFlags=0x0 pwszSearchPath=0000000000000001:<flags> [calling]
4d30.8e80: supR3HardenedScreenImage/NtCreateSection: cache hit (VINF_SUCCESS) on \Device\HarddiskVolume2\Program Files\Oracle\VirtualBox\ExtensionPacks\Oracle_VirtualBox_Extension_Pack\win.amd64\VDPluginCrypt.dll
4d30.8e80: supR3HardenedDllNotificationCallback: load   00007ff942230000 LB 0x0000a000 C:\Program Files\Oracle\VirtualBox\ExtensionPacks\Oracle_VirtualBox_Extension_Pack\win.amd64\VDPluginCrypt.DLL [fFlags=0x0]
4d30.8e80: supR3HardenedScreenImage/LdrLoadDll: cache hit (VINF_SUCCESS) on \Device\HarddiskVolume2\Program Files\Oracle\VirtualBox\ExtensionPacks\Oracle_VirtualBox_Extension_Pack\win.amd64\VDPluginCrypt.dll
4d30.8e80: supR3HardenedMonitor_LdrLoadDll: returns rcNt=0x0 hMod=00007ff942230000 'C:\Program Files\Oracle\VirtualBox\ExtensionPacks\Oracle_VirtualBox_Extension_Pack\win.amd64\VDPluginCrypt.DLL'
4d30.8e80: supR3HardenedMonitor_LdrLoadDll: returns rcNt=0x0 hMod=00007ff9458c0000 'C:\WINDOWS\system32\rsaenh.dll'
4d30.8e80: supR3HardenedMonitor_LdrLoadDll: returns rcNt=0x0 hMod=00007ff946e90000 'C:\WINDOWS\System32\crypt32.dll'
4d30.8e80: supR3HardenedWinVerifyCacheScheduleImports: Import todo: #0 'msvcp_win.dll'.
4d30.8e80: supHardenedWinVerifyImageByHandle: -> 0 (\Device\HarddiskVolume2\Windows\System32\MMDevAPI.dll) WinVerifyTrust
4d30.8e80: supR3HardenedWinVerifyCacheInsert: \Device\HarddiskVolume2\Windows\System32\MMDevAPI.dll
4d30.8e80: supR3HardenedWinVerifyCacheProcessImportTodos: Processing 'msvcp_win.dll'...
4d30.8e80: supR3HardenedWinVerifyCacheProcessImportTodos: 'msvcp_win.dll' -> '\Device\HarddiskVolume2\Windows\System32\msvcp_win.dll' [rcNtRedir=0xc0150008]
4d30.8e80: supR3HardenedMonitor_LdrLoadDll: pName=C:\WINDOWS\System32\MMDevApi.dll (rcNtResolve=0xc0150008) *pfFlags=0x0 pwszSearchPath=0000000000002009:<flags> [calling]
4d30.8e80: supR3HardenedScreenImage/NtCreateSection: cache hit (VINF_SUCCESS) on \Device\HarddiskVolume2\Windows\System32\MMDevAPI.dll
4d30.8e80: supR3HardenedDllNotificationCallback: load   00007ff93f6a0000 LB 0x00097000 C:\WINDOWS\System32\MMDevApi.dll [fFlags=0x0]
4d30.8e80: supR3HardenedScreenImage/LdrLoadDll: cache hit (VINF_SUCCESS) on \Device\HarddiskVolume2\Windows\System32\MMDevAPI.dll
4d30.8e80: supR3HardenedMonitor_LdrLoadDll: returns rcNt=0x0 hMod=00007ff93f6a0000 'C:\WINDOWS\System32\MMDevApi.dll'
4d30.8e80: supR3HardenedScreenImage/LdrLoadDll: cache hit (VINF_SUCCESS) on \Device\HarddiskVolume2\Windows\System32\MMDevAPI.dll
4d30.8e80: supR3HardenedMonitor_LdrLoadDll: pName=C:\WINDOWS\System32\MMDEVAPI.DLL (Input=MMDEVAPI.DLL, rcNtResolve=0xc0150008) *pfFlags=0x0 pwszSearchPath=0000000000000001:<flags> [calling]
4d30.8e80: supR3HardenedMonitor_LdrLoadDll: returns rcNt=0x0 hMod=00007ff93f6a0000 'C:\WINDOWS\System32\MMDEVAPI.DLL'
4d30.7a24: supR3HardenedMonitor_LdrLoadDll: returns rcNt=0x0 hMod=00007ff949d10000 'C:\WINDOWS\system32\User32.dll'
4d30.74a0: supR3HardenedScreenImage/LdrLoadDll: cache hit (VINF_SUCCESS) on \Device\HarddiskVolume2\Windows\System32\msctf.dll
4d30.74a0: supR3HardenedMonitor_LdrLoadDll: pName=C:\WINDOWS\System32\MSCTF.dll (rcNtResolve=0xc0150008) *pfFlags=0x0 pwszSearchPath=0000000000000009:<flags> [calling]
4d30.74a0: supR3HardenedMonitor_LdrLoadDll: returns rcNt=0x0 hMod=00007ff949ee0000 'C:\WINDOWS\System32\MSCTF.dll'
4d30.8534: supR3HardenedScreenImage/LdrLoadDll: cache hit (VINF_SUCCESS) on \Device\HarddiskVolume2\Windows\System32\UIAutomationCore.dll
4d30.8534: supR3HardenedMonitor_LdrLoadDll: pName=C:\WINDOWS\System32\uiautomationcore.dll (rcNtResolve=0xc0150008) *pfFlags=0x0 pwszSearchPath=0000000000002009:<flags> [calling]
4d30.8534: supR3HardenedMonitor_LdrLoadDll: returns rcNt=0x0 hMod=00007ff9152f0000 'C:\WINDOWS\System32\uiautomationcore.dll'
4d30.74a0: supR3HardenedMonitor_LdrLoadDll: returns rcNt=0x0 hMod=00007ff9458c0000 'C:\WINDOWS\system32\rsaenh.dll'
4d30.74a0: supR3HardenedScreenImage/LdrLoadDll: cache hit (VINF_SUCCESS) on \Device\HarddiskVolume2\Windows\System32\wintrust.dll
4d30.74a0: supR3HardenedMonitor_LdrLoadDll: pName=C:\WINDOWS\System32\WINTRUST.DLL (Input=WINTRUST.DLL, rcNtResolve=0xc0150008) *pfFlags=0x0 pwszSearchPath=0000000000000001:<flags> [calling]
4d30.74a0: supR3HardenedMonitor_LdrLoadDll: returns rcNt=0x0 hMod=00007ff947100000 'C:\WINDOWS\System32\WINTRUST.DLL'
4d30.74a0: supR3HardenedMonitor_LdrLoadDll: returns rcNt=0x0 hMod=00007ff946e90000 'C:\WINDOWS\System32\CRYPT32.dll'
4d30.74a0: supR3HardenedMonitor_LdrLoadDll: returns rcNt=0x0 hMod=00007ff946e90000 'C:\WINDOWS\System32\crypt32.dll'
4d30.74a0: supR3HardenedWinVerifyCacheScheduleImports: Import todo: #3 'rpcrt4.dll'.
4d30.74a0: supHardenedWinVerifyImageByHandle: -> 0 (\Device\HarddiskVolume2\Windows\System32\OneCoreCommonProxyStub.dll) WinVerifyTrust
4d30.74a0: supR3HardenedWinVerifyCacheInsert: \Device\HarddiskVolume2\Windows\System32\OneCoreCommonProxyStub.dll
4d30.74a0: supR3HardenedWinVerifyCacheProcessImportTodos: Processing 'rpcrt4.dll'...
4d30.74a0: supR3HardenedWinVerifyCacheProcessImportTodos: 'rpcrt4.dll' -> '\Device\HarddiskVolume2\Windows\System32\rpcrt4.dll' [rcNtRedir=0xc0150008]
4d30.74a0: supR3HardenedMonitor_LdrLoadDll: pName=C:\Windows\System32\OneCoreCommonProxyStub.dll (rcNtResolve=0xc0150008) *pfFlags=0x0 pwszSearchPath=0000000000002009:<flags> [calling]
4d30.74a0: supR3HardenedScreenImage/NtCreateSection: cache hit (VINF_SUCCESS) on \Device\HarddiskVolume2\Windows\System32\OneCoreCommonProxyStub.dll
4d30.74a0: supR3HardenedDllNotificationCallback: load   00007ff91e6c0000 LB 0x000ca000 C:\Windows\System32\OneCoreCommonProxyStub.dll [fFlags=0x0]
4d30.74a0: supR3HardenedScreenImage/LdrLoadDll: cache hit (VINF_SUCCESS) on \Device\HarddiskVolume2\Windows\System32\OneCoreCommonProxyStub.dll
4d30.74a0: supR3HardenedMonitor_LdrLoadDll: returns rcNt=0x0 hMod=00007ff91e6c0000 'C:\Windows\System32\OneCoreCommonProxyStub.dll'
4d30.8534: supR3HardenedMonitor_LdrLoadDll: returns rcNt=0x0 hMod=00007ff949d10000 'C:\WINDOWS\System32\user32.dll'
4d30.74a0: supR3HardenedScreenImage/LdrLoadDll: cache hit (VINF_SUCCESS) on \Device\HarddiskVolume2\Windows\System32\UIAutomationCore.dll
4d30.74a0: supR3HardenedMonitor_LdrLoadDll: pName=C:\WINDOWS\SYSTEM32\uiautomationcore.dll (rcNtResolve=0xc0150008) *pfFlags=0x0 pwszSearchPath=0000000000000009:<flags> [calling]
4d30.74a0: supR3HardenedMonitor_LdrLoadDll: returns rcNt=0x0 hMod=00007ff9152f0000 'C:\WINDOWS\SYSTEM32\uiautomationcore.dll'
4d30.74a0: supR3HardenedScreenImage/LdrLoadDll: cache hit (VINF_SUCCESS) on \Device\HarddiskVolume2\Windows\System32\UIAutomationCore.dll
4d30.74a0: supR3HardenedMonitor_LdrLoadDll: pName=C:\WINDOWS\SYSTEM32\uiautomationcore.dll (rcNtResolve=0xc0150008) *pfFlags=0x0 pwszSearchPath=0000000000000009:<flags> [calling]
4d30.74a0: supR3HardenedMonitor_LdrLoadDll: returns rcNt=0x0 hMod=00007ff9152f0000 'C:\WINDOWS\SYSTEM32\uiautomationcore.dll'
4d30.74a0: supHardenedWinVerifyImageByHandle: -> 0 (\Device\HarddiskVolume2\Windows\System32\sxs.dll)
4d30.74a0: supR3HardenedWinVerifyCacheInsert: \Device\HarddiskVolume2\Windows\System32\sxs.dll
4d30.74a0: supR3HardenedDllNotificationCallback: load   00007ff946a10000 LB 0x000a2000 C:\WINDOWS\SYSTEM32\sxs.dll [fFlags=0x0]
4d30.74a0: supR3HardenedScreenImage/LdrLoadDll: cache hit (VINF_SUCCESS) on \Device\HarddiskVolume2\Windows\System32\sxs.dll [avoiding WinVerifyTrust]
