680c.30e0: \SystemRoot\System32\ntdll.dll:
680c.30e0:     CreationTime:    2025-12-10T13:24:17.585843300Z
680c.30e0:     LastWriteTime:   2025-12-10T13:24:17.685478400Z
680c.30e0:     ChangeTime:      2025-12-13T16:34:08.831864800Z
680c.30e0:     FileAttributes:  0x20
680c.30e0:     Size:            0x267b90
680c.30e0:     NT Headers:      0xf0
680c.30e0:     Timestamp:       0x9225342c
680c.30e0:     Machine:         0x8664 - amd64
680c.30e0:     Timestamp:       0x9225342c
680c.30e0:     Image Version:   10.0
680c.30e0:     SizeOfImage:     0x267000 (2519040)
680c.30e0:     Resource Dir:    0x1eb000 LB 0x7a108
680c.30e0:     [Version info resource found at 0xd8! (ID/Name: 0x1; SubID/SubName: 0x409)]
680c.30e0:     [Raw version resource data: 0x1eb0f0 LB 0x380, codepage 0x0 (reserved 0x0)]
680c.30e0:     ProductName:     Microsoft® Windows® Operating System
680c.30e0:     ProductVersion:  10.0.26100.7462
680c.30e0:     FileVersion:     10.0.26100.7462 (WinBuild.160101.0800)
680c.30e0:     FileDescription: NT Layer DLL
680c.30e0: \SystemRoot\System32\kernel32.dll:
680c.30e0:     CreationTime:    2025-12-10T13:24:15.563934600Z
680c.30e0:     LastWriteTime:   2025-12-10T13:24:15.591438900Z
680c.30e0:     ChangeTime:      2025-12-13T16:34:08.280802900Z
680c.30e0:     FileAttributes:  0x20
680c.30e0:     Size:            0xcc220
680c.30e0:     NT Headers:      0xf0
680c.30e0:     Timestamp:       0x6a638bd6
680c.30e0:     Machine:         0x8664 - amd64
680c.30e0:     Timestamp:       0x6a638bd6
680c.30e0:     Image Version:   10.0
680c.30e0:     SizeOfImage:     0xc9000 (823296)
680c.30e0:     Resource Dir:    0xc7000 LB 0x520
680c.30e0:     [Version info resource found at 0x90! (ID/Name: 0x1; SubID/SubName: 0x409)]
680c.30e0:     [Raw version resource data: 0xc70b0 LB 0x3a4, codepage 0x0 (reserved 0x0)]
680c.30e0:     ProductName:     Microsoft® Windows® Operating System
680c.30e0:     ProductVersion:  10.0.26100.7309
680c.30e0:     FileVersion:     10.0.26100.7309 (WinBuild.160101.0800)
680c.30e0:     FileDescription: Windows NT BASE API Client DLL
680c.30e0: \SystemRoot\System32\KernelBase.dll:
680c.30e0:     CreationTime:    2025-12-10T13:24:15.582437800Z
680c.30e0:     LastWriteTime:   2025-12-10T13:24:15.856260300Z
680c.30e0:     ChangeTime:      2025-12-13T16:34:02.171630200Z
680c.30e0:     FileAttributes:  0x20
680c.30e0:     Size:            0x3f1278
680c.30e0:     NT Headers:      0x100
680c.30e0:     Timestamp:       0xe9f9d656
680c.30e0:     Machine:         0x8664 - amd64
680c.30e0:     Timestamp:       0xe9f9d656
680c.30e0:     Image Version:   10.0
680c.30e0:     SizeOfImage:     0x3ef000 (4124672)
680c.30e0:     Resource Dir:    0x3b5000 LB 0x548
680c.30e0:     [Version info resource found at 0x90! (ID/Name: 0x1; SubID/SubName: 0x409)]
680c.30e0:     [Raw version resource data: 0x3b50b0 LB 0x3bc, codepage 0x0 (reserved 0x0)]
680c.30e0:     ProductName:     Microsoft® Windows® Operating System
680c.30e0:     ProductVersion:  10.0.26100.7462
680c.30e0:     FileVersion:     10.0.26100.7462 (WinBuild.160101.0800)
680c.30e0:     FileDescription: Windows NT BASE API Client DLL
680c.30e0: \SystemRoot\System32\apisetschema.dll:
680c.30e0:     CreationTime:    2025-12-10T13:24:10.806940600Z
680c.30e0:     LastWriteTime:   2025-12-10T13:24:10.814218600Z
680c.30e0:     ChangeTime:      2025-12-13T16:34:03.164917500Z
680c.30e0:     FileAttributes:  0x20
680c.30e0:     Size:            0x25580
680c.30e0:     NT Headers:      0xd8
680c.30e0:     Timestamp:       0x3c6d9d72
680c.30e0:     Machine:         0x8664 - amd64
680c.30e0:     Timestamp:       0x3c6d9d72
680c.30e0:     Image Version:   10.0
680c.30e0:     SizeOfImage:     0x24000 (147456)
680c.30e0:     Resource Dir:    0x23000 LB 0x408
680c.30e0:     [Version info resource found at 0x48! (ID/Name: 0x1; SubID/SubName: 0x409)]
680c.30e0:     [Raw version resource data: 0x23060 LB 0x3a8, codepage 0x0 (reserved 0x0)]
680c.30e0:     ProductName:     Microsoft® Windows® Operating System
680c.30e0:     ProductVersion:  10.0.26100.7309
680c.30e0:     FileVersion:     10.0.26100.7309 (WinBuild.160101.0800)
680c.30e0:     FileDescription: ApiSet Schema DLL
680c.30e0: NtOpenDirectoryObject failed on \Driver: 0xc0000022
680c.30e0: supR3HardenedWinFindAdversaries: 0x0
680c.30e0: supR3HardenedWinInitAppBin(0x0): '\Device\HarddiskVolume2\Program Files\Oracle\VirtualBox'
680c.30e0: Calling main()
680c.30e0: SUPR3HardenedMain: pszProgName=VirtualBoxVM fFlags=0x2
680c.30e0: supR3HardenedWinInitAppBin(0x2): '\Device\HarddiskVolume2\Program Files\Oracle\VirtualBox'
680c.30e0: SUPR3HardenedMain: Respawn #1
680c.30e0: System32:  \Device\HarddiskVolume2\Windows\System32
680c.30e0: WinSxS:    \Device\HarddiskVolume2\Windows\WinSxS
680c.30e0: KnownDllPath: C:\WINDOWS\System32
680c.30e0: supR3HardenedWinInit: Performing a limited self purification...
680c.30e0: supHardNtVpScanVirtualMemory: enmKind=SELF_PURIFICATION
680c.30e0:  *0000000000000000-000000007ffdffff 0x0001/0x0000 0x0000000
680c.30e0:  *000000007ffe0000-000000007ffe0fff 0x0002/0x0002 0x0020000
680c.30e0:   000000007ffe1000-000000007ffe7fff 0x0001/0x0000 0x0000000
680c.30e0:  *000000007ffe8000-000000007ffe8fff 0x0002/0x0002 0x0020000
680c.30e0:   000000007ffe9000-000000a27dffffff 0x0001/0x0000 0x0000000
680c.30e0:  *000000a27e000000-000000a27e06ffff 0x0000/0x0004 0x0020000
680c.30e0:   000000a27e070000-000000a27e072fff 0x0004/0x0004 0x0020000
680c.30e0:   000000a27e073000-000000a27e1fffff 0x0000/0x0004 0x0020000
680c.30e0:  *000000a27e200000-000000a27e2b8fff 0x0000/0x0004 0x0020000
680c.30e0:   000000a27e2b9000-000000a27e2bbfff 0x0104/0x0004 0x0020000
680c.30e0:   000000a27e2bc000-000000a27e2fffff 0x0004/0x0004 0x0020000
680c.30e0:   000000a27e300000-0000024c2c1cffff 0x0001/0x0000 0x0000000
680c.30e0:  *0000024c2c1d0000-0000024c2c1d0fff 0x0004/0x0004 0x0040000
680c.30e0:   0000024c2c1d1000-0000024c2c1d1fff 0x0000/0x0004 0x0040000
680c.30e0:   0000024c2c1d2000-0000024c2c1dffff 0x0001/0x0000 0x0000000
680c.30e0:  *0000024c2c1e0000-0000024c2c1effff 0x0004/0x0004 0x0040000
680c.30e0:  *0000024c2c1f0000-0000024c2c20ffff 0x0002/0x0002 0x0040000
680c.30e0:  *0000024c2c210000-0000024c2c213fff 0x0002/0x0002 0x0040000
680c.30e0:   0000024c2c214000-0000024c2c21ffff 0x0001/0x0000 0x0000000
680c.30e0:  *0000024c2c220000-0000024c2c220fff 0x0002/0x0002 0x0040000
680c.30e0:   0000024c2c221000-0000024c2c22ffff 0x0001/0x0000 0x0000000
680c.30e0:  *0000024c2c230000-0000024c2c231fff 0x0004/0x0004 0x0020000
680c.30e0:   0000024c2c232000-0000024c2c23ffff 0x0001/0x0000 0x0000000
680c.30e0:  *0000024c2c240000-0000024c2c242fff 0x0002/0x0002 0x0040000
680c.30e0:   0000024c2c243000-0000024c2c24ffff 0x0001/0x0000 0x0000000
680c.30e0:  *0000024c2c250000-0000024c2c257fff 0x0002/0x0002 0x0040000
680c.30e0:   0000024c2c258000-0000024c2c25ffff 0x0001/0x0000 0x0000000
680c.30e0:  *0000024c2c260000-0000024c2c267fff 0x0002/0x0002 0x0040000
680c.30e0:   0000024c2c268000-0000024c2c26ffff 0x0001/0x0000 0x0000000
680c.30e0:  *0000024c2c270000-0000024c2c271fff 0x0002/0x0002 0x0040000
680c.30e0:   0000024c2c272000-0000024c2c27ffff 0x0001/0x0000 0x0000000
680c.30e0:  *0000024c2c280000-0000024c2c281fff 0x0002/0x0002 0x0040000
680c.30e0:   0000024c2c282000-0000024c2c28ffff 0x0001/0x0000 0x0000000
680c.30e0:  *0000024c2c290000-0000024c2c292fff 0x0002/0x0002 0x0040000
680c.30e0:   0000024c2c293000-0000024c2c29ffff 0x0001/0x0000 0x0000000
680c.30e0:  *0000024c2c2a0000-0000024c2c372fff 0x0002/0x0002 0x0040000
680c.30e0:   0000024c2c373000-0000024c2cffffff 0x0001/0x0000 0x0000000
680c.30e0:  *0000024c2d000000-0000024c2d001fff 0x0004/0x0004 0x0020000
680c.30e0:   0000024c2d002000-0000024c2d0fffff 0x0000/0x0004 0x0020000
680c.30e0:   0000024c2d100000-0000024c2d108fff 0x0004/0x0004 0x0020000
680c.30e0:   0000024c2d109000-0000024c2d112fff 0x0000/0x0004 0x0020000
680c.30e0:   0000024c2d113000-0000024c2d113fff 0x0004/0x0004 0x0020000
680c.30e0:   0000024c2d114000-0000024c2d1fffff 0x0000/0x0004 0x0020000
680c.30e0:   0000024c2d200000-0000024c2d200fff 0x0004/0x0004 0x0020000
680c.30e0:   0000024c2d201000-0000024c2d2fffff 0x0000/0x0004 0x0020000
680c.30e0:   0000024c2d300000-0000024c2d302fff 0x0004/0x0004 0x0020000
680c.30e0:   0000024c2d303000-0000024c2d3fffff 0x0000/0x0004 0x0020000
680c.30e0:   0000024c2d400000-0000024c2d401fff 0x0004/0x0004 0x0020000
680c.30e0:   0000024c2d402000-0000024c2d4fffff 0x0000/0x0004 0x0020000
680c.30e0:   0000024c2d500000-0000024c2d511fff 0x0004/0x0004 0x0020000
680c.30e0:   0000024c2d512000-0000024c2d512fff 0x0000/0x0004 0x0020000
680c.30e0:   0000024c2d513000-0000024c2d52dfff 0x0004/0x0004 0x0020000
680c.30e0:   0000024c2d52e000-0000024c2d52efff 0x0000/0x0004 0x0020000
680c.30e0:   0000024c2d52f000-0000024c2d53efff 0x0004/0x0004 0x0020000
680c.30e0:   0000024c2d53f000-0000024c2d547fff 0x0000/0x0004 0x0020000
680c.30e0:   0000024c2d548000-0000024c2d548fff 0x0004/0x0004 0x0020000
680c.30e0:   0000024c2d549000-0000024c2dffffff 0x0000/0x0004 0x0020000
680c.30e0:  *0000024c2e000000-0000024c2e001fff 0x0004/0x0004 0x0020000
680c.30e0:   0000024c2e002000-0000024c2e00ffff 0x0000/0x0004 0x0020000
680c.30e0:   0000024c2e010000-0000024c2e276fff 0x0004/0x0004 0x0020000
680c.30e0:   0000024c2e277000-0000024c2effffff 0x0000/0x0004 0x0020000
680c.30e0:   0000024c2f000000-00007df4b3f5ffff 0x0001/0x0000 0x0000000
680c.30e0:  *00007df4b3f60000-00007df4b3f64fff 0x0002/0x0002 0x0040000
680c.30e0:   00007df4b3f65000-00007df4b405ffff 0x0000/0x0002 0x0040000
680c.30e0:  *00007df4b4060000-00007df4b89e4fff 0x0000/0x0004 0x0020000
680c.30e0:   00007df4b89e5000-00007df4b89e5fff 0x0004/0x0004 0x0020000
680c.30e0:   00007df4b89e6000-00007df5b405ffff 0x0000/0x0004 0x0020000
680c.30e0:   00007df5b4060000-00007df5b4060fff 0x0004/0x0004 0x0020000
680c.30e0:   00007df5b4061000-00007df5b407ffff 0x0000/0x0004 0x0020000
680c.30e0:  *00007df5b4080000-00007df5b4112fff 0x0000/0x0004 0x0020000
680c.30e0:   00007df5b4113000-00007df5b4113fff 0x0004/0x0004 0x0020000
680c.30e0:   00007df5b4114000-00007df5b607ffff 0x0000/0x0004 0x0020000
680c.30e0:   00007df5b6080000-00007df5b6080fff 0x0004/0x0004 0x0020000
680c.30e0:   00007df5b6081000-00007df5b608ffff 0x0001/0x0000 0x0000000
680c.30e0:  *00007df5b6090000-00007df5b6090fff 0x0002/0x0002 0x0040000
680c.30e0:   00007df5b6091000-00007df5b609ffff 0x0001/0x0000 0x0000000
680c.30e0:  *00007df5b60a0000-00007df5b7d6dfff 0x0000/0x0001 0x0040000
680c.30e0:   00007df5b7d6e000-00007df5b7e2bfff 0x0001/0x0001 0x0040000
680c.30e0:   00007df5b7e2c000-00007df5b7e7ffff 0x0000/0x0001 0x0040000
680c.30e0:   00007df5b7e80000-00007df5b7e80fff 0x0001/0x0001 0x0040000
680c.30e0:   00007df5b7e81000-00007ff58eef5fff 0x0000/0x0001 0x0040000
680c.30e0:   00007ff58eef6000-00007ff58eefafff 0x0002/0x0001 0x0040000
680c.30e0:   00007ff58eefb000-00007ff5a0088fff 0x0000/0x0001 0x0040000
680c.30e0:   00007ff5a0089000-00007ff5a464cfff 0x0001/0x0001 0x0040000
680c.30e0:   00007ff5a464d000-00007ff5a465dfff 0x0002/0x0001 0x0040000
680c.30e0:   00007ff5a465e000-00007ff5a46c6fff 0x0001/0x0001 0x0040000
680c.30e0:   00007ff5a46c7000-00007ff5a46cafff 0x0002/0x0001 0x0040000
680c.30e0:   00007ff5a46cb000-00007ff5a46fafff 0x0001/0x0001 0x0040000
680c.30e0:   00007ff5a46fb000-00007ff5a4704fff 0x0002/0x0001 0x0040000
680c.30e0:   00007ff5a4705000-00007ff5b609ffff 0x0000/0x0001 0x0040000
680c.30e0:   00007ff5b60a0000-00007ff6395affff 0x0001/0x0000 0x0000000
680c.30e0:  *00007ff6395b0000-00007ff6395b0fff 0x0002/0x0080 0x1000000  \Device\HarddiskVolume2\Program Files\Oracle\VirtualBox\VirtualBoxVM.exe
680c.30e0:   00007ff6395b1000-00007ff63961bfff 0x0020/0x0080 0x1000000  \Device\HarddiskVolume2\Program Files\Oracle\VirtualBox\VirtualBoxVM.exe
680c.30e0:   00007ff63961c000-00007ff63961cfff 0x0080/0x0080 0x1000000  \Device\HarddiskVolume2\Program Files\Oracle\VirtualBox\VirtualBoxVM.exe
680c.30e0:   00007ff63961d000-00007ff639671fff 0x0002/0x0080 0x1000000  \Device\HarddiskVolume2\Program Files\Oracle\VirtualBox\VirtualBoxVM.exe
680c.30e0:   00007ff639672000-00007ff639674fff 0x0004/0x0080 0x1000000  \Device\HarddiskVolume2\Program Files\Oracle\VirtualBox\VirtualBoxVM.exe
680c.30e0:   00007ff639675000-00007ff639678fff 0x0008/0x0080 0x1000000  \Device\HarddiskVolume2\Program Files\Oracle\VirtualBox\VirtualBoxVM.exe
680c.30e0:   00007ff639679000-00007ff63967dfff 0x0004/0x0080 0x1000000  \Device\HarddiskVolume2\Program Files\Oracle\VirtualBox\VirtualBoxVM.exe
680c.30e0:   00007ff63967e000-00007ff63967efff 0x0008/0x0080 0x1000000  \Device\HarddiskVolume2\Program Files\Oracle\VirtualBox\VirtualBoxVM.exe
680c.30e0:   00007ff63967f000-00007ff6396b9fff 0x0002/0x0080 0x1000000  \Device\HarddiskVolume2\Program Files\Oracle\VirtualBox\VirtualBoxVM.exe
680c.30e0:   00007ff6396ba000-00007ffb96b5ffff 0x0001/0x0000 0x0000000
680c.30e0:  *00007ffb96b60000-00007ffb96b60fff 0x0002/0x0080 0x1000000  \Device\HarddiskVolume2\Windows\System32\KernelBase.dll
680c.30e0:   00007ffb96b61000-00007ffb96d05fff 0x0020/0x0080 0x1000000  \Device\HarddiskVolume2\Windows\System32\KernelBase.dll
680c.30e0:   00007ffb96d06000-00007ffb96ef5fff 0x0002/0x0080 0x1000000  \Device\HarddiskVolume2\Windows\System32\KernelBase.dll
680c.30e0:   00007ffb96ef6000-00007ffb96ef9fff 0x0004/0x0080 0x1000000  \Device\HarddiskVolume2\Windows\System32\KernelBase.dll
680c.30e0:   00007ffb96efa000-00007ffb96efafff 0x0008/0x0080 0x1000000  \Device\HarddiskVolume2\Windows\System32\KernelBase.dll
680c.30e0:   00007ffb96efb000-00007ffb96efefff 0x0004/0x0080 0x1000000  \Device\HarddiskVolume2\Windows\System32\KernelBase.dll
680c.30e0:   00007ffb96eff000-00007ffb96efffff 0x0008/0x0080 0x1000000  \Device\HarddiskVolume2\Windows\System32\KernelBase.dll
680c.30e0:   00007ffb96f00000-00007ffb96f00fff 0x0004/0x0080 0x1000000  \Device\HarddiskVolume2\Windows\System32\KernelBase.dll
680c.30e0:   00007ffb96f01000-00007ffb96f4efff 0x0002/0x0080 0x1000000  \Device\HarddiskVolume2\Windows\System32\KernelBase.dll
680c.30e0:   00007ffb96f4f000-00007ffb989dffff 0x0001/0x0000 0x0000000
680c.30e0:  *00007ffb989e0000-00007ffb989e0fff 0x0002/0x0080 0x1000000  \Device\HarddiskVolume2\Windows\System32\kernel32.dll
680c.30e0:   00007ffb989e1000-00007ffb98a66fff 0x0020/0x0080 0x1000000  \Device\HarddiskVolume2\Windows\System32\kernel32.dll
680c.30e0:   00007ffb98a67000-00007ffb98a9efff 0x0002/0x0080 0x1000000  \Device\HarddiskVolume2\Windows\System32\kernel32.dll
680c.30e0:   00007ffb98a9f000-00007ffb98aa0fff 0x0004/0x0080 0x1000000  \Device\HarddiskVolume2\Windows\System32\kernel32.dll
680c.30e0:   00007ffb98aa1000-00007ffb98aa8fff 0x0002/0x0080 0x1000000  \Device\HarddiskVolume2\Windows\System32\kernel32.dll
680c.30e0:   00007ffb98aa9000-00007ffb996bffff 0x0001/0x0000 0x0000000
680c.30e0:  *00007ffb996c0000-00007ffb996c0fff 0x0002/0x0080 0x1000000  \Device\HarddiskVolume2\Windows\System32\ntdll.dll
680c.30e0:   00007ffb996c1000-00007ffb99832fff 0x0020/0x0080 0x1000000  \Device\HarddiskVolume2\Windows\System32\ntdll.dll
680c.30e0:   00007ffb99833000-00007ffb9988bfff 0x0002/0x0080 0x1000000  \Device\HarddiskVolume2\Windows\System32\ntdll.dll
680c.30e0:   00007ffb9988c000-00007ffb99894fff 0x0004/0x0080 0x1000000  \Device\HarddiskVolume2\Windows\System32\ntdll.dll
680c.30e0:   00007ffb99895000-00007ffb99926fff 0x0002/0x0080 0x1000000  \Device\HarddiskVolume2\Windows\System32\ntdll.dll
680c.30e0:   00007ffb99927000-00007ffffffeffff 0x0001/0x0000 0x0000000
680c.30e0: kernel32.dll: timestamp 0x6a638bd6 (rc=VINF_SUCCESS)
680c.30e0: kernelbase.dll: timestamp 0xe9f9d656 (rc=VINF_SUCCESS)
680c.30e0: VirtualBoxVM.exe: timestamp 0x68f21b4f (rc=VINF_SUCCESS)
680c.30e0: '\Device\HarddiskVolume2\Program Files\Oracle\VirtualBox\VirtualBoxVM.exe' has no imports
680c.30e0: VirtualBoxVM.exe: Differences in section #7 (.00cfg) between file and memory:
680c.30e0:   00007ff639686000 / 0x00d6000: 50 != 80
680c.30e0:   00007ff639686001 / 0x00d6001: e9 != 16
680c.30e0:   00007ff639686002 / 0x00d6002: 5c != 7e
680c.30e0:   00007ff639686003 / 0x00d6003: 39 != 99
680c.30e0:   00007ff639686004 / 0x00d6004: f6 != fb
680c.30e0:   00007ff639686008 / 0x00d6008: 50 != 80
680c.30e0:   00007ff639686009 / 0x00d6009: e9 != 16
680c.30e0:   00007ff63968600a / 0x00d600a: 5c != 7e
680c.30e0:   00007ff63968600b / 0x00d600b: 39 != 99
680c.30e0:   00007ff63968600c / 0x00d600c: f6 != fb
680c.30e0:   00007ff639686010 / 0x00d6010: a0 != 20
680c.30e0:   00007ff639686011 / 0x00d6011: bc != 17
680c.30e0:   00007ff639686012 / 0x00d6012: 61 != 7e
680c.30e0:   00007ff639686013 / 0x00d6013: 39 != 99
680c.30e0:   00007ff639686014 / 0x00d6014: f6 != fb
680c.30e0:   00007ff639686018 / 0x00d6018: c0 != 20
680c.30e0:   00007ff639686019 / 0x00d6019: bc != 17
680c.30e0:   00007ff63968601a / 0x00d601a: 61 != 7e
680c.30e0:   00007ff63968601b / 0x00d601b: 39 != 99
680c.30e0:   00007ff63968601c / 0x00d601c: f6 != fb
680c.30e0:   00007ff639686020 / 0x00d6020: c0 != 20
680c.30e0:   00007ff639686021 / 0x00d6021: bc != 17
680c.30e0:   00007ff639686022 / 0x00d6022: 61 != 7e
680c.30e0:   00007ff639686023 / 0x00d6023: 39 != 99
680c.30e0:   00007ff639686024 / 0x00d6024: f6 != fb
680c.30e0:   Restored 0x30 bytes of original file content at 00007ff639686000
680c.30e0: VirtualBoxVM.exe: Differences in section #8 (.rsrc) between file and memory:
680c.30e0:   00007ff6396b7b70 / 0x0107b70: 00 != 50
680c.30e0:   00007ff6396b7b71 / 0x0107b71: 00 != 41
680c.30e0:   00007ff6396b7b72 / 0x0107b72: 00 != 44
680c.30e0:   00007ff6396b7b73 / 0x0107b73: 00 != 44
680c.30e0:   00007ff6396b7b74 / 0x0107b74: 00 != 49
680c.30e0:   00007ff6396b7b75 / 0x0107b75: 00 != 4e
680c.30e0:   00007ff6396b7b76 / 0x0107b76: 00 != 47
680c.30e0:   00007ff6396b7b77 / 0x0107b77: 00 != 58
680c.30e0:   00007ff6396b7b78 / 0x0107b78: 00 != 58
680c.30e0:   00007ff6396b7b79 / 0x0107b79: 00 != 50
680c.30e0:   00007ff6396b7b7a / 0x0107b7a: 00 != 41
680c.30e0:   00007ff6396b7b7b / 0x0107b7b: 00 != 44
680c.30e0:   00007ff6396b7b7c / 0x0107b7c: 00 != 44
680c.30e0:   00007ff6396b7b7d / 0x0107b7d: 00 != 49
680c.30e0:   00007ff6396b7b7e / 0x0107b7e: 00 != 4e
680c.30e0:   00007ff6396b7b7f / 0x0107b7f: 00 != 47
680c.30e0:   00007ff6396b7b80 / 0x0107b80: 00 != 50
680c.30e0:   00007ff6396b7b81 / 0x0107b81: 00 != 41
680c.30e0:   00007ff6396b7b82 / 0x0107b82: 00 != 44
680c.30e0:   00007ff6396b7b83 / 0x0107b83: 00 != 44
680c.30e0:   00007ff6396b7b84 / 0x0107b84: 00 != 49
680c.30e0:   00007ff6396b7b85 / 0x0107b85: 00 != 4e
680c.30e0:   00007ff6396b7b86 / 0x0107b86: 00 != 47
680c.30e0:   00007ff6396b7b87 / 0x0107b87: 00 != 58
680c.30e0:   00007ff6396b7b88 / 0x0107b88: 00 != 58
680c.30e0:   00007ff6396b7b89 / 0x0107b89: 00 != 50
680c.30e0:   00007ff6396b7b8a / 0x0107b8a: 00 != 41
680c.30e0:   00007ff6396b7b8b / 0x0107b8b: 00 != 44
680c.30e0:   00007ff6396b7b8c / 0x0107b8c: 00 != 44
680c.30e0:   00007ff6396b7b8d / 0x0107b8d: 00 != 49
680c.30e0:   00007ff6396b7b8e / 0x0107b8e: 00 != 4e
680c.30e0:   00007ff6396b7b8f / 0x0107b8f: 00 != 47
680c.30e0:   00007ff6396b7b90 / 0x0107b90: 00 != 50
680c.30e0:   00007ff6396b7b91 / 0x0107b91: 00 != 41
680c.30e0:   00007ff6396b7b92 / 0x0107b92: 00 != 44
680c.30e0:   00007ff6396b7b93 / 0x0107b93: 00 != 44
680c.30e0:   00007ff6396b7b94 / 0x0107b94: 00 != 49
680c.30e0:   00007ff6396b7b95 / 0x0107b95: 00 != 4e
680c.30e0:   00007ff6396b7b96 / 0x0107b96: 00 != 47
680c.30e0:   00007ff6396b7b97 / 0x0107b97: 00 != 58
680c.30e0:   00007ff6396b7b98 / 0x0107b98: 00 != 58
680c.30e0:   00007ff6396b7b99 / 0x0107b99: 00 != 50
680c.30e0:   00007ff6396b7b9a / 0x0107b9a: 00 != 41
680c.30e0:   00007ff6396b7b9b / 0x0107b9b: 00 != 44
680c.30e0:   00007ff6396b7b9c / 0x0107b9c: 00 != 44
680c.30e0:   00007ff6396b7b9d / 0x0107b9d: 00 != 49
680c.30e0:   00007ff6396b7b9e / 0x0107b9e: 00 != 4e
680c.30e0:   00007ff6396b7b9f / 0x0107b9f: 00 != 47
680c.30e0:   00007ff6396b7ba0 / 0x0107ba0: 00 != 50
680c.30e0:   00007ff6396b7ba1 / 0x0107ba1: 00 != 41
680c.30e0:   00007ff6396b7ba2 / 0x0107ba2: 00 != 44
680c.30e0:   00007ff6396b7ba3 / 0x0107ba3: 00 != 44
680c.30e0:   00007ff6396b7ba4 / 0x0107ba4: 00 != 49
680c.30e0:   00007ff6396b7ba5 / 0x0107ba5: 00 != 4e
680c.30e0:   00007ff6396b7ba6 / 0x0107ba6: 00 != 47
680c.30e0:   00007ff6396b7ba7 / 0x0107ba7: 00 != 58
680c.30e0:   00007ff6396b7ba8 / 0x0107ba8: 00 != 58
680c.30e0:   00007ff6396b7ba9 / 0x0107ba9: 00 != 50
680c.30e0:   00007ff6396b7baa / 0x0107baa: 00 != 41
680c.30e0:   00007ff6396b7bab / 0x0107bab: 00 != 44
680c.30e0:   00007ff6396b7bac / 0x0107bac: 00 != 44
680c.30e0:   00007ff6396b7bad / 0x0107bad: 00 != 49
680c.30e0:   00007ff6396b7bae / 0x0107bae: 00 != 4e
680c.30e0:   00007ff6396b7baf / 0x0107baf: 00 != 47
680c.30e0:   00007ff6396b7bb0 / 0x0107bb0: 00 != 50
680c.30e0:   00007ff6396b7bb1 / 0x0107bb1: 00 != 41
680c.30e0:   00007ff6396b7bb2 / 0x0107bb2: 00 != 44
680c.30e0:   00007ff6396b7bb3 / 0x0107bb3: 00 != 44
680c.30e0:   00007ff6396b7bb4 / 0x0107bb4: 00 != 49
680c.30e0:   00007ff6396b7bb5 / 0x0107bb5: 00 != 4e
680c.30e0:   00007ff6396b7bb6 / 0x0107bb6: 00 != 47
680c.30e0:   00007ff6396b7bb7 / 0x0107bb7: 00 != 58
680c.30e0:   00007ff6396b7bb8 / 0x0107bb8: 00 != 58
680c.30e0:   00007ff6396b7bb9 / 0x0107bb9: 00 != 50
680c.30e0:   00007ff6396b7bba / 0x0107bba: 00 != 41
680c.30e0:   00007ff6396b7bbb / 0x0107bbb: 00 != 44
680c.30e0:   00007ff6396b7bbc / 0x0107bbc: 00 != 44
680c.30e0:   00007ff6396b7bbd / 0x0107bbd: 00 != 49
680c.30e0:   00007ff6396b7bbe / 0x0107bbe: 00 != 4e
680c.30e0:   00007ff6396b7bbf / 0x0107bbf: 00 != 47
680c.30e0:   00007ff6396b7bc0 / 0x0107bc0: 00 != 50
680c.30e0:   00007ff6396b7bc1 / 0x0107bc1: 00 != 41
680c.30e0:   00007ff6396b7bc2 / 0x0107bc2: 00 != 44
680c.30e0:   00007ff6396b7bc3 / 0x0107bc3: 00 != 44
680c.30e0:   00007ff6396b7bc4 / 0x0107bc4: 00 != 49
680c.30e0:   00007ff6396b7bc5 / 0x0107bc5: 00 != 4e
680c.30e0:   00007ff6396b7bc6 / 0x0107bc6: 00 != 47
680c.30e0:   00007ff6396b7bc7 / 0x0107bc7: 00 != 58
680c.30e0:   00007ff6396b7bc8 / 0x0107bc8: 00 != 58
680c.30e0:   00007ff6396b7bc9 / 0x0107bc9: 00 != 50
680c.30e0:   00007ff6396b7bca / 0x0107bca: 00 != 41
680c.30e0:   00007ff6396b7bcb / 0x0107bcb: 00 != 44
680c.30e0:   00007ff6396b7bcc / 0x0107bcc: 00 != 44
680c.30e0:   00007ff6396b7bcd / 0x0107bcd: 00 != 49
680c.30e0:   00007ff6396b7bce / 0x0107bce: 00 != 4e
680c.30e0:   00007ff6396b7bcf / 0x0107bcf: 00 != 47
680c.30e0:   00007ff6396b7bd0 / 0x0107bd0: 00 != 50
680c.30e0:   00007ff6396b7bd1 / 0x0107bd1: 00 != 41
680c.30e0:   00007ff6396b7bd2 / 0x0107bd2: 00 != 44
680c.30e0:   00007ff6396b7bd3 / 0x0107bd3: 00 != 44
680c.30e0:   00007ff6396b7bd4 / 0x0107bd4: 00 != 49
680c.30e0:   00007ff6396b7bd5 / 0x0107bd5: 00 != 4e
680c.30e0:   00007ff6396b7bd6 / 0x0107bd6: 00 != 47
680c.30e0:   00007ff6396b7bd7 / 0x0107bd7: 00 != 58
680c.30e0:   00007ff6396b7bd8 / 0x0107bd8: 00 != 58
680c.30e0:   00007ff6396b7bd9 / 0x0107bd9: 00 != 50
680c.30e0:   00007ff6396b7bda / 0x0107bda: 00 != 41
680c.30e0:   00007ff6396b7bdb / 0x0107bdb: 00 != 44
680c.30e0:   00007ff6396b7bdc / 0x0107bdc: 00 != 44
680c.30e0:   00007ff6396b7bdd / 0x0107bdd: 00 != 49
680c.30e0:   00007ff6396b7bde / 0x0107bde: 00 != 4e
680c.30e0:   00007ff6396b7bdf / 0x0107bdf: 00 != 47
680c.30e0:   00007ff6396b7be0 / 0x0107be0: 00 != 50
680c.30e0:   00007ff6396b7be1 / 0x0107be1: 00 != 41
680c.30e0:   00007ff6396b7be2 / 0x0107be2: 00 != 44
680c.30e0:   00007ff6396b7be3 / 0x0107be3: 00 != 44
680c.30e0:   00007ff6396b7be4 / 0x0107be4: 00 != 49
680c.30e0:   00007ff6396b7be5 / 0x0107be5: 00 != 4e
680c.30e0:   00007ff6396b7be6 / 0x0107be6: 00 != 47
680c.30e0:   00007ff6396b7be7 / 0x0107be7: 00 != 58
680c.30e0:   00007ff6396b7be8 / 0x0107be8: 00 != 58
680c.30e0:   00007ff6396b7be9 / 0x0107be9: 00 != 50
680c.30e0:   00007ff6396b7bea / 0x0107bea: 00 != 41
680c.30e0:   00007ff6396b7beb / 0x0107beb: 00 != 44
680c.30e0:   00007ff6396b7bec / 0x0107bec: 00 != 44
680c.30e0:   00007ff6396b7bed / 0x0107bed: 00 != 49
680c.30e0:   00007ff6396b7bee / 0x0107bee: 00 != 4e
680c.30e0:   00007ff6396b7bef / 0x0107bef: 00 != 47
680c.30e0:   00007ff6396b7bf0 / 0x0107bf0: 00 != 50
680c.30e0:   00007ff6396b7bf1 / 0x0107bf1: 00 != 41
680c.30e0:   00007ff6396b7bf2 / 0x0107bf2: 00 != 44
680c.30e0:   00007ff6396b7bf3 / 0x0107bf3: 00 != 44
680c.30e0:   00007ff6396b7bf4 / 0x0107bf4: 00 != 49
680c.30e0:   00007ff6396b7bf5 / 0x0107bf5: 00 != 4e
680c.30e0:   00007ff6396b7bf6 / 0x0107bf6: 00 != 47
680c.30e0:   00007ff6396b7bf7 / 0x0107bf7: 00 != 58
680c.30e0:   00007ff6396b7bf8 / 0x0107bf8: 00 != 58
680c.30e0:   00007ff6396b7bf9 / 0x0107bf9: 00 != 50
680c.30e0:   00007ff6396b7bfa / 0x0107bfa: 00 != 41
680c.30e0:   00007ff6396b7bfb / 0x0107bfb: 00 != 44
680c.30e0:   00007ff6396b7bfc / 0x0107bfc: 00 != 44
680c.30e0:   00007ff6396b7bfd / 0x0107bfd: 00 != 49
680c.30e0:   00007ff6396b7bfe / 0x0107bfe: 00 != 4e
680c.30e0:   00007ff6396b7bff / 0x0107bff: 00 != 47
680c.30e0:   Restored 0x490 bytes of original file content at 00007ff6396b7b70
680c.30e0: '\Device\HarddiskVolume2\Windows\System32\ntdll.dll' has no imports
680c.30e0: ntdll.dll: Differences in section #13 (.00cfg) between file and memory:
680c.30e0:   00007ffb998aa000 / 0x01ea000: 80 != 20
680c.30e0:   00007ffb998aa001 / 0x01ea001: 72 != 17
680c.30e0:   00007ffb998aa002 / 0x01ea002: 82 != 7e
680c.30e0:   00007ffb998aa009 / 0x01ea009: b2 != 16
680c.30e0:   00007ffb998aa00a / 0x01ea00a: 7b != 7e
680c.30e0:   00007ffb998aa010 / 0x01ea010: b0 != 20
680c.30e0:   00007ffb998aa011 / 0x01ea011: 72 != 17
680c.30e0:   00007ffb998aa012 / 0x01ea012: 82 != 7e
680c.30e0:   00007ffb998aa018 / 0x01ea018: b0 != 20
680c.30e0:   00007ffb998aa019 / 0x01ea019: 72 != 17
680c.30e0:   00007ffb998aa01a / 0x01ea01a: 82 != 7e
680c.30e0:   Restored 0x28 bytes of original file content at 00007ffb998aa000
680c.30e0: kernel32.dll: Differences in section #3 (.rdata) between file and memory:
680c.30e0:   00007ffb98a6ba50 / 0x008ba50: c0 != 80
680c.30e0:   00007ffb98a6ba51 / 0x008ba51: 85 != 16
680c.30e0:   00007ffb98a6ba52 / 0x008ba52: a3 != 7e
680c.30e0:   00007ffb98a6ba53 / 0x008ba53: 98 != 99
680c.30e0:   00007ffb98a6ba58 / 0x008ba58: e0 != 20
680c.30e0:   00007ffb98a6ba59 / 0x008ba59: 44 != 17
680c.30e0:   00007ffb98a6ba5a / 0x008ba5a: a6 != 7e
680c.30e0:   00007ffb98a6ba5b / 0x008ba5b: 98 != 99
680c.30e0:   00007ffb98a6ba60 / 0x008ba60: c0 != 80
680c.30e0:   00007ffb98a6ba61 / 0x008ba61: 85 != 16
680c.30e0:   00007ffb98a6ba62 / 0x008ba62: a3 != 7e
680c.30e0:   00007ffb98a6ba63 / 0x008ba63: 98 != 99
680c.30e0:   00007ffb98a6ba68 / 0x008ba68: 10 != 20
680c.30e0:   00007ffb98a6ba69 / 0x008ba69: 45 != 17
680c.30e0:   00007ffb98a6ba6a / 0x008ba6a: a6 != 7e
680c.30e0:   00007ffb98a6ba6b / 0x008ba6b: 98 != 99
680c.30e0:   00007ffb98a6ba70 / 0x008ba70: 10 != 20
680c.30e0:   00007ffb98a6ba71 / 0x008ba71: 45 != 17
680c.30e0:   00007ffb98a6ba72 / 0x008ba72: a6 != 7e
680c.30e0:   00007ffb98a6ba73 / 0x008ba73: 98 != 99
680c.30e0:   Restored 0x2000 bytes of original file content at 00007ffb98a6b000
680c.30e0: kernelbase.dll: Differences in section #3 (.rdata) between file and memory:
680c.30e0:   00007ffb96df16e0 / 0x02916e0: 10 != 80
680c.30e0:   00007ffb96df16e1 / 0x02916e1: 46 != 16
680c.30e0:   00007ffb96df16e2 / 0x02916e2: c8 != 7e
680c.30e0:   00007ffb96df16e3 / 0x02916e3: 96 != 99
680c.30e0:   00007ffb96df16e8 / 0x02916e8: 10 != 20
680c.30e0:   00007ffb96df16e9 / 0x02916e9: 2c != 17
680c.30e0:   00007ffb96df16ea / 0x02916ea: cf != 7e
680c.30e0:   00007ffb96df16eb / 0x02916eb: 96 != 99
680c.30e0:   00007ffb96df16f0 / 0x02916f0: 10 != 80
680c.30e0:   00007ffb96df16f1 / 0x02916f1: 46 != 16
680c.30e0:   00007ffb96df16f2 / 0x02916f2: c8 != 7e
680c.30e0:   00007ffb96df16f3 / 0x02916f3: 96 != 99
680c.30e0:   00007ffb96df16f8 / 0x02916f8: 40 != 20
680c.30e0:   00007ffb96df16f9 / 0x02916f9: 2c != 17
680c.30e0:   00007ffb96df16fa / 0x02916fa: cf != 7e
680c.30e0:   00007ffb96df16fb / 0x02916fb: 96 != 99
680c.30e0:   00007ffb96df1700 / 0x0291700: 40 != 20
680c.30e0:   00007ffb96df1701 / 0x0291701: 2c != 17
680c.30e0:   00007ffb96df1702 / 0x0291702: cf != 7e
680c.30e0:   00007ffb96df1703 / 0x0291703: 96 != 99
680c.30e0:   Restored 0x2000 bytes of original file content at 00007ffb96df0000
680c.30e0: supHardNtVpCheckHandles:
680c.30e0: supR3HardenedWinInit: SUPHARDNTVPKIND_SELF_PURIFICATION_LIMITED -> VINF_SUCCESS, cFixes=5
680c.30e0: '\Device\HarddiskVolume2\Program Files\Oracle\VirtualBox\VirtualBoxVM.exe' has no imports
680c.30e0: supHardenedWinVerifyImageByHandle: -> 0 (\Device\HarddiskVolume2\Program Files\Oracle\VirtualBox\VirtualBoxVM.exe)
680c.30e0: supR3HardNtEnableThreadCreationEx:
680c.30e0: supR3HardNtDisableThreadCreation: pvLdrInitThunk=00007ffb997a8ee0 pvNtTerminateThread=00007ffb99822610 g_LdrInitThunkSelfBackup.cb=10
680c.30e0: supR3HardenedWinDoReSpawn(1): New child 6f8c.148c [kernel32].
680c.30e0: supR3HardNtChildGatherData: PebBaseAddress=000000c253052000 cbPeb=0x388
680c.30e0: supR3HardNtPuChFindNtdll: uNtDllParentAddr=00007ffb996c0000 uNtDllChildAddr=00007ffb996c0000
680c.30e0: supR3HardenedWinSetupChildInit: uLdrInitThunk=00007ffb997a8ee0
680c.30e0: supR3HardenedWinSetupChildInit: Initial context:
  rax=0000000000000000 rbx=0000000000000000 rcx=00007ff6395bb8e0 rdx=000000c253052000
  rsi=0000000000000000 rdi=0000000000000000 r8 =0000000000000000 r9 =0000000000000000
  r10=0000000000000000 r11=0000000000000000 r12=0000000000000000 r13=0000000000000000
  r14=0000000000000000 r15=0000000000000000  P1=0000000000000000  P2=0000000000000000
  rip=00007ffb9974c510 rsp=000000c2532ffc08 rbp=0000000000000000    ctxflags=0010001b
  cs=0033 ss=002b ds=0000 es=0000 fs=0000 gs=0000    eflags=00000200   mxcrx=00001f80
   P3=0000000000000000  P4=0000000000000000  P5=0000000000000000  P6=0000000000000000
  dr0=0000000000000000 dr1=0000000000000000 dr2=0000000000000000 dr3=0000000000000000
  dr6=0000000000000000 dr7=0000000000000000 vcr=0000000000000000 dcr=0000000000000000
  lbt=0000000000000000 lbf=0000000000000000 lxt=0000000000000000 lxf=0000000000000000
680c.30e0: supR3HardenedWinSetupChildInit: Start child.
680c.30e0: supR3HardNtChildWaitFor: Found expected request 0 (PurifyChildAndCloseHandles) after 0 ms.
680c.30e0: supR3HardNtChildPurify: Startup delay kludge #1/0: 262 ms, 17 sleeps
680c.30e0: supHardNtVpScanVirtualMemory: enmKind=CHILD_PURIFICATION
680c.30e0:  *0000000000000000-000000007ffdffff 0x0001/0x0000 0x0000000
680c.30e0:  *000000007ffe0000-000000007ffe0fff 0x0002/0x0002 0x0020000
680c.30e0:   000000007ffe1000-000000007ffe7fff 0x0001/0x0000 0x0000000
680c.30e0:  *000000007ffe8000-000000007ffe8fff 0x0002/0x0002 0x0020000
680c.30e0:   000000007ffe9000-000000c252ffffff 0x0001/0x0000 0x0000000
680c.30e0:  *000000c253000000-000000c253051fff 0x0000/0x0004 0x0020000
680c.30e0:   000000c253052000-000000c253054fff 0x0004/0x0004 0x0020000
680c.30e0:   000000c253055000-000000c2531fffff 0x0000/0x0004 0x0020000
680c.30e0:  *000000c253200000-000000c2532fafff 0x0000/0x0004 0x0020000
680c.30e0:   000000c2532fb000-000000c2532fdfff 0x0104/0x0004 0x0020000
680c.30e0:   000000c2532fe000-000000c2532fffff 0x0004/0x0004 0x0020000
680c.30e0:   000000c253300000-000001d459a8ffff 0x0001/0x0000 0x0000000
680c.30e0:  *000001d459a90000-000001d459aaffff 0x0004/0x0004 0x0020000
680c.30e0:  *000001d459ab0000-000001d459acffff 0x0002/0x0002 0x0040000
680c.30e0:  *000001d459ad0000-000001d459ad3fff 0x0002/0x0002 0x0040000
680c.30e0:   000001d459ad4000-000001d459adffff 0x0001/0x0000 0x0000000
680c.30e0:  *000001d459ae0000-000001d459ae0fff 0x0002/0x0002 0x0040000
680c.30e0:   000001d459ae1000-000001d459aeffff 0x0001/0x0000 0x0000000
680c.30e0:  *000001d459af0000-000001d459af1fff 0x0004/0x0004 0x0020000
680c.30e0:   000001d459af2000-00007df5b608ffff 0x0001/0x0000 0x0000000
680c.30e0:  *00007df5b6090000-00007df5b6090fff 0x0002/0x0002 0x0040000
680c.30e0:   00007df5b6091000-00007df5b609ffff 0x0001/0x0000 0x0000000
680c.30e0:  *00007df5b60a0000-00007df5b7d6dfff 0x0000/0x0001 0x0040000
680c.30e0:   00007df5b7d6e000-00007df5b7e2bfff 0x0001/0x0001 0x0040000
680c.30e0:   00007df5b7e2c000-00007df5b7e7ffff 0x0000/0x0001 0x0040000
680c.30e0:   00007df5b7e80000-00007df5b7e80fff 0x0001/0x0001 0x0040000
680c.30e0:   00007df5b7e81000-00007ff58eef5fff 0x0000/0x0001 0x0040000
680c.30e0:   00007ff58eef6000-00007ff58eefafff 0x0002/0x0001 0x0040000
680c.30e0:   00007ff58eefb000-00007ff5a0088fff 0x0000/0x0001 0x0040000
680c.30e0:   00007ff5a0089000-00007ff5a46fafff 0x0001/0x0001 0x0040000
680c.30e0:   00007ff5a46fb000-00007ff5a4704fff 0x0002/0x0001 0x0040000
680c.30e0:   00007ff5a4705000-00007ff5b609ffff 0x0000/0x0001 0x0040000
680c.30e0:   00007ff5b60a0000-00007ff6395affff 0x0001/0x0000 0x0000000
680c.30e0:  *00007ff6395b0000-00007ff6395b0fff 0x0002/0x0080 0x1000000  \Device\HarddiskVolume2\Program Files\Oracle\VirtualBox\VirtualBoxVM.exe
680c.30e0:   00007ff6395b1000-00007ff63961bfff 0x0020/0x0080 0x1000000  \Device\HarddiskVolume2\Program Files\Oracle\VirtualBox\VirtualBoxVM.exe
680c.30e0:   00007ff63961c000-00007ff63961cfff 0x0080/0x0080 0x1000000  \Device\HarddiskVolume2\Program Files\Oracle\VirtualBox\VirtualBoxVM.exe
680c.30e0:   00007ff63961d000-00007ff639671fff 0x0002/0x0080 0x1000000  \Device\HarddiskVolume2\Program Files\Oracle\VirtualBox\VirtualBoxVM.exe
680c.30e0:   00007ff639672000-00007ff639672fff 0x0004/0x0080 0x1000000  \Device\HarddiskVolume2\Program Files\Oracle\VirtualBox\VirtualBoxVM.exe
680c.30e0:   00007ff639673000-00007ff639673fff 0x0008/0x0080 0x1000000  \Device\HarddiskVolume2\Program Files\Oracle\VirtualBox\VirtualBoxVM.exe
680c.30e0:   00007ff639674000-00007ff639679fff 0x0004/0x0080 0x1000000  \Device\HarddiskVolume2\Program Files\Oracle\VirtualBox\VirtualBoxVM.exe
680c.30e0:   00007ff63967a000-00007ff63967efff 0x0008/0x0080 0x1000000  \Device\HarddiskVolume2\Program Files\Oracle\VirtualBox\VirtualBoxVM.exe
680c.30e0:   00007ff63967f000-00007ff6396b9fff 0x0002/0x0080 0x1000000  \Device\HarddiskVolume2\Program Files\Oracle\VirtualBox\VirtualBoxVM.exe
680c.30e0:   00007ff6396ba000-00007ffb996bffff 0x0001/0x0000 0x0000000
680c.30e0:  *00007ffb996c0000-00007ffb996c0fff 0x0002/0x0080 0x1000000  \Device\HarddiskVolume2\Windows\System32\ntdll.dll
680c.30e0:   00007ffb996c1000-00007ffb99832fff 0x0020/0x0080 0x1000000  \Device\HarddiskVolume2\Windows\System32\ntdll.dll
680c.30e0:   00007ffb99833000-00007ffb9988bfff 0x0002/0x0080 0x1000000  \Device\HarddiskVolume2\Windows\System32\ntdll.dll
680c.30e0:   00007ffb9988c000-00007ffb99894fff 0x0008/0x0080 0x1000000  \Device\HarddiskVolume2\Windows\System32\ntdll.dll
680c.30e0:   00007ffb99895000-00007ffb998a5fff 0x0002/0x0080 0x1000000  \Device\HarddiskVolume2\Windows\System32\ntdll.dll
680c.30e0:   00007ffb998a6000-00007ffb998a8fff 0x0008/0x0080 0x1000000  \Device\HarddiskVolume2\Windows\System32\ntdll.dll
680c.30e0:   00007ffb998a9000-00007ffb998a9fff 0x0004/0x0080 0x1000000  \Device\HarddiskVolume2\Windows\System32\ntdll.dll
680c.30e0:   00007ffb998aa000-00007ffb99926fff 0x0002/0x0080 0x1000000  \Device\HarddiskVolume2\Windows\System32\ntdll.dll
680c.30e0:   00007ffb99927000-00007ffffffeffff 0x0001/0x0000 0x0000000
680c.30e0: VirtualBoxVM.exe: Differences in section #8 (.rsrc) between file and memory:
680c.30e0:   00007ff6396b7b70 / 0x0107b70: 00 != 50
680c.30e0:   00007ff6396b7b71 / 0x0107b71: 00 != 41
680c.30e0:   00007ff6396b7b72 / 0x0107b72: 00 != 44
680c.30e0:   00007ff6396b7b73 / 0x0107b73: 00 != 44
680c.30e0:   00007ff6396b7b74 / 0x0107b74: 00 != 49
680c.30e0:   00007ff6396b7b75 / 0x0107b75: 00 != 4e
680c.30e0:   00007ff6396b7b76 / 0x0107b76: 00 != 47
680c.30e0:   00007ff6396b7b77 / 0x0107b77: 00 != 58
680c.30e0:   00007ff6396b7b78 / 0x0107b78: 00 != 58
680c.30e0:   00007ff6396b7b79 / 0x0107b79: 00 != 50
680c.30e0:   00007ff6396b7b7a / 0x0107b7a: 00 != 41
680c.30e0:   00007ff6396b7b7b / 0x0107b7b: 00 != 44
680c.30e0:   00007ff6396b7b7c / 0x0107b7c: 00 != 44
680c.30e0:   00007ff6396b7b7d / 0x0107b7d: 00 != 49
680c.30e0:   00007ff6396b7b7e / 0x0107b7e: 00 != 4e
680c.30e0:   00007ff6396b7b7f / 0x0107b7f: 00 != 47
680c.30e0:   00007ff6396b7b80 / 0x0107b80: 00 != 50
680c.30e0:   00007ff6396b7b81 / 0x0107b81: 00 != 41
680c.30e0:   00007ff6396b7b82 / 0x0107b82: 00 != 44
680c.30e0:   00007ff6396b7b83 / 0x0107b83: 00 != 44
680c.30e0:   00007ff6396b7b84 / 0x0107b84: 00 != 49
680c.30e0:   00007ff6396b7b85 / 0x0107b85: 00 != 4e
680c.30e0:   00007ff6396b7b86 / 0x0107b86: 00 != 47
680c.30e0:   00007ff6396b7b87 / 0x0107b87: 00 != 58
680c.30e0:   00007ff6396b7b88 / 0x0107b88: 00 != 58
680c.30e0:   00007ff6396b7b89 / 0x0107b89: 00 != 50
680c.30e0:   00007ff6396b7b8a / 0x0107b8a: 00 != 41
680c.30e0:   00007ff6396b7b8b / 0x0107b8b: 00 != 44
680c.30e0:   00007ff6396b7b8c / 0x0107b8c: 00 != 44
680c.30e0:   00007ff6396b7b8d / 0x0107b8d: 00 != 49
680c.30e0:   00007ff6396b7b8e / 0x0107b8e: 00 != 4e
680c.30e0:   00007ff6396b7b8f / 0x0107b8f: 00 != 47
680c.30e0:   00007ff6396b7b90 / 0x0107b90: 00 != 50
680c.30e0:   00007ff6396b7b91 / 0x0107b91: 00 != 41
680c.30e0:   00007ff6396b7b92 / 0x0107b92: 00 != 44
680c.30e0:   00007ff6396b7b93 / 0x0107b93: 00 != 44
680c.30e0:   00007ff6396b7b94 / 0x0107b94: 00 != 49
680c.30e0:   00007ff6396b7b95 / 0x0107b95: 00 != 4e
680c.30e0:   00007ff6396b7b96 / 0x0107b96: 00 != 47
680c.30e0:   00007ff6396b7b97 / 0x0107b97: 00 != 58
680c.30e0:   00007ff6396b7b98 / 0x0107b98: 00 != 58
680c.30e0:   00007ff6396b7b99 / 0x0107b99: 00 != 50
680c.30e0:   00007ff6396b7b9a / 0x0107b9a: 00 != 41
680c.30e0:   00007ff6396b7b9b / 0x0107b9b: 00 != 44
680c.30e0:   00007ff6396b7b9c / 0x0107b9c: 00 != 44
680c.30e0:   00007ff6396b7b9d / 0x0107b9d: 00 != 49
680c.30e0:   00007ff6396b7b9e / 0x0107b9e: 00 != 4e
680c.30e0:   00007ff6396b7b9f / 0x0107b9f: 00 != 47
680c.30e0:   00007ff6396b7ba0 / 0x0107ba0: 00 != 50
680c.30e0:   00007ff6396b7ba1 / 0x0107ba1: 00 != 41
680c.30e0:   00007ff6396b7ba2 / 0x0107ba2: 00 != 44
680c.30e0:   00007ff6396b7ba3 / 0x0107ba3: 00 != 44
680c.30e0:   00007ff6396b7ba4 / 0x0107ba4: 00 != 49
680c.30e0:   00007ff6396b7ba5 / 0x0107ba5: 00 != 4e
680c.30e0:   00007ff6396b7ba6 / 0x0107ba6: 00 != 47
680c.30e0:   00007ff6396b7ba7 / 0x0107ba7: 00 != 58
680c.30e0:   00007ff6396b7ba8 / 0x0107ba8: 00 != 58
680c.30e0:   00007ff6396b7ba9 / 0x0107ba9: 00 != 50
680c.30e0:   00007ff6396b7baa / 0x0107baa: 00 != 41
680c.30e0:   00007ff6396b7bab / 0x0107bab: 00 != 44
680c.30e0:   00007ff6396b7bac / 0x0107bac: 00 != 44
680c.30e0:   00007ff6396b7bad / 0x0107bad: 00 != 49
680c.30e0:   00007ff6396b7bae / 0x0107bae: 00 != 4e
680c.30e0:   00007ff6396b7baf / 0x0107baf: 00 != 47
680c.30e0:   00007ff6396b7bb0 / 0x0107bb0: 00 != 50
680c.30e0:   00007ff6396b7bb1 / 0x0107bb1: 00 != 41
680c.30e0:   00007ff6396b7bb2 / 0x0107bb2: 00 != 44
680c.30e0:   00007ff6396b7bb3 / 0x0107bb3: 00 != 44
680c.30e0:   00007ff6396b7bb4 / 0x0107bb4: 00 != 49
680c.30e0:   00007ff6396b7bb5 / 0x0107bb5: 00 != 4e
680c.30e0:   00007ff6396b7bb6 / 0x0107bb6: 00 != 47
680c.30e0:   00007ff6396b7bb7 / 0x0107bb7: 00 != 58
680c.30e0:   00007ff6396b7bb8 / 0x0107bb8: 00 != 58
680c.30e0:   00007ff6396b7bb9 / 0x0107bb9: 00 != 50
680c.30e0:   00007ff6396b7bba / 0x0107bba: 00 != 41
680c.30e0:   00007ff6396b7bbb / 0x0107bbb: 00 != 44
680c.30e0:   00007ff6396b7bbc / 0x0107bbc: 00 != 44
680c.30e0:   00007ff6396b7bbd / 0x0107bbd: 00 != 49
680c.30e0:   00007ff6396b7bbe / 0x0107bbe: 00 != 4e
680c.30e0:   00007ff6396b7bbf / 0x0107bbf: 00 != 47
680c.30e0:   00007ff6396b7bc0 / 0x0107bc0: 00 != 50
680c.30e0:   00007ff6396b7bc1 / 0x0107bc1: 00 != 41
680c.30e0:   00007ff6396b7bc2 / 0x0107bc2: 00 != 44
680c.30e0:   00007ff6396b7bc3 / 0x0107bc3: 00 != 44
680c.30e0:   00007ff6396b7bc4 / 0x0107bc4: 00 != 49
680c.30e0:   00007ff6396b7bc5 / 0x0107bc5: 00 != 4e
680c.30e0:   00007ff6396b7bc6 / 0x0107bc6: 00 != 47
680c.30e0:   00007ff6396b7bc7 / 0x0107bc7: 00 != 58
680c.30e0:   00007ff6396b7bc8 / 0x0107bc8: 00 != 58
680c.30e0:   00007ff6396b7bc9 / 0x0107bc9: 00 != 50
680c.30e0:   00007ff6396b7bca / 0x0107bca: 00 != 41
680c.30e0:   00007ff6396b7bcb / 0x0107bcb: 00 != 44
680c.30e0:   00007ff6396b7bcc / 0x0107bcc: 00 != 44
680c.30e0:   00007ff6396b7bcd / 0x0107bcd: 00 != 49
680c.30e0:   00007ff6396b7bce / 0x0107bce: 00 != 4e
680c.30e0:   00007ff6396b7bcf / 0x0107bcf: 00 != 47
680c.30e0:   00007ff6396b7bd0 / 0x0107bd0: 00 != 50
680c.30e0:   00007ff6396b7bd1 / 0x0107bd1: 00 != 41
680c.30e0:   00007ff6396b7bd2 / 0x0107bd2: 00 != 44
680c.30e0:   00007ff6396b7bd3 / 0x0107bd3: 00 != 44
680c.30e0:   00007ff6396b7bd4 / 0x0107bd4: 00 != 49
680c.30e0:   00007ff6396b7bd5 / 0x0107bd5: 00 != 4e
680c.30e0:   00007ff6396b7bd6 / 0x0107bd6: 00 != 47
680c.30e0:   00007ff6396b7bd7 / 0x0107bd7: 00 != 58
680c.30e0:   00007ff6396b7bd8 / 0x0107bd8: 00 != 58
680c.30e0:   00007ff6396b7bd9 / 0x0107bd9: 00 != 50
680c.30e0:   00007ff6396b7bda / 0x0107bda: 00 != 41
680c.30e0:   00007ff6396b7bdb / 0x0107bdb: 00 != 44
680c.30e0:   00007ff6396b7bdc / 0x0107bdc: 00 != 44
680c.30e0:   00007ff6396b7bdd / 0x0107bdd: 00 != 49
680c.30e0:   00007ff6396b7bde / 0x0107bde: 00 != 4e
680c.30e0:   00007ff6396b7bdf / 0x0107bdf: 00 != 47
680c.30e0:   00007ff6396b7be0 / 0x0107be0: 00 != 50
680c.30e0:   00007ff6396b7be1 / 0x0107be1: 00 != 41
680c.30e0:   00007ff6396b7be2 / 0x0107be2: 00 != 44
680c.30e0:   00007ff6396b7be3 / 0x0107be3: 00 != 44
680c.30e0:   00007ff6396b7be4 / 0x0107be4: 00 != 49
680c.30e0:   00007ff6396b7be5 / 0x0107be5: 00 != 4e
680c.30e0:   00007ff6396b7be6 / 0x0107be6: 00 != 47
680c.30e0:   00007ff6396b7be7 / 0x0107be7: 00 != 58
680c.30e0:   00007ff6396b7be8 / 0x0107be8: 00 != 58
680c.30e0:   00007ff6396b7be9 / 0x0107be9: 00 != 50
680c.30e0:   00007ff6396b7bea / 0x0107bea: 00 != 41
680c.30e0:   00007ff6396b7beb / 0x0107beb: 00 != 44
680c.30e0:   00007ff6396b7bec / 0x0107bec: 00 != 44
680c.30e0:   00007ff6396b7bed / 0x0107bed: 00 != 49
680c.30e0:   00007ff6396b7bee / 0x0107bee: 00 != 4e
680c.30e0:   00007ff6396b7bef / 0x0107bef: 00 != 47
680c.30e0:   00007ff6396b7bf0 / 0x0107bf0: 00 != 50
680c.30e0:   00007ff6396b7bf1 / 0x0107bf1: 00 != 41
680c.30e0:   00007ff6396b7bf2 / 0x0107bf2: 00 != 44
680c.30e0:   00007ff6396b7bf3 / 0x0107bf3: 00 != 44
680c.30e0:   00007ff6396b7bf4 / 0x0107bf4: 00 != 49
680c.30e0:   00007ff6396b7bf5 / 0x0107bf5: 00 != 4e
680c.30e0:   00007ff6396b7bf6 / 0x0107bf6: 00 != 47
680c.30e0:   00007ff6396b7bf7 / 0x0107bf7: 00 != 58
680c.30e0:   00007ff6396b7bf8 / 0x0107bf8: 00 != 58
680c.30e0:   00007ff6396b7bf9 / 0x0107bf9: 00 != 50
680c.30e0:   00007ff6396b7bfa / 0x0107bfa: 00 != 41
680c.30e0:   00007ff6396b7bfb / 0x0107bfb: 00 != 44
680c.30e0:   00007ff6396b7bfc / 0x0107bfc: 00 != 44
680c.30e0:   00007ff6396b7bfd / 0x0107bfd: 00 != 49
680c.30e0:   00007ff6396b7bfe / 0x0107bfe: 00 != 4e
680c.30e0:   00007ff6396b7bff / 0x0107bff: 00 != 47
680c.30e0:   Restored 0x490 bytes of original file content at 00007ff6396b7b70
680c.30e0: ntdll.dll: Differences in section #12 (.mrdata) between file and memory:
680c.30e0:   00007ffb998a9490 / 0x01e9490: 00 != a0
680c.30e0:   00007ffb998a9491 / 0x01e9491: 00 != c2
680c.30e0:   00007ffb998a9492 / 0x01e9492: 00 != 96
680c.30e0:   00007ffb998a9493 / 0x01e9493: 00 != 77
680c.30e0:   00007ffb998a9498 / 0x01e9498: 00 != 68
680c.30e0:   00007ffb998a9499 / 0x01e9499: 00 != 97
680c.30e0:   00007ffb998a949a / 0x01e949a: 00 != 96
680c.30e0:   00007ffb998a949b / 0x01e949b: 00 != 77
680c.30e0:   00007ffb998a94d8 / 0x01e94d8: 00 != f9
680c.30e0:   00007ffb998a94d9 / 0x01e94d9: 00 != d0
680c.30e0:   00007ffb998a94da / 0x01e94da: 00 != 40
680c.30e0:   00007ffb998a94db / 0x01e94db: 00 != f7
680c.30e0:   00007ffb998a94e0 / 0x01e94e0: 00 != 10
680c.30e0:   00007ffb998a94e5 / 0x01e94e5: 00 != 01
680c.30e0:   00007ffb998a94f0 / 0x01e94f0: 00 != 02
680c.30e0:   00007ffb998a94f1 / 0x01e94f1: 00 != 20
680c.30e0:   00007ffb998a94fa / 0x01e94fa: 00 != 0a
680c.30e0:   00007ffb998a94fb / 0x01e94fb: 00 != b6
680c.30e0:   00007ffb998a94fc / 0x01e94fc: 00 != f5
680c.30e0:   00007ffb998a94fd / 0x01e94fd: 00 != 7d
680c.30e0:   00007ffb998a9505 / 0x01e9505: 00 != 02
680c.30e0:   Restored 0x118 bytes of original file content at 00007ffb998a9490
680c.30e0: supR3HardNtChildPurify: cFixes=2 g_fSupAdversaries=0x80000000
680c.30e0: supR3HardNtChildPurify: Startup delay kludge #1/1: 519 ms, 34 sleeps
680c.30e0: supHardNtVpScanVirtualMemory: enmKind=CHILD_PURIFICATION
680c.30e0:  *0000000000000000-000000007ffdffff 0x0001/0x0000 0x0000000
680c.30e0:  *000000007ffe0000-000000007ffe0fff 0x0002/0x0002 0x0020000
680c.30e0:   000000007ffe1000-000000007ffe7fff 0x0001/0x0000 0x0000000
680c.30e0:  *000000007ffe8000-000000007ffe8fff 0x0002/0x0002 0x0020000
680c.30e0:   000000007ffe9000-000000c252ffffff 0x0001/0x0000 0x0000000
680c.30e0:  *000000c253000000-000000c253051fff 0x0000/0x0004 0x0020000
680c.30e0:   000000c253052000-000000c253054fff 0x0004/0x0004 0x0020000
680c.30e0:   000000c253055000-000000c2531fffff 0x0000/0x0004 0x0020000
680c.30e0:  *000000c253200000-000000c2532fafff 0x0000/0x0004 0x0020000
680c.30e0:   000000c2532fb000-000000c2532fdfff 0x0104/0x0004 0x0020000
680c.30e0:   000000c2532fe000-000000c2532fffff 0x0004/0x0004 0x0020000
680c.30e0:   000000c253300000-000001d459a8ffff 0x0001/0x0000 0x0000000
680c.30e0:  *000001d459a90000-000001d459aaffff 0x0004/0x0004 0x0020000
680c.30e0:  *000001d459ab0000-000001d459acffff 0x0002/0x0002 0x0040000
680c.30e0:  *000001d459ad0000-000001d459ad3fff 0x0002/0x0002 0x0040000
680c.30e0:   000001d459ad4000-000001d459adffff 0x0001/0x0000 0x0000000
680c.30e0:  *000001d459ae0000-000001d459ae0fff 0x0002/0x0002 0x0040000
680c.30e0:   000001d459ae1000-000001d459aeffff 0x0001/0x0000 0x0000000
680c.30e0:  *000001d459af0000-000001d459af1fff 0x0004/0x0004 0x0020000
680c.30e0:   000001d459af2000-00007df5b608ffff 0x0001/0x0000 0x0000000
680c.30e0:  *00007df5b6090000-00007df5b6090fff 0x0002/0x0002 0x0040000
680c.30e0:   00007df5b6091000-00007df5b609ffff 0x0001/0x0000 0x0000000
680c.30e0:  *00007df5b60a0000-00007df5b7d6dfff 0x0000/0x0001 0x0040000
680c.30e0:   00007df5b7d6e000-00007df5b7e2bfff 0x0001/0x0001 0x0040000
680c.30e0:   00007df5b7e2c000-00007df5b7e7ffff 0x0000/0x0001 0x0040000
680c.30e0:   00007df5b7e80000-00007df5b7e80fff 0x0001/0x0001 0x0040000
680c.30e0:   00007df5b7e81000-00007ff58eef5fff 0x0000/0x0001 0x0040000
680c.30e0:   00007ff58eef6000-00007ff58eefafff 0x0002/0x0001 0x0040000
680c.30e0:   00007ff58eefb000-00007ff5a0088fff 0x0000/0x0001 0x0040000
680c.30e0:   00007ff5a0089000-00007ff5a46fafff 0x0001/0x0001 0x0040000
680c.30e0:   00007ff5a46fb000-00007ff5a4704fff 0x0002/0x0001 0x0040000
680c.30e0:   00007ff5a4705000-00007ff5b609ffff 0x0000/0x0001 0x0040000
680c.30e0:   00007ff5b60a0000-00007ff6395affff 0x0001/0x0000 0x0000000
680c.30e0:  *00007ff6395b0000-00007ff6395b0fff 0x0002/0x0080 0x1000000  \Device\HarddiskVolume2\Program Files\Oracle\VirtualBox\VirtualBoxVM.exe
680c.30e0:   00007ff6395b1000-00007ff63961bfff 0x0020/0x0080 0x1000000  \Device\HarddiskVolume2\Program Files\Oracle\VirtualBox\VirtualBoxVM.exe
680c.30e0:   00007ff63961c000-00007ff63961cfff 0x0040/0x0080 0x1000000  \Device\HarddiskVolume2\Program Files\Oracle\VirtualBox\VirtualBoxVM.exe
680c.30e0:   00007ff63961d000-00007ff639671fff 0x0002/0x0080 0x1000000  \Device\HarddiskVolume2\Program Files\Oracle\VirtualBox\VirtualBoxVM.exe
680c.30e0:   00007ff639672000-00007ff63967efff 0x0004/0x0080 0x1000000  \Device\HarddiskVolume2\Program Files\Oracle\VirtualBox\VirtualBoxVM.exe
680c.30e0:   00007ff63967f000-00007ff6396b9fff 0x0002/0x0080 0x1000000  \Device\HarddiskVolume2\Program Files\Oracle\VirtualBox\VirtualBoxVM.exe
680c.30e0:   00007ff6396ba000-00007ffb996bffff 0x0001/0x0000 0x0000000
680c.30e0:  *00007ffb996c0000-00007ffb996c0fff 0x0002/0x0080 0x1000000  \Device\HarddiskVolume2\Windows\System32\ntdll.dll
680c.30e0:   00007ffb996c1000-00007ffb99832fff 0x0020/0x0080 0x1000000  \Device\HarddiskVolume2\Windows\System32\ntdll.dll
680c.30e0:   00007ffb99833000-00007ffb9988bfff 0x0002/0x0080 0x1000000  \Device\HarddiskVolume2\Windows\System32\ntdll.dll
680c.30e0:   00007ffb9988c000-00007ffb9988cfff 0x0004/0x0080 0x1000000  \Device\HarddiskVolume2\Windows\System32\ntdll.dll
680c.30e0:   00007ffb9988d000-00007ffb9988dfff 0x0008/0x0080 0x1000000  \Device\HarddiskVolume2\Windows\System32\ntdll.dll
680c.30e0:   00007ffb9988e000-00007ffb99894fff 0x0004/0x0080 0x1000000  \Device\HarddiskVolume2\Windows\System32\ntdll.dll
680c.30e0:   00007ffb99895000-00007ffb998a5fff 0x0002/0x0080 0x1000000  \Device\HarddiskVolume2\Windows\System32\ntdll.dll
680c.30e0:   00007ffb998a6000-00007ffb998a6fff 0x0004/0x0080 0x1000000  \Device\HarddiskVolume2\Windows\System32\ntdll.dll
680c.30e0:   00007ffb998a7000-00007ffb998a8fff 0x0008/0x0080 0x1000000  \Device\HarddiskVolume2\Windows\System32\ntdll.dll
680c.30e0:   00007ffb998a9000-00007ffb998a9fff 0x0004/0x0080 0x1000000  \Device\HarddiskVolume2\Windows\System32\ntdll.dll
680c.30e0:   00007ffb998aa000-00007ffb99926fff 0x0002/0x0080 0x1000000  \Device\HarddiskVolume2\Windows\System32\ntdll.dll
680c.30e0:   00007ffb99927000-00007ffffffeffff 0x0001/0x0000 0x0000000
680c.30e0: supR3HardNtChildPurify: Done after 786 ms and 2 fixes (loop #1).
6f8c.148c: supR3HardenedVmProcessInit: uNtDllAddr=00007ffb996c0000 g_uNtVerCombined=0xa0665800 (stack ~000000c2532fe9d0)
6f8c.148c: ntdll.dll: timestamp 0x9225342c (rc=VINF_SUCCESS)
6f8c.148c: New simple heap: #1 000001d459c00000 LB 0x800000 (for 2519040 allocation)
680c.30e0: supR3HardNtEnableThreadCreationEx:
6f8c.148c: supR3HardenedWinInitAppBin(0x0): '\Device\HarddiskVolume2\Program Files\Oracle\VirtualBox'
6f8c.148c: System32:  \Device\HarddiskVolume2\Windows\System32
6f8c.148c: WinSxS:    \Device\HarddiskVolume2\Windows\WinSxS
6f8c.148c: KnownDllPath: C:\WINDOWS\System32
6f8c.148c: supR3HardenedVmProcessInit: Opening vboxsup stub...
6f8c.148c: supR3HardenedVmProcessInit: Restoring LdrInitializeThunk...
6f8c.148c: supR3HardenedVmProcessInit: Returning to LdrInitializeThunk...
6f8c.148c: Registered Dll notification callback with NTDLL.
6f8c.148c: supHardenedWinVerifyImageByHandle: -> 0 (\Device\HarddiskVolume2\Windows\System32\kernel32.dll)
6f8c.148c: supR3HardenedWinVerifyCacheInsert: \Device\HarddiskVolume2\Windows\System32\kernel32.dll
6f8c.148c: supR3HardenedMonitor_LdrLoadDll: pName=C:\WINDOWS\System32\KERNEL32.DLL (Input=KERNEL32.DLL, rcNtResolve=0xc0150008) *pfFlags=0xffffffff pwszSearchPath=0000000000004001:<flags> [calling]
6f8c.148c: supR3HardenedDllNotificationCallback: load   00007ffb96b60000 LB 0x003ef000 C:\WINDOWS\System32\KERNELBASE.dll [fFlags=0x0]
6f8c.148c: supHardenedWinVerifyImageByHandle: -> 0 (\Device\HarddiskVolume2\Windows\System32\KernelBase.dll)
6f8c.148c: supR3HardenedWinVerifyCacheInsert: \Device\HarddiskVolume2\Windows\System32\KernelBase.dll
6f8c.148c: supR3HardenedDllNotificationCallback: load   00007ffb989e0000 LB 0x000c9000 C:\WINDOWS\System32\KERNEL32.DLL [fFlags=0x0]
6f8c.148c: supR3HardenedScreenImage/LdrLoadDll: cache hit (VINF_SUCCESS) on \Device\HarddiskVolume2\Windows\System32\kernel32.dll [lacks WinVerifyTrust]
6f8c.148c: supR3HardenedMonitor_LdrLoadDll: returns rcNt=0x0 hMod=00007ffb989e0000 'C:\WINDOWS\System32\KERNEL32.DLL'
6f8c.148c: supR3HardenedScreenImage/LdrLoadDll: cache hit (VINF_SUCCESS) on \Device\HarddiskVolume2\Windows\System32\KernelBase.dll [lacks WinVerifyTrust]
6f8c.148c: supR3HardenedMonitor_LdrLoadDll: pName=C:\WINDOWS\System32\KERNELBASE.dll (Input=KERNELBASE.dll, rcNtResolve=0xc0150008) *pfFlags=0xffffffff pwszSearchPath=0000000000004001:<flags> [calling]
6f8c.148c: supR3HardenedMonitor_LdrLoadDll: returns rcNt=0x0 hMod=00007ffb96b60000 'C:\WINDOWS\System32\KERNELBASE.dll'
6f8c.148c: supR3HardenedDllNotificationCallback: load   00007ff6395b0000 LB 0x0010a000 C:\Program Files\Oracle\VirtualBox\VirtualBoxVM.exe [fFlags=0x0]
6f8c.148c: '\Device\HarddiskVolume2\Program Files\Oracle\VirtualBox\VirtualBoxVM.exe' has no imports
6f8c.148c: supHardenedWinVerifyImageByHandle: -> 0 (\Device\HarddiskVolume2\Program Files\Oracle\VirtualBox\VirtualBoxVM.exe)
6f8c.148c: supR3HardenedWinVerifyCacheInsert: \Device\HarddiskVolume2\Program Files\Oracle\VirtualBox\VirtualBoxVM.exe
6f8c.148c: supR3HardNtDisableThreadCreation: pvLdrInitThunk=00007ffb997a8ee0 pvNtTerminateThread=00007ffb99822610 g_LdrInitThunkSelfBackup.cb=0
6f8c.148c: supR3HardNtDisableThreadCreationEx: Backup=40 53 48 83 ec 20 48 8b d9 e8 1a 00 00 00 b2 01
680c.30e0: supR3HardNtChildWaitFor: Found expected request 1 (CloseEvents) after 65 ms.
6f8c.148c: \SystemRoot\System32\ntdll.dll:
6f8c.148c:     CreationTime:    2025-12-10T13:24:17.585843300Z
6f8c.148c:     LastWriteTime:   2025-12-10T13:24:17.685478400Z
6f8c.148c:     ChangeTime:      2025-12-13T16:34:08.831864800Z
6f8c.148c:     FileAttributes:  0x20
6f8c.148c:     Size:            0x267b90
6f8c.148c:     NT Headers:      0xf0
6f8c.148c:     Timestamp:       0x9225342c
6f8c.148c:     Machine:         0x8664 - amd64
6f8c.148c:     Timestamp:       0x9225342c
6f8c.148c:     Image Version:   10.0
6f8c.148c:     SizeOfImage:     0x267000 (2519040)
6f8c.148c:     Resource Dir:    0x1eb000 LB 0x7a108
6f8c.148c:     [Version info resource found at 0xd8! (ID/Name: 0x1; SubID/SubName: 0x409)]
6f8c.148c:     [Raw version resource data: 0x1eb0f0 LB 0x380, codepage 0x0 (reserved 0x0)]
6f8c.148c:     ProductName:     Microsoft® Windows® Operating System
6f8c.148c:     ProductVersion:  10.0.26100.7462
6f8c.148c:     FileVersion:     10.0.26100.7462 (WinBuild.160101.0800)
6f8c.148c:     FileDescription: NT Layer DLL
6f8c.148c: \SystemRoot\System32\kernel32.dll:
6f8c.148c:     CreationTime:    2025-12-10T13:24:15.563934600Z
6f8c.148c:     LastWriteTime:   2025-12-10T13:24:15.591438900Z
6f8c.148c:     ChangeTime:      2025-12-13T16:34:08.280802900Z
6f8c.148c:     FileAttributes:  0x20
6f8c.148c:     Size:            0xcc220
6f8c.148c:     NT Headers:      0xf0
6f8c.148c:     Timestamp:       0x6a638bd6
6f8c.148c:     Machine:         0x8664 - amd64
6f8c.148c:     Timestamp:       0x6a638bd6
6f8c.148c:     Image Version:   10.0
6f8c.148c:     SizeOfImage:     0xc9000 (823296)
6f8c.148c:     Resource Dir:    0xc7000 LB 0x520
6f8c.148c:     [Version info resource found at 0x90! (ID/Name: 0x1; SubID/SubName: 0x409)]
6f8c.148c:     [Raw version resource data: 0xc70b0 LB 0x3a4, codepage 0x0 (reserved 0x0)]
6f8c.148c:     ProductName:     Microsoft® Windows® Operating System
6f8c.148c:     ProductVersion:  10.0.26100.7309
6f8c.148c:     FileVersion:     10.0.26100.7309 (WinBuild.160101.0800)
6f8c.148c:     FileDescription: Windows NT BASE API Client DLL
6f8c.148c: \SystemRoot\System32\KernelBase.dll:
6f8c.148c:     CreationTime:    2025-12-10T13:24:15.582437800Z
6f8c.148c:     LastWriteTime:   2025-12-10T13:24:15.856260300Z
6f8c.148c:     ChangeTime:      2025-12-13T16:34:02.171630200Z
6f8c.148c:     FileAttributes:  0x20
6f8c.148c:     Size:            0x3f1278
6f8c.148c:     NT Headers:      0x100
6f8c.148c:     Timestamp:       0xe9f9d656
6f8c.148c:     Machine:         0x8664 - amd64
6f8c.148c:     Timestamp:       0xe9f9d656
6f8c.148c:     Image Version:   10.0
6f8c.148c:     SizeOfImage:     0x3ef000 (4124672)
6f8c.148c:     Resource Dir:    0x3b5000 LB 0x548
6f8c.148c:     [Version info resource found at 0x90! (ID/Name: 0x1; SubID/SubName: 0x409)]
6f8c.148c:     [Raw version resource data: 0x3b50b0 LB 0x3bc, codepage 0x0 (reserved 0x0)]
6f8c.148c:     ProductName:     Microsoft® Windows® Operating System
6f8c.148c:     ProductVersion:  10.0.26100.7462
6f8c.148c:     FileVersion:     10.0.26100.7462 (WinBuild.160101.0800)
6f8c.148c:     FileDescription: Windows NT BASE API Client DLL
6f8c.148c: \SystemRoot\System32\apisetschema.dll:
6f8c.148c:     CreationTime:    2025-12-10T13:24:10.806940600Z
6f8c.148c:     LastWriteTime:   2025-12-10T13:24:10.814218600Z
6f8c.148c:     ChangeTime:      2025-12-13T16:34:03.164917500Z
6f8c.148c:     FileAttributes:  0x20
6f8c.148c:     Size:            0x25580
6f8c.148c:     NT Headers:      0xd8
6f8c.148c:     Timestamp:       0x3c6d9d72
6f8c.148c:     Machine:         0x8664 - amd64
6f8c.148c:     Timestamp:       0x3c6d9d72
6f8c.148c:     Image Version:   10.0
6f8c.148c:     SizeOfImage:     0x24000 (147456)
6f8c.148c:     Resource Dir:    0x23000 LB 0x408
6f8c.148c:     [Version info resource found at 0x48! (ID/Name: 0x1; SubID/SubName: 0x409)]
6f8c.148c:     [Raw version resource data: 0x23060 LB 0x3a8, codepage 0x0 (reserved 0x0)]
6f8c.148c:     ProductName:     Microsoft® Windows® Operating System
6f8c.148c:     ProductVersion:  10.0.26100.7309
6f8c.148c:     FileVersion:     10.0.26100.7309 (WinBuild.160101.0800)
6f8c.148c:     FileDescription: ApiSet Schema DLL
6f8c.148c: NtOpenDirectoryObject failed on \Driver: 0xc0000022
6f8c.148c: supR3HardenedWinFindAdversaries: 0x0
6f8c.148c: supR3HardenedWinInitAppBin(0x0): '\Device\HarddiskVolume2\Program Files\Oracle\VirtualBox'
6f8c.148c: Calling main()
6f8c.148c: SUPR3HardenedMain: pszProgName=VirtualBoxVM fFlags=0x2
6f8c.148c: supR3HardenedWinInitAppBin(0x2): '\Device\HarddiskVolume2\Program Files\Oracle\VirtualBox'
6f8c.148c: '\Device\HarddiskVolume2\Program Files\Oracle\VirtualBox\VirtualBoxVM.exe' has no imports
6f8c.148c: supHardenedWinVerifyImageByHandle: -> 0 (\Device\HarddiskVolume2\Program Files\Oracle\VirtualBox\VirtualBoxVM.exe)
6f8c.148c: SUPR3HardenedMain: Respawn #2
6f8c.148c: supR3HardNtEnableThreadCreationEx:
6f8c.148c: supR3HardenedDllNotificationCallback: load   00007ffb97650000 LB 0x000a6000 C:\WINDOWS\System32\sechost.dll [fFlags=0x0]
6f8c.148c: supHardenedWinVerifyImageByHandle: -> 0 (\Device\HarddiskVolume2\Windows\System32\sechost.dll)
6f8c.148c: supR3HardenedWinVerifyCacheInsert: \Device\HarddiskVolume2\Windows\System32\sechost.dll
6f8c.148c: '\Device\HarddiskVolume2\Windows\System32\ntdll.dll' has no imports
6f8c.148c: supHardenedWinVerifyImageByHandle: -> 0 (\Device\HarddiskVolume2\Windows\System32\ntdll.dll)
6f8c.148c: supR3HardenedWinVerifyCacheInsert: \Device\HarddiskVolume2\Windows\System32\ntdll.dll
6f8c.148c: supR3HardenedMonitor_LdrLoadDll: pName=C:\WINDOWS\System32\ntdll.dll (Input=ntdll.dll, rcNtResolve=0xc0150008) *pfFlags=0x0 pwszSearchPath=0000000000000801:<flags> [calling]
6f8c.148c: supR3HardenedMonitor_LdrLoadDll: returns rcNt=0x0 hMod=00007ffb996c0000 'C:\WINDOWS\System32\ntdll.dll'
6f8c.148c: supR3HardenedScreenImage/LdrLoadDll: cache hit (VINF_SUCCESS) on \Device\HarddiskVolume2\Windows\System32\KernelBase.dll [lacks WinVerifyTrust]
6f8c.148c: supR3HardenedMonitor_LdrLoadDll: pName=C:\WINDOWS\System32\KernelBase.dll (Input=KernelBase, rcNtResolve=0xc0150008) *pfFlags=0x0 pwszSearchPath=0000000000000801:<flags> [calling]
6f8c.148c: supR3HardenedMonitor_LdrLoadDll: returns rcNt=0x0 hMod=00007ffb96b60000 'C:\WINDOWS\System32\KernelBase.dll'
6f8c.148c: supR3HardNtDisableThreadCreation: pvLdrInitThunk=00007ffb997a8ee0 pvNtTerminateThread=00007ffb99822610 g_LdrInitThunkSelfBackup.cb=10
6f8c.148c: supR3HardenedWinDoReSpawn(2): New child 818.6fc8 [kernel32].
6f8c.148c: supR3HardenedWinReSpawn: NtSetInformationThread/ThreadHideFromDebugger failed: 0xc0000022 (harmless)
6f8c.148c: supR3HardNtChildGatherData: PebBaseAddress=000000779052a000 cbPeb=0x388
6f8c.148c: supR3HardNtPuChFindNtdll: uNtDllParentAddr=00007ffb996c0000 uNtDllChildAddr=00007ffb996c0000
6f8c.148c: supR3HardenedWinSetupChildInit: uLdrInitThunk=00007ffb997a8ee0
6f8c.148c: supR3HardenedWinSetupChildInit: Initial context:
  rax=0000000000000000 rbx=0000000000000000 rcx=00007ff6395bb8e0 rdx=000000779052a000
  rsi=0000000000000000 rdi=0000000000000000 r8 =0000000000000000 r9 =0000000000000000
  r10=0000000000000000 r11=0000000000000000 r12=0000000000000000 r13=0000000000000000
  r14=0000000000000000 r15=0000000000000000  P1=0000000000000000  P2=0000000000000000
  rip=00007ffb9974c510 rsp=00000077906ffee8 rbp=0000000000000000    ctxflags=0010001b
  cs=0033 ss=002b ds=0000 es=0000 fs=0000 gs=0000    eflags=00000200   mxcrx=00001f80
   P3=0000000000000000  P4=0000000000000000  P5=0000000000000000  P6=0000000000000000
  dr0=0000000000000000 dr1=0000000000000000 dr2=0000000000000000 dr3=0000000000000000
  dr6=0000000000000000 dr7=0000000000000000 vcr=0000000000000000 dcr=0000000000000000
  lbt=0000000000000000 lbf=0000000000000000 lxt=0000000000000000 lxf=0000000000000000
6f8c.148c: kernel32.dll: timestamp 0x6a638bd6 (rc=VINF_SUCCESS)
6f8c.148c: supR3HardenedWinSetupChildInit: Start child.
6f8c.148c: supR3HardNtChildWaitFor: Found expected request 0 (PurifyChildAndCloseHandles) after 0 ms.
6f8c.148c: supR3HardNtChildPurify: Startup delay kludge #1/0: 268 ms, 17 sleeps
6f8c.148c: supHardNtVpScanVirtualMemory: enmKind=CHILD_PURIFICATION
6f8c.148c:  *0000000000000000-000000007ffdffff 0x0001/0x0000 0x0000000
6f8c.148c:  *000000007ffe0000-000000007ffe0fff 0x0002/0x0002 0x0020000
6f8c.148c:   000000007ffe1000-000000007ffe7fff 0x0001/0x0000 0x0000000
6f8c.148c:  *000000007ffe8000-000000007ffe8fff 0x0002/0x0002 0x0020000
6f8c.148c:   000000007ffe9000-00000077903fffff 0x0001/0x0000 0x0000000
6f8c.148c:  *0000007790400000-0000007790529fff 0x0000/0x0004 0x0020000
6f8c.148c:   000000779052a000-000000779052cfff 0x0004/0x0004 0x0020000
6f8c.148c:   000000779052d000-00000077905fffff 0x0000/0x0004 0x0020000
6f8c.148c:  *0000007790600000-00000077906fafff 0x0000/0x0004 0x0020000
6f8c.148c:   00000077906fb000-00000077906fdfff 0x0104/0x0004 0x0020000
6f8c.148c:   00000077906fe000-00000077906fffff 0x0004/0x0004 0x0020000
6f8c.148c:   0000007790700000-00000268d20bffff 0x0001/0x0000 0x0000000
6f8c.148c:  *00000268d20c0000-00000268d20dffff 0x0004/0x0004 0x0020000
6f8c.148c:  *00000268d20e0000-00000268d20fffff 0x0002/0x0002 0x0040000
6f8c.148c:  *00000268d2100000-00000268d2103fff 0x0002/0x0002 0x0040000
6f8c.148c:   00000268d2104000-00000268d210ffff 0x0001/0x0000 0x0000000
6f8c.148c:  *00000268d2110000-00000268d2110fff 0x0002/0x0002 0x0040000
6f8c.148c:   00000268d2111000-00000268d211ffff 0x0001/0x0000 0x0000000
6f8c.148c:  *00000268d2120000-00000268d2121fff 0x0004/0x0004 0x0020000
6f8c.148c:   00000268d2122000-00007df5b609ffff 0x0001/0x0000 0x0000000
6f8c.148c:  *00007df5b60a0000-00007df5b7d6dfff 0x0000/0x0001 0x0040000
6f8c.148c:   00007df5b7d6e000-00007df5b7e2bfff 0x0001/0x0001 0x0040000
6f8c.148c:   00007df5b7e2c000-00007df5b7e7ffff 0x0000/0x0001 0x0040000
6f8c.148c:   00007df5b7e80000-00007df5b7e80fff 0x0001/0x0001 0x0040000
6f8c.148c:   00007df5b7e81000-00007ff58eef5fff 0x0000/0x0001 0x0040000
6f8c.148c:   00007ff58eef6000-00007ff58eefafff 0x0002/0x0001 0x0040000
6f8c.148c:   00007ff58eefb000-00007ff5a0088fff 0x0000/0x0001 0x0040000
6f8c.148c:   00007ff5a0089000-00007ff5a46fafff 0x0001/0x0001 0x0040000
6f8c.148c:   00007ff5a46fb000-00007ff5a4704fff 0x0002/0x0001 0x0040000
6f8c.148c:   00007ff5a4705000-00007ff5b609ffff 0x0000/0x0001 0x0040000
6f8c.148c:   00007ff5b60a0000-00007ff5bdeaffff 0x0001/0x0000 0x0000000
6f8c.148c:  *00007ff5bdeb0000-00007ff5bdeb0fff 0x0002/0x0002 0x0040000
6f8c.148c:   00007ff5bdeb1000-00007ff6395affff 0x0001/0x0000 0x0000000
6f8c.148c:  *00007ff6395b0000-00007ff6395b0fff 0x0002/0x0080 0x1000000  \Device\HarddiskVolume2\Program Files\Oracle\VirtualBox\VirtualBoxVM.exe
6f8c.148c:   00007ff6395b1000-00007ff63961bfff 0x0020/0x0080 0x1000000  \Device\HarddiskVolume2\Program Files\Oracle\VirtualBox\VirtualBoxVM.exe
6f8c.148c:   00007ff63961c000-00007ff63961cfff 0x0080/0x0080 0x1000000  \Device\HarddiskVolume2\Program Files\Oracle\VirtualBox\VirtualBoxVM.exe
6f8c.148c:   00007ff63961d000-00007ff639671fff 0x0002/0x0080 0x1000000  \Device\HarddiskVolume2\Program Files\Oracle\VirtualBox\VirtualBoxVM.exe
6f8c.148c:   00007ff639672000-00007ff639672fff 0x0004/0x0080 0x1000000  \Device\HarddiskVolume2\Program Files\Oracle\VirtualBox\VirtualBoxVM.exe
6f8c.148c:   00007ff639673000-00007ff639673fff 0x0008/0x0080 0x1000000  \Device\HarddiskVolume2\Program Files\Oracle\VirtualBox\VirtualBoxVM.exe
6f8c.148c:   00007ff639674000-00007ff639679fff 0x0004/0x0080 0x1000000  \Device\HarddiskVolume2\Program Files\Oracle\VirtualBox\VirtualBoxVM.exe
6f8c.148c:   00007ff63967a000-00007ff63967efff 0x0008/0x0080 0x1000000  \Device\HarddiskVolume2\Program Files\Oracle\VirtualBox\VirtualBoxVM.exe
6f8c.148c:   00007ff63967f000-00007ff6396b9fff 0x0002/0x0080 0x1000000  \Device\HarddiskVolume2\Program Files\Oracle\VirtualBox\VirtualBoxVM.exe
6f8c.148c:   00007ff6396ba000-00007ffb996bffff 0x0001/0x0000 0x0000000
6f8c.148c:  *00007ffb996c0000-00007ffb996c0fff 0x0002/0x0080 0x1000000  \Device\HarddiskVolume2\Windows\System32\ntdll.dll
6f8c.148c:   00007ffb996c1000-00007ffb99832fff 0x0020/0x0080 0x1000000  \Device\HarddiskVolume2\Windows\System32\ntdll.dll
6f8c.148c:   00007ffb99833000-00007ffb9988bfff 0x0002/0x0080 0x1000000  \Device\HarddiskVolume2\Windows\System32\ntdll.dll
6f8c.148c:   00007ffb9988c000-00007ffb99894fff 0x0008/0x0080 0x1000000  \Device\HarddiskVolume2\Windows\System32\ntdll.dll
6f8c.148c:   00007ffb99895000-00007ffb998a5fff 0x0002/0x0080 0x1000000  \Device\HarddiskVolume2\Windows\System32\ntdll.dll
6f8c.148c:   00007ffb998a6000-00007ffb998a8fff 0x0008/0x0080 0x1000000  \Device\HarddiskVolume2\Windows\System32\ntdll.dll
6f8c.148c:   00007ffb998a9000-00007ffb998a9fff 0x0004/0x0080 0x1000000  \Device\HarddiskVolume2\Windows\System32\ntdll.dll
6f8c.148c:   00007ffb998aa000-00007ffb99926fff 0x0002/0x0080 0x1000000  \Device\HarddiskVolume2\Windows\System32\ntdll.dll
6f8c.148c:   00007ffb99927000-00007ffffffeffff 0x0001/0x0000 0x0000000
6f8c.148c: VirtualBoxVM.exe: timestamp 0x68f21b4f (rc=VINF_SUCCESS)
6f8c.148c: '\Device\HarddiskVolume2\Program Files\Oracle\VirtualBox\VirtualBoxVM.exe' has no imports
6f8c.148c: VirtualBoxVM.exe: Differences in section #8 (.rsrc) between file and memory:
6f8c.148c:   00007ff6396b7b70 / 0x0107b70: 00 != 50
6f8c.148c:   00007ff6396b7b71 / 0x0107b71: 00 != 41
6f8c.148c:   00007ff6396b7b72 / 0x0107b72: 00 != 44
6f8c.148c:   00007ff6396b7b73 / 0x0107b73: 00 != 44
6f8c.148c:   00007ff6396b7b74 / 0x0107b74: 00 != 49
6f8c.148c:   00007ff6396b7b75 / 0x0107b75: 00 != 4e
6f8c.148c:   00007ff6396b7b76 / 0x0107b76: 00 != 47
6f8c.148c:   00007ff6396b7b77 / 0x0107b77: 00 != 58
6f8c.148c:   00007ff6396b7b78 / 0x0107b78: 00 != 58
6f8c.148c:   00007ff6396b7b79 / 0x0107b79: 00 != 50
6f8c.148c:   00007ff6396b7b7a / 0x0107b7a: 00 != 41
6f8c.148c:   00007ff6396b7b7b / 0x0107b7b: 00 != 44
6f8c.148c:   00007ff6396b7b7c / 0x0107b7c: 00 != 44
6f8c.148c:   00007ff6396b7b7d / 0x0107b7d: 00 != 49
6f8c.148c:   00007ff6396b7b7e / 0x0107b7e: 00 != 4e
6f8c.148c:   00007ff6396b7b7f / 0x0107b7f: 00 != 47
6f8c.148c:   00007ff6396b7b80 / 0x0107b80: 00 != 50
6f8c.148c:   00007ff6396b7b81 / 0x0107b81: 00 != 41
6f8c.148c:   00007ff6396b7b82 / 0x0107b82: 00 != 44
6f8c.148c:   00007ff6396b7b83 / 0x0107b83: 00 != 44
6f8c.148c:   00007ff6396b7b84 / 0x0107b84: 00 != 49
6f8c.148c:   00007ff6396b7b85 / 0x0107b85: 00 != 4e
6f8c.148c:   00007ff6396b7b86 / 0x0107b86: 00 != 47
6f8c.148c:   00007ff6396b7b87 / 0x0107b87: 00 != 58
6f8c.148c:   00007ff6396b7b88 / 0x0107b88: 00 != 58
6f8c.148c:   00007ff6396b7b89 / 0x0107b89: 00 != 50
6f8c.148c:   00007ff6396b7b8a / 0x0107b8a: 00 != 41
6f8c.148c:   00007ff6396b7b8b / 0x0107b8b: 00 != 44
6f8c.148c:   00007ff6396b7b8c / 0x0107b8c: 00 != 44
6f8c.148c:   00007ff6396b7b8d / 0x0107b8d: 00 != 49
6f8c.148c:   00007ff6396b7b8e / 0x0107b8e: 00 != 4e
6f8c.148c:   00007ff6396b7b8f / 0x0107b8f: 00 != 47
6f8c.148c:   00007ff6396b7b90 / 0x0107b90: 00 != 50
6f8c.148c:   00007ff6396b7b91 / 0x0107b91: 00 != 41
6f8c.148c:   00007ff6396b7b92 / 0x0107b92: 00 != 44
6f8c.148c:   00007ff6396b7b93 / 0x0107b93: 00 != 44
6f8c.148c:   00007ff6396b7b94 / 0x0107b94: 00 != 49
6f8c.148c:   00007ff6396b7b95 / 0x0107b95: 00 != 4e
6f8c.148c:   00007ff6396b7b96 / 0x0107b96: 00 != 47
6f8c.148c:   00007ff6396b7b97 / 0x0107b97: 00 != 58
6f8c.148c:   00007ff6396b7b98 / 0x0107b98: 00 != 58
6f8c.148c:   00007ff6396b7b99 / 0x0107b99: 00 != 50
6f8c.148c:   00007ff6396b7b9a / 0x0107b9a: 00 != 41
6f8c.148c:   00007ff6396b7b9b / 0x0107b9b: 00 != 44
6f8c.148c:   00007ff6396b7b9c / 0x0107b9c: 00 != 44
6f8c.148c:   00007ff6396b7b9d / 0x0107b9d: 00 != 49
6f8c.148c:   00007ff6396b7b9e / 0x0107b9e: 00 != 4e
6f8c.148c:   00007ff6396b7b9f / 0x0107b9f: 00 != 47
6f8c.148c:   00007ff6396b7ba0 / 0x0107ba0: 00 != 50
6f8c.148c:   00007ff6396b7ba1 / 0x0107ba1: 00 != 41
6f8c.148c:   00007ff6396b7ba2 / 0x0107ba2: 00 != 44
6f8c.148c:   00007ff6396b7ba3 / 0x0107ba3: 00 != 44
6f8c.148c:   00007ff6396b7ba4 / 0x0107ba4: 00 != 49
6f8c.148c:   00007ff6396b7ba5 / 0x0107ba5: 00 != 4e
6f8c.148c:   00007ff6396b7ba6 / 0x0107ba6: 00 != 47
6f8c.148c:   00007ff6396b7ba7 / 0x0107ba7: 00 != 58
6f8c.148c:   00007ff6396b7ba8 / 0x0107ba8: 00 != 58
6f8c.148c:   00007ff6396b7ba9 / 0x0107ba9: 00 != 50
6f8c.148c:   00007ff6396b7baa / 0x0107baa: 00 != 41
6f8c.148c:   00007ff6396b7bab / 0x0107bab: 00 != 44
6f8c.148c:   00007ff6396b7bac / 0x0107bac: 00 != 44
6f8c.148c:   00007ff6396b7bad / 0x0107bad: 00 != 49
6f8c.148c:   00007ff6396b7bae / 0x0107bae: 00 != 4e
6f8c.148c:   00007ff6396b7baf / 0x0107baf: 00 != 47
6f8c.148c:   00007ff6396b7bb0 / 0x0107bb0: 00 != 50
6f8c.148c:   00007ff6396b7bb1 / 0x0107bb1: 00 != 41
6f8c.148c:   00007ff6396b7bb2 / 0x0107bb2: 00 != 44
6f8c.148c:   00007ff6396b7bb3 / 0x0107bb3: 00 != 44
6f8c.148c:   00007ff6396b7bb4 / 0x0107bb4: 00 != 49
6f8c.148c:   00007ff6396b7bb5 / 0x0107bb5: 00 != 4e
6f8c.148c:   00007ff6396b7bb6 / 0x0107bb6: 00 != 47
6f8c.148c:   00007ff6396b7bb7 / 0x0107bb7: 00 != 58
6f8c.148c:   00007ff6396b7bb8 / 0x0107bb8: 00 != 58
6f8c.148c:   00007ff6396b7bb9 / 0x0107bb9: 00 != 50
6f8c.148c:   00007ff6396b7bba / 0x0107bba: 00 != 41
6f8c.148c:   00007ff6396b7bbb / 0x0107bbb: 00 != 44
6f8c.148c:   00007ff6396b7bbc / 0x0107bbc: 00 != 44
6f8c.148c:   00007ff6396b7bbd / 0x0107bbd: 00 != 49
6f8c.148c:   00007ff6396b7bbe / 0x0107bbe: 00 != 4e
6f8c.148c:   00007ff6396b7bbf / 0x0107bbf: 00 != 47
6f8c.148c:   00007ff6396b7bc0 / 0x0107bc0: 00 != 50
6f8c.148c:   00007ff6396b7bc1 / 0x0107bc1: 00 != 41
6f8c.148c:   00007ff6396b7bc2 / 0x0107bc2: 00 != 44
6f8c.148c:   00007ff6396b7bc3 / 0x0107bc3: 00 != 44
6f8c.148c:   00007ff6396b7bc4 / 0x0107bc4: 00 != 49
6f8c.148c:   00007ff6396b7bc5 / 0x0107bc5: 00 != 4e
6f8c.148c:   00007ff6396b7bc6 / 0x0107bc6: 00 != 47
6f8c.148c:   00007ff6396b7bc7 / 0x0107bc7: 00 != 58
6f8c.148c:   00007ff6396b7bc8 / 0x0107bc8: 00 != 58
6f8c.148c:   00007ff6396b7bc9 / 0x0107bc9: 00 != 50
6f8c.148c:   00007ff6396b7bca / 0x0107bca: 00 != 41
6f8c.148c:   00007ff6396b7bcb / 0x0107bcb: 00 != 44
6f8c.148c:   00007ff6396b7bcc / 0x0107bcc: 00 != 44
6f8c.148c:   00007ff6396b7bcd / 0x0107bcd: 00 != 49
6f8c.148c:   00007ff6396b7bce / 0x0107bce: 00 != 4e
6f8c.148c:   00007ff6396b7bcf / 0x0107bcf: 00 != 47
6f8c.148c:   00007ff6396b7bd0 / 0x0107bd0: 00 != 50
6f8c.148c:   00007ff6396b7bd1 / 0x0107bd1: 00 != 41
6f8c.148c:   00007ff6396b7bd2 / 0x0107bd2: 00 != 44
6f8c.148c:   00007ff6396b7bd3 / 0x0107bd3: 00 != 44
6f8c.148c:   00007ff6396b7bd4 / 0x0107bd4: 00 != 49
6f8c.148c:   00007ff6396b7bd5 / 0x0107bd5: 00 != 4e
6f8c.148c:   00007ff6396b7bd6 / 0x0107bd6: 00 != 47
6f8c.148c:   00007ff6396b7bd7 / 0x0107bd7: 00 != 58
6f8c.148c:   00007ff6396b7bd8 / 0x0107bd8: 00 != 58
6f8c.148c:   00007ff6396b7bd9 / 0x0107bd9: 00 != 50
6f8c.148c:   00007ff6396b7bda / 0x0107bda: 00 != 41
6f8c.148c:   00007ff6396b7bdb / 0x0107bdb: 00 != 44
6f8c.148c:   00007ff6396b7bdc / 0x0107bdc: 00 != 44
6f8c.148c:   00007ff6396b7bdd / 0x0107bdd: 00 != 49
6f8c.148c:   00007ff6396b7bde / 0x0107bde: 00 != 4e
6f8c.148c:   00007ff6396b7bdf / 0x0107bdf: 00 != 47
6f8c.148c:   00007ff6396b7be0 / 0x0107be0: 00 != 50
6f8c.148c:   00007ff6396b7be1 / 0x0107be1: 00 != 41
6f8c.148c:   00007ff6396b7be2 / 0x0107be2: 00 != 44
6f8c.148c:   00007ff6396b7be3 / 0x0107be3: 00 != 44
6f8c.148c:   00007ff6396b7be4 / 0x0107be4: 00 != 49
6f8c.148c:   00007ff6396b7be5 / 0x0107be5: 00 != 4e
6f8c.148c:   00007ff6396b7be6 / 0x0107be6: 00 != 47
6f8c.148c:   00007ff6396b7be7 / 0x0107be7: 00 != 58
6f8c.148c:   00007ff6396b7be8 / 0x0107be8: 00 != 58
6f8c.148c:   00007ff6396b7be9 / 0x0107be9: 00 != 50
6f8c.148c:   00007ff6396b7bea / 0x0107bea: 00 != 41
6f8c.148c:   00007ff6396b7beb / 0x0107beb: 00 != 44
6f8c.148c:   00007ff6396b7bec / 0x0107bec: 00 != 44
6f8c.148c:   00007ff6396b7bed / 0x0107bed: 00 != 49
6f8c.148c:   00007ff6396b7bee / 0x0107bee: 00 != 4e
6f8c.148c:   00007ff6396b7bef / 0x0107bef: 00 != 47
6f8c.148c:   00007ff6396b7bf0 / 0x0107bf0: 00 != 50
6f8c.148c:   00007ff6396b7bf1 / 0x0107bf1: 00 != 41
6f8c.148c:   00007ff6396b7bf2 / 0x0107bf2: 00 != 44
6f8c.148c:   00007ff6396b7bf3 / 0x0107bf3: 00 != 44
6f8c.148c:   00007ff6396b7bf4 / 0x0107bf4: 00 != 49
6f8c.148c:   00007ff6396b7bf5 / 0x0107bf5: 00 != 4e
6f8c.148c:   00007ff6396b7bf6 / 0x0107bf6: 00 != 47
6f8c.148c:   00007ff6396b7bf7 / 0x0107bf7: 00 != 58
6f8c.148c:   00007ff6396b7bf8 / 0x0107bf8: 00 != 58
6f8c.148c:   00007ff6396b7bf9 / 0x0107bf9: 00 != 50
6f8c.148c:   00007ff6396b7bfa / 0x0107bfa: 00 != 41
6f8c.148c:   00007ff6396b7bfb / 0x0107bfb: 00 != 44
6f8c.148c:   00007ff6396b7bfc / 0x0107bfc: 00 != 44
6f8c.148c:   00007ff6396b7bfd / 0x0107bfd: 00 != 49
6f8c.148c:   00007ff6396b7bfe / 0x0107bfe: 00 != 4e
6f8c.148c:   00007ff6396b7bff / 0x0107bff: 00 != 47
6f8c.148c:   Restored 0x490 bytes of original file content at 00007ff6396b7b70
6f8c.148c: '\Device\HarddiskVolume2\Windows\System32\ntdll.dll' has no imports
6f8c.148c: ntdll.dll: Differences in section #12 (.mrdata) between file and memory:
6f8c.148c:   00007ffb998a9490 / 0x01e9490: 00 != a0
6f8c.148c:   00007ffb998a9491 / 0x01e9491: 00 != c2
6f8c.148c:   00007ffb998a9492 / 0x01e9492: 00 != 96
6f8c.148c:   00007ffb998a9493 / 0x01e9493: 00 != 77
6f8c.148c:   00007ffb998a9498 / 0x01e9498: 00 != 68
6f8c.148c:   00007ffb998a9499 / 0x01e9499: 00 != 97
6f8c.148c:   00007ffb998a949a / 0x01e949a: 00 != 96
6f8c.148c:   00007ffb998a949b / 0x01e949b: 00 != 77
6f8c.148c:   00007ffb998a94d8 / 0x01e94d8: 00 != 96
6f8c.148c:   00007ffb998a94d9 / 0x01e94d9: 00 != 05
6f8c.148c:   00007ffb998a94da / 0x01e94da: 00 != 26
6f8c.148c:   00007ffb998a94db / 0x01e94db: 00 != db
6f8c.148c:   00007ffb998a94e0 / 0x01e94e0: 00 != 10
6f8c.148c:   00007ffb998a94e5 / 0x01e94e5: 00 != 01
6f8c.148c:   00007ffb998a94f0 / 0x01e94f0: 00 != 02
6f8c.148c:   00007ffb998a94f1 / 0x01e94f1: 00 != 20
6f8c.148c:   00007ffb998a94fa / 0x01e94fa: 00 != 0a
6f8c.148c:   00007ffb998a94fb / 0x01e94fb: 00 != b6
6f8c.148c:   00007ffb998a94fc / 0x01e94fc: 00 != f5
6f8c.148c:   00007ffb998a94fd / 0x01e94fd: 00 != 7d
6f8c.148c:   00007ffb998a9505 / 0x01e9505: 00 != 02
6f8c.148c:   Restored 0x118 bytes of original file content at 00007ffb998a9490
6f8c.148c: supR3HardNtChildPurify: cFixes=2 g_fSupAdversaries=0x80000000
6f8c.148c: supR3HardNtChildPurify: Startup delay kludge #1/1: 515 ms, 33 sleeps
6f8c.148c: supHardNtVpScanVirtualMemory: enmKind=CHILD_PURIFICATION
6f8c.148c:  *0000000000000000-000000007ffdffff 0x0001/0x0000 0x0000000
6f8c.148c:  *000000007ffe0000-000000007ffe0fff 0x0002/0x0002 0x0020000
6f8c.148c:   000000007ffe1000-000000007ffe7fff 0x0001/0x0000 0x0000000
6f8c.148c:  *000000007ffe8000-000000007ffe8fff 0x0002/0x0002 0x0020000
6f8c.148c:   000000007ffe9000-00000077903fffff 0x0001/0x0000 0x0000000
6f8c.148c:  *0000007790400000-0000007790529fff 0x0000/0x0004 0x0020000
6f8c.148c:   000000779052a000-000000779052cfff 0x0004/0x0004 0x0020000
6f8c.148c:   000000779052d000-00000077905fffff 0x0000/0x0004 0x0020000
6f8c.148c:  *0000007790600000-00000077906fafff 0x0000/0x0004 0x0020000
6f8c.148c:   00000077906fb000-00000077906fdfff 0x0104/0x0004 0x0020000
6f8c.148c:   00000077906fe000-00000077906fffff 0x0004/0x0004 0x0020000
6f8c.148c:   0000007790700000-00000268d20bffff 0x0001/0x0000 0x0000000
6f8c.148c:  *00000268d20c0000-00000268d20dffff 0x0004/0x0004 0x0020000
6f8c.148c:  *00000268d20e0000-00000268d20fffff 0x0002/0x0002 0x0040000
6f8c.148c:  *00000268d2100000-00000268d2103fff 0x0002/0x0002 0x0040000
6f8c.148c:   00000268d2104000-00000268d210ffff 0x0001/0x0000 0x0000000
6f8c.148c:  *00000268d2110000-00000268d2110fff 0x0002/0x0002 0x0040000
6f8c.148c:   00000268d2111000-00000268d211ffff 0x0001/0x0000 0x0000000
6f8c.148c:  *00000268d2120000-00000268d2121fff 0x0004/0x0004 0x0020000
6f8c.148c:   00000268d2122000-00007df5b609ffff 0x0001/0x0000 0x0000000
6f8c.148c:  *00007df5b60a0000-00007df5b7d6dfff 0x0000/0x0001 0x0040000
6f8c.148c:   00007df5b7d6e000-00007df5b7e2bfff 0x0001/0x0001 0x0040000
6f8c.148c:   00007df5b7e2c000-00007df5b7e7ffff 0x0000/0x0001 0x0040000
6f8c.148c:   00007df5b7e80000-00007df5b7e80fff 0x0001/0x0001 0x0040000
6f8c.148c:   00007df5b7e81000-00007ff58eef5fff 0x0000/0x0001 0x0040000
6f8c.148c:   00007ff58eef6000-00007ff58eefafff 0x0002/0x0001 0x0040000
6f8c.148c:   00007ff58eefb000-00007ff5a0088fff 0x0000/0x0001 0x0040000
6f8c.148c:   00007ff5a0089000-00007ff5a46fafff 0x0001/0x0001 0x0040000
6f8c.148c:   00007ff5a46fb000-00007ff5a4704fff 0x0002/0x0001 0x0040000
6f8c.148c:   00007ff5a4705000-00007ff5b609ffff 0x0000/0x0001 0x0040000
6f8c.148c:   00007ff5b60a0000-00007ff5bdeaffff 0x0001/0x0000 0x0000000
6f8c.148c:  *00007ff5bdeb0000-00007ff5bdeb0fff 0x0002/0x0002 0x0040000
6f8c.148c:   00007ff5bdeb1000-00007ff6395affff 0x0001/0x0000 0x0000000
6f8c.148c:  *00007ff6395b0000-00007ff6395b0fff 0x0002/0x0080 0x1000000  \Device\HarddiskVolume2\Program Files\Oracle\VirtualBox\VirtualBoxVM.exe
6f8c.148c:   00007ff6395b1000-00007ff63961bfff 0x0020/0x0080 0x1000000  \Device\HarddiskVolume2\Program Files\Oracle\VirtualBox\VirtualBoxVM.exe
6f8c.148c:   00007ff63961c000-00007ff63961cfff 0x0040/0x0080 0x1000000  \Device\HarddiskVolume2\Program Files\Oracle\VirtualBox\VirtualBoxVM.exe
6f8c.148c:   00007ff63961d000-00007ff639671fff 0x0002/0x0080 0x1000000  \Device\HarddiskVolume2\Program Files\Oracle\VirtualBox\VirtualBoxVM.exe
6f8c.148c:   00007ff639672000-00007ff63967efff 0x0004/0x0080 0x1000000  \Device\HarddiskVolume2\Program Files\Oracle\VirtualBox\VirtualBoxVM.exe
6f8c.148c:   00007ff63967f000-00007ff6396b9fff 0x0002/0x0080 0x1000000  \Device\HarddiskVolume2\Program Files\Oracle\VirtualBox\VirtualBoxVM.exe
6f8c.148c:   00007ff6396ba000-00007ffb996bffff 0x0001/0x0000 0x0000000
6f8c.148c:  *00007ffb996c0000-00007ffb996c0fff 0x0002/0x0080 0x1000000  \Device\HarddiskVolume2\Windows\System32\ntdll.dll
6f8c.148c:   00007ffb996c1000-00007ffb99832fff 0x0020/0x0080 0x1000000  \Device\HarddiskVolume2\Windows\System32\ntdll.dll
6f8c.148c:   00007ffb99833000-00007ffb9988bfff 0x0002/0x0080 0x1000000  \Device\HarddiskVolume2\Windows\System32\ntdll.dll
6f8c.148c:   00007ffb9988c000-00007ffb9988cfff 0x0004/0x0080 0x1000000  \Device\HarddiskVolume2\Windows\System32\ntdll.dll
6f8c.148c:   00007ffb9988d000-00007ffb9988dfff 0x0008/0x0080 0x1000000  \Device\HarddiskVolume2\Windows\System32\ntdll.dll
6f8c.148c:   00007ffb9988e000-00007ffb99894fff 0x0004/0x0080 0x1000000  \Device\HarddiskVolume2\Windows\System32\ntdll.dll
6f8c.148c:   00007ffb99895000-00007ffb998a5fff 0x0002/0x0080 0x1000000  \Device\HarddiskVolume2\Windows\System32\ntdll.dll
6f8c.148c:   00007ffb998a6000-00007ffb998a6fff 0x0004/0x0080 0x1000000  \Device\HarddiskVolume2\Windows\System32\ntdll.dll
6f8c.148c:   00007ffb998a7000-00007ffb998a8fff 0x0008/0x0080 0x1000000  \Device\HarddiskVolume2\Windows\System32\ntdll.dll
6f8c.148c:   00007ffb998a9000-00007ffb998a9fff 0x0004/0x0080 0x1000000  \Device\HarddiskVolume2\Windows\System32\ntdll.dll
6f8c.148c:   00007ffb998aa000-00007ffb99926fff 0x0002/0x0080 0x1000000  \Device\HarddiskVolume2\Windows\System32\ntdll.dll
6f8c.148c:   00007ffb99927000-00007ffffffeffff 0x0001/0x0000 0x0000000
6f8c.148c: supR3HardNtChildPurify: Done after 808 ms and 2 fixes (loop #1).
818.6fc8: supR3HardenedVmProcessInit: uNtDllAddr=00007ffb996c0000 g_uNtVerCombined=0xa0665800 (stack ~00000077906fecb0)
6f8c.148c: supR3HardenedEarlyCompact: Removed heap 1 (0x0001d459c00000 LB 0x800000)
818.6fc8: ntdll.dll: timestamp 0x9225342c (rc=VINF_SUCCESS)
818.6fc8: New simple heap: #1 00000268d2230000 LB 0x800000 (for 2519040 allocation)
6f8c.148c: supR3HardNtEnableThreadCreationEx:
818.6fc8: supR3HardenedWinInitAppBin(0x0): '\Device\HarddiskVolume2\Program Files\Oracle\VirtualBox'
818.6fc8: System32:  \Device\HarddiskVolume2\Windows\System32
818.6fc8: WinSxS:    \Device\HarddiskVolume2\Windows\WinSxS
818.6fc8: KnownDllPath: C:\WINDOWS\System32
818.6fc8: supR3HardenedVmProcessInit: Opening vboxsup...
818.6fc8: supR3HardenedVmProcessInit: Restoring LdrInitializeThunk...
818.6fc8: supR3HardenedVmProcessInit: Returning to LdrInitializeThunk...
818.6fc8: Registered Dll notification callback with NTDLL.
818.6fc8: supHardenedWinVerifyImageByHandle: -> 0 (\Device\HarddiskVolume2\Windows\System32\kernel32.dll)
818.6fc8: supR3HardenedWinVerifyCacheInsert: \Device\HarddiskVolume2\Windows\System32\kernel32.dll
818.6fc8: supR3HardenedMonitor_LdrLoadDll: pName=C:\WINDOWS\System32\KERNEL32.DLL (Input=KERNEL32.DLL, rcNtResolve=0xc0150008) *pfFlags=0xffffffff pwszSearchPath=0000000000004001:<flags> [calling]
818.6fc8: supR3HardenedDllNotificationCallback: load   00007ffb96b60000 LB 0x003ef000 C:\WINDOWS\System32\KERNELBASE.dll [fFlags=0x0]
818.6fc8: supHardenedWinVerifyImageByHandle: -> 0 (\Device\HarddiskVolume2\Windows\System32\KernelBase.dll)
818.6fc8: supR3HardenedWinVerifyCacheInsert: \Device\HarddiskVolume2\Windows\System32\KernelBase.dll
818.6fc8: supR3HardenedDllNotificationCallback: load   00007ffb989e0000 LB 0x000c9000 C:\WINDOWS\System32\KERNEL32.DLL [fFlags=0x0]
818.6fc8: supR3HardenedScreenImage/LdrLoadDll: cache hit (VINF_SUCCESS) on \Device\HarddiskVolume2\Windows\System32\kernel32.dll [lacks WinVerifyTrust]
818.6fc8: supR3HardenedMonitor_LdrLoadDll: returns rcNt=0x0 hMod=00007ffb989e0000 'C:\WINDOWS\System32\KERNEL32.DLL'
818.6fc8: supR3HardenedScreenImage/LdrLoadDll: cache hit (VINF_SUCCESS) on \Device\HarddiskVolume2\Windows\System32\KernelBase.dll [lacks WinVerifyTrust]
818.6fc8: supR3HardenedMonitor_LdrLoadDll: pName=C:\WINDOWS\System32\KERNELBASE.dll (Input=KERNELBASE.dll, rcNtResolve=0xc0150008) *pfFlags=0xffffffff pwszSearchPath=0000000000004001:<flags> [calling]
818.6fc8: supR3HardenedMonitor_LdrLoadDll: returns rcNt=0x0 hMod=00007ffb96b60000 'C:\WINDOWS\System32\KERNELBASE.dll'
818.6fc8: supR3HardenedDllNotificationCallback: load   00007ff6395b0000 LB 0x0010a000 C:\Program Files\Oracle\VirtualBox\VirtualBoxVM.exe [fFlags=0x0]
818.6fc8: '\Device\HarddiskVolume2\Program Files\Oracle\VirtualBox\VirtualBoxVM.exe' has no imports
818.6fc8: supHardenedWinVerifyImageByHandle: -> 0 (\Device\HarddiskVolume2\Program Files\Oracle\VirtualBox\VirtualBoxVM.exe)
818.6fc8: supR3HardenedWinVerifyCacheInsert: \Device\HarddiskVolume2\Program Files\Oracle\VirtualBox\VirtualBoxVM.exe
818.6fc8: supR3HardNtDisableThreadCreation: pvLdrInitThunk=00007ffb997a8ee0 pvNtTerminateThread=00007ffb99822610 g_LdrInitThunkSelfBackup.cb=0
818.6fc8: supR3HardNtDisableThreadCreationEx: Backup=40 53 48 83 ec 20 48 8b d9 e8 1a 00 00 00 b2 01
6f8c.148c: supR3HardNtChildWaitFor: Found expected request 1 (CloseEvents) after 67 ms.
818.6fc8: \SystemRoot\System32\ntdll.dll:
818.6fc8:     CreationTime:    2025-12-10T13:24:17.585843300Z
818.6fc8:     LastWriteTime:   2025-12-10T13:24:17.685478400Z
818.6fc8:     ChangeTime:      2025-12-13T16:34:08.831864800Z
818.6fc8:     FileAttributes:  0x20
818.6fc8:     Size:            0x267b90
818.6fc8:     NT Headers:      0xf0
818.6fc8:     Timestamp:       0x9225342c
818.6fc8:     Machine:         0x8664 - amd64
818.6fc8:     Timestamp:       0x9225342c
818.6fc8:     Image Version:   10.0
818.6fc8:     SizeOfImage:     0x267000 (2519040)
818.6fc8:     Resource Dir:    0x1eb000 LB 0x7a108
818.6fc8:     [Version info resource found at 0xd8! (ID/Name: 0x1; SubID/SubName: 0x409)]
818.6fc8:     [Raw version resource data: 0x1eb0f0 LB 0x380, codepage 0x0 (reserved 0x0)]
818.6fc8:     ProductName:     Microsoft® Windows® Operating System
818.6fc8:     ProductVersion:  10.0.26100.7462
818.6fc8:     FileVersion:     10.0.26100.7462 (WinBuild.160101.0800)
818.6fc8:     FileDescription: NT Layer DLL
818.6fc8: \SystemRoot\System32\kernel32.dll:
818.6fc8:     CreationTime:    2025-12-10T13:24:15.563934600Z
818.6fc8:     LastWriteTime:   2025-12-10T13:24:15.591438900Z
818.6fc8:     ChangeTime:      2025-12-13T16:34:08.280802900Z
818.6fc8:     FileAttributes:  0x20
818.6fc8:     Size:            0xcc220
818.6fc8:     NT Headers:      0xf0
818.6fc8:     Timestamp:       0x6a638bd6
818.6fc8:     Machine:         0x8664 - amd64
818.6fc8:     Timestamp:       0x6a638bd6
818.6fc8:     Image Version:   10.0
818.6fc8:     SizeOfImage:     0xc9000 (823296)
818.6fc8:     Resource Dir:    0xc7000 LB 0x520
818.6fc8:     [Version info resource found at 0x90! (ID/Name: 0x1; SubID/SubName: 0x409)]
818.6fc8:     [Raw version resource data: 0xc70b0 LB 0x3a4, codepage 0x0 (reserved 0x0)]
818.6fc8:     ProductName:     Microsoft® Windows® Operating System
818.6fc8:     ProductVersion:  10.0.26100.7309
818.6fc8:     FileVersion:     10.0.26100.7309 (WinBuild.160101.0800)
818.6fc8:     FileDescription: Windows NT BASE API Client DLL
818.6fc8: \SystemRoot\System32\KernelBase.dll:
818.6fc8:     CreationTime:    2025-12-10T13:24:15.582437800Z
818.6fc8:     LastWriteTime:   2025-12-10T13:24:15.856260300Z
818.6fc8:     ChangeTime:      2025-12-13T16:34:02.171630200Z
818.6fc8:     FileAttributes:  0x20
818.6fc8:     Size:            0x3f1278
818.6fc8:     NT Headers:      0x100
818.6fc8:     Timestamp:       0xe9f9d656
818.6fc8:     Machine:         0x8664 - amd64
818.6fc8:     Timestamp:       0xe9f9d656
818.6fc8:     Image Version:   10.0
818.6fc8:     SizeOfImage:     0x3ef000 (4124672)
818.6fc8:     Resource Dir:    0x3b5000 LB 0x548
818.6fc8:     [Version info resource found at 0x90! (ID/Name: 0x1; SubID/SubName: 0x409)]
818.6fc8:     [Raw version resource data: 0x3b50b0 LB 0x3bc, codepage 0x0 (reserved 0x0)]
818.6fc8:     ProductName:     Microsoft® Windows® Operating System
818.6fc8:     ProductVersion:  10.0.26100.7462
818.6fc8:     FileVersion:     10.0.26100.7462 (WinBuild.160101.0800)
818.6fc8:     FileDescription: Windows NT BASE API Client DLL
818.6fc8: \SystemRoot\System32\apisetschema.dll:
818.6fc8:     CreationTime:    2025-12-10T13:24:10.806940600Z
818.6fc8:     LastWriteTime:   2025-12-10T13:24:10.814218600Z
818.6fc8:     ChangeTime:      2025-12-13T16:34:03.164917500Z
818.6fc8:     FileAttributes:  0x20
818.6fc8:     Size:            0x25580
818.6fc8:     NT Headers:      0xd8
818.6fc8:     Timestamp:       0x3c6d9d72
818.6fc8:     Machine:         0x8664 - amd64
818.6fc8:     Timestamp:       0x3c6d9d72
818.6fc8:     Image Version:   10.0
818.6fc8:     SizeOfImage:     0x24000 (147456)
818.6fc8:     Resource Dir:    0x23000 LB 0x408
818.6fc8:     [Version info resource found at 0x48! (ID/Name: 0x1; SubID/SubName: 0x409)]
818.6fc8:     [Raw version resource data: 0x23060 LB 0x3a8, codepage 0x0 (reserved 0x0)]
818.6fc8:     ProductName:     Microsoft® Windows® Operating System
818.6fc8:     ProductVersion:  10.0.26100.7309
818.6fc8:     FileVersion:     10.0.26100.7309 (WinBuild.160101.0800)
818.6fc8:     FileDescription: ApiSet Schema DLL
818.6fc8: NtOpenDirectoryObject failed on \Driver: 0xc0000022
818.6fc8: supR3HardenedWinFindAdversaries: 0x0
818.6fc8: supR3HardenedWinInitAppBin(0x0): '\Device\HarddiskVolume2\Program Files\Oracle\VirtualBox'
818.6fc8: Calling main()
818.6fc8: SUPR3HardenedMain: pszProgName=VirtualBoxVM fFlags=0x2
818.6fc8: supR3HardenedWinInitAppBin(0x2): '\Device\HarddiskVolume2\Program Files\Oracle\VirtualBox'
818.6fc8: '\Device\HarddiskVolume2\Program Files\Oracle\VirtualBox\VirtualBoxVM.exe' has no imports
818.6fc8: supHardenedWinVerifyImageByHandle: -> 0 (\Device\HarddiskVolume2\Program Files\Oracle\VirtualBox\VirtualBoxVM.exe)
818.6fc8: SUPR3HardenedMain: Final process, opening VBoxDrv...
818.6fc8: supR3HardenedEarlyCompact: Removed heap 1 (0x000268d2230000 LB 0x800000)
818.6fc8: supR3HardNtEnableThreadCreationEx:
818.6fc8: supHardenedWinVerifyImageByHandle: -> 0 (\Device\HarddiskVolume2\Program Files\Oracle\VirtualBox\VBoxSupLib.dll)
818.6fc8: supR3HardenedWinVerifyCacheInsert: \Device\HarddiskVolume2\Program Files\Oracle\VirtualBox\VBoxSupLib.dll
818.6fc8: supR3HardenedMonitor_LdrLoadDll: pName=C:\Program Files\Oracle\VirtualBox\VBoxSupLib.DLL (rcNtResolve=0xc0150008) *pfFlags=0x0 pwszSearchPath=0000000000000801:<flags> [calling]
818.6fc8: supR3HardenedScreenImage/NtCreateSection: cache hit (VINF_SUCCESS) on \Device\HarddiskVolume2\Program Files\Oracle\VirtualBox\VBoxSupLib.dll [lacks WinVerifyTrust]
818.6fc8: supR3HardenedDllNotificationCallback: load   00007ffb8fb20000 LB 0x00005000 C:\Program Files\Oracle\VirtualBox\VBoxSupLib.DLL [fFlags=0x0]
818.6fc8: supR3HardenedScreenImage/LdrLoadDll: cache hit (VINF_SUCCESS) on \Device\HarddiskVolume2\Program Files\Oracle\VirtualBox\VBoxSupLib.dll [lacks WinVerifyTrust]
818.6fc8: supR3HardenedScreenImage/LdrLoadDll: cache hit (VINF_SUCCESS) on \Device\HarddiskVolume2\Program Files\Oracle\VirtualBox\VBoxSupLib.dll [lacks WinVerifyTrust]
818.6fc8: supR3HardenedMonitor_LdrLoadDll: pName=C:\Program Files\Oracle\VirtualBox\VBoxSupLib.DLL (rcNtResolve=0xc0150008) *pfFlags=0x0 pwszSearchPath=0000000000000001:<flags> [calling]
818.6fc8: supR3HardenedMonitor_LdrLoadDll: returns rcNt=0x0 hMod=00007ffb8fb20000 'C:\Program Files\Oracle\VirtualBox\VBoxSupLib.DLL'
818.6fc8: supR3HardenedScreenImage/LdrLoadDll: cache hit (VINF_SUCCESS) on \Device\HarddiskVolume2\Program Files\Oracle\VirtualBox\VBoxSupLib.dll [lacks WinVerifyTrust]
818.6fc8: supR3HardenedMonitor_LdrLoadDll: pName=C:\Program Files\Oracle\VirtualBox\VBoxSupLib.DLL (rcNtResolve=0xc0150008) *pfFlags=0x0 pwszSearchPath=0000000000000001:<flags> [calling]
818.6fc8: supR3HardenedMonitor_LdrLoadDll: returns rcNt=0x0 hMod=00007ffb8fb20000 'C:\Program Files\Oracle\VirtualBox\VBoxSupLib.DLL'
818.6fc8: supR3HardenedMonitor_LdrLoadDll: returns rcNt=0x0 hMod=00007ffb8fb20000 'C:\Program Files\Oracle\VirtualBox\VBoxSupLib.DLL'
818.6fc8: supR3HardenedWinVerifyCacheScheduleImports: Import todo: #0 'msvcrt.dll'.
818.6fc8: supR3HardenedWinVerifyCacheScheduleImports: Import todo: #30 'rpcrt4.dll'.
818.6fc8: supHardenedWinVerifyImageByHandle: -> 0 (\Device\HarddiskVolume2\Windows\System32\wintrust.dll)
818.6fc8: supR3HardenedWinVerifyCacheInsert: \Device\HarddiskVolume2\Windows\System32\wintrust.dll
818.6fc8: supR3HardenedWinVerifyCacheProcessImportTodos: Processing 'rpcrt4.dll'...
818.6fc8: supR3HardenedWinVerifyCacheProcessImportTodos: 'rpcrt4.dll' -> '\Device\HarddiskVolume2\Windows\System32\rpcrt4.dll' [rcNtRedir=0xc0150008]
818.6fc8: supHardenedWinVerifyImageByHandle: -> 0 (\Device\HarddiskVolume2\Windows\System32\rpcrt4.dll)
818.6fc8: supR3HardenedWinVerifyCacheInsert: \Device\HarddiskVolume2\Windows\System32\rpcrt4.dll
818.6fc8: supR3HardenedWinVerifyCacheProcessImportTodos: Processing 'msvcrt.dll'...
818.6fc8: supR3HardenedWinVerifyCacheProcessImportTodos: 'msvcrt.dll' -> '\Device\HarddiskVolume2\Windows\System32\msvcrt.dll' [rcNtRedir=0xc0150008]
818.6fc8: supHardenedWinVerifyImageByHandle: -> 0 (\Device\HarddiskVolume2\Windows\System32\msvcrt.dll)
818.6fc8: supR3HardenedWinVerifyCacheInsert: \Device\HarddiskVolume2\Windows\System32\msvcrt.dll
818.6fc8: supR3HardenedMonitor_LdrLoadDll: pName=C:\WINDOWS\system32\Wintrust.dll (rcNtResolve=0xc0150008) *pfFlags=0x0 pwszSearchPath=0000000000000801:<flags> [calling]
818.6fc8: supR3HardenedDllNotificationCallback: load   00007ffb98820000 LB 0x000a9000 C:\WINDOWS\System32\msvcrt.dll [fFlags=0x0]
818.6fc8: supR3HardenedScreenImage/LdrLoadDll: cache hit (VINF_SUCCESS) on \Device\HarddiskVolume2\Windows\System32\msvcrt.dll [lacks WinVerifyTrust]
818.6fc8: supR3HardenedDllNotificationCallback: load   00007ffb974a0000 LB 0x00118000 C:\WINDOWS\System32\RPCRT4.dll [fFlags=0x0]
818.6fc8: supR3HardenedScreenImage/LdrLoadDll: cache hit (VINF_SUCCESS) on \Device\HarddiskVolume2\Windows\System32\rpcrt4.dll [lacks WinVerifyTrust]
818.6fc8: supR3HardenedDllNotificationCallback: load   00007ffb96ad0000 LB 0x00080000 C:\WINDOWS\System32\Wintrust.dll [fFlags=0x0]
818.6fc8: supR3HardenedScreenImage/LdrLoadDll: cache hit (VINF_SUCCESS) on \Device\HarddiskVolume2\Windows\System32\wintrust.dll [lacks WinVerifyTrust]
818.6fc8: supR3HardenedDllNotificationCallback: load   00007ffb96810000 LB 0x0014b000 C:\WINDOWS\System32\ucrtbase.dll [fFlags=0x0]
818.6fc8: supHardenedWinVerifyImageByHandle: -> 0 (\Device\HarddiskVolume2\Windows\System32\ucrtbase.dll)
818.6fc8: supR3HardenedWinVerifyCacheInsert: \Device\HarddiskVolume2\Windows\System32\ucrtbase.dll
818.6fc8: supR3HardenedDllNotificationCallback: load   00007ffb972e0000 LB 0x00177000 C:\WINDOWS\System32\CRYPT32.dll [fFlags=0x0]
818.6fc8: supHardenedWinVerifyImageByHandle: -> 0 (\Device\HarddiskVolume2\Windows\System32\crypt32.dll)
818.6fc8: supR3HardenedWinVerifyCacheInsert: \Device\HarddiskVolume2\Windows\System32\crypt32.dll
818.6fc8: supR3HardenedIsApiSetDll: ApiSetQueryApiSetPresence(api-ms-win-core-synch-l1-2-0) -> 0x0, fPresent=1
818.6fc8: supR3HardenedMonitor_LdrLoadDll: pName=api-ms-win-core-synch-l1-2-0 (rcNtResolve=0x0) *pfFlags=0x0 pwszSearchPath=0000000000000801:<flags> [calling]
818.6fc8: supR3HardenedMonitor_LdrLoadDll: returns rcNt=0x0 hMod=00007ffb96b60000 'api-ms-win-core-synch-l1-2-0'
818.6fc8: supR3HardenedIsApiSetDll: ApiSetQueryApiSetPresence(api-ms-win-core-fibers-l1-1-1) -> 0x0, fPresent=1
818.6fc8: supR3HardenedMonitor_LdrLoadDll: pName=api-ms-win-core-fibers-l1-1-1 (rcNtResolve=0x0) *pfFlags=0x0 pwszSearchPath=0000000000000801:<flags> [calling]
818.6fc8: supR3HardenedMonitor_LdrLoadDll: returns rcNt=0x0 hMod=00007ffb96b60000 'api-ms-win-core-fibers-l1-1-1'
818.6fc8: supR3HardenedIsApiSetDll: ApiSetQueryApiSetPresence(api-ms-win-core-fibers-l1-1-2) -> 0x0, fPresent=1
818.6fc8: supR3HardenedMonitor_LdrLoadDll: pName=api-ms-win-core-fibers-l1-1-2 (rcNtResolve=0x0) *pfFlags=0x0 pwszSearchPath=0000000000000801:<flags> [calling]
818.6fc8: supR3HardenedMonitor_LdrLoadDll: returns rcNt=0x0 hMod=00007ffb96b60000 'api-ms-win-core-fibers-l1-1-2'
818.6fc8: supHardenedWinVerifyImageByHandle: -> 0 (\Device\HarddiskVolume2\Windows\System32\msasn1.dll)
818.6fc8: supR3HardenedWinVerifyCacheInsert: \Device\HarddiskVolume2\Windows\System32\msasn1.dll
818.6fc8: supR3HardenedDllNotificationCallback: load   00007ffb95e60000 LB 0x00013000 C:\WINDOWS\SYSTEM32\MSASN1.dll [fFlags=0x0]
818.6fc8: supR3HardenedScreenImage/LdrLoadDll: cache hit (VINF_SUCCESS) on \Device\HarddiskVolume2\Windows\System32\msasn1.dll [lacks WinVerifyTrust]
818.6fc8: supR3HardenedMonitor_LdrLoadDll: returns rcNt=0x0 hMod=00007ffb96ad0000 'C:\WINDOWS\system32\Wintrust.dll'
818.6fc8: supHardenedWinVerifyImageByHandle: -> 0 (\Device\HarddiskVolume2\Windows\System32\bcrypt.dll)
818.6fc8: supR3HardenedWinVerifyCacheInsert: \Device\HarddiskVolume2\Windows\System32\bcrypt.dll
818.6fc8: supR3HardenedMonitor_LdrLoadDll: pName=C:\WINDOWS\system32\bcrypt.dll (rcNtResolve=0xc0150008) *pfFlags=0x0 pwszSearchPath=0000000000000801:<flags> [calling]
818.6fc8: supR3HardenedScreenImage/NtCreateSection: cache hit (VINF_SUCCESS) on \Device\HarddiskVolume2\Windows\System32\bcrypt.dll [lacks WinVerifyTrust]
818.6fc8: supR3HardenedDllNotificationCallback: load   00007ffb97650000 LB 0x000a6000 C:\WINDOWS\System32\sechost.dll [fFlags=0x0]
818.6fc8: supHardenedWinVerifyImageByHandle: -> 0 (\Device\HarddiskVolume2\Windows\System32\sechost.dll)
818.6fc8: supR3HardenedWinVerifyCacheInsert: \Device\HarddiskVolume2\Windows\System32\sechost.dll
818.6fc8: supR3HardenedDllNotificationCallback: load   00007ffb96700000 LB 0x0002a000 C:\WINDOWS\system32\bcrypt.dll [fFlags=0x0]
818.6fc8: supR3HardenedScreenImage/LdrLoadDll: cache hit (VINF_SUCCESS) on \Device\HarddiskVolume2\Windows\System32\bcrypt.dll [lacks WinVerifyTrust]
818.6fc8: supR3HardenedMonitor_LdrLoadDll: returns rcNt=0x0 hMod=00007ffb96700000 'C:\WINDOWS\system32\bcrypt.dll'
818.6fc8: bcrypt.dll loaded at 00007ffb96700000, BCryptOpenAlgorithmProvider at 00007ffb96709410, preloading providers:
818.6fc8: supHardenedWinVerifyImageByHandle: -> 0 (\Device\HarddiskVolume2\Windows\System32\bcryptprimitives.dll)
818.6fc8: supR3HardenedWinVerifyCacheInsert: \Device\HarddiskVolume2\Windows\System32\bcryptprimitives.dll
818.6fc8: supR3HardenedMonitor_LdrLoadDll: pName=C:\WINDOWS\system32\bcryptprimitives.dll (rcNtResolve=0xc0150008) *pfFlags=0x0 pwszSearchPath=0000000000000001:<flags> [calling]
818.6fc8: supR3HardenedDllNotificationCallback: load   00007ffb96960000 LB 0x000a5000 C:\WINDOWS\System32\bcryptprimitives.dll [fFlags=0x0]
818.6fc8: supR3HardenedScreenImage/LdrLoadDll: cache hit (VINF_SUCCESS) on \Device\HarddiskVolume2\Windows\System32\bcryptprimitives.dll [lacks WinVerifyTrust]
818.6fc8: supR3HardenedMonitor_LdrLoadDll: returns rcNt=0x0 hMod=00007ffb96960000 'C:\WINDOWS\system32\bcryptprimitives.dll'
818.6fc8:     BCryptOpenAlgorithmProvider(,'MD2',0,0) -> 0x0 (hAlgo=00000268d310dcd0)
818.6fc8:     BCryptOpenAlgorithmProvider(,'MD4',0,0) -> 0x0 (hAlgo=00000268d310e620)
818.6fc8:     BCryptOpenAlgorithmProvider(,'MD5',0,0) -> 0x0 (hAlgo=00000268d310ece0)
818.6fc8:     BCryptOpenAlgorithmProvider(,'SHA1',0,0) -> 0x0 (hAlgo=00000268d310f3a0)
818.6fc8:     BCryptOpenAlgorithmProvider(,'SHA256',0,0) -> 0x0 (hAlgo=00000268d310fa60)
818.6fc8:     BCryptOpenAlgorithmProvider(,'SHA512',0,0) -> 0x0 (hAlgo=00000268d3110120)
818.6fc8:     BCryptOpenAlgorithmProvider(,'RSA',0,0) -> 0x0 (hAlgo=00000268d31107e0)
818.6fc8:     BCryptOpenAlgorithmProvider(,'DSA',0,0) -> 0x0 (hAlgo=00000268d3110ea0)
818.6fc8: supHardenedWinVerifyImageByHandle: -> 0 (\Device\HarddiskVolume2\Windows\System32\cryptsp.dll)
818.6fc8: supR3HardenedWinVerifyCacheInsert: \Device\HarddiskVolume2\Windows\System32\cryptsp.dll
818.6fc8: supR3HardenedDllNotificationCallback: load   00007ffb95e00000 LB 0x0001b000 C:\WINDOWS\SYSTEM32\CRYPTSP.dll [fFlags=0x0]
818.6fc8: supR3HardenedScreenImage/LdrLoadDll: cache hit (VINF_SUCCESS) on \Device\HarddiskVolume2\Windows\System32\cryptsp.dll [lacks WinVerifyTrust]
818.6fc8: supHardenedWinVerifyImageByHandle: -> 0 (\Device\HarddiskVolume2\Windows\System32\rsaenh.dll)
818.6fc8: supR3HardenedWinVerifyCacheInsert: \Device\HarddiskVolume2\Windows\System32\rsaenh.dll
818.6fc8: supR3HardenedMonitor_LdrLoadDll: pName=C:\WINDOWS\system32\rsaenh.dll (rcNtResolve=0xc0150008) *pfFlags=0x0 pwszSearchPath=0000000000000001:<flags> [calling]
818.6fc8: supR3HardenedScreenImage/NtCreateSection: cache hit (VINF_SUCCESS) on \Device\HarddiskVolume2\Windows\System32\rsaenh.dll [lacks WinVerifyTrust]
818.6fc8: supR3HardenedDllNotificationCallback: load   00007ffb95520000 LB 0x0003a000 C:\WINDOWS\system32\rsaenh.dll [fFlags=0x0]
818.6fc8: supR3HardenedScreenImage/LdrLoadDll: cache hit (VINF_SUCCESS) on \Device\HarddiskVolume2\Windows\System32\rsaenh.dll [lacks WinVerifyTrust]
818.6fc8: supR3HardenedMonitor_LdrLoadDll: returns rcNt=0x0 hMod=00007ffb95520000 'C:\WINDOWS\system32\rsaenh.dll'
818.6fc8: supHardenedWinVerifyImageByHandle: -> 0 (\Device\HarddiskVolume2\Windows\System32\cryptbase.dll)
818.6fc8: supR3HardenedWinVerifyCacheInsert: \Device\HarddiskVolume2\Windows\System32\cryptbase.dll
818.6fc8: supR3HardenedDllNotificationCallback: load   00007ffb95df0000 LB 0x0000c000 C:\WINDOWS\SYSTEM32\CRYPTBASE.dll [fFlags=0x0]
818.6fc8: supR3HardenedScreenImage/LdrLoadDll: cache hit (VINF_SUCCESS) on \Device\HarddiskVolume2\Windows\System32\cryptbase.dll [lacks WinVerifyTrust]
818.6fc8: supR3HardenedScreenImage/LdrLoadDll: cache hit (VINF_SUCCESS) on \Device\HarddiskVolume2\Windows\System32\kernel32.dll [lacks WinVerifyTrust]
818.6fc8: supR3HardenedMonitor_LdrLoadDll: pName=C:\WINDOWS\System32\kernel32.dll (Input=kernel32.dll, rcNtResolve=0xc0150008) *pfFlags=0x0 pwszSearchPath=0000000000000001:<flags> [calling]
818.6fc8: supR3HardenedMonitor_LdrLoadDll: returns rcNt=0x0 hMod=00007ffb989e0000 'C:\WINDOWS\System32\kernel32.dll'
818.6fc8: supR3HardenedScreenImage/LdrLoadDll: cache hit (VINF_SUCCESS) on \Device\HarddiskVolume2\Windows\System32\wintrust.dll [lacks WinVerifyTrust]
818.6fc8: supR3HardenedMonitor_LdrLoadDll: pName=C:\WINDOWS\System32\WINTRUST.DLL (Input=WINTRUST.DLL, rcNtResolve=0xc0150008) *pfFlags=0x0 pwszSearchPath=0000000000000001:<flags> [calling]
818.6fc8: supR3HardenedMonitor_LdrLoadDll: returns rcNt=0x0 hMod=00007ffb96ad0000 'C:\WINDOWS\System32\WINTRUST.DLL'
818.6fc8: supR3HardenedScreenImage/LdrLoadDll: cache hit (VINF_SUCCESS) on \Device\HarddiskVolume2\Windows\System32\crypt32.dll [lacks WinVerifyTrust]
818.6fc8: supR3HardenedMonitor_LdrLoadDll: pName=C:\WINDOWS\System32\CRYPT32.dll (rcNtResolve=0xc0150008) *pfFlags=0x2 pwszSearchPath=0000000000000001:<flags> [calling]
818.6fc8: supR3HardenedMonitor_LdrLoadDll: returns rcNt=0x0 hMod=00007ffb972e0000 'C:\WINDOWS\System32\CRYPT32.dll'
818.6fc8: supR3HardenedDllNotificationCallback: load   00007ffb991d0000 LB 0x00020000 C:\WINDOWS\System32\imagehlp.dll [fFlags=0x0]
818.6fc8: supHardenedWinVerifyImageByHandle: -> 0 (\Device\HarddiskVolume2\Windows\System32\imagehlp.dll)
818.6fc8: supR3HardenedWinVerifyCacheInsert: \Device\HarddiskVolume2\Windows\System32\imagehlp.dll
818.6fc8: supR3HardenedScreenImage/LdrLoadDll: cache hit (VINF_SUCCESS) on \Device\HarddiskVolume2\Windows\System32\rsaenh.dll [lacks WinVerifyTrust]
818.6fc8: supR3HardenedMonitor_LdrLoadDll: pName=C:\WINDOWS\system32\rsaenh.dll (rcNtResolve=0xc0150008) *pfFlags=0x0 pwszSearchPath=0000000000000001:<flags> [calling]
818.6fc8: supR3HardenedMonitor_LdrLoadDll: returns rcNt=0x0 hMod=00007ffb95520000 'C:\WINDOWS\system32\rsaenh.dll'
818.6fc8: supR3HardenedScreenImage/LdrLoadDll: cache hit (VINF_SUCCESS) on \Device\HarddiskVolume2\Windows\System32\crypt32.dll [lacks WinVerifyTrust]
818.6fc8: supR3HardenedMonitor_LdrLoadDll: pName=C:\WINDOWS\System32\crypt32.dll (Input=crypt32.dll, rcNtResolve=0xc0150008) *pfFlags=0x0 pwszSearchPath=0000000000000001:<flags> [calling]
818.6fc8: supR3HardenedMonitor_LdrLoadDll: returns rcNt=0x0 hMod=00007ffb972e0000 'C:\WINDOWS\System32\crypt32.dll'
818.6fc8: supR3HardenedWinVerifyCacheScheduleImports: Import todo: #0 'msvcrt.dll'.
818.6fc8: supR3HardenedWinVerifyCacheScheduleImports: Import todo: #11 'rpcrt4.dll'.
818.6fc8: supHardenedWinVerifyImageByHandle: -> 0 (\Device\HarddiskVolume2\Windows\System32\gpapi.dll)
818.6fc8: supR3HardenedWinVerifyCacheInsert: \Device\HarddiskVolume2\Windows\System32\gpapi.dll
818.6fc8: supR3HardenedDllNotificationCallback: load   00007ffb95ba0000 LB 0x00032000 C:\WINDOWS\SYSTEM32\gpapi.dll [fFlags=0x0]
818.6fc8: supR3HardenedScreenImage/LdrLoadDll: cache hit (VINF_SUCCESS) on \Device\HarddiskVolume2\Windows\System32\gpapi.dll [lacks WinVerifyTrust]
818.6fc8: supR3HardenedWinVerifyCacheScheduleImports: Import todo: #0 'msvcrt.dll'.
818.6fc8: supR3HardenedWinVerifyCacheScheduleImports: Import todo: #8 'crypt32.dll'.
818.6fc8: supHardenedWinVerifyImageByHandle: -> 0 (\Device\HarddiskVolume2\Windows\System32\cryptnet.dll)
818.6fc8: supR3HardenedWinVerifyCacheInsert: \Device\HarddiskVolume2\Windows\System32\cryptnet.dll
818.6fc8: supR3HardenedWinVerifyCacheProcessImportTodos: Processing 'crypt32.dll'...
818.6fc8: supR3HardenedWinVerifyCacheProcessImportTodos: 'crypt32.dll' -> '\Device\HarddiskVolume2\Windows\System32\crypt32.dll' [rcNtRedir=0xc0150008]
818.6fc8: supR3HardenedScreenImage/Imports: cache hit (VINF_SUCCESS) on \Device\HarddiskVolume2\Windows\System32\crypt32.dll [lacks WinVerifyTrust]
818.6fc8: supR3HardenedWinVerifyCacheProcessImportTodos: Processing 'msvcrt.dll'...
818.6fc8: supR3HardenedWinVerifyCacheProcessImportTodos: 'msvcrt.dll' -> '\Device\HarddiskVolume2\Windows\System32\msvcrt.dll' [rcNtRedir=0xc0150008]
818.6fc8: supR3HardenedScreenImage/Imports: cache hit (VINF_SUCCESS) on \Device\HarddiskVolume2\Windows\System32\msvcrt.dll [lacks WinVerifyTrust]
818.6fc8: supR3HardenedWinVerifyCacheProcessImportTodos: Processing 'rpcrt4.dll'...
818.6fc8: supR3HardenedWinVerifyCacheProcessImportTodos: 'rpcrt4.dll' -> '\Device\HarddiskVolume2\Windows\System32\rpcrt4.dll' [rcNtRedir=0xc0150008]
818.6fc8: supR3HardenedScreenImage/Imports: cache hit (VINF_SUCCESS) on \Device\HarddiskVolume2\Windows\System32\rpcrt4.dll [lacks WinVerifyTrust]
818.6fc8: supR3HardenedWinVerifyCacheProcessImportTodos: Processing 'msvcrt.dll'...
818.6fc8: supR3HardenedWinVerifyCacheProcessImportTodos: 'msvcrt.dll' -> '\Device\HarddiskVolume2\Windows\System32\msvcrt.dll' [rcNtRedir=0xc0150008]
818.6fc8: supR3HardenedScreenImage/Imports: cache hit (VINF_SUCCESS) on \Device\HarddiskVolume2\Windows\System32\msvcrt.dll [lacks WinVerifyTrust]
818.6fc8: supR3HardenedMonitor_LdrLoadDll: pName=C:\Windows\System32\cryptnet.dll (rcNtResolve=0xc0150008) *pfFlags=0x0 pwszSearchPath=0000000000000001:<flags> [calling]
818.6fc8: supR3HardenedScreenImage/NtCreateSection: cache hit (VINF_SUCCESS) on \Device\HarddiskVolume2\Windows\System32\cryptnet.dll [lacks WinVerifyTrust]
818.6fc8: supR3HardenedDllNotificationCallback: load   00007ffb8ee60000 LB 0x0003b000 C:\Windows\System32\cryptnet.dll [fFlags=0x0]
818.6fc8: supR3HardenedScreenImage/LdrLoadDll: cache hit (VINF_SUCCESS) on \Device\HarddiskVolume2\Windows\System32\cryptnet.dll [lacks WinVerifyTrust]
818.6fc8: supR3HardenedScreenImage/LdrLoadDll: cache hit (VINF_SUCCESS) on \Device\HarddiskVolume2\Windows\System32\cryptnet.dll [lacks WinVerifyTrust]
818.6fc8: supR3HardenedMonitor_LdrLoadDll: pName=C:\Windows\System32\cryptnet.dll (rcNtResolve=0xc0150008) *pfFlags=0x2 pwszSearchPath=0000000000000001:<flags> [calling]
818.6fc8: supR3HardenedMonitor_LdrLoadDll: returns rcNt=0x0 hMod=00007ffb8ee60000 'C:\Windows\System32\cryptnet.dll'
818.6fc8: supR3HardenedScreenImage/LdrLoadDll: cache hit (VINF_SUCCESS) on \Device\HarddiskVolume2\Windows\System32\cryptnet.dll [lacks WinVerifyTrust]
818.6fc8: supR3HardenedMonitor_LdrLoadDll: pName=C:\Windows\System32\cryptnet.dll (rcNtResolve=0xc0150008) *pfFlags=0x2 pwszSearchPath=0000000000000001:<flags> [calling]
818.6fc8: supR3HardenedMonitor_LdrLoadDll: returns rcNt=0x0 hMod=00007ffb8ee60000 'C:\Windows\System32\cryptnet.dll'
818.6fc8: supR3HardenedScreenImage/LdrLoadDll: cache hit (VINF_SUCCESS) on \Device\HarddiskVolume2\Windows\System32\cryptnet.dll [lacks WinVerifyTrust]
818.6fc8: supR3HardenedMonitor_LdrLoadDll: pName=C:\Windows\System32\cryptnet.dll (rcNtResolve=0xc0150008) *pfFlags=0x2 pwszSearchPath=0000000000000001:<flags> [calling]
818.6fc8: supR3HardenedMonitor_LdrLoadDll: returns rcNt=0x0 hMod=00007ffb8ee60000 'C:\Windows\System32\cryptnet.dll'
818.6fc8: supR3HardenedScreenImage/LdrLoadDll: cache hit (VINF_SUCCESS) on \Device\HarddiskVolume2\Windows\System32\cryptnet.dll [lacks WinVerifyTrust]
818.6fc8: supR3HardenedMonitor_LdrLoadDll: pName=C:\Windows\System32\cryptnet.dll (rcNtResolve=0xc0150008) *pfFlags=0x2 pwszSearchPath=0000000000000001:<flags> [calling]
818.6fc8: supR3HardenedMonitor_LdrLoadDll: returns rcNt=0x0 hMod=00007ffb8ee60000 'C:\Windows\System32\cryptnet.dll'
818.6fc8: supR3HardenedScreenImage/LdrLoadDll: cache hit (VINF_SUCCESS) on \Device\HarddiskVolume2\Windows\System32\cryptnet.dll [lacks WinVerifyTrust]
818.6fc8: supR3HardenedMonitor_LdrLoadDll: pName=C:\Windows\System32\cryptnet.dll (rcNtResolve=0xc0150008) *pfFlags=0x2 pwszSearchPath=0000000000000001:<flags> [calling]
818.6fc8: supR3HardenedMonitor_LdrLoadDll: returns rcNt=0x0 hMod=00007ffb8ee60000 'C:\Windows\System32\cryptnet.dll'
818.6fc8: supR3HardenedScreenImage/LdrLoadDll: cache hit (VINF_SUCCESS) on \Device\HarddiskVolume2\Windows\System32\cryptnet.dll [lacks WinVerifyTrust]
818.6fc8: supR3HardenedMonitor_LdrLoadDll: pName=C:\Windows\System32\cryptnet.dll (rcNtResolve=0xc0150008) *pfFlags=0x2 pwszSearchPath=0000000000000001:<flags> [calling]
818.6fc8: supR3HardenedMonitor_LdrLoadDll: returns rcNt=0x0 hMod=00007ffb8ee60000 'C:\Windows\System32\cryptnet.dll'
818.6fc8: supR3HardenedScreenImage/LdrLoadDll: cache hit (VINF_SUCCESS) on \Device\HarddiskVolume2\Windows\System32\cryptnet.dll [lacks WinVerifyTrust]
818.6fc8: supR3HardenedMonitor_LdrLoadDll: returns rcNt=0x0 hMod=00007ffb8ee60000 'C:\Windows\System32\cryptnet.dll'
818.6fc8: supR3HardenedScreenImage/LdrLoadDll: cache hit (VINF_SUCCESS) on \Device\HarddiskVolume2\Windows\System32\cryptnet.dll [lacks WinVerifyTrust]
818.6fc8: supR3HardenedMonitor_LdrLoadDll: returns rcNt=0x0 hMod=00007ffb8ee60000 'C:\Windows\System32\cryptnet.dll'
818.6fc8: supR3HardenedScreenImage/LdrLoadDll: cache hit (VINF_SUCCESS) on \Device\HarddiskVolume2\Windows\System32\cryptnet.dll [lacks WinVerifyTrust]
818.6fc8: supR3HardenedMonitor_LdrLoadDll: returns rcNt=0x0 hMod=00007ffb8ee60000 'C:\Windows\System32\cryptnet.dll'
818.6fc8: supR3HardenedScreenImage/LdrLoadDll: cache hit (VINF_SUCCESS) on \Device\HarddiskVolume2\Windows\System32\cryptnet.dll [lacks WinVerifyTrust]
818.6fc8: supR3HardenedMonitor_LdrLoadDll: returns rcNt=0x0 hMod=00007ffb8ee60000 'C:\Windows\System32\cryptnet.dll'
818.6fc8: supR3HardenedScreenImage/LdrLoadDll: cache hit (VINF_SUCCESS) on \Device\HarddiskVolume2\Windows\System32\cryptnet.dll [lacks WinVerifyTrust]
818.6fc8: supR3HardenedMonitor_LdrLoadDll: returns rcNt=0x0 hMod=00007ffb8ee60000 'C:\Windows\System32\cryptnet.dll'
818.6fc8: supR3HardenedMonitor_LdrLoadDll: returns rcNt=0x0 hMod=00007ffb8ee60000 'C:\Windows\System32\cryptnet.dll'
818.6fc8: supHardenedWinVerifyImageByHandle: -> 0 (\Device\HarddiskVolume2\Windows\System32\profapi.dll)
818.6fc8: supR3HardenedWinVerifyCacheInsert: \Device\HarddiskVolume2\Windows\System32\profapi.dll
818.6fc8: supR3HardenedDllNotificationCallback: load   00007ffb96730000 LB 0x00029000 C:\WINDOWS\SYSTEM32\profapi.dll [fFlags=0x0]
818.6fc8: supR3HardenedScreenImage/LdrLoadDll: cache hit (VINF_SUCCESS) on \Device\HarddiskVolume2\Windows\System32\profapi.dll [lacks WinVerifyTrust]
818.6fc8: supR3HardenedDllNotificationCallback: load   00007ffb99200000 LB 0x000b4000 C:\WINDOWS\System32\advapi32.dll [fFlags=0x0]
818.6fc8: supR3HardenedWinVerifyCacheScheduleImports: Import todo: #0 'msvcrt.dll'.
818.6fc8: supR3HardenedWinVerifyCacheScheduleImports: Import todo: #6 'sechost.dll'.
818.6fc8: supR3HardenedWinVerifyCacheScheduleImports: Import todo: #28 'rpcrt4.dll'.
818.6fc8: supHardenedWinVerifyImageByHandle: -> 0 (\Device\HarddiskVolume2\Windows\System32\advapi32.dll)
818.6fc8: supR3HardenedWinVerifyCacheInsert: \Device\HarddiskVolume2\Windows\System32\advapi32.dll
818.6fc8: supR3HardenedScreenImage/LdrLoadDll: cache hit (VINF_SUCCESS) on \Device\HarddiskVolume2\Windows\System32\rsaenh.dll [lacks WinVerifyTrust]
818.6fc8: supR3HardenedWinVerifyCacheProcessImportTodos: Processing 'rpcrt4.dll'...
818.6fc8: supR3HardenedWinVerifyCacheProcessImportTodos: 'rpcrt4.dll' -> '\Device\HarddiskVolume2\Windows\System32\rpcrt4.dll' [rcNtRedir=0xc0150008]
818.6fc8: supR3HardenedScreenImage/Imports: cache hit (VINF_SUCCESS) on \Device\HarddiskVolume2\Windows\System32\rpcrt4.dll [lacks WinVerifyTrust]
818.6fc8: supR3HardenedWinVerifyCacheProcessImportTodos: Processing 'sechost.dll'...
818.6fc8: supR3HardenedWinVerifyCacheProcessImportTodos: 'sechost.dll' -> '\Device\HarddiskVolume2\Windows\System32\sechost.dll' [rcNtRedir=0xc0150008]
818.6fc8: supR3HardenedScreenImage/Imports: cache hit (VINF_SUCCESS) on \Device\HarddiskVolume2\Windows\System32\sechost.dll [lacks WinVerifyTrust]
818.6fc8: supR3HardenedWinVerifyCacheProcessImportTodos: Processing 'msvcrt.dll'...
818.6fc8: supR3HardenedWinVerifyCacheProcessImportTodos: 'msvcrt.dll' -> '\Device\HarddiskVolume2\Windows\System32\msvcrt.dll' [rcNtRedir=0xc0150008]
818.6fc8: supR3HardenedScreenImage/Imports: cache hit (VINF_SUCCESS) on \Device\HarddiskVolume2\Windows\System32\msvcrt.dll [lacks WinVerifyTrust]
818.6fc8: supR3HardenedMonitor_LdrLoadDll: pName=C:\WINDOWS\system32\rsaenh.dll (rcNtResolve=0xc0150008) *pfFlags=0x0 pwszSearchPath=0000000000000001:<flags> [calling]
818.6fc8: supR3HardenedMonitor_LdrLoadDll: returns rcNt=0x0 hMod=00007ffb95520000 'C:\WINDOWS\system32\rsaenh.dll'
818.6fc8: supR3HardenedScreenImage/LdrLoadDll: cache hit (VINF_SUCCESS) on \Device\HarddiskVolume2\Windows\System32\crypt32.dll [lacks WinVerifyTrust]
818.6fc8: supR3HardenedMonitor_LdrLoadDll: pName=C:\WINDOWS\System32\crypt32.dll (Input=crypt32.dll, rcNtResolve=0xc0150008) *pfFlags=0x0 pwszSearchPath=0000000000000001:<flags> [calling]
818.6fc8: supR3HardenedMonitor_LdrLoadDll: returns rcNt=0x0 hMod=00007ffb972e0000 'C:\WINDOWS\System32\crypt32.dll'
818.6fc8: supR3HardNtViCallWinVerifyTrustCatFile: hFile=0000000000000000 pwszName=\SystemRoot\System32\ntdll.dll
818.6fc8: supR3HardNtViCallWinVerifyTrustCatFile: New context 00000268d31a1e60
818.6fc8: supR3HardNtViCallWinVerifyTrustCatFile: hCatAdmin=00000268d31a1e60
818.6fc8: supR3HardNtViCallWinVerifyTrustCatFile: cbHash=20 wszDigest=7FAC823AD246AC744AFCF40D30C98EF1CC4EA0B6
818.6fc8: supR3HardenedScreenImage/LdrLoadDll: cache hit (VINF_SUCCESS) on \Device\HarddiskVolume2\Windows\System32\rpcrt4.dll [lacks WinVerifyTrust]
818.6fc8: supR3HardenedMonitor_LdrLoadDll: pName=C:\WINDOWS\System32\rpcrt4.dll (Input=rpcrt4.dll, rcNtResolve=0xc0150008) *pfFlags=0x0 pwszSearchPath=0000000000000001:<flags> [calling]
818.6fc8: supR3HardenedMonitor_LdrLoadDll: returns rcNt=0x0 hMod=00007ffb974a0000 'C:\WINDOWS\System32\rpcrt4.dll'
818.6fc8: supR3HardenedScreenImage/LdrLoadDll: cache hit (VINF_SUCCESS) on \Device\HarddiskVolume2\Windows\System32\rsaenh.dll [lacks WinVerifyTrust]
818.6fc8: supR3HardenedMonitor_LdrLoadDll: pName=C:\WINDOWS\system32\rsaenh.dll (rcNtResolve=0xc0150008) *pfFlags=0x0 pwszSearchPath=0000000000000001:<flags> [calling]
818.6fc8: supR3HardenedMonitor_LdrLoadDll: returns rcNt=0x0 hMod=00007ffb95520000 'C:\WINDOWS\system32\rsaenh.dll'
818.6fc8: supR3HardenedScreenImage/LdrLoadDll: cache hit (VINF_SUCCESS) on \Device\HarddiskVolume2\Windows\System32\crypt32.dll [lacks WinVerifyTrust]
818.6fc8: supR3HardenedMonitor_LdrLoadDll: pName=C:\WINDOWS\System32\crypt32.dll (Input=crypt32.dll, rcNtResolve=0xc0150008) *pfFlags=0x0 pwszSearchPath=0000000000000001:<flags> [calling]
818.6fc8: supR3HardenedMonitor_LdrLoadDll: returns rcNt=0x0 hMod=00007ffb972e0000 'C:\WINDOWS\System32\crypt32.dll'
818.6fc8: supR3HardNtViCallWinVerifyTrustCatFile: WinVerifyTrust => 0x0; cat='C:\WINDOWS\system32\CatRoot\{F750E6C3-38EE-11D1-85E5-00C04FC295EE}\Microsoft-Windows-Kernel-Package-Ntdll-Package~31bf3856ad364e35~amd64~~10.0.26100.7462.cat'; file='\SystemRoot\System32\ntdll.dll'
818.6fc8: g_pfnWinVerifyTrust=00007ffb96adb400
818.6fc8: supR3HardenedScreenImage/preload: cache hit (VINF_SUCCESS) on \Device\HarddiskVolume2\Windows\System32\crypt32.dll [redoing WinVerifyTrust]
818.6fc8: supR3HardenedScreenImage/LdrLoadDll: cache hit (VINF_SUCCESS) on \Device\HarddiskVolume2\Windows\System32\rsaenh.dll [lacks WinVerifyTrust]
818.6fc8: supR3HardenedMonitor_LdrLoadDll: pName=C:\WINDOWS\system32\rsaenh.dll (rcNtResolve=0xc0150008) *pfFlags=0x0 pwszSearchPath=0000000000000001:<flags> [calling]
818.6fc8: supR3HardenedMonitor_LdrLoadDll: returns rcNt=0x0 hMod=00007ffb95520000 'C:\WINDOWS\system32\rsaenh.dll'
818.6fc8: supR3HardenedScreenImage/LdrLoadDll: cache hit (VINF_SUCCESS) on \Device\HarddiskVolume2\Windows\System32\crypt32.dll [lacks WinVerifyTrust]
818.6fc8: supR3HardenedMonitor_LdrLoadDll: pName=C:\WINDOWS\System32\crypt32.dll (Input=crypt32.dll, rcNtResolve=0xc0150008) *pfFlags=0x0 pwszSearchPath=0000000000000001:<flags> [calling]
818.6fc8: supR3HardenedMonitor_LdrLoadDll: returns rcNt=0x0 hMod=00007ffb972e0000 'C:\WINDOWS\System32\crypt32.dll'
818.6fc8: supR3HardenedScreenImage/preload: 0 (was 0) fWinVerifyTrust=1 for '\Device\HarddiskVolume2\Windows\System32\crypt32.dll'
818.6fc8: supR3HardenedScreenImage/preload: cache hit (VINF_SUCCESS) on \Device\HarddiskVolume2\Windows\System32\wintrust.dll [redoing WinVerifyTrust]
818.6fc8: supR3HardenedScreenImage/LdrLoadDll: cache hit (VINF_SUCCESS) on \Device\HarddiskVolume2\Windows\System32\rsaenh.dll [lacks WinVerifyTrust]
818.6fc8: supR3HardenedMonitor_LdrLoadDll: pName=C:\WINDOWS\system32\rsaenh.dll (rcNtResolve=0xc0150008) *pfFlags=0x0 pwszSearchPath=0000000000000001:<flags> [calling]
818.6fc8: supR3HardenedMonitor_LdrLoadDll: returns rcNt=0x0 hMod=00007ffb95520000 'C:\WINDOWS\system32\rsaenh.dll'
818.6fc8: supR3HardenedScreenImage/LdrLoadDll: cache hit (VINF_SUCCESS) on \Device\HarddiskVolume2\Windows\System32\crypt32.dll
818.6fc8: supR3HardenedMonitor_LdrLoadDll: pName=C:\WINDOWS\System32\crypt32.dll (Input=crypt32.dll, rcNtResolve=0xc0150008) *pfFlags=0x0 pwszSearchPath=0000000000000001:<flags> [calling]
818.6fc8: supR3HardenedMonitor_LdrLoadDll: returns rcNt=0x0 hMod=00007ffb972e0000 'C:\WINDOWS\System32\crypt32.dll'
818.6fc8: supR3HardenedScreenImage/preload: 0 (was 0) fWinVerifyTrust=1 for '\Device\HarddiskVolume2\Windows\System32\wintrust.dll'
818.6fc8: supR3HardenedScreenImage/LdrLoadDll: cache hit (VINF_SUCCESS) on \Device\HarddiskVolume2\Windows\System32\rsaenh.dll [lacks WinVerifyTrust]
818.6fc8: supR3HardenedMonitor_LdrLoadDll: pName=C:\WINDOWS\system32\rsaenh.dll (rcNtResolve=0xc0150008) *pfFlags=0x0 pwszSearchPath=0000000000000001:<flags> [calling]
818.6fc8: supR3HardenedMonitor_LdrLoadDll: returns rcNt=0x0 hMod=00007ffb95520000 'C:\WINDOWS\system32\rsaenh.dll'
818.6fc8: supR3HardenedMonitor_LdrLoadDll: returns rcNt=0x0 hMod=00007ffb972e0000 'C:\WINDOWS\System32\crypt32.dll'
818.6fc8: supR3HardenedWinVerifyCacheProcessWvtTodos: 0 (was 0) fWinVerifyTrust=1 for '\Device\HarddiskVolume2\Windows\System32\advapi32.dll'
818.6fc8: supR3HardenedScreenImage/LdrLoadDll: cache hit (VINF_SUCCESS) on \Device\HarddiskVolume2\Windows\System32\rsaenh.dll [lacks WinVerifyTrust]
818.6fc8: supR3HardenedMonitor_LdrLoadDll: returns rcNt=0x0 hMod=00007ffb95520000 'C:\WINDOWS\system32\rsaenh.dll'
818.6fc8: supR3HardenedMonitor_LdrLoadDll: returns rcNt=0x0 hMod=00007ffb972e0000 'C:\WINDOWS\System32\crypt32.dll'
818.6fc8: supR3HardenedWinVerifyCacheProcessWvtTodos: 0 (was 0) fWinVerifyTrust=1 for '\Device\HarddiskVolume2\Windows\System32\profapi.dll'
818.6fc8: supR3HardenedScreenImage/LdrLoadDll: cache hit (VINF_SUCCESS) on \Device\HarddiskVolume2\Windows\System32\rsaenh.dll [lacks WinVerifyTrust]
818.6fc8: supR3HardenedMonitor_LdrLoadDll: returns rcNt=0x0 hMod=00007ffb95520000 'C:\WINDOWS\system32\rsaenh.dll'
818.6fc8: supR3HardenedMonitor_LdrLoadDll: returns rcNt=0x0 hMod=00007ffb972e0000 'C:\WINDOWS\System32\crypt32.dll'
818.6fc8: supR3HardenedWinVerifyCacheProcessWvtTodos: 0 (was 0) fWinVerifyTrust=1 for '\Device\HarddiskVolume2\Windows\System32\cryptnet.dll'
818.6fc8: supR3HardenedScreenImage/LdrLoadDll: cache hit (VINF_SUCCESS) on \Device\HarddiskVolume2\Windows\System32\rsaenh.dll [lacks WinVerifyTrust]
818.6fc8: supR3HardenedMonitor_LdrLoadDll: returns rcNt=0x0 hMod=00007ffb95520000 'C:\WINDOWS\system32\rsaenh.dll'
818.6fc8: supR3HardenedMonitor_LdrLoadDll: returns rcNt=0x0 hMod=00007ffb972e0000 'C:\WINDOWS\System32\crypt32.dll'
818.6fc8: supR3HardenedWinVerifyCacheProcessWvtTodos: 0 (was 0) fWinVerifyTrust=1 for '\Device\HarddiskVolume2\Windows\System32\gpapi.dll'
818.6fc8: supR3HardenedScreenImage/LdrLoadDll: cache hit (VINF_SUCCESS) on \Device\HarddiskVolume2\Windows\System32\rsaenh.dll [lacks WinVerifyTrust]
818.6fc8: supR3HardenedMonitor_LdrLoadDll: returns rcNt=0x0 hMod=00007ffb95520000 'C:\WINDOWS\system32\rsaenh.dll'
818.6fc8: supR3HardenedMonitor_LdrLoadDll: returns rcNt=0x0 hMod=00007ffb972e0000 'C:\WINDOWS\System32\crypt32.dll'
818.6fc8: supR3HardenedWinVerifyCacheProcessWvtTodos: 0 (was 0) fWinVerifyTrust=1 for '\Device\HarddiskVolume2\Windows\System32\imagehlp.dll'
818.6fc8: supR3HardenedScreenImage/LdrLoadDll: cache hit (VINF_SUCCESS) on \Device\HarddiskVolume2\Windows\System32\rsaenh.dll [lacks WinVerifyTrust]
818.6fc8: supR3HardenedMonitor_LdrLoadDll: returns rcNt=0x0 hMod=00007ffb95520000 'C:\WINDOWS\system32\rsaenh.dll'
818.6fc8: supR3HardenedMonitor_LdrLoadDll: returns rcNt=0x0 hMod=00007ffb972e0000 'C:\WINDOWS\System32\crypt32.dll'
818.6fc8: supR3HardenedWinVerifyCacheProcessWvtTodos: 0 (was 0) fWinVerifyTrust=1 for '\Device\HarddiskVolume2\Windows\System32\cryptbase.dll'
818.6fc8: supR3HardenedScreenImage/LdrLoadDll: cache hit (VINF_SUCCESS) on \Device\HarddiskVolume2\Windows\System32\rsaenh.dll [lacks WinVerifyTrust]
818.6fc8: supR3HardenedMonitor_LdrLoadDll: returns rcNt=0x0 hMod=00007ffb95520000 'C:\WINDOWS\system32\rsaenh.dll'
818.6fc8: supR3HardenedMonitor_LdrLoadDll: returns rcNt=0x0 hMod=00007ffb972e0000 'C:\WINDOWS\System32\crypt32.dll'
818.6fc8: supR3HardenedWinVerifyCacheProcessWvtTodos: 0 (was 0) fWinVerifyTrust=1 for '\Device\HarddiskVolume2\Windows\System32\rsaenh.dll'
818.6fc8: supR3HardenedMonitor_LdrLoadDll: returns rcNt=0x0 hMod=00007ffb95520000 'C:\WINDOWS\system32\rsaenh.dll'
818.6fc8: supR3HardenedScreenImage/LdrLoadDll: cache hit (VINF_SUCCESS) on \Device\HarddiskVolume2\Windows\System32\crypt32.dll
818.6fc8: supR3HardenedMonitor_LdrLoadDll: pName=C:\WINDOWS\System32\crypt32.dll (Input=crypt32.dll, rcNtResolve=0xc0150008) *pfFlags=0x0 pwszSearchPath=0000000000000001:<flags> [calling]
818.6fc8: supR3HardenedMonitor_LdrLoadDll: returns rcNt=0x0 hMod=00007ffb972e0000 'C:\WINDOWS\System32\crypt32.dll'
818.6fc8: supR3HardenedWinVerifyCacheProcessWvtTodos: 0 (was 0) fWinVerifyTrust=1 for '\Device\HarddiskVolume2\Windows\System32\cryptsp.dll'
818.6fc8: supR3HardenedScreenImage/LdrLoadDll: cache hit (VINF_SUCCESS) on \Device\HarddiskVolume2\Windows\System32\rsaenh.dll
818.6fc8: supR3HardenedMonitor_LdrLoadDll: pName=C:\WINDOWS\system32\rsaenh.dll (rcNtResolve=0xc0150008) *pfFlags=0x0 pwszSearchPath=0000000000000001:<flags> [calling]
818.6fc8: supR3HardenedMonitor_LdrLoadDll: returns rcNt=0x0 hMod=00007ffb95520000 'C:\WINDOWS\system32\rsaenh.dll'
818.6fc8: supR3HardenedMonitor_LdrLoadDll: returns rcNt=0x0 hMod=00007ffb972e0000 'C:\WINDOWS\System32\crypt32.dll'
818.6fc8: supR3HardenedWinVerifyCacheProcessWvtTodos: 0 (was 0) fWinVerifyTrust=1 for '\Device\HarddiskVolume2\Windows\System32\bcryptprimitives.dll'
818.6fc8: supR3HardenedMonitor_LdrLoadDll: returns rcNt=0x0 hMod=00007ffb95520000 'C:\WINDOWS\system32\rsaenh.dll'
818.6fc8: supR3HardenedMonitor_LdrLoadDll: returns rcNt=0x0 hMod=00007ffb972e0000 'C:\WINDOWS\System32\crypt32.dll'
818.6fc8: supR3HardenedWinVerifyCacheProcessWvtTodos: 0 (was 0) fWinVerifyTrust=1 for '\Device\HarddiskVolume2\Windows\System32\sechost.dll'
818.6fc8: supR3HardenedMonitor_LdrLoadDll: returns rcNt=0x0 hMod=00007ffb95520000 'C:\WINDOWS\system32\rsaenh.dll'
818.6fc8: supR3HardenedMonitor_LdrLoadDll: returns rcNt=0x0 hMod=00007ffb972e0000 'C:\WINDOWS\System32\crypt32.dll'
818.6fc8: supR3HardenedWinVerifyCacheProcessWvtTodos: 0 (was 0) fWinVerifyTrust=1 for '\Device\HarddiskVolume2\Windows\System32\bcrypt.dll'
818.6fc8: supR3HardenedMonitor_LdrLoadDll: returns rcNt=0x0 hMod=00007ffb95520000 'C:\WINDOWS\system32\rsaenh.dll'
818.6fc8: supR3HardenedMonitor_LdrLoadDll: returns rcNt=0x0 hMod=00007ffb972e0000 'C:\WINDOWS\System32\crypt32.dll'
818.6fc8: supR3HardenedWinVerifyCacheProcessWvtTodos: 0 (was 0) fWinVerifyTrust=1 for '\Device\HarddiskVolume2\Windows\System32\msasn1.dll'
818.6fc8: supR3HardenedMonitor_LdrLoadDll: returns rcNt=0x0 hMod=00007ffb95520000 'C:\WINDOWS\system32\rsaenh.dll'
818.6fc8: supR3HardenedMonitor_LdrLoadDll: returns rcNt=0x0 hMod=00007ffb972e0000 'C:\WINDOWS\System32\crypt32.dll'
818.6fc8: supR3HardenedWinVerifyCacheProcessWvtTodos: 0 (was 0) fWinVerifyTrust=1 for '\Device\HarddiskVolume2\Windows\System32\ucrtbase.dll'
818.6fc8: supR3HardenedMonitor_LdrLoadDll: returns rcNt=0x0 hMod=00007ffb95520000 'C:\WINDOWS\system32\rsaenh.dll'
818.6fc8: supR3HardenedMonitor_LdrLoadDll: returns rcNt=0x0 hMod=00007ffb972e0000 'C:\WINDOWS\System32\crypt32.dll'
818.6fc8: supR3HardenedWinVerifyCacheProcessWvtTodos: 0 (was 0) fWinVerifyTrust=1 for '\Device\HarddiskVolume2\Windows\System32\msvcrt.dll'
818.6fc8: supR3HardenedMonitor_LdrLoadDll: returns rcNt=0x0 hMod=00007ffb95520000 'C:\WINDOWS\system32\rsaenh.dll'
818.6fc8: supR3HardenedMonitor_LdrLoadDll: returns rcNt=0x0 hMod=00007ffb972e0000 'C:\WINDOWS\System32\crypt32.dll'
818.6fc8: supR3HardenedWinVerifyCacheProcessWvtTodos: 0 (was 0) fWinVerifyTrust=1 for '\Device\HarddiskVolume2\Windows\System32\rpcrt4.dll'
818.6fc8: supR3HardenedMonitor_LdrLoadDll: returns rcNt=0x0 hMod=00007ffb95520000 'C:\WINDOWS\system32\rsaenh.dll'
818.6fc8: supR3HardenedMonitor_LdrLoadDll: returns rcNt=0x0 hMod=00007ffb972e0000 'C:\WINDOWS\System32\crypt32.dll'
818.6fc8: supR3HardenedWinVerifyCacheProcessWvtTodos: 0 (was 0) fWinVerifyTrust=1 for '\Device\HarddiskVolume2\Program Files\Oracle\VirtualBox\VBoxSupLib.dll'
818.6fc8: supR3HardenedMonitor_LdrLoadDll: returns rcNt=0x0 hMod=00007ffb95520000 'C:\WINDOWS\system32\rsaenh.dll'
818.6fc8: supR3HardenedMonitor_LdrLoadDll: returns rcNt=0x0 hMod=00007ffb972e0000 'C:\WINDOWS\System32\crypt32.dll'
818.6fc8: supR3HardenedWinVerifyCacheProcessWvtTodos: 0 (was 0) fWinVerifyTrust=1 for '\Device\HarddiskVolume2\Program Files\Oracle\VirtualBox\VirtualBoxVM.exe'
818.6fc8: supR3HardenedMonitor_LdrLoadDll: returns rcNt=0x0 hMod=00007ffb95520000 'C:\WINDOWS\system32\rsaenh.dll'
818.6fc8: supR3HardenedMonitor_LdrLoadDll: returns rcNt=0x0 hMod=00007ffb972e0000 'C:\WINDOWS\System32\crypt32.dll'
818.6fc8: supR3HardenedWinVerifyCacheProcessWvtTodos: 0 (was 0) fWinVerifyTrust=1 for '\Device\HarddiskVolume2\Windows\System32\KernelBase.dll'
818.6fc8: supR3HardenedMonitor_LdrLoadDll: returns rcNt=0x0 hMod=00007ffb95520000 'C:\WINDOWS\system32\rsaenh.dll'
818.6fc8: supR3HardenedMonitor_LdrLoadDll: returns rcNt=0x0 hMod=00007ffb972e0000 'C:\WINDOWS\System32\crypt32.dll'
818.6fc8: supR3HardenedWinVerifyCacheProcessWvtTodos: 0 (was 0) fWinVerifyTrust=1 for '\Device\HarddiskVolume2\Windows\System32\kernel32.dll'
818.6fc8: supR3HardenedMonitor_LdrLoadDll: returns rcNt=0x0 hMod=00007ffb972e0000 'C:\WINDOWS\system32\crypt32.dll'
818.6fc8: supR3HardenedWinIsDesiredRootCA: skipping - not-self-signed: JdxIncC=US, JdxIncST=Delaware, BC=Private Organization, SRN=2262497, C=US, ST=California, L=Redwood City, O=Electronic Arts, Inc., OU=EA SPEAR AntiCheat Engineering, CN=Electronic Arts, Inc.
818.6fc8: supR3HardenedWinIsDesiredRootCA: Adding 0x5ad46780fa5df300 DC=com, DC=microsoft, CN=Microsoft Root Certificate Authority
818.6fc8: supR3HardenedWinIsDesiredRootCA: Adding 0xea5386456178582b C=ZA, ST=Western Cape, L=Durbanville, O=Thawte, OU=Thawte Certification, CN=Thawte Timestamping CA
818.6fc8: supR3HardenedWinIsDesiredRootCA: Adding 0x3be670c1bd02a900 OU=Copyright (c) 1997 Microsoft Corp., OU=Microsoft Corporation, CN=Microsoft Root Authority
818.6fc8: supR3HardenedWinIsDesiredRootCA: Adding 0xe991ee72b03db500 C=US, O=Symantec Corporation, CN=Symantec Enterprise Mobile Root for Microsoft
818.6fc8: supR3HardenedWinIsDesiredRootCA: Adding 0x4d3835aa4180b200 C=US, ST=Washington, L=Redmond, O=Microsoft Corporation, CN=Microsoft Root Certificate Authority 2011
818.6fc8: supR3HardenedWinIsDesiredRootCA: Adding 0x646e3fe3ba08df00 C=US, O=MSFT, CN=Microsoft Authenticode(tm) Root Authority
818.6fc8: supR3HardenedWinIsDesiredRootCA: Adding 0xece4e4289e08b900 C=US, ST=Washington, L=Redmond, O=Microsoft Corporation, CN=Microsoft Root Certificate Authority 2010
818.6fc8: supR3HardenedWinIsDesiredRootCA: Adding 0xf3bb4d7e894b420 C=US, ST=Washington, L=Redmond, O=Microsoft Corporation, CN=Microsoft ECC TS Root Certificate Authority 2018
818.6fc8: supR3HardenedWinIsDesiredRootCA: Adding 0x43a9cc371ff5385a O=Microsoft Trust Network, OU=Microsoft Corporation, OU=Microsoft Time Stamping Service Root, OU=Copyright (c) 1997 Microsoft Corp.
818.6fc8: supR3HardenedWinIsDesiredRootCA: Adding 0x2e2d2c7c68f0202e O=VeriSign Trust Network, OU=VeriSign, Inc., OU=VeriSign Time Stamping Service Root, OU=NO LIABILITY ACCEPTED, (c)97 VeriSign, Inc.
818.6fc8: supR3HardenedWinIsDesiredRootCA: Adding 0xcec3d46562b9be8e C=US, ST=Washington, L=Redmond, O=Microsoft Corporation, CN=Microsoft ECC Product Root Certificate Authority 2018
818.6fc8: supR3HardenedWinIsDesiredRootCA: Adding 0xca58a05dd401ae00 C=US, ST=Washington, L=Redmond, O=Microsoft Corporation, CN=Microsoft Time Stamp Root Certificate Authority 2014
818.6fc8: supR3HardenedWinIsDesiredRootCA: Adding 0x670683072a91b300 C=US, O=Microsoft Corporation, CN=Microsoft Identity Verification Root Certificate Authority 2020
818.6fc8: supR3HardenedWinIsDesiredRootCA: Adding 0x3d993fde1950a700 C=US, O=IdenTrust, CN=IdenTrust Commercial Root CA 1
818.6fc8: supR3HardenedWinIsDesiredRootCA: Adding 0x6b7bdc34cd37bb00 C=US, O=DigiCert Inc, OU=www.digicert.com, CN=DigiCert Global Root G2
818.6fc8: supR3HardenedWinIsDesiredRootCA: Adding 0xbbde687390e6bf00 C=US, O=DigiCert Inc, OU=www.digicert.com, CN=DigiCert Trusted Root G4
818.6fc8: supR3HardenedWinIsDesiredRootCA: Adding 0x780679907625cc00 OU=GlobalSign Root CA - R3, O=GlobalSign, CN=GlobalSign
818.6fc8: supR3HardenedWinIsDesiredRootCA: Adding 0x80d5e6f878f9bd00 C=PL, O=Unizeto Technologies S.A., OU=Certum Certification Authority, CN=Certum Trusted Network CA 2
818.6fc8: supR3HardenedWinIsDesiredRootCA: Adding 0xeae16ef49d40be00 C=GB, ST=Greater Manchester, L=Salford, O=Comodo CA Limited, CN=AAA Certificate Services
818.6fc8: supR3HardenedWinIsDesiredRootCA: Adding 0x2404221294e78d00 C=GB, O=Sectigo Limited, CN=Sectigo Public Code Signing Root R46
818.6fc8: supR3HardenedWinIsDesiredRootCA: Adding 0x3714f47324e8ad00 C=US, O=Internet Security Research Group, CN=ISRG Root X1
818.6fc8: supR3HardenedWinIsDesiredRootCA: Adding 0xa3ce8d99e60eda00 C=BE, O=GlobalSign nv-sa, OU=Root CA, CN=GlobalSign Root CA
818.6fc8: supR3HardenedWinIsDesiredRootCA: Adding 0xa671e9fec832b700 C=US, O=Starfield Technologies, Inc., OU=Starfield Class 2 Certification Authority
818.6fc8: supR3HardenedWinIsDesiredRootCA: Adding 0xa8de7211e13be200 C=US, O=DigiCert Inc, OU=www.digicert.com, CN=DigiCert Global Root CA
818.6fc8: supR3HardenedWinIsDesiredRootCA: Adding 0x4ef92ac43a0cd500 C=US, ST=Arizona, L=Scottsdale, O=Starfield Technologies, Inc., CN=Starfield Services Root Certificate Authority - G2
818.6fc8: supR3HardenedWinIsDesiredRootCA: Adding 0xc9edb72b684ba00 C=US, O=Entrust, Inc., OU=See www.entrust.net/legal-terms, OU=(c) 2009 Entrust, Inc. - for authorized use only, CN=Entrust Root Certification Authority - G2
818.6fc8: supR3HardenedWinIsDesiredRootCA: Adding 0xf966ca73e8079500 OU=GlobalSign Root CA - R6, O=GlobalSign, CN=GlobalSign
818.6fc8: supR3HardenedWinIsDesiredRootCA: Adding 0xbebef0d2217f0bfb C=US, O=DigiCert Inc, OU=www.digicert.com, CN=DigiCert Global Root G3
818.6fc8: supR3HardenedWinIsDesiredRootCA: Adding 0x14018a1bf29e595c C=US, O=VeriSign, Inc., OU=Class 3 Public Primary Certification Authority
818.6fc8: supR3HardenedWinIsDesiredRootCA: Adding 0x298c3394be5bca00 C=US, O=Microsoft Corporation, CN=Microsoft RSA Root Certificate Authority 2017
818.6fc8: supR3HardenedWinIsDesiredRootCA: Adding 0xd4fbe673e5ccc600 C=US, O=DigiCert Inc, OU=www.digicert.com, CN=DigiCert High Assurance EV Root CA
818.6fc8: supR3HardenedWinIsDesiredRootCA: Adding 0xb352b1523915d000 C=JP, O=SECOM Trust Systems CO.,LTD., OU=Security Communication RootCA2
818.6fc8: supR3HardenedWinIsDesiredRootCA: Adding 0x362d8807333b600 C=US, O=DigiCert, Inc., CN=DigiCert CS RSA4096 Root G5
818.6fc8: supR3HardenedWinIsDesiredRootCA: Adding 0xb28612a94b4dad00 O=Entrust.net, OU=www.entrust.net/CPS_2048 incorp. by ref. (limits liab.), OU=(c) 1999 Entrust.net Limited, CN=Entrust.net Certification Authority (2048)
818.6fc8: supR3HardenedWinIsDesiredRootCA: Adding 0xe87add30c52db600 C=BE, O=GlobalSign nv-sa, CN=GlobalSign Code Signing Root R45
818.6fc8: supR3HardenedWinIsDesiredRootCA: Adding 0x357a29080824af00 C=US, O=VeriSign, Inc., OU=VeriSign Trust Network, OU=(c) 2006 VeriSign, Inc. - For authorized use only, CN=VeriSign Class 3 Public Primary Certification Authority - G5
818.6fc8: supR3HardenedWinIsDesiredRootCA: Adding 0x59faf1086271bf00 C=US, ST=Arizona, L=Scottsdale, O=GoDaddy.com, Inc., CN=Go Daddy Root Certificate Authority - G2
818.6fc8: supR3HardenedWinIsDesiredRootCA: Adding 0x3401b15e3761c700 C=US, O=VeriSign, Inc., OU=VeriSign Trust Network, OU=(c) 2008 VeriSign, Inc. - For authorized use only, CN=VeriSign Universal Root Certification Authority
818.6fc8: supR3HardenedWinIsDesiredRootCA: Adding 0xc30e361765128000 C=US, ST=New Jersey, L=Jersey City, O=The USERTRUST Network, CN=USERTrust RSA Certification Authority
818.6fc8: supR3HardenedWinIsDesiredRootCA: Adding 0x491857ead79dde00 C=US, O=The Go Daddy Group, Inc., OU=Go Daddy Class 2 Certification Authority
818.6fc8: supR3HardenedWinIsDesiredRootCA: Adding 0xc2ba72a37dfbe300 C=PL, O=Unizeto Technologies S.A., OU=Certum Certification Authority, CN=Certum Trusted Network CA
818.6fc8: supR3HardenedWinIsDesiredRootCA: Adding 0x8043e4ce150ead00 C=US, O=DigiCert Inc, OU=www.digicert.com, CN=DigiCert Assured ID Root CA
818.6fc8: supR3HardenedWinIsDesiredRootCA: Adding 0xf2e6331af7b700 C=SE, O=AddTrust AB, OU=AddTrust External TTP Network, CN=AddTrust External CA Root
818.6fc8: supR3HardenedWinRetrieveTrustedRootCAs: cAdded=43
818.6fc8: SUPR3HardenedMain: Load Runtime...
818.6fc8: supR3HardenedMonitor_LdrLoadDll: returns rcNt=0x0 hMod=00007ffb95520000 'C:\WINDOWS\system32\rsaenh.dll'
818.6fc8: supR3HardenedMonitor_LdrLoadDll: returns rcNt=0x0 hMod=00007ffb972e0000 'C:\WINDOWS\System32\crypt32.dll'
818.6fc8: supR3HardenedWinVerifyCacheScheduleImports: Import todo: #0 'mpr.dll'.
818.6fc8: supR3HardenedWinVerifyCacheScheduleImports: Import todo: #2 'rpcrt4.dll'.
818.6fc8: supR3HardenedWinVerifyCacheScheduleImports: Import todo: #14 'vcruntime140.dll'.
818.6fc8: supR3HardenedWinVerifyCacheScheduleImports: Import todo: #15 'vcruntime140_1.dll'.
818.6fc8: supR3HardenedWinVerifyCacheScheduleImports: Import todo: #16 'msvcp140.dll'.
818.6fc8: supR3HardenedWinVerifyCacheScheduleImports: Import todo: #17 'ws2_32.dll'.
818.6fc8: supHardenedWinVerifyImageByHandle: -> 0 (\Device\HarddiskVolume2\Program Files\Oracle\VirtualBox\VBoxRT.dll) WinVerifyTrust
818.6fc8: supR3HardenedWinVerifyCacheInsert: \Device\HarddiskVolume2\Program Files\Oracle\VirtualBox\VBoxRT.dll
818.6fc8: supR3HardenedWinVerifyCacheProcessImportTodos: Processing 'ws2_32.dll'...
818.6fc8: supR3HardenedWinVerifyCacheProcessImportTodos: 'ws2_32.dll' -> '\Device\HarddiskVolume2\Windows\System32\ws2_32.dll' [rcNtRedir=0xc0150008]
818.6fc8: supR3HardenedMonitor_LdrLoadDll: returns rcNt=0x0 hMod=00007ffb95520000 'C:\WINDOWS\system32\rsaenh.dll'
818.6fc8: supR3HardenedMonitor_LdrLoadDll: returns rcNt=0x0 hMod=00007ffb972e0000 'C:\WINDOWS\System32\crypt32.dll'
818.6fc8: supR3HardenedWinVerifyCacheScheduleImports: Import todo: #28 'rpcrt4.dll'.
818.6fc8: supHardenedWinVerifyImageByHandle: -> 0 (\Device\HarddiskVolume2\Windows\System32\ws2_32.dll) WinVerifyTrust
818.6fc8: supR3HardenedWinVerifyCacheInsert: \Device\HarddiskVolume2\Windows\System32\ws2_32.dll
818.6fc8: supR3HardenedWinVerifyCacheProcessImportTodos: Processing 'msvcp140.dll'...
818.6fc8: supR3HardenedWinVerifyCacheProcessImportTodos: 'msvcp140.dll' -> '\Device\HarddiskVolume2\Windows\System32\msvcp140.dll' [rcNtRedir=0xc0150008]
818.6fc8: supR3HardenedWinVerifyCacheProcessImportTodos: Processing 'rpcrt4.dll'...
818.6fc8: supR3HardenedWinVerifyCacheProcessImportTodos: 'rpcrt4.dll' -> '\Device\HarddiskVolume2\Windows\System32\rpcrt4.dll' [rcNtRedir=0xc0150008]
818.6fc8: supR3HardenedScreenImage/Imports: cache hit (VINF_SUCCESS) on \Device\HarddiskVolume2\Windows\System32\rpcrt4.dll
818.6fc8: supR3HardenedMonitor_LdrLoadDll: returns rcNt=0x0 hMod=00007ffb95520000 'C:\WINDOWS\system32\rsaenh.dll'
818.6fc8: supR3HardenedMonitor_LdrLoadDll: returns rcNt=0x0 hMod=00007ffb972e0000 'C:\WINDOWS\System32\crypt32.dll'
818.6fc8: supR3HardenedWinVerifyCacheScheduleImports: Import todo: #0 'vcruntime140.dll'.
818.6fc8: supR3HardenedWinVerifyCacheScheduleImports: Import todo: #1 'vcruntime140_1.dll'.
818.6fc8: supHardenedWinVerifyImageByHandle: -> 0 (\Device\HarddiskVolume2\Windows\System32\msvcp140.dll) WinVerifyTrust
818.6fc8: supR3HardenedWinVerifyCacheInsert: \Device\HarddiskVolume2\Windows\System32\msvcp140.dll
818.6fc8: supR3HardenedWinVerifyCacheProcessImportTodos: Processing 'vcruntime140_1.dll'...
818.6fc8: supR3HardenedWinVerifyCacheProcessImportTodos: 'vcruntime140_1.dll' -> '\Device\HarddiskVolume2\Windows\System32\vcruntime140_1.dll' [rcNtRedir=0xc0150008]
818.6fc8: supR3HardenedWinVerifyCacheProcessImportTodos: Processing 'vcruntime140_1.dll'...
818.6fc8: supR3HardenedWinVerifyCacheProcessImportTodos: 'vcruntime140_1.dll' -> '\Device\HarddiskVolume2\Windows\System32\vcruntime140_1.dll' [rcNtRedir=0xc0150008]
818.6fc8: Detected WinVerifyTrust recursion: rc=VINF_SUCCESS '\Device\HarddiskVolume2\Windows\System32\vcruntime140_1.dll'.
818.6fc8: supR3HardenedWinVerifyCacheScheduleImports: Import todo: #3 'vcruntime140.dll'.
818.6fc8: supHardenedWinVerifyImageByHandle: -> 0 (\Device\HarddiskVolume2\Windows\System32\vcruntime140_1.dll)
818.6fc8: supR3HardenedWinVerifyCacheInsert: \Device\HarddiskVolume2\Windows\System32\vcruntime140_1.dll
818.6fc8: supR3HardenedWinVerifyCacheProcessImportTodos: Processing 'vcruntime140.dll'...
818.6fc8: supR3HardenedWinVerifyCacheProcessImportTodos: 'vcruntime140.dll' -> '\Device\HarddiskVolume2\Windows\System32\vcruntime140.dll' [rcNtRedir=0xc0150008]
818.6fc8: Detected WinVerifyTrust recursion: rc=VINF_SUCCESS '\Device\HarddiskVolume2\Windows\System32\vcruntime140.dll'.
818.6fc8: supHardenedWinVerifyImageByHandle: -> 0 (\Device\HarddiskVolume2\Windows\System32\vcruntime140.dll)
818.6fc8: supR3HardenedWinVerifyCacheInsert: \Device\HarddiskVolume2\Windows\System32\vcruntime140.dll
818.6fc8: supR3HardenedWinVerifyCacheProcessImportTodos: Processing 'vcruntime140.dll'...
818.6fc8: supR3HardenedWinVerifyCacheProcessImportTodos: 'vcruntime140.dll' -> '\Device\HarddiskVolume2\Windows\System32\vcruntime140.dll' [rcNtRedir=0xc0150008]
818.6fc8: supR3HardenedScreenImage/Imports: cache hit (VINF_SUCCESS) on \Device\HarddiskVolume2\Windows\System32\vcruntime140.dll [lacks WinVerifyTrust]
818.6fc8: supR3HardenedMonitor_LdrLoadDll: returns rcNt=0x0 hMod=00007ffb95520000 'C:\WINDOWS\system32\rsaenh.dll'
818.6fc8: supR3HardenedScreenImage/LdrLoadDll: cache hit (VINF_SUCCESS) on \Device\HarddiskVolume2\Windows\System32\crypt32.dll
818.6fc8: supR3HardenedMonitor_LdrLoadDll: pName=C:\WINDOWS\System32\crypt32.dll (Input=crypt32.dll, rcNtResolve=0xc0150008) *pfFlags=0x0 pwszSearchPath=0000000000000001:<flags> [calling]
818.6fc8: supR3HardenedMonitor_LdrLoadDll: returns rcNt=0x0 hMod=00007ffb972e0000 'C:\WINDOWS\System32\crypt32.dll'
818.6fc8: supR3HardenedWinVerifyCacheScheduleImports: Import todo: #3 'vcruntime140.dll'.
818.6fc8: supHardenedWinVerifyImageByHandle: -> 0 (\Device\HarddiskVolume2\Windows\System32\vcruntime140_1.dll) WinVerifyTrust
818.6fc8: supR3HardenedWinVerifyCacheProcessImportTodos: Processing 'vcruntime140.dll'...
818.6fc8: supR3HardenedWinVerifyCacheProcessImportTodos: 'vcruntime140.dll' -> '\Device\HarddiskVolume2\Windows\System32\vcruntime140.dll' [rcNtRedir=0xc0150008]
818.6fc8: supR3HardenedScreenImage/Imports: cache hit (VINF_SUCCESS) on \Device\HarddiskVolume2\Windows\System32\vcruntime140.dll [redoing WinVerifyTrust]
818.6fc8: supR3HardenedWinVerifyCacheProcessImportTodos: Processing 'vcruntime140.dll'...
818.6fc8: supR3HardenedWinVerifyCacheProcessImportTodos: 'vcruntime140.dll' -> '\Device\HarddiskVolume2\Windows\System32\vcruntime140.dll' [rcNtRedir=0xc0150008]
818.6fc8: supR3HardenedScreenImage/Imports: cache hit (VINF_SUCCESS) on \Device\HarddiskVolume2\Windows\System32\vcruntime140.dll [lacks WinVerifyTrust]
818.6fc8: supR3HardenedMonitor_LdrLoadDll: returns rcNt=0x0 hMod=00007ffb95520000 'C:\WINDOWS\system32\rsaenh.dll'
818.6fc8: supR3HardenedMonitor_LdrLoadDll: returns rcNt=0x0 hMod=00007ffb972e0000 'C:\WINDOWS\System32\crypt32.dll'
818.6fc8: supR3HardenedScreenImage/Imports: 0 (was 0) fWinVerifyTrust=1 for '\Device\HarddiskVolume2\Windows\System32\vcruntime140.dll'
818.6fc8: supR3HardenedWinVerifyCacheProcessImportTodos: Processing 'rpcrt4.dll'...
818.6fc8: supR3HardenedWinVerifyCacheProcessImportTodos: 'rpcrt4.dll' -> '\Device\HarddiskVolume2\Windows\System32\rpcrt4.dll' [rcNtRedir=0xc0150008]
818.6fc8: supR3HardenedScreenImage/Imports: cache hit (VINF_SUCCESS) on \Device\HarddiskVolume2\Windows\System32\rpcrt4.dll
818.6fc8: supR3HardenedWinVerifyCacheProcessImportTodos: Processing 'mpr.dll'...
818.6fc8: supR3HardenedWinVerifyCacheProcessImportTodos: 'mpr.dll' -> '\Device\HarddiskVolume2\Windows\System32\mpr.dll' [rcNtRedir=0xc0150008]
818.6fc8: supR3HardenedScreenImage/LdrLoadDll: cache hit (VINF_SUCCESS) on \Device\HarddiskVolume2\Windows\System32\rsaenh.dll
818.6fc8: supR3HardenedMonitor_LdrLoadDll: pName=C:\WINDOWS\system32\rsaenh.dll (rcNtResolve=0xc0150008) *pfFlags=0x0 pwszSearchPath=0000000000000001:<flags> [calling]
818.6fc8: supR3HardenedMonitor_LdrLoadDll: returns rcNt=0x0 hMod=00007ffb95520000 'C:\WINDOWS\system32\rsaenh.dll'
818.6fc8: supR3HardenedMonitor_LdrLoadDll: returns rcNt=0x0 hMod=00007ffb972e0000 'C:\WINDOWS\System32\crypt32.dll'
818.6fc8: supHardenedWinVerifyImageByHandle: -> 0 (\Device\HarddiskVolume2\Windows\System32\mpr.dll) WinVerifyTrust
818.6fc8: supR3HardenedWinVerifyCacheInsert: \Device\HarddiskVolume2\Windows\System32\mpr.dll
818.6fc8: supR3HardenedMonitor_LdrLoadDll: pName=C:\Program Files\Oracle\VirtualBox\VBoxRT.dll (rcNtResolve=0xc0150008) *pfFlags=0x0 pwszSearchPath=0000000000000a01:<flags> [calling]
818.6fc8: supR3HardenedScreenImage/NtCreateSection: cache hit (VINF_SUCCESS) on \Device\HarddiskVolume2\Program Files\Oracle\VirtualBox\VBoxRT.dll
818.6fc8: supR3HardenedScreenImage/NtCreateSection: cache hit (VINF_SUCCESS) on \Device\HarddiskVolume2\Windows\System32\mpr.dll
818.6fc8: supR3HardenedScreenImage/NtCreateSection: cache hit (VINF_SUCCESS) on \Device\HarddiskVolume2\Windows\System32\vcruntime140.dll
818.6fc8: supR3HardenedScreenImage/NtCreateSection: cache hit (VINF_SUCCESS) on \Device\HarddiskVolume2\Windows\System32\vcruntime140_1.dll [avoiding WinVerifyTrust]
818.6fc8: supR3HardenedScreenImage/NtCreateSection: cache hit (VINF_SUCCESS) on \Device\HarddiskVolume2\Windows\System32\msvcp140.dll
818.6fc8: supR3HardenedDllNotificationCallback: load   00007ffb7dd70000 LB 0x00021000 C:\WINDOWS\SYSTEM32\MPR.dll [fFlags=0x0]
818.6fc8: supR3HardenedScreenImage/LdrLoadDll: cache hit (VINF_SUCCESS) on \Device\HarddiskVolume2\Windows\System32\mpr.dll
818.6fc8: supR3HardenedDllNotificationCallback: load   00007ffb7bee0000 LB 0x0001e000 C:\WINDOWS\SYSTEM32\VCRUNTIME140.dll [fFlags=0x0]
818.6fc8: supR3HardenedScreenImage/LdrLoadDll: cache hit (VINF_SUCCESS) on \Device\HarddiskVolume2\Windows\System32\vcruntime140.dll
818.6fc8: supR3HardenedDllNotificationCallback: load   00007ffb7ba40000 LB 0x0000c000 C:\WINDOWS\SYSTEM32\VCRUNTIME140_1.dll [fFlags=0x0]
818.6fc8: supR3HardenedScreenImage/LdrLoadDll: cache hit (VINF_SUCCESS) on \Device\HarddiskVolume2\Windows\System32\vcruntime140_1.dll [avoiding WinVerifyTrust]
818.6fc8: supR3HardenedDllNotificationCallback: load   00007ffb7aaa0000 LB 0x00089000 C:\WINDOWS\SYSTEM32\MSVCP140.dll [fFlags=0x0]
818.6fc8: supR3HardenedScreenImage/LdrLoadDll: cache hit (VINF_SUCCESS) on \Device\HarddiskVolume2\Windows\System32\msvcp140.dll
818.6fc8: supR3HardenedDllNotificationCallback: load   00007ffb98eb0000 LB 0x00074000 C:\WINDOWS\System32\WS2_32.dll [fFlags=0x0]
818.6fc8: supR3HardenedScreenImage/LdrLoadDll: cache hit (VINF_SUCCESS) on \Device\HarddiskVolume2\Windows\System32\ws2_32.dll
818.6fc8: supR3HardenedDllNotificationCallback: load   00007ffaaf7e0000 LB 0x00750000 C:\Program Files\Oracle\VirtualBox\VBoxRT.dll [fFlags=0x0]
818.6fc8: supR3HardenedScreenImage/LdrLoadDll: cache hit (VINF_SUCCESS) on \Device\HarddiskVolume2\Program Files\Oracle\VirtualBox\VBoxRT.dll
818.6fc8: Detected loader lock ownership: rc=VINF_SUCCESS '\Device\HarddiskVolume2\Windows\System32\vcruntime140_1.dll'.
818.6fc8: supR3HardenedWinVerifyCacheProcessWvtTodos: 0 (was 0) fWinVerifyTrust=0 for '\Device\HarddiskVolume2\Windows\System32\vcruntime140_1.dll' [rescheduled]
818.6fc8: supR3HardenedIsApiSetDll: ApiSetQueryApiSetPresence(api-ms-win-core-synch-l1-2-0) -> 0x0, fPresent=1
818.6fc8: supR3HardenedMonitor_LdrLoadDll: pName=api-ms-win-core-synch-l1-2-0 (rcNtResolve=0x0) *pfFlags=0x0 pwszSearchPath=0000000000000801:<flags> [calling]
818.6fc8: supR3HardenedMonitor_LdrLoadDll: returns rcNt=0x0 hMod=00007ffb96b60000 'api-ms-win-core-synch-l1-2-0'
818.6fc8: Detected loader lock ownership: rc=VINF_SUCCESS '\Device\HarddiskVolume2\Windows\System32\vcruntime140_1.dll'.
818.6fc8: supR3HardenedWinVerifyCacheProcessWvtTodos: 0 (was 0) fWinVerifyTrust=0 for '\Device\HarddiskVolume2\Windows\System32\vcruntime140_1.dll' [rescheduled]
818.6fc8: Detected loader lock ownership: rc=VINF_SUCCESS '\Device\HarddiskVolume2\Windows\System32\vcruntime140_1.dll'.
818.6fc8: supR3HardenedWinVerifyCacheProcessWvtTodos: 0 (was 0) fWinVerifyTrust=0 for '\Device\HarddiskVolume2\Windows\System32\vcruntime140_1.dll' [rescheduled]
818.6fc8: supR3HardenedIsApiSetDll: ApiSetQueryApiSetPresence(api-ms-win-core-fibers-l1-1-1) -> 0x0, fPresent=1
818.6fc8: supR3HardenedMonitor_LdrLoadDll: pName=api-ms-win-core-fibers-l1-1-1 (rcNtResolve=0x0) *pfFlags=0x0 pwszSearchPath=0000000000000801:<flags> [calling]
818.6fc8: supR3HardenedMonitor_LdrLoadDll: returns rcNt=0x0 hMod=00007ffb96b60000 'api-ms-win-core-fibers-l1-1-1'
818.6fc8: Detected loader lock ownership: rc=VINF_SUCCESS '\Device\HarddiskVolume2\Windows\System32\vcruntime140_1.dll'.
818.6fc8: supR3HardenedWinVerifyCacheProcessWvtTodos: 0 (was 0) fWinVerifyTrust=0 for '\Device\HarddiskVolume2\Windows\System32\vcruntime140_1.dll' [rescheduled]
818.6fc8: Detected loader lock ownership: rc=VINF_SUCCESS '\Device\HarddiskVolume2\Windows\System32\vcruntime140_1.dll'.
818.6fc8: supR3HardenedWinVerifyCacheProcessWvtTodos: 0 (was 0) fWinVerifyTrust=0 for '\Device\HarddiskVolume2\Windows\System32\vcruntime140_1.dll' [rescheduled]
818.6fc8: supR3HardenedIsApiSetDll: ApiSetQueryApiSetPresence(api-ms-win-core-synch-l1-2-0) -> 0x0, fPresent=1
818.6fc8: supR3HardenedMonitor_LdrLoadDll: pName=api-ms-win-core-synch-l1-2-0 (rcNtResolve=0x0) *pfFlags=0x0 pwszSearchPath=0000000000000801:<flags> [calling]
818.6fc8: supR3HardenedMonitor_LdrLoadDll: returns rcNt=0x0 hMod=00007ffb96b60000 'api-ms-win-core-synch-l1-2-0'
818.6fc8: Detected loader lock ownership: rc=VINF_SUCCESS '\Device\HarddiskVolume2\Windows\System32\vcruntime140_1.dll'.
818.6fc8: supR3HardenedWinVerifyCacheProcessWvtTodos: 0 (was 0) fWinVerifyTrust=0 for '\Device\HarddiskVolume2\Windows\System32\vcruntime140_1.dll' [rescheduled]
818.6fc8: Detected loader lock ownership: rc=VINF_SUCCESS '\Device\HarddiskVolume2\Windows\System32\vcruntime140_1.dll'.
818.6fc8: supR3HardenedWinVerifyCacheProcessWvtTodos: 0 (was 0) fWinVerifyTrust=0 for '\Device\HarddiskVolume2\Windows\System32\vcruntime140_1.dll' [rescheduled]
818.6fc8: supR3HardenedIsApiSetDll: ApiSetQueryApiSetPresence(api-ms-win-core-fibers-l1-1-1) -> 0x0, fPresent=1
818.6fc8: supR3HardenedMonitor_LdrLoadDll: pName=api-ms-win-core-fibers-l1-1-1 (rcNtResolve=0x0) *pfFlags=0x0 pwszSearchPath=0000000000000801:<flags> [calling]
818.6fc8: supR3HardenedMonitor_LdrLoadDll: returns rcNt=0x0 hMod=00007ffb96b60000 'api-ms-win-core-fibers-l1-1-1'
818.6fc8: Detected loader lock ownership: rc=VINF_SUCCESS '\Device\HarddiskVolume2\Windows\System32\vcruntime140_1.dll'.
818.6fc8: supR3HardenedWinVerifyCacheProcessWvtTodos: 0 (was 0) fWinVerifyTrust=0 for '\Device\HarddiskVolume2\Windows\System32\vcruntime140_1.dll' [rescheduled]
818.6fc8: Detected loader lock ownership: rc=VINF_SUCCESS '\Device\HarddiskVolume2\Windows\System32\vcruntime140_1.dll'.
818.6fc8: supR3HardenedWinVerifyCacheProcessWvtTodos: 0 (was 0) fWinVerifyTrust=0 for '\Device\HarddiskVolume2\Windows\System32\vcruntime140_1.dll' [rescheduled]
818.6fc8: supR3HardenedScreenImage/LdrLoadDll: cache hit (VINF_SUCCESS) on \Device\HarddiskVolume2\Windows\System32\kernel32.dll
818.6fc8: supR3HardenedMonitor_LdrLoadDll: pName=C:\WINDOWS\System32\kernel32.dll (Input=kernel32, rcNtResolve=0xc0150008) *pfFlags=0x0 pwszSearchPath=0000000000000801:<flags> [calling]
818.6fc8: supR3HardenedMonitor_LdrLoadDll: returns rcNt=0x0 hMod=00007ffb989e0000 'C:\WINDOWS\System32\kernel32.dll'
818.6fc8: Detected loader lock ownership: rc=VINF_SUCCESS '\Device\HarddiskVolume2\Windows\System32\vcruntime140_1.dll'.
818.6fc8: supR3HardenedWinVerifyCacheProcessWvtTodos: 0 (was 0) fWinVerifyTrust=0 for '\Device\HarddiskVolume2\Windows\System32\vcruntime140_1.dll' [rescheduled]
818.6fc8: Detected loader lock ownership: rc=VINF_SUCCESS '\Device\HarddiskVolume2\Windows\System32\vcruntime140_1.dll'.
818.6fc8: supR3HardenedWinVerifyCacheProcessWvtTodos: 0 (was 0) fWinVerifyTrust=0 for '\Device\HarddiskVolume2\Windows\System32\vcruntime140_1.dll' [rescheduled]
818.6fc8: supR3HardenedIsApiSetDll: ApiSetQueryApiSetPresence(api-ms-win-core-string-l1-1-0) -> 0x0, fPresent=1
818.6fc8: supR3HardenedMonitor_LdrLoadDll: pName=api-ms-win-core-string-l1-1-0 (rcNtResolve=0x0) *pfFlags=0x0 pwszSearchPath=0000000000000801:<flags> [calling]
818.6fc8: supR3HardenedMonitor_LdrLoadDll: returns rcNt=0x0 hMod=00007ffb96b60000 'api-ms-win-core-string-l1-1-0'
818.6fc8: Detected loader lock ownership: rc=VINF_SUCCESS '\Device\HarddiskVolume2\Windows\System32\vcruntime140_1.dll'.
818.6fc8: supR3HardenedWinVerifyCacheProcessWvtTodos: 0 (was 0) fWinVerifyTrust=0 for '\Device\HarddiskVolume2\Windows\System32\vcruntime140_1.dll' [rescheduled]
818.6fc8: Detected loader lock ownership: rc=VINF_SUCCESS '\Device\HarddiskVolume2\Windows\System32\vcruntime140_1.dll'.
818.6fc8: supR3HardenedWinVerifyCacheProcessWvtTodos: 0 (was 0) fWinVerifyTrust=0 for '\Device\HarddiskVolume2\Windows\System32\vcruntime140_1.dll' [rescheduled]
818.6fc8: supR3HardenedIsApiSetDll: ApiSetQueryApiSetPresence(api-ms-win-core-localization-l1-2-1) -> 0x0, fPresent=1
818.6fc8: supR3HardenedMonitor_LdrLoadDll: pName=api-ms-win-core-localization-l1-2-1 (rcNtResolve=0x0) *pfFlags=0x0 pwszSearchPath=0000000000000801:<flags> [calling]
818.6fc8: supR3HardenedMonitor_LdrLoadDll: returns rcNt=0x0 hMod=00007ffb96b60000 'api-ms-win-core-localization-l1-2-1'
818.6fc8: Detected loader lock ownership: rc=VINF_SUCCESS '\Device\HarddiskVolume2\Windows\System32\vcruntime140_1.dll'.
818.6fc8: supR3HardenedWinVerifyCacheProcessWvtTodos: 0 (was 0) fWinVerifyTrust=0 for '\Device\HarddiskVolume2\Windows\System32\vcruntime140_1.dll' [rescheduled]
818.6fc8: Detected loader lock ownership: rc=VINF_SUCCESS '\Device\HarddiskVolume2\Windows\System32\vcruntime140_1.dll'.
818.6fc8: supR3HardenedWinVerifyCacheProcessWvtTodos: 0 (was 0) fWinVerifyTrust=0 for '\Device\HarddiskVolume2\Windows\System32\vcruntime140_1.dll' [rescheduled]
818.6fc8: supR3HardenedIsApiSetDll: ApiSetQueryApiSetPresence(api-ms-win-core-datetime-l1-1-1) -> 0x0, fPresent=1
818.6fc8: supR3HardenedMonitor_LdrLoadDll: pName=api-ms-win-core-datetime-l1-1-1 (rcNtResolve=0x0) *pfFlags=0x0 pwszSearchPath=0000000000000801:<flags> [calling]
818.6fc8: supR3HardenedMonitor_LdrLoadDll: returns rcNt=0x0 hMod=00007ffb96b60000 'api-ms-win-core-datetime-l1-1-1'
818.6fc8: Detected loader lock ownership: rc=VINF_SUCCESS '\Device\HarddiskVolume2\Windows\System32\vcruntime140_1.dll'.
818.6fc8: supR3HardenedWinVerifyCacheProcessWvtTodos: 0 (was 0) fWinVerifyTrust=0 for '\Device\HarddiskVolume2\Windows\System32\vcruntime140_1.dll' [rescheduled]
818.6fc8: Detected loader lock ownership: rc=VINF_SUCCESS '\Device\HarddiskVolume2\Windows\System32\vcruntime140_1.dll'.
818.6fc8: supR3HardenedWinVerifyCacheProcessWvtTodos: 0 (was 0) fWinVerifyTrust=0 for '\Device\HarddiskVolume2\Windows\System32\vcruntime140_1.dll' [rescheduled]
818.6fc8: supR3HardenedIsApiSetDll: ApiSetQueryApiSetPresence(api-ms-win-core-localization-obsolete-l1-2-0) -> 0x0, fPresent=1
818.6fc8: supR3HardenedMonitor_LdrLoadDll: pName=api-ms-win-core-localization-obsolete-l1-2-0 (rcNtResolve=0x0) *pfFlags=0x0 pwszSearchPath=0000000000000801:<flags> [calling]
818.6fc8: supR3HardenedMonitor_LdrLoadDll: returns rcNt=0x0 hMod=00007ffb96b60000 'api-ms-win-core-localization-obsolete-l1-2-0'
818.6fc8: Detected loader lock ownership: rc=VINF_SUCCESS '\Device\HarddiskVolume2\Windows\System32\vcruntime140_1.dll'.
818.6fc8: supR3HardenedWinVerifyCacheProcessWvtTodos: 0 (was 0) fWinVerifyTrust=0 for '\Device\HarddiskVolume2\Windows\System32\vcruntime140_1.dll' [rescheduled]
818.6fc8: Detected loader lock ownership: rc=VINF_SUCCESS '\Device\HarddiskVolume2\Windows\System32\vcruntime140_1.dll'.
818.6fc8: supR3HardenedWinVerifyCacheProcessWvtTodos: 0 (was 0) fWinVerifyTrust=0 for '\Device\HarddiskVolume2\Windows\System32\vcruntime140_1.dll' [rescheduled]
818.6fc8: supR3HardenedScreenImage/LdrLoadDll: cache hit (VINF_SUCCESS) on \Device\HarddiskVolume2\Program Files\Oracle\VirtualBox\VBoxRT.dll
818.6fc8: supR3HardenedMonitor_LdrLoadDll: pName=C:\Program Files\Oracle\VirtualBox\VBoxRT.dll (rcNtResolve=0xc0150008) *pfFlags=0x0 pwszSearchPath=0000000000000001:<flags> [calling]
818.6fc8: supR3HardenedMonitor_LdrLoadDll: returns rcNt=0x0 hMod=00007ffaaf7e0000 'C:\Program Files\Oracle\VirtualBox\VBoxRT.dll'
818.6fc8: Detected loader lock ownership: rc=VINF_SUCCESS '\Device\HarddiskVolume2\Windows\System32\vcruntime140_1.dll'.
818.6fc8: supR3HardenedWinVerifyCacheProcessWvtTodos: 0 (was 0) fWinVerifyTrust=0 for '\Device\HarddiskVolume2\Windows\System32\vcruntime140_1.dll' [rescheduled]
818.6fc8: Detected loader lock ownership: rc=VINF_SUCCESS '\Device\HarddiskVolume2\Windows\System32\vcruntime140_1.dll'.
818.6fc8: supR3HardenedWinVerifyCacheProcessWvtTodos: 0 (was 0) fWinVerifyTrust=0 for '\Device\HarddiskVolume2\Windows\System32\vcruntime140_1.dll' [rescheduled]
818.6fc8: supR3HardenedScreenImage/LdrLoadDll: cache hit (VINF_SUCCESS) on \Device\HarddiskVolume2\Program Files\Oracle\VirtualBox\VBoxRT.dll
818.6fc8: supR3HardenedMonitor_LdrLoadDll: pName=C:\Program Files\Oracle\VirtualBox\VBoxRT.dll (rcNtResolve=0xc0150008) *pfFlags=0x0 pwszSearchPath=0000000000000001:<flags> [calling]
818.6fc8: supR3HardenedMonitor_LdrLoadDll: returns rcNt=0x0 hMod=00007ffaaf7e0000 'C:\Program Files\Oracle\VirtualBox\VBoxRT.dll'
818.6fc8: Detected loader lock ownership: rc=VINF_SUCCESS '\Device\HarddiskVolume2\Windows\System32\vcruntime140_1.dll'.
818.6fc8: supR3HardenedWinVerifyCacheProcessWvtTodos: 0 (was 0) fWinVerifyTrust=0 for '\Device\HarddiskVolume2\Windows\System32\vcruntime140_1.dll' [rescheduled]
818.6fc8: Detected loader lock ownership: rc=VINF_SUCCESS '\Device\HarddiskVolume2\Windows\System32\vcruntime140_1.dll'.
818.6fc8: supR3HardenedWinVerifyCacheProcessWvtTodos: 0 (was 0) fWinVerifyTrust=0 for '\Device\HarddiskVolume2\Windows\System32\vcruntime140_1.dll' [rescheduled]
818.6fc8: supR3HardenedScreenImage/LdrLoadDll: cache hit (VINF_SUCCESS) on \Device\HarddiskVolume2\Program Files\Oracle\VirtualBox\VBoxRT.dll
818.6fc8: supR3HardenedMonitor_LdrLoadDll: pName=C:\Program Files\Oracle\VirtualBox\VBoxRT.dll (rcNtResolve=0xc0150008) *pfFlags=0x0 pwszSearchPath=0000000000000001:<flags> [calling]
818.6fc8: supR3HardenedMonitor_LdrLoadDll: returns rcNt=0x0 hMod=00007ffaaf7e0000 'C:\Program Files\Oracle\VirtualBox\VBoxRT.dll'
818.6fc8: Detected loader lock ownership: rc=VINF_SUCCESS '\Device\HarddiskVolume2\Windows\System32\vcruntime140_1.dll'.
818.6fc8: supR3HardenedWinVerifyCacheProcessWvtTodos: 0 (was 0) fWinVerifyTrust=0 for '\Device\HarddiskVolume2\Windows\System32\vcruntime140_1.dll' [rescheduled]
818.6fc8: Detected loader lock ownership: rc=VINF_SUCCESS '\Device\HarddiskVolume2\Windows\System32\vcruntime140_1.dll'.
818.6fc8: supR3HardenedWinVerifyCacheProcessWvtTodos: 0 (was 0) fWinVerifyTrust=0 for '\Device\HarddiskVolume2\Windows\System32\vcruntime140_1.dll' [rescheduled]
818.6fc8: supR3HardenedScreenImage/LdrLoadDll: cache hit (VINF_SUCCESS) on \Device\HarddiskVolume2\Program Files\Oracle\VirtualBox\VBoxRT.dll
818.6fc8: supR3HardenedMonitor_LdrLoadDll: pName=C:\Program Files\Oracle\VirtualBox\VBoxRT.dll (rcNtResolve=0xc0150008) *pfFlags=0x0 pwszSearchPath=0000000000000001:<flags> [calling]
818.6fc8: supR3HardenedMonitor_LdrLoadDll: returns rcNt=0x0 hMod=00007ffaaf7e0000 'C:\Program Files\Oracle\VirtualBox\VBoxRT.dll'
818.6fc8: Detected loader lock ownership: rc=VINF_SUCCESS '\Device\HarddiskVolume2\Windows\System32\vcruntime140_1.dll'.
818.6fc8: supR3HardenedWinVerifyCacheProcessWvtTodos: 0 (was 0) fWinVerifyTrust=0 for '\Device\HarddiskVolume2\Windows\System32\vcruntime140_1.dll' [rescheduled]
818.6fc8: Detected loader lock ownership: rc=VINF_SUCCESS '\Device\HarddiskVolume2\Windows\System32\vcruntime140_1.dll'.
818.6fc8: supR3HardenedWinVerifyCacheProcessWvtTodos: 0 (was 0) fWinVerifyTrust=0 for '\Device\HarddiskVolume2\Windows\System32\vcruntime140_1.dll' [rescheduled]
818.6fc8: supR3HardenedScreenImage/LdrLoadDll: cache hit (VINF_SUCCESS) on \Device\HarddiskVolume2\Program Files\Oracle\VirtualBox\VBoxRT.dll
818.6fc8: supR3HardenedMonitor_LdrLoadDll: pName=C:\Program Files\Oracle\VirtualBox\VBoxRT.dll (rcNtResolve=0xc0150008) *pfFlags=0x0 pwszSearchPath=0000000000000001:<flags> [calling]
818.6fc8: supR3HardenedMonitor_LdrLoadDll: returns rcNt=0x0 hMod=00007ffaaf7e0000 'C:\Program Files\Oracle\VirtualBox\VBoxRT.dll'
818.6fc8: Detected loader lock ownership: rc=VINF_SUCCESS '\Device\HarddiskVolume2\Windows\System32\vcruntime140_1.dll'.
818.6fc8: supR3HardenedWinVerifyCacheProcessWvtTodos: 0 (was 0) fWinVerifyTrust=0 for '\Device\HarddiskVolume2\Windows\System32\vcruntime140_1.dll' [rescheduled]
818.6fc8: Detected loader lock ownership: rc=VINF_SUCCESS '\Device\HarddiskVolume2\Windows\System32\vcruntime140_1.dll'.
818.6fc8: supR3HardenedWinVerifyCacheProcessWvtTodos: 0 (was 0) fWinVerifyTrust=0 for '\Device\HarddiskVolume2\Windows\System32\vcruntime140_1.dll' [rescheduled]
818.6fc8: supR3HardenedScreenImage/LdrLoadDll: cache hit (VINF_SUCCESS) on \Device\HarddiskVolume2\Program Files\Oracle\VirtualBox\VBoxRT.dll
818.6fc8: supR3HardenedMonitor_LdrLoadDll: pName=C:\Program Files\Oracle\VirtualBox\VBoxRT.dll (rcNtResolve=0xc0150008) *pfFlags=0x0 pwszSearchPath=0000000000000001:<flags> [calling]
818.6fc8: supR3HardenedMonitor_LdrLoadDll: returns rcNt=0x0 hMod=00007ffaaf7e0000 'C:\Program Files\Oracle\VirtualBox\VBoxRT.dll'
818.6fc8: Detected loader lock ownership: rc=VINF_SUCCESS '\Device\HarddiskVolume2\Windows\System32\vcruntime140_1.dll'.
818.6fc8: supR3HardenedWinVerifyCacheProcessWvtTodos: 0 (was 0) fWinVerifyTrust=0 for '\Device\HarddiskVolume2\Windows\System32\vcruntime140_1.dll' [rescheduled]
818.6fc8: Detected loader lock ownership: rc=VINF_SUCCESS '\Device\HarddiskVolume2\Windows\System32\vcruntime140_1.dll'.
818.6fc8: supR3HardenedWinVerifyCacheProcessWvtTodos: 0 (was 0) fWinVerifyTrust=0 for '\Device\HarddiskVolume2\Windows\System32\vcruntime140_1.dll' [rescheduled]
818.6fc8: supR3HardenedMonitor_LdrLoadDll: returns rcNt=0x0 hMod=00007ffaaf7e0000 'C:\Program Files\Oracle\VirtualBox\VBoxRT.dll'
818.6fc8: Detected loader lock ownership: rc=VINF_SUCCESS '\Device\HarddiskVolume2\Windows\System32\vcruntime140_1.dll'.
818.6fc8: supR3HardenedWinVerifyCacheProcessWvtTodos: 0 (was 0) fWinVerifyTrust=0 for '\Device\HarddiskVolume2\Windows\System32\vcruntime140_1.dll' [rescheduled]
818.6fc8: Detected loader lock ownership: rc=VINF_SUCCESS '\Device\HarddiskVolume2\Windows\System32\vcruntime140_1.dll'.
818.6fc8: supR3HardenedWinVerifyCacheProcessWvtTodos: 0 (was 0) fWinVerifyTrust=0 for '\Device\HarddiskVolume2\Windows\System32\vcruntime140_1.dll' [rescheduled]
818.6fc8: supR3HardenedMonitor_LdrLoadDll: returns rcNt=0x0 hMod=00007ffaaf7e0000 'C:\Program Files\Oracle\VirtualBox\VBoxRT.dll'
818.6fc8: Detected loader lock ownership: rc=VINF_SUCCESS '\Device\HarddiskVolume2\Windows\System32\vcruntime140_1.dll'.
818.6fc8: supR3HardenedWinVerifyCacheProcessWvtTodos: 0 (was 0) fWinVerifyTrust=0 for '\Device\HarddiskVolume2\Windows\System32\vcruntime140_1.dll' [rescheduled]
818.6fc8: Detected loader lock ownership: rc=VINF_SUCCESS '\Device\HarddiskVolume2\Windows\System32\vcruntime140_1.dll'.
818.6fc8: supR3HardenedWinVerifyCacheProcessWvtTodos: 0 (was 0) fWinVerifyTrust=0 for '\Device\HarddiskVolume2\Windows\System32\vcruntime140_1.dll' [rescheduled]
818.6fc8: supR3HardenedMonitor_LdrLoadDll: returns rcNt=0x0 hMod=00007ffaaf7e0000 'C:\Program Files\Oracle\VirtualBox\VBoxRT.dll'
818.6fc8: Detected loader lock ownership: rc=VINF_SUCCESS '\Device\HarddiskVolume2\Windows\System32\vcruntime140_1.dll'.
818.6fc8: supR3HardenedWinVerifyCacheProcessWvtTodos: 0 (was 0) fWinVerifyTrust=0 for '\Device\HarddiskVolume2\Windows\System32\vcruntime140_1.dll' [rescheduled]
818.6fc8: Detected loader lock ownership: rc=VINF_SUCCESS '\Device\HarddiskVolume2\Windows\System32\vcruntime140_1.dll'.
818.6fc8: supR3HardenedWinVerifyCacheProcessWvtTodos: 0 (was 0) fWinVerifyTrust=0 for '\Device\HarddiskVolume2\Windows\System32\vcruntime140_1.dll' [rescheduled]
818.6fc8: supR3HardenedMonitor_LdrLoadDll: returns rcNt=0x0 hMod=00007ffaaf7e0000 'C:\Program Files\Oracle\VirtualBox\VBoxRT.dll'
818.6fc8: Detected loader lock ownership: rc=VINF_SUCCESS '\Device\HarddiskVolume2\Windows\System32\vcruntime140_1.dll'.
818.6fc8: supR3HardenedWinVerifyCacheProcessWvtTodos: 0 (was 0) fWinVerifyTrust=0 for '\Device\HarddiskVolume2\Windows\System32\vcruntime140_1.dll' [rescheduled]
818.6fc8: Detected loader lock ownership: rc=VINF_SUCCESS '\Device\HarddiskVolume2\Windows\System32\vcruntime140_1.dll'.
818.6fc8: supR3HardenedWinVerifyCacheProcessWvtTodos: 0 (was 0) fWinVerifyTrust=0 for '\Device\HarddiskVolume2\Windows\System32\vcruntime140_1.dll' [rescheduled]
818.6fc8: supR3HardenedMonitor_LdrLoadDll: returns rcNt=0x0 hMod=00007ffaaf7e0000 'C:\Program Files\Oracle\VirtualBox\VBoxRT.dll'
818.6fc8: Detected loader lock ownership: rc=VINF_SUCCESS '\Device\HarddiskVolume2\Windows\System32\vcruntime140_1.dll'.
818.6fc8: supR3HardenedWinVerifyCacheProcessWvtTodos: 0 (was 0) fWinVerifyTrust=0 for '\Device\HarddiskVolume2\Windows\System32\vcruntime140_1.dll' [rescheduled]
818.6fc8: Detected loader lock ownership: rc=VINF_SUCCESS '\Device\HarddiskVolume2\Windows\System32\vcruntime140_1.dll'.
818.6fc8: supR3HardenedWinVerifyCacheProcessWvtTodos: 0 (was 0) fWinVerifyTrust=0 for '\Device\HarddiskVolume2\Windows\System32\vcruntime140_1.dll' [rescheduled]
818.6fc8: supR3HardenedMonitor_LdrLoadDll: returns rcNt=0x0 hMod=00007ffaaf7e0000 'C:\Program Files\Oracle\VirtualBox\VBoxRT.dll'
818.6fc8: Detected loader lock ownership: rc=VINF_SUCCESS '\Device\HarddiskVolume2\Windows\System32\vcruntime140_1.dll'.
818.6fc8: supR3HardenedWinVerifyCacheProcessWvtTodos: 0 (was 0) fWinVerifyTrust=0 for '\Device\HarddiskVolume2\Windows\System32\vcruntime140_1.dll' [rescheduled]
818.6fc8: Detected loader lock ownership: rc=VINF_SUCCESS '\Device\HarddiskVolume2\Windows\System32\vcruntime140_1.dll'.
818.6fc8: supR3HardenedWinVerifyCacheProcessWvtTodos: 0 (was 0) fWinVerifyTrust=0 for '\Device\HarddiskVolume2\Windows\System32\vcruntime140_1.dll' [rescheduled]
818.6fc8: supR3HardenedMonitor_LdrLoadDll: returns rcNt=0x0 hMod=00007ffaaf7e0000 'C:\Program Files\Oracle\VirtualBox\VBoxRT.dll'
818.6fc8: Detected loader lock ownership: rc=VINF_SUCCESS '\Device\HarddiskVolume2\Windows\System32\vcruntime140_1.dll'.
818.6fc8: supR3HardenedWinVerifyCacheProcessWvtTodos: 0 (was 0) fWinVerifyTrust=0 for '\Device\HarddiskVolume2\Windows\System32\vcruntime140_1.dll' [rescheduled]
818.6fc8: Detected loader lock ownership: rc=VINF_SUCCESS '\Device\HarddiskVolume2\Windows\System32\vcruntime140_1.dll'.
818.6fc8: supR3HardenedWinVerifyCacheProcessWvtTodos: 0 (was 0) fWinVerifyTrust=0 for '\Device\HarddiskVolume2\Windows\System32\vcruntime140_1.dll' [rescheduled]
818.6fc8: supR3HardenedScreenImage/LdrLoadDll: cache hit (VINF_SUCCESS) on \Device\HarddiskVolume2\Program Files\Oracle\VirtualBox\VBoxRT.dll
818.6fc8: supR3HardenedMonitor_LdrLoadDll: pName=C:\Program Files\Oracle\VirtualBox\VBoxRT.dll (rcNtResolve=0xc0150008) *pfFlags=0x0 pwszSearchPath=0000000000000001:<flags> [calling]
818.6fc8: supR3HardenedMonitor_LdrLoadDll: returns rcNt=0x0 hMod=00007ffaaf7e0000 'C:\Program Files\Oracle\VirtualBox\VBoxRT.dll'
818.6fc8: Detected loader lock ownership: rc=VINF_SUCCESS '\Device\HarddiskVolume2\Windows\System32\vcruntime140_1.dll'.
818.6fc8: supR3HardenedWinVerifyCacheProcessWvtTodos: 0 (was 0) fWinVerifyTrust=0 for '\Device\HarddiskVolume2\Windows\System32\vcruntime140_1.dll' [rescheduled]
818.6fc8: Detected loader lock ownership: rc=VINF_SUCCESS '\Device\HarddiskVolume2\Windows\System32\vcruntime140_1.dll'.
818.6fc8: supR3HardenedWinVerifyCacheProcessWvtTodos: 0 (was 0) fWinVerifyTrust=0 for '\Device\HarddiskVolume2\Windows\System32\vcruntime140_1.dll' [rescheduled]
818.6fc8: supR3HardenedMonitor_LdrLoadDll: returns rcNt=0x0 hMod=00007ffaaf7e0000 'C:\Program Files\Oracle\VirtualBox\VBoxRT.dll'
818.6fc8: Detected loader lock ownership: rc=VINF_SUCCESS '\Device\HarddiskVolume2\Windows\System32\vcruntime140_1.dll'.
818.6fc8: supR3HardenedWinVerifyCacheProcessWvtTodos: 0 (was 0) fWinVerifyTrust=0 for '\Device\HarddiskVolume2\Windows\System32\vcruntime140_1.dll' [rescheduled]
818.6fc8: Detected loader lock ownership: rc=VINF_SUCCESS '\Device\HarddiskVolume2\Windows\System32\vcruntime140_1.dll'.
818.6fc8: supR3HardenedWinVerifyCacheProcessWvtTodos: 0 (was 0) fWinVerifyTrust=0 for '\Device\HarddiskVolume2\Windows\System32\vcruntime140_1.dll' [rescheduled]
818.6fc8: supR3HardenedMonitor_LdrLoadDll: returns rcNt=0x0 hMod=00007ffaaf7e0000 'C:\Program Files\Oracle\VirtualBox\VBoxRT.dll'
818.6fc8: Detected loader lock ownership: rc=VINF_SUCCESS '\Device\HarddiskVolume2\Windows\System32\vcruntime140_1.dll'.
818.6fc8: supR3HardenedWinVerifyCacheProcessWvtTodos: 0 (was 0) fWinVerifyTrust=0 for '\Device\HarddiskVolume2\Windows\System32\vcruntime140_1.dll' [rescheduled]
818.6fc8: Detected loader lock ownership: rc=VINF_SUCCESS '\Device\HarddiskVolume2\Windows\System32\vcruntime140_1.dll'.
818.6fc8: supR3HardenedWinVerifyCacheProcessWvtTodos: 0 (was 0) fWinVerifyTrust=0 for '\Device\HarddiskVolume2\Windows\System32\vcruntime140_1.dll' [rescheduled]
818.6fc8: supR3HardenedMonitor_LdrLoadDll: returns rcNt=0x0 hMod=00007ffaaf7e0000 'C:\Program Files\Oracle\VirtualBox\VBoxRT.dll'
818.6fc8: Detected loader lock ownership: rc=VINF_SUCCESS '\Device\HarddiskVolume2\Windows\System32\vcruntime140_1.dll'.
818.6fc8: supR3HardenedWinVerifyCacheProcessWvtTodos: 0 (was 0) fWinVerifyTrust=0 for '\Device\HarddiskVolume2\Windows\System32\vcruntime140_1.dll' [rescheduled]
818.6fc8: Detected loader lock ownership: rc=VINF_SUCCESS '\Device\HarddiskVolume2\Windows\System32\vcruntime140_1.dll'.
818.6fc8: supR3HardenedWinVerifyCacheProcessWvtTodos: 0 (was 0) fWinVerifyTrust=0 for '\Device\HarddiskVolume2\Windows\System32\vcruntime140_1.dll' [rescheduled]
818.6fc8: supR3HardenedMonitor_LdrLoadDll: returns rcNt=0x0 hMod=00007ffaaf7e0000 'C:\Program Files\Oracle\VirtualBox\VBoxRT.dll'
818.6fc8: Detected loader lock ownership: rc=VINF_SUCCESS '\Device\HarddiskVolume2\Windows\System32\vcruntime140_1.dll'.
818.6fc8: supR3HardenedWinVerifyCacheProcessWvtTodos: 0 (was 0) fWinVerifyTrust=0 for '\Device\HarddiskVolume2\Windows\System32\vcruntime140_1.dll' [rescheduled]
818.6fc8: Detected loader lock ownership: rc=VINF_SUCCESS '\Device\HarddiskVolume2\Windows\System32\vcruntime140_1.dll'.
818.6fc8: supR3HardenedWinVerifyCacheProcessWvtTodos: 0 (was 0) fWinVerifyTrust=0 for '\Device\HarddiskVolume2\Windows\System32\vcruntime140_1.dll' [rescheduled]
818.6fc8: supR3HardenedMonitor_LdrLoadDll: returns rcNt=0x0 hMod=00007ffaaf7e0000 'C:\Program Files\Oracle\VirtualBox\VBoxRT.dll'
818.6fc8: Detected loader lock ownership: rc=VINF_SUCCESS '\Device\HarddiskVolume2\Windows\System32\vcruntime140_1.dll'.
818.6fc8: supR3HardenedWinVerifyCacheProcessWvtTodos: 0 (was 0) fWinVerifyTrust=0 for '\Device\HarddiskVolume2\Windows\System32\vcruntime140_1.dll' [rescheduled]
818.6fc8: Detected loader lock ownership: rc=VINF_SUCCESS '\Device\HarddiskVolume2\Windows\System32\vcruntime140_1.dll'.
818.6fc8: supR3HardenedWinVerifyCacheProcessWvtTodos: 0 (was 0) fWinVerifyTrust=0 for '\Device\HarddiskVolume2\Windows\System32\vcruntime140_1.dll' [rescheduled]
818.6fc8: supR3HardenedMonitor_LdrLoadDll: returns rcNt=0x0 hMod=00007ffaaf7e0000 'C:\Program Files\Oracle\VirtualBox\VBoxRT.dll'
818.6fc8: Detected loader lock ownership: rc=VINF_SUCCESS '\Device\HarddiskVolume2\Windows\System32\vcruntime140_1.dll'.
818.6fc8: supR3HardenedWinVerifyCacheProcessWvtTodos: 0 (was 0) fWinVerifyTrust=0 for '\Device\HarddiskVolume2\Windows\System32\vcruntime140_1.dll' [rescheduled]
818.6fc8: Detected loader lock ownership: rc=VINF_SUCCESS '\Device\HarddiskVolume2\Windows\System32\vcruntime140_1.dll'.
818.6fc8: supR3HardenedWinVerifyCacheProcessWvtTodos: 0 (was 0) fWinVerifyTrust=0 for '\Device\HarddiskVolume2\Windows\System32\vcruntime140_1.dll' [rescheduled]
818.6fc8: supR3HardenedMonitor_LdrLoadDll: returns rcNt=0x0 hMod=00007ffaaf7e0000 'C:\Program Files\Oracle\VirtualBox\VBoxRT.dll'
818.6fc8: Detected loader lock ownership: rc=VINF_SUCCESS '\Device\HarddiskVolume2\Windows\System32\vcruntime140_1.dll'.
818.6fc8: supR3HardenedWinVerifyCacheProcessWvtTodos: 0 (was 0) fWinVerifyTrust=0 for '\Device\HarddiskVolume2\Windows\System32\vcruntime140_1.dll' [rescheduled]
818.6fc8: Detected loader lock ownership: rc=VINF_SUCCESS '\Device\HarddiskVolume2\Windows\System32\vcruntime140_1.dll'.
818.6fc8: supR3HardenedWinVerifyCacheProcessWvtTodos: 0 (was 0) fWinVerifyTrust=0 for '\Device\HarddiskVolume2\Windows\System32\vcruntime140_1.dll' [rescheduled]
818.6fc8: supR3HardenedMonitor_LdrLoadDll: returns rcNt=0x0 hMod=00007ffaaf7e0000 'C:\Program Files\Oracle\VirtualBox\VBoxRT.dll'
818.6fc8: Detected loader lock ownership: rc=VINF_SUCCESS '\Device\HarddiskVolume2\Windows\System32\vcruntime140_1.dll'.
818.6fc8: supR3HardenedWinVerifyCacheProcessWvtTodos: 0 (was 0) fWinVerifyTrust=0 for '\Device\HarddiskVolume2\Windows\System32\vcruntime140_1.dll' [rescheduled]
818.6fc8: Detected loader lock ownership: rc=VINF_SUCCESS '\Device\HarddiskVolume2\Windows\System32\vcruntime140_1.dll'.
818.6fc8: supR3HardenedWinVerifyCacheProcessWvtTodos: 0 (was 0) fWinVerifyTrust=0 for '\Device\HarddiskVolume2\Windows\System32\vcruntime140_1.dll' [rescheduled]
818.6fc8: supR3HardenedMonitor_LdrLoadDll: returns rcNt=0x0 hMod=00007ffaaf7e0000 'C:\Program Files\Oracle\VirtualBox\VBoxRT.dll'
818.6fc8: Detected loader lock ownership: rc=VINF_SUCCESS '\Device\HarddiskVolume2\Windows\System32\vcruntime140_1.dll'.
818.6fc8: supR3HardenedWinVerifyCacheProcessWvtTodos: 0 (was 0) fWinVerifyTrust=0 for '\Device\HarddiskVolume2\Windows\System32\vcruntime140_1.dll' [rescheduled]
818.6fc8: Detected loader lock ownership: rc=VINF_SUCCESS '\Device\HarddiskVolume2\Windows\System32\vcruntime140_1.dll'.
818.6fc8: supR3HardenedWinVerifyCacheProcessWvtTodos: 0 (was 0) fWinVerifyTrust=0 for '\Device\HarddiskVolume2\Windows\System32\vcruntime140_1.dll' [rescheduled]
818.6fc8: supR3HardenedMonitor_LdrLoadDll: returns rcNt=0x0 hMod=00007ffaaf7e0000 'C:\Program Files\Oracle\VirtualBox\VBoxRT.dll'
818.6fc8: Detected loader lock ownership: rc=VINF_SUCCESS '\Device\HarddiskVolume2\Windows\System32\vcruntime140_1.dll'.
818.6fc8: supR3HardenedWinVerifyCacheProcessWvtTodos: 0 (was 0) fWinVerifyTrust=0 for '\Device\HarddiskVolume2\Windows\System32\vcruntime140_1.dll' [rescheduled]
818.6fc8: Detected loader lock ownership: rc=VINF_SUCCESS '\Device\HarddiskVolume2\Windows\System32\vcruntime140_1.dll'.
818.6fc8: supR3HardenedWinVerifyCacheProcessWvtTodos: 0 (was 0) fWinVerifyTrust=0 for '\Device\HarddiskVolume2\Windows\System32\vcruntime140_1.dll' [rescheduled]
818.6fc8: supR3HardenedMonitor_LdrLoadDll: returns rcNt=0x0 hMod=00007ffaaf7e0000 'C:\Program Files\Oracle\VirtualBox\VBoxRT.dll'
818.6fc8: Detected loader lock ownership: rc=VINF_SUCCESS '\Device\HarddiskVolume2\Windows\System32\vcruntime140_1.dll'.
818.6fc8: supR3HardenedWinVerifyCacheProcessWvtTodos: 0 (was 0) fWinVerifyTrust=0 for '\Device\HarddiskVolume2\Windows\System32\vcruntime140_1.dll' [rescheduled]
818.6fc8: Detected loader lock ownership: rc=VINF_SUCCESS '\Device\HarddiskVolume2\Windows\System32\vcruntime140_1.dll'.
818.6fc8: supR3HardenedWinVerifyCacheProcessWvtTodos: 0 (was 0) fWinVerifyTrust=0 for '\Device\HarddiskVolume2\Windows\System32\vcruntime140_1.dll' [rescheduled]
818.6fc8: supR3HardenedMonitor_LdrLoadDll: returns rcNt=0x0 hMod=00007ffaaf7e0000 'C:\Program Files\Oracle\VirtualBox\VBoxRT.dll'
818.6fc8: Detected loader lock ownership: rc=VINF_SUCCESS '\Device\HarddiskVolume2\Windows\System32\vcruntime140_1.dll'.
818.6fc8: supR3HardenedWinVerifyCacheProcessWvtTodos: 0 (was 0) fWinVerifyTrust=0 for '\Device\HarddiskVolume2\Windows\System32\vcruntime140_1.dll' [rescheduled]
818.6fc8: Detected loader lock ownership: rc=VINF_SUCCESS '\Device\HarddiskVolume2\Windows\System32\vcruntime140_1.dll'.
818.6fc8: supR3HardenedWinVerifyCacheProcessWvtTodos: 0 (was 0) fWinVerifyTrust=0 for '\Device\HarddiskVolume2\Windows\System32\vcruntime140_1.dll' [rescheduled]
818.6fc8: supR3HardenedMonitor_LdrLoadDll: returns rcNt=0x0 hMod=00007ffaaf7e0000 'C:\Program Files\Oracle\VirtualBox\VBoxRT.dll'
818.6fc8: Detected loader lock ownership: rc=VINF_SUCCESS '\Device\HarddiskVolume2\Windows\System32\vcruntime140_1.dll'.
818.6fc8: supR3HardenedWinVerifyCacheProcessWvtTodos: 0 (was 0) fWinVerifyTrust=0 for '\Device\HarddiskVolume2\Windows\System32\vcruntime140_1.dll' [rescheduled]
818.6fc8: Detected loader lock ownership: rc=VINF_SUCCESS '\Device\HarddiskVolume2\Windows\System32\vcruntime140_1.dll'.
818.6fc8: supR3HardenedWinVerifyCacheProcessWvtTodos: 0 (was 0) fWinVerifyTrust=0 for '\Device\HarddiskVolume2\Windows\System32\vcruntime140_1.dll' [rescheduled]
818.6fc8: supR3HardenedMonitor_LdrLoadDll: returns rcNt=0x0 hMod=00007ffaaf7e0000 'C:\Program Files\Oracle\VirtualBox\VBoxRT.dll'
818.6fc8: Detected loader lock ownership: rc=VINF_SUCCESS '\Device\HarddiskVolume2\Windows\System32\vcruntime140_1.dll'.
818.6fc8: supR3HardenedWinVerifyCacheProcessWvtTodos: 0 (was 0) fWinVerifyTrust=0 for '\Device\HarddiskVolume2\Windows\System32\vcruntime140_1.dll' [rescheduled]
818.6fc8: Detected loader lock ownership: rc=VINF_SUCCESS '\Device\HarddiskVolume2\Windows\System32\vcruntime140_1.dll'.
818.6fc8: supR3HardenedWinVerifyCacheProcessWvtTodos: 0 (was 0) fWinVerifyTrust=0 for '\Device\HarddiskVolume2\Windows\System32\vcruntime140_1.dll' [rescheduled]
818.6fc8: supR3HardenedMonitor_LdrLoadDll: returns rcNt=0x0 hMod=00007ffaaf7e0000 'C:\Program Files\Oracle\VirtualBox\VBoxRT.dll'
818.6fc8: Detected loader lock ownership: rc=VINF_SUCCESS '\Device\HarddiskVolume2\Windows\System32\vcruntime140_1.dll'.
818.6fc8: supR3HardenedWinVerifyCacheProcessWvtTodos: 0 (was 0) fWinVerifyTrust=0 for '\Device\HarddiskVolume2\Windows\System32\vcruntime140_1.dll' [rescheduled]
818.6fc8: Detected loader lock ownership: rc=VINF_SUCCESS '\Device\HarddiskVolume2\Windows\System32\vcruntime140_1.dll'.
818.6fc8: supR3HardenedWinVerifyCacheProcessWvtTodos: 0 (was 0) fWinVerifyTrust=0 for '\Device\HarddiskVolume2\Windows\System32\vcruntime140_1.dll' [rescheduled]
818.6fc8: supR3HardenedScreenImage/LdrLoadDll: cache hit (VINF_SUCCESS) on \Device\HarddiskVolume2\Program Files\Oracle\VirtualBox\VBoxRT.dll
818.6fc8: supR3HardenedMonitor_LdrLoadDll: pName=C:\Program Files\Oracle\VirtualBox\VBoxRT.dll (rcNtResolve=0xc0150008) *pfFlags=0x0 pwszSearchPath=0000000000000001:<flags> [calling]
818.6fc8: supR3HardenedMonitor_LdrLoadDll: returns rcNt=0x0 hMod=00007ffaaf7e0000 'C:\Program Files\Oracle\VirtualBox\VBoxRT.dll'
818.6fc8: Detected loader lock ownership: rc=VINF_SUCCESS '\Device\HarddiskVolume2\Windows\System32\vcruntime140_1.dll'.
818.6fc8: supR3HardenedWinVerifyCacheProcessWvtTodos: 0 (was 0) fWinVerifyTrust=0 for '\Device\HarddiskVolume2\Windows\System32\vcruntime140_1.dll' [rescheduled]
818.6fc8: Detected loader lock ownership: rc=VINF_SUCCESS '\Device\HarddiskVolume2\Windows\System32\vcruntime140_1.dll'.
818.6fc8: supR3HardenedWinVerifyCacheProcessWvtTodos: 0 (was 0) fWinVerifyTrust=0 for '\Device\HarddiskVolume2\Windows\System32\vcruntime140_1.dll' [rescheduled]
818.6fc8: supR3HardenedMonitor_LdrLoadDll: returns rcNt=0x0 hMod=00007ffaaf7e0000 'C:\Program Files\Oracle\VirtualBox\VBoxRT.dll'
818.6fc8: Detected loader lock ownership: rc=VINF_SUCCESS '\Device\HarddiskVolume2\Windows\System32\vcruntime140_1.dll'.
818.6fc8: supR3HardenedWinVerifyCacheProcessWvtTodos: 0 (was 0) fWinVerifyTrust=0 for '\Device\HarddiskVolume2\Windows\System32\vcruntime140_1.dll' [rescheduled]
818.6fc8: Detected loader lock ownership: rc=VINF_SUCCESS '\Device\HarddiskVolume2\Windows\System32\vcruntime140_1.dll'.
818.6fc8: supR3HardenedWinVerifyCacheProcessWvtTodos: 0 (was 0) fWinVerifyTrust=0 for '\Device\HarddiskVolume2\Windows\System32\vcruntime140_1.dll' [rescheduled]
818.6fc8: supR3HardenedMonitor_LdrLoadDll: returns rcNt=0x0 hMod=00007ffaaf7e0000 'C:\Program Files\Oracle\VirtualBox\VBoxRT.dll'
818.6fc8: Detected loader lock ownership: rc=VINF_SUCCESS '\Device\HarddiskVolume2\Windows\System32\vcruntime140_1.dll'.
818.6fc8: supR3HardenedWinVerifyCacheProcessWvtTodos: 0 (was 0) fWinVerifyTrust=0 for '\Device\HarddiskVolume2\Windows\System32\vcruntime140_1.dll' [rescheduled]
818.6fc8: supR3HardenedMonitor_LdrLoadDll: returns rcNt=0x0 hMod=00007ffaaf7e0000 'C:\Program Files\Oracle\VirtualBox\VBoxRT.dll'
818.6fc8: supR3HardenedMonitor_LdrLoadDll: returns rcNt=0x0 hMod=00007ffb95520000 'C:\WINDOWS\system32\rsaenh.dll'
818.6fc8: supR3HardenedMonitor_LdrLoadDll: returns rcNt=0x0 hMod=00007ffb972e0000 'C:\WINDOWS\System32\crypt32.dll'
818.6fc8: supR3HardenedWinVerifyCacheProcessWvtTodos: 0 (was 0) fWinVerifyTrust=1 for '\Device\HarddiskVolume2\Windows\System32\vcruntime140_1.dll'
818.6fc8: supR3HardenedScreenImage/LdrLoadDll: cache hit (VINF_SUCCESS) on \Device\HarddiskVolume2\Windows\System32\wintrust.dll
818.6fc8: supR3HardenedMonitor_LdrLoadDll: pName=C:\WINDOWS\system32\Wintrust.dll (rcNtResolve=0xc0150008) *pfFlags=0x0 pwszSearchPath=0000000000000801:<flags> [calling]
818.6fc8: supR3HardenedMonitor_LdrLoadDll: returns rcNt=0x0 hMod=00007ffb96ad0000 'C:\WINDOWS\system32\Wintrust.dll'
818.6fc8: supR3HardenedMonitor_LdrLoadDll: returns rcNt=0x0 hMod=00007ffb95520000 'C:\WINDOWS\system32\rsaenh.dll'
818.6fc8: supR3HardenedMonitor_LdrLoadDll: returns rcNt=0x0 hMod=00007ffb972e0000 'C:\WINDOWS\System32\crypt32.dll'
818.6fc8: supR3HardenedMonitor_LdrLoadDll: returns rcNt=0x0 hMod=00007ffb95520000 'C:\WINDOWS\system32\rsaenh.dll'
818.6fc8: supR3HardenedMonitor_LdrLoadDll: returns rcNt=0x0 hMod=00007ffb972e0000 'C:\WINDOWS\System32\crypt32.dll'
818.6fc8: supR3HardenedMonitor_LdrLoadDll: returns rcNt=0x0 hMod=00007ffb972e0000 'C:\WINDOWS\system32\crypt32.dll'
818.6fc8: SUPR3HardenedMain: Load TrustedMain...
818.311c: supR3HardenedIsApiSetDll: ApiSetQueryApiSetPresence(api-ms-win-appmodel-runtime-l1-1-2) -> 0x0, fPresent=1
818.311c: supR3HardenedMonitor_LdrLoadDll: pName=api-ms-win-appmodel-runtime-l1-1-2 (rcNtResolve=0x0) *pfFlags=0x0 pwszSearchPath=0000000000000801:<flags> [calling]
818.311c: supR3HardenedWinVerifyCacheScheduleImports: Import todo: #8 'msvcrt.dll'.
818.311c: supHardenedWinVerifyImageByHandle: -> 0 (\Device\HarddiskVolume2\Windows\System32\kernel.appcore.dll)
818.311c: supR3HardenedWinVerifyCacheInsert: \Device\HarddiskVolume2\Windows\System32\kernel.appcore.dll
818.311c: supR3HardenedDllNotificationCallback: load   00007ffb955c0000 LB 0x0001b000 C:\WINDOWS\SYSTEM32\kernel.appcore.dll [fFlags=0x0]
818.311c: supR3HardenedScreenImage/LdrLoadDll: cache hit (VINF_SUCCESS) on \Device\HarddiskVolume2\Windows\System32\kernel.appcore.dll [avoiding WinVerifyTrust]
818.311c: supR3HardenedMonitor_LdrLoadDll: returns rcNt=0x0 hMod=00007ffb955c0000 'api-ms-win-appmodel-runtime-l1-1-2'
818.311c: supR3HardenedWinVerifyCacheProcessImportTodos: Processing 'msvcrt.dll'...
818.311c: supR3HardenedWinVerifyCacheProcessImportTodos: 'msvcrt.dll' -> '\Device\HarddiskVolume2\Windows\System32\msvcrt.dll' [rcNtRedir=0xc0150008]
818.311c: supR3HardenedScreenImage/Imports: cache hit (VINF_SUCCESS) on \Device\HarddiskVolume2\Windows\System32\msvcrt.dll
818.311c: supR3HardenedMonitor_LdrLoadDll: returns rcNt=0x0 hMod=00007ffb95520000 'C:\WINDOWS\system32\rsaenh.dll'
818.311c: supR3HardenedMonitor_LdrLoadDll: returns rcNt=0x0 hMod=00007ffb972e0000 'C:\WINDOWS\System32\crypt32.dll'
818.311c: supR3HardenedWinVerifyCacheProcessWvtTodos: 0 (was 0) fWinVerifyTrust=1 for '\Device\HarddiskVolume2\Windows\System32\kernel.appcore.dll'
818.6fc8: supR3HardenedMonitor_LdrLoadDll: returns rcNt=0x0 hMod=00007ffb95520000 'C:\WINDOWS\system32\rsaenh.dll'
818.6fc8: supR3HardenedMonitor_LdrLoadDll: returns rcNt=0x0 hMod=00007ffb972e0000 'C:\WINDOWS\System32\crypt32.dll'
818.6fc8: supR3HardenedWinVerifyCacheScheduleImports: Import todo: #0 'uicommon.dll'.
818.6fc8: supR3HardenedWinVerifyCacheScheduleImports: Import todo: #1 'qt6corevbox.dll'.
818.6fc8: supR3HardenedWinVerifyCacheScheduleImports: Import todo: #2 'qt6guivbox.dll'.
818.6fc8: supR3HardenedWinVerifyCacheScheduleImports: Import todo: #3 'qt6widgetsvbox.dll'.
818.6fc8: supR3HardenedWinVerifyCacheScheduleImports: Import todo: #5 'user32.dll'.
818.6fc8: supR3HardenedWinVerifyCacheScheduleImports: Import todo: #6 'advapi32.dll'.
818.6fc8: supR3HardenedWinVerifyCacheScheduleImports: Import todo: #7 'ole32.dll'.
818.6fc8: supR3HardenedWinVerifyCacheScheduleImports: Import todo: #8 'oleaut32.dll'.
818.6fc8: supR3HardenedWinVerifyCacheScheduleImports: Import todo: #9 'winmm.dll'.
818.6fc8: supR3HardenedWinVerifyCacheScheduleImports: Import todo: #14 'vboxrt.dll'.
818.6fc8: supR3HardenedWinVerifyCacheScheduleImports: Import todo: #15 'vcruntime140.dll'.
818.6fc8: supR3HardenedWinVerifyCacheScheduleImports: Import todo: #16 'vcruntime140_1.dll'.
818.6fc8: supR3HardenedWinVerifyCacheScheduleImports: Import todo: #17 'msvcp140.dll'.
818.6fc8: supHardenedWinVerifyImageByHandle: -> 0 (\Device\HarddiskVolume2\Program Files\Oracle\VirtualBox\VirtualBoxVM.dll) WinVerifyTrust
818.6fc8: supR3HardenedWinVerifyCacheInsert: \Device\HarddiskVolume2\Program Files\Oracle\VirtualBox\VirtualBoxVM.dll
818.6fc8: supR3HardenedWinVerifyCacheProcessImportTodos: Processing 'msvcp140.dll'...
818.6fc8: supR3HardenedWinVerifyCacheProcessImportTodos: 'msvcp140.dll' -> '\Device\HarddiskVolume2\Windows\System32\msvcp140.dll' [rcNtRedir=0xc0150008]
818.6fc8: supR3HardenedScreenImage/Imports: cache hit (VINF_SUCCESS) on \Device\HarddiskVolume2\Windows\System32\msvcp140.dll
818.6fc8: supR3HardenedWinVerifyCacheProcessImportTodos: Processing 'vcruntime140_1.dll'...
818.6fc8: supR3HardenedWinVerifyCacheProcessImportTodos: 'vcruntime140_1.dll' -> '\Device\HarddiskVolume2\Windows\System32\vcruntime140_1.dll' [rcNtRedir=0xc0150008]
818.6fc8: supR3HardenedScreenImage/Imports: cache hit (VINF_SUCCESS) on \Device\HarddiskVolume2\Windows\System32\vcruntime140_1.dll
818.6fc8: supR3HardenedWinVerifyCacheProcessImportTodos: Processing 'vcruntime140.dll'...
818.6fc8: supR3HardenedWinVerifyCacheProcessImportTodos: 'vcruntime140.dll' -> '\Device\HarddiskVolume2\Windows\System32\vcruntime140.dll' [rcNtRedir=0xc0150008]
818.6fc8: supR3HardenedScreenImage/Imports: cache hit (VINF_SUCCESS) on \Device\HarddiskVolume2\Windows\System32\vcruntime140.dll
818.6fc8: supR3HardenedWinVerifyCacheProcessImportTodos: Processing 'vboxrt.dll'...
818.6fc8: supR3HardenedWinVerifyCacheProcessImportTodos: 'vboxrt.dll' -> '\Device\HarddiskVolume2\Program Files\Oracle\VirtualBox\vboxrt.dll' [rcNtRedir=0xc0150008]
818.6fc8: supR3HardenedWinVerifyCacheProcessImportTodos: Processing 'winmm.dll'...
818.6fc8: supR3HardenedWinVerifyCacheProcessImportTodos: 'winmm.dll' -> '\Device\HarddiskVolume2\Windows\System32\winmm.dll' [rcNtRedir=0xc0150008]
818.6fc8: supR3HardenedMonitor_LdrLoadDll: returns rcNt=0x0 hMod=00007ffb95520000 'C:\WINDOWS\system32\rsaenh.dll'
818.6fc8: supR3HardenedMonitor_LdrLoadDll: returns rcNt=0x0 hMod=00007ffb972e0000 'C:\WINDOWS\System32\crypt32.dll'
818.6fc8: supHardenedWinVerifyImageByHandle: -> 0 (\Device\HarddiskVolume2\Windows\System32\winmm.dll) WinVerifyTrust
818.6fc8: supR3HardenedWinVerifyCacheInsert: \Device\HarddiskVolume2\Windows\System32\winmm.dll
818.6fc8: supR3HardenedWinVerifyCacheProcessImportTodos: Processing 'oleaut32.dll'...
818.6fc8: supR3HardenedWinVerifyCacheProcessImportTodos: 'oleaut32.dll' -> '\Device\HarddiskVolume2\Windows\System32\oleaut32.dll' [rcNtRedir=0xc0150008]
818.6fc8: supR3HardenedMonitor_LdrLoadDll: returns rcNt=0x0 hMod=00007ffb95520000 'C:\WINDOWS\system32\rsaenh.dll'
818.6fc8: supR3HardenedMonitor_LdrLoadDll: returns rcNt=0x0 hMod=00007ffb972e0000 'C:\WINDOWS\System32\crypt32.dll'
818.6fc8: supR3HardenedWinVerifyCacheScheduleImports: Import todo: #0 'msvcp_win.dll'.
818.6fc8: supR3HardenedWinVerifyCacheScheduleImports: Import todo: #5 'combase.dll'.
818.6fc8: supR3HardenedWinVerifyCacheScheduleImports: Import todo: #26 'rpcrt4.dll'.
818.6fc8: supHardenedWinVerifyImageByHandle: -> 0 (\Device\HarddiskVolume2\Windows\System32\oleaut32.dll) WinVerifyTrust
818.6fc8: supR3HardenedWinVerifyCacheInsert: \Device\HarddiskVolume2\Windows\System32\oleaut32.dll
818.6fc8: supR3HardenedWinVerifyCacheProcessImportTodos: Processing 'ole32.dll'...
818.6fc8: supR3HardenedWinVerifyCacheProcessImportTodos: 'ole32.dll' -> '\Device\HarddiskVolume2\Windows\System32\ole32.dll' [rcNtRedir=0xc0150008]
818.6fc8: supR3HardenedWinVerifyCacheProcessImportTodos: Processing 'rpcrt4.dll'...
818.6fc8: supR3HardenedWinVerifyCacheProcessImportTodos: 'rpcrt4.dll' -> '\Device\HarddiskVolume2\Windows\System32\rpcrt4.dll' [rcNtRedir=0xc0150008]
818.6fc8: supR3HardenedScreenImage/Imports: cache hit (VINF_SUCCESS) on \Device\HarddiskVolume2\Windows\System32\rpcrt4.dll
818.6fc8: supR3HardenedWinVerifyCacheProcessImportTodos: Processing 'combase.dll'...
818.6fc8: supR3HardenedWinVerifyCacheProcessImportTodos: 'combase.dll' -> '\Device\HarddiskVolume2\Windows\System32\combase.dll' [rcNtRedir=0xc0150008]
818.6fc8: Detected WinVerifyTrust recursion: rc=VINF_SUCCESS '\Device\HarddiskVolume2\Windows\System32\combase.dll'.
818.6fc8: supR3HardenedWinVerifyCacheScheduleImports: Import todo: #3 'rpcrt4.dll'.
818.6fc8: supHardenedWinVerifyImageByHandle: -> 0 (\Device\HarddiskVolume2\Windows\System32\combase.dll)
818.6fc8: supR3HardenedWinVerifyCacheInsert: \Device\HarddiskVolume2\Windows\System32\combase.dll
818.6fc8: supR3HardenedWinVerifyCacheProcessImportTodos: Processing 'msvcp_win.dll'...
818.6fc8: supR3HardenedWinVerifyCacheProcessImportTodos: 'msvcp_win.dll' -> '\Device\HarddiskVolume2\Windows\System32\msvcp_win.dll' [rcNtRedir=0xc0150008]
818.6fc8: Detected WinVerifyTrust recursion: rc=VINF_SUCCESS '\Device\HarddiskVolume2\Windows\System32\msvcp_win.dll'.
818.6fc8: supHardenedWinVerifyImageByHandle: -> 0 (\Device\HarddiskVolume2\Windows\System32\msvcp_win.dll)
818.6fc8: supR3HardenedWinVerifyCacheInsert: \Device\HarddiskVolume2\Windows\System32\msvcp_win.dll
818.6fc8: supR3HardenedWinVerifyCacheProcessImportTodos: Processing 'rpcrt4.dll'...
818.6fc8: supR3HardenedWinVerifyCacheProcessImportTodos: 'rpcrt4.dll' -> '\Device\HarddiskVolume2\Windows\System32\rpcrt4.dll' [rcNtRedir=0xc0150008]
818.6fc8: supR3HardenedScreenImage/Imports: cache hit (VINF_SUCCESS) on \Device\HarddiskVolume2\Windows\System32\rpcrt4.dll
818.6fc8: supR3HardenedMonitor_LdrLoadDll: returns rcNt=0x0 hMod=00007ffb95520000 'C:\WINDOWS\system32\rsaenh.dll'
818.6fc8: supR3HardenedMonitor_LdrLoadDll: returns rcNt=0x0 hMod=00007ffb972e0000 'C:\WINDOWS\System32\crypt32.dll'
818.6fc8: supR3HardenedWinVerifyCacheScheduleImports: Import todo: #0 'msvcp_win.dll'.
818.6fc8: supR3HardenedWinVerifyCacheScheduleImports: Import todo: #44 'gdi32.dll'.
818.6fc8: supR3HardenedWinVerifyCacheScheduleImports: Import todo: #45 'user32.dll'.
818.6fc8: supR3HardenedWinVerifyCacheScheduleImports: Import todo: #46 'combase.dll'.
818.6fc8: supHardenedWinVerifyImageByHandle: -> 0 (\Device\HarddiskVolume2\Windows\System32\ole32.dll) WinVerifyTrust
818.6fc8: supR3HardenedWinVerifyCacheInsert: \Device\HarddiskVolume2\Windows\System32\ole32.dll
818.6fc8: supR3HardenedWinVerifyCacheProcessImportTodos: Processing 'advapi32.dll'...
818.6fc8: supR3HardenedWinVerifyCacheProcessImportTodos: 'advapi32.dll' -> '\Device\HarddiskVolume2\Windows\System32\advapi32.dll' [rcNtRedir=0xc0150008]
818.6fc8: supR3HardenedScreenImage/Imports: cache hit (VINF_SUCCESS) on \Device\HarddiskVolume2\Windows\System32\advapi32.dll
818.6fc8: supR3HardenedWinVerifyCacheProcessImportTodos: Processing 'user32.dll'...
818.6fc8: supR3HardenedWinVerifyCacheProcessImportTodos: 'user32.dll' -> '\Device\HarddiskVolume2\Windows\System32\user32.dll' [rcNtRedir=0xc0150008]
818.6fc8: supR3HardenedWinVerifyCacheProcessImportTodos: Processing 'combase.dll'...
818.6fc8: supR3HardenedWinVerifyCacheProcessImportTodos: 'combase.dll' -> '\Device\HarddiskVolume2\Windows\System32\combase.dll' [rcNtRedir=0xc0150008]
818.6fc8: supR3HardenedScreenImage/Imports: cache hit (VINF_SUCCESS) on \Device\HarddiskVolume2\Windows\System32\combase.dll [lacks WinVerifyTrust]
818.6fc8: supR3HardenedWinVerifyCacheProcessImportTodos: Processing 'user32.dll'...
818.6fc8: supR3HardenedWinVerifyCacheProcessImportTodos: 'user32.dll' -> '\Device\HarddiskVolume2\Windows\System32\user32.dll' [rcNtRedir=0xc0150008]
818.6fc8: Detected WinVerifyTrust recursion: rc=VINF_SUCCESS '\Device\HarddiskVolume2\Windows\System32\user32.dll'.
818.6fc8: supR3HardenedWinVerifyCacheScheduleImports: Import todo: #0 'win32u.dll'.
818.6fc8: supR3HardenedWinVerifyCacheScheduleImports: Import todo: #39 'gdi32.dll'.
818.6fc8: supHardenedWinVerifyImageByHandle: -> 0 (\Device\HarddiskVolume2\Windows\System32\user32.dll)
818.6fc8: supR3HardenedWinVerifyCacheInsert: \Device\HarddiskVolume2\Windows\System32\user32.dll
818.6fc8: supR3HardenedWinVerifyCacheProcessImportTodos: Processing 'gdi32.dll'...
818.6fc8: supR3HardenedWinVerifyCacheProcessImportTodos: 'gdi32.dll' -> '\Device\HarddiskVolume2\Windows\System32\gdi32.dll' [rcNtRedir=0xc0150008]
818.6fc8: Detected WinVerifyTrust recursion: rc=VINF_SUCCESS '\Device\HarddiskVolume2\Windows\System32\gdi32.dll'.
818.6fc8: supR3HardenedWinVerifyCacheScheduleImports: Import todo: #9 'win32u.dll'.
818.6fc8: supHardenedWinVerifyImageByHandle: -> 0 (\Device\HarddiskVolume2\Windows\System32\gdi32.dll)
818.6fc8: supR3HardenedWinVerifyCacheInsert: \Device\HarddiskVolume2\Windows\System32\gdi32.dll
818.6fc8: supR3HardenedWinVerifyCacheProcessImportTodos: Processing 'msvcp_win.dll'...
818.6fc8: supR3HardenedWinVerifyCacheProcessImportTodos: 'msvcp_win.dll' -> '\Device\HarddiskVolume2\Windows\System32\msvcp_win.dll' [rcNtRedir=0xc0150008]
818.6fc8: supR3HardenedScreenImage/Imports: cache hit (VINF_SUCCESS) on \Device\HarddiskVolume2\Windows\System32\msvcp_win.dll [lacks WinVerifyTrust]
818.6fc8: supR3HardenedWinVerifyCacheProcessImportTodos: Processing 'win32u.dll'...
818.6fc8: supR3HardenedWinVerifyCacheProcessImportTodos: 'win32u.dll' -> '\Device\HarddiskVolume2\Windows\System32\win32u.dll' [rcNtRedir=0xc0150008]
818.6fc8: Detected WinVerifyTrust recursion: rc=VINF_SUCCESS '\Device\HarddiskVolume2\Windows\System32\win32u.dll'.
818.6fc8: supHardenedWinVerifyImageByHandle: -> 0 (\Device\HarddiskVolume2\Windows\System32\win32u.dll)
818.6fc8: supR3HardenedWinVerifyCacheInsert: \Device\HarddiskVolume2\Windows\System32\win32u.dll
818.6fc8: supR3HardenedWinVerifyCacheProcessImportTodos: Processing 'gdi32.dll'...
818.6fc8: supR3HardenedWinVerifyCacheProcessImportTodos: 'gdi32.dll' -> '\Device\HarddiskVolume2\Windows\System32\gdi32.dll' [rcNtRedir=0xc0150008]
818.6fc8: supR3HardenedScreenImage/Imports: cache hit (VINF_SUCCESS) on \Device\HarddiskVolume2\Windows\System32\gdi32.dll [lacks WinVerifyTrust]
818.6fc8: supR3HardenedWinVerifyCacheProcessImportTodos: Processing 'win32u.dll'...
818.6fc8: supR3HardenedWinVerifyCacheProcessImportTodos: 'win32u.dll' -> '\Device\HarddiskVolume2\Windows\System32\win32u.dll' [rcNtRedir=0xc0150008]
818.6fc8: supR3HardenedScreenImage/Imports: cache hit (VINF_SUCCESS) on \Device\HarddiskVolume2\Windows\System32\win32u.dll [lacks WinVerifyTrust]
818.6fc8: supR3HardenedMonitor_LdrLoadDll: returns rcNt=0x0 hMod=00007ffb95520000 'C:\WINDOWS\system32\rsaenh.dll'
818.6fc8: supR3HardenedMonitor_LdrLoadDll: returns rcNt=0x0 hMod=00007ffb972e0000 'C:\WINDOWS\System32\crypt32.dll'
818.6fc8: supR3HardenedWinVerifyCacheScheduleImports: Import todo: #0 'win32u.dll'.
818.6fc8: supR3HardenedWinVerifyCacheScheduleImports: Import todo: #39 'gdi32.dll'.
818.6fc8: supHardenedWinVerifyImageByHandle: -> 0 (\Device\HarddiskVolume2\Windows\System32\user32.dll) WinVerifyTrust
818.6fc8: supR3HardenedWinVerifyCacheProcessImportTodos: Processing 'qt6widgetsvbox.dll'...
818.6fc8: supR3HardenedWinVerifyCacheProcessImportTodos: 'qt6widgetsvbox.dll' -> '\Device\HarddiskVolume2\Program Files\Oracle\VirtualBox\qt6widgetsvbox.dll' [rcNtRedir=0xc0150008]
818.6fc8: supR3HardenedWinVerifyCacheProcessImportTodos: Processing 'gdi32.dll'...
818.6fc8: supR3HardenedWinVerifyCacheProcessImportTodos: 'gdi32.dll' -> '\Device\HarddiskVolume2\Windows\System32\gdi32.dll' [rcNtRedir=0xc0150008]
818.6fc8: supR3HardenedScreenImage/Imports: cache hit (VINF_SUCCESS) on \Device\HarddiskVolume2\Windows\System32\gdi32.dll [lacks WinVerifyTrust]
818.6fc8: supR3HardenedWinVerifyCacheProcessImportTodos: Processing 'win32u.dll'...
818.6fc8: supR3HardenedWinVerifyCacheProcessImportTodos: 'win32u.dll' -> '\Device\HarddiskVolume2\Windows\System32\win32u.dll' [rcNtRedir=0xc0150008]
818.6fc8: supR3HardenedScreenImage/Imports: cache hit (VINF_SUCCESS) on \Device\HarddiskVolume2\Windows\System32\win32u.dll [lacks WinVerifyTrust]
818.6fc8: supR3HardenedMonitor_LdrLoadDll: returns rcNt=0x0 hMod=00007ffb95520000 'C:\WINDOWS\system32\rsaenh.dll'
818.6fc8: supR3HardenedMonitor_LdrLoadDll: returns rcNt=0x0 hMod=00007ffb972e0000 'C:\WINDOWS\System32\crypt32.dll'
818.6fc8: supR3HardenedWinVerifyCacheScheduleImports: Import todo: #0 'dwmapi.dll'.
818.6fc8: supR3HardenedWinVerifyCacheScheduleImports: Import todo: #1 'uxtheme.dll'.
818.6fc8: supR3HardenedWinVerifyCacheScheduleImports: Import todo: #2 'qt6guivbox.dll'.
818.6fc8: supR3HardenedWinVerifyCacheScheduleImports: Import todo: #3 'qt6corevbox.dll'.
818.6fc8: supR3HardenedWinVerifyCacheScheduleImports: Import todo: #5 'user32.dll'.
818.6fc8: supR3HardenedWinVerifyCacheScheduleImports: Import todo: #6 'gdi32.dll'.
818.6fc8: supR3HardenedWinVerifyCacheScheduleImports: Import todo: #7 'msvcp140.dll'.
818.6fc8: supR3HardenedWinVerifyCacheScheduleImports: Import todo: #8 'msvcp140_1.dll'.
818.6fc8: supR3HardenedWinVerifyCacheScheduleImports: Import todo: #9 'vcruntime140.dll'.
818.6fc8: supR3HardenedWinVerifyCacheScheduleImports: Import todo: #10 'vcruntime140_1.dll'.
818.6fc8: supHardenedWinVerifyImageByHandle: -> 0 (\Device\HarddiskVolume2\Program Files\Oracle\VirtualBox\Qt6WidgetsVBox.dll) WinVerifyTrust
818.6fc8: supR3HardenedWinVerifyCacheInsert: \Device\HarddiskVolume2\Program Files\Oracle\VirtualBox\Qt6WidgetsVBox.dll
818.6fc8: supR3HardenedWinVerifyCacheProcessImportTodos: Processing 'qt6guivbox.dll'...
818.6fc8: supR3HardenedWinVerifyCacheProcessImportTodos: 'qt6guivbox.dll' -> '\Device\HarddiskVolume2\Program Files\Oracle\VirtualBox\qt6guivbox.dll' [rcNtRedir=0xc0150008]
818.6fc8: supR3HardenedWinVerifyCacheProcessImportTodos: Processing 'vcruntime140_1.dll'...
818.6fc8: supR3HardenedWinVerifyCacheProcessImportTodos: 'vcruntime140_1.dll' -> '\Device\HarddiskVolume2\Windows\System32\vcruntime140_1.dll' [rcNtRedir=0xc0150008]
818.6fc8: supR3HardenedScreenImage/Imports: cache hit (VINF_SUCCESS) on \Device\HarddiskVolume2\Windows\System32\vcruntime140_1.dll
818.6fc8: supR3HardenedWinVerifyCacheProcessImportTodos: Processing 'vcruntime140.dll'...
818.6fc8: supR3HardenedWinVerifyCacheProcessImportTodos: 'vcruntime140.dll' -> '\Device\HarddiskVolume2\Windows\System32\vcruntime140.dll' [rcNtRedir=0xc0150008]
818.6fc8: supR3HardenedScreenImage/Imports: cache hit (VINF_SUCCESS) on \Device\HarddiskVolume2\Windows\System32\vcruntime140.dll
818.6fc8: supR3HardenedWinVerifyCacheProcessImportTodos: Processing 'msvcp140_1.dll'...
818.6fc8: supR3HardenedWinVerifyCacheProcessImportTodos: 'msvcp140_1.dll' -> '\Device\HarddiskVolume2\Windows\System32\msvcp140_1.dll' [rcNtRedir=0xc0150008]
818.6fc8: Detected WinVerifyTrust recursion: rc=VINF_SUCCESS '\Device\HarddiskVolume2\Windows\System32\msvcp140_1.dll'.
818.6fc8: supR3HardenedWinVerifyCacheScheduleImports: Import todo: #0 'msvcp140.dll'.
818.6fc8: supR3HardenedWinVerifyCacheScheduleImports: Import todo: #1 'vcruntime140.dll'.
818.6fc8: supHardenedWinVerifyImageByHandle: -> 0 (\Device\HarddiskVolume2\Windows\System32\msvcp140_1.dll)
818.6fc8: supR3HardenedWinVerifyCacheInsert: \Device\HarddiskVolume2\Windows\System32\msvcp140_1.dll
818.6fc8: supR3HardenedWinVerifyCacheProcessImportTodos: Processing 'msvcp140.dll'...
818.6fc8: supR3HardenedWinVerifyCacheProcessImportTodos: 'msvcp140.dll' -> '\Device\HarddiskVolume2\Windows\System32\msvcp140.dll' [rcNtRedir=0xc0150008]
818.6fc8: supR3HardenedScreenImage/Imports: cache hit (VINF_SUCCESS) on \Device\HarddiskVolume2\Windows\System32\msvcp140.dll
818.6fc8: supR3HardenedWinVerifyCacheProcessImportTodos: Processing 'gdi32.dll'...
818.6fc8: supR3HardenedWinVerifyCacheProcessImportTodos: 'gdi32.dll' -> '\Device\HarddiskVolume2\Windows\System32\gdi32.dll' [rcNtRedir=0xc0150008]
818.6fc8: supR3HardenedScreenImage/Imports: cache hit (VINF_SUCCESS) on \Device\HarddiskVolume2\Windows\System32\gdi32.dll [lacks WinVerifyTrust]
818.6fc8: supR3HardenedWinVerifyCacheProcessImportTodos: Processing 'user32.dll'...
818.6fc8: supR3HardenedWinVerifyCacheProcessImportTodos: 'user32.dll' -> '\Device\HarddiskVolume2\Windows\System32\user32.dll' [rcNtRedir=0xc0150008]
818.6fc8: supR3HardenedScreenImage/Imports: cache hit (VINF_SUCCESS) on \Device\HarddiskVolume2\Windows\System32\user32.dll [lacks WinVerifyTrust]
818.6fc8: supR3HardenedWinVerifyCacheProcessImportTodos: Processing 'qt6corevbox.dll'...
818.6fc8: supR3HardenedWinVerifyCacheProcessImportTodos: 'qt6corevbox.dll' -> '\Device\HarddiskVolume2\Program Files\Oracle\VirtualBox\qt6corevbox.dll' [rcNtRedir=0xc0150008]
818.6fc8: Detected WinVerifyTrust recursion: rc=VINF_SUCCESS '\Device\HarddiskVolume2\Program Files\Oracle\VirtualBox\Qt6CoreVBox.dll'.
818.6fc8: supR3HardenedWinVerifyCacheScheduleImports: Import todo: #1 'mpr.dll'.
818.6fc8: supR3HardenedWinVerifyCacheScheduleImports: Import todo: #2 'userenv.dll'.
818.6fc8: supR3HardenedWinVerifyCacheScheduleImports: Import todo: #3 'advapi32.dll'.
818.6fc8: supR3HardenedWinVerifyCacheScheduleImports: Import todo: #4 'authz.dll'.
818.6fc8: supR3HardenedWinVerifyCacheScheduleImports: Import todo: #6 'netapi32.dll'.
818.6fc8: supR3HardenedWinVerifyCacheScheduleImports: Import todo: #7 'ole32.dll'.
818.6fc8: supR3HardenedWinVerifyCacheScheduleImports: Import todo: #8 'shell32.dll'.
818.6fc8: supR3HardenedWinVerifyCacheScheduleImports: Import todo: #9 'user32.dll'.
818.6fc8: supR3HardenedWinVerifyCacheScheduleImports: Import todo: #10 'version.dll'.
818.6fc8: supR3HardenedWinVerifyCacheScheduleImports: Import todo: #11 'winmm.dll'.
818.6fc8: supR3HardenedWinVerifyCacheScheduleImports: Import todo: #12 'ws2_32.dll'.
818.6fc8: supR3HardenedWinVerifyCacheScheduleImports: Import todo: #13 'msvcp140.dll'.
818.6fc8: supR3HardenedWinVerifyCacheScheduleImports: Import todo: #14 'msvcp140_1.dll'.
818.6fc8: supR3HardenedWinVerifyCacheScheduleImports: Import todo: #15 'vcruntime140_1.dll'.
818.6fc8: supR3HardenedWinVerifyCacheScheduleImports: Import todo: #16 'vcruntime140.dll'.
818.6fc8: supHardenedWinVerifyImageByHandle: -> 0 (\Device\HarddiskVolume2\Program Files\Oracle\VirtualBox\Qt6CoreVBox.dll)
818.6fc8: supR3HardenedWinVerifyCacheInsert: \Device\HarddiskVolume2\Program Files\Oracle\VirtualBox\Qt6CoreVBox.dll
818.6fc8: supR3HardenedWinVerifyCacheProcessImportTodos: Processing 'qt6guivbox.dll'...
818.6fc8: supR3HardenedWinVerifyCacheProcessImportTodos: 'qt6guivbox.dll' -> '\Device\HarddiskVolume2\Program Files\Oracle\VirtualBox\qt6guivbox.dll' [rcNtRedir=0xc0150008]
818.6fc8: Detected WinVerifyTrust recursion: rc=VINF_SUCCESS '\Device\HarddiskVolume2\Program Files\Oracle\VirtualBox\Qt6GuiVBox.dll'.
818.6fc8: supR3HardenedWinVerifyCacheScheduleImports: Import todo: #0 'd3d11.dll'.
818.6fc8: supR3HardenedWinVerifyCacheScheduleImports: Import todo: #1 'dxgi.dll'.
818.6fc8: supR3HardenedWinVerifyCacheScheduleImports: Import todo: #2 'd3d12.dll'.
818.6fc8: supR3HardenedWinVerifyCacheScheduleImports: Import todo: #3 'gdi32.dll'.
818.6fc8: supR3HardenedWinVerifyCacheScheduleImports: Import todo: #4 'ole32.dll'.
818.6fc8: supR3HardenedWinVerifyCacheScheduleImports: Import todo: #5 'shell32.dll'.
818.6fc8: supR3HardenedWinVerifyCacheScheduleImports: Import todo: #6 'user32.dll'.
818.6fc8: supR3HardenedWinVerifyCacheScheduleImports: Import todo: #7 'uxtheme.dll'.
818.6fc8: supR3HardenedWinVerifyCacheScheduleImports: Import todo: #8 'dwrite.dll'.
818.6fc8: supR3HardenedWinVerifyCacheScheduleImports: Import todo: #9 'qt6corevbox.dll'.
818.6fc8: supR3HardenedWinVerifyCacheScheduleImports: Import todo: #11 'msvcp140.dll'.
818.6fc8: supR3HardenedWinVerifyCacheScheduleImports: Import todo: #12 'msvcp140_1.dll'.
818.6fc8: supR3HardenedWinVerifyCacheScheduleImports: Import todo: #13 'msvcp140_2.dll'.
818.6fc8: supR3HardenedWinVerifyCacheScheduleImports: Import todo: #14 'vcruntime140.dll'.
818.6fc8: supR3HardenedWinVerifyCacheScheduleImports: Import todo: #15 'vcruntime140_1.dll'.
818.6fc8: supHardenedWinVerifyImageByHandle: -> 0 (\Device\HarddiskVolume2\Program Files\Oracle\VirtualBox\Qt6GuiVBox.dll)
818.6fc8: supR3HardenedWinVerifyCacheInsert: \Device\HarddiskVolume2\Program Files\Oracle\VirtualBox\Qt6GuiVBox.dll
818.6fc8: supR3HardenedWinVerifyCacheProcessImportTodos: Processing 'uxtheme.dll'...
818.6fc8: supR3HardenedWinVerifyCacheProcessImportTodos: 'uxtheme.dll' -> '\Device\HarddiskVolume2\Windows\System32\uxtheme.dll' [rcNtRedir=0xc0150008]
818.6fc8: Detected WinVerifyTrust recursion: rc=22900 '\Device\HarddiskVolume2\Windows\System32\uxtheme.dll'.
818.6fc8: supR3HardenedWinVerifyCacheScheduleImports: Import todo: #39 'gdi32.dll'.
818.6fc8: supR3HardenedWinVerifyCacheScheduleImports: Import todo: #40 'user32.dll'.
818.6fc8: supHardenedWinVerifyImageByHandle: -> 22900 (\Device\HarddiskVolume2\Windows\System32\uxtheme.dll)
818.6fc8: supR3HardenedWinVerifyCacheInsert: \Device\HarddiskVolume2\Windows\System32\uxtheme.dll
818.6fc8: supR3HardenedWinVerifyCacheProcessImportTodos: Processing 'dwmapi.dll'...
818.6fc8: supR3HardenedWinVerifyCacheProcessImportTodos: 'dwmapi.dll' -> '\Device\HarddiskVolume2\Windows\System32\dwmapi.dll' [rcNtRedir=0xc0150008]
818.6fc8: Detected WinVerifyTrust recursion: rc=VINF_SUCCESS '\Device\HarddiskVolume2\Windows\System32\dwmapi.dll'.
818.6fc8: supR3HardenedWinVerifyCacheScheduleImports: Import todo: #24 'win32u.dll'.
818.6fc8: supR3HardenedWinVerifyCacheScheduleImports: Import todo: #25 'user32.dll'.
818.6fc8: supR3HardenedWinVerifyCacheScheduleImports: Import todo: #26 'gdi32.dll'.
818.6fc8: supHardenedWinVerifyImageByHandle: -> 0 (\Device\HarddiskVolume2\Windows\System32\dwmapi.dll)
818.6fc8: supR3HardenedWinVerifyCacheInsert: \Device\HarddiskVolume2\Windows\System32\dwmapi.dll
818.6fc8: supR3HardenedWinVerifyCacheProcessImportTodos: Processing 'gdi32.dll'...
818.6fc8: supR3HardenedWinVerifyCacheProcessImportTodos: 'gdi32.dll' -> '\Device\HarddiskVolume2\Windows\System32\gdi32.dll' [rcNtRedir=0xc0150008]
818.6fc8: supR3HardenedScreenImage/Imports: cache hit (VINF_SUCCESS) on \Device\HarddiskVolume2\Windows\System32\gdi32.dll [lacks WinVerifyTrust]
818.6fc8: supR3HardenedWinVerifyCacheProcessImportTodos: Processing 'user32.dll'...
818.6fc8: supR3HardenedWinVerifyCacheProcessImportTodos: 'user32.dll' -> '\Device\HarddiskVolume2\Windows\System32\user32.dll' [rcNtRedir=0xc0150008]
818.6fc8: supR3HardenedScreenImage/Imports: cache hit (VINF_SUCCESS) on \Device\HarddiskVolume2\Windows\System32\user32.dll [lacks WinVerifyTrust]
818.6fc8: supR3HardenedWinVerifyCacheProcessImportTodos: Processing 'win32u.dll'...
818.6fc8: supR3HardenedWinVerifyCacheProcessImportTodos: 'win32u.dll' -> '\Device\HarddiskVolume2\Windows\System32\win32u.dll' [rcNtRedir=0xc0150008]
818.6fc8: supR3HardenedScreenImage/Imports: cache hit (VINF_SUCCESS) on \Device\HarddiskVolume2\Windows\System32\win32u.dll [lacks WinVerifyTrust]
818.6fc8: supR3HardenedWinVerifyCacheProcessImportTodos: Processing 'user32.dll'...
818.6fc8: supR3HardenedWinVerifyCacheProcessImportTodos: 'user32.dll' -> '\Device\HarddiskVolume2\Windows\System32\user32.dll' [rcNtRedir=0xc0150008]
818.6fc8: supR3HardenedScreenImage/Imports: cache hit (VINF_SUCCESS) on \Device\HarddiskVolume2\Windows\System32\user32.dll [lacks WinVerifyTrust]
818.6fc8: supR3HardenedWinVerifyCacheProcessImportTodos: Processing 'gdi32.dll'...
818.6fc8: supR3HardenedWinVerifyCacheProcessImportTodos: 'gdi32.dll' -> '\Device\HarddiskVolume2\Windows\System32\gdi32.dll' [rcNtRedir=0xc0150008]
818.6fc8: supR3HardenedScreenImage/Imports: cache hit (VINF_SUCCESS) on \Device\HarddiskVolume2\Windows\System32\gdi32.dll [lacks WinVerifyTrust]
818.6fc8: supR3HardenedWinVerifyCacheProcessImportTodos: Processing 'vcruntime140_1.dll'...
818.6fc8: supR3HardenedWinVerifyCacheProcessImportTodos: 'vcruntime140_1.dll' -> '\Device\HarddiskVolume2\Windows\System32\vcruntime140_1.dll' [rcNtRedir=0xc0150008]
818.6fc8: supR3HardenedScreenImage/Imports: cache hit (VINF_SUCCESS) on \Device\HarddiskVolume2\Windows\System32\vcruntime140_1.dll
818.6fc8: supR3HardenedWinVerifyCacheProcessImportTodos: Processing 'vcruntime140.dll'...
818.6fc8: supR3HardenedWinVerifyCacheProcessImportTodos: 'vcruntime140.dll' -> '\Device\HarddiskVolume2\Windows\System32\vcruntime140.dll' [rcNtRedir=0xc0150008]
818.6fc8: supR3HardenedScreenImage/Imports: cache hit (VINF_SUCCESS) on \Device\HarddiskVolume2\Windows\System32\vcruntime140.dll
818.6fc8: supR3HardenedWinVerifyCacheProcessImportTodos: Processing 'msvcp140_2.dll'...
818.6fc8: supR3HardenedWinVerifyCacheProcessImportTodos: 'msvcp140_2.dll' -> '\Device\HarddiskVolume2\Windows\System32\msvcp140_2.dll' [rcNtRedir=0xc0150008]
818.6fc8: Detected WinVerifyTrust recursion: rc=VINF_SUCCESS '\Device\HarddiskVolume2\Windows\System32\msvcp140_2.dll'.
818.6fc8: supR3HardenedWinVerifyCacheScheduleImports: Import todo: #0 'msvcp140.dll'.
818.6fc8: supR3HardenedWinVerifyCacheScheduleImports: Import todo: #1 'vcruntime140.dll'.
818.6fc8: supR3HardenedWinVerifyCacheScheduleImports: Import todo: #2 'vcruntime140_1.dll'.
818.6fc8: supHardenedWinVerifyImageByHandle: -> 0 (\Device\HarddiskVolume2\Windows\System32\msvcp140_2.dll)
818.6fc8: supR3HardenedWinVerifyCacheInsert: \Device\HarddiskVolume2\Windows\System32\msvcp140_2.dll
818.6fc8: supR3HardenedWinVerifyCacheProcessImportTodos: Processing 'msvcp140_1.dll'...
818.6fc8: supR3HardenedWinVerifyCacheProcessImportTodos: 'msvcp140_1.dll' -> '\Device\HarddiskVolume2\Windows\System32\msvcp140_1.dll' [rcNtRedir=0xc0150008]
818.6fc8: supR3HardenedScreenImage/Imports: cache hit (VINF_SUCCESS) on \Device\HarddiskVolume2\Windows\System32\msvcp140_1.dll [lacks WinVerifyTrust]
818.6fc8: supR3HardenedWinVerifyCacheProcessImportTodos: Processing 'msvcp140.dll'...
818.6fc8: supR3HardenedWinVerifyCacheProcessImportTodos: 'msvcp140.dll' -> '\Device\HarddiskVolume2\Windows\System32\msvcp140.dll' [rcNtRedir=0xc0150008]
818.6fc8: supR3HardenedScreenImage/Imports: cache hit (VINF_SUCCESS) on \Device\HarddiskVolume2\Windows\System32\msvcp140.dll
818.6fc8: supR3HardenedWinVerifyCacheProcessImportTodos: Processing 'qt6corevbox.dll'...
818.6fc8: supR3HardenedWinVerifyCacheProcessImportTodos: 'qt6corevbox.dll' -> '\Device\HarddiskVolume2\Program Files\Oracle\VirtualBox\qt6corevbox.dll' [rcNtRedir=0xc0150008]
818.6fc8: supR3HardenedScreenImage/Imports: cache hit (VINF_SUCCESS) on \Device\HarddiskVolume2\Program Files\Oracle\VirtualBox\Qt6CoreVBox.dll [lacks WinVerifyTrust]
818.6fc8: supR3HardenedWinVerifyCacheProcessImportTodos: Processing 'dwrite.dll'...
818.6fc8: supR3HardenedWinVerifyCacheProcessImportTodos: 'dwrite.dll' -> '\Device\HarddiskVolume2\Windows\System32\dwrite.dll' [rcNtRedir=0xc0150008]
818.6fc8: Detected WinVerifyTrust recursion: rc=22900 '\Device\HarddiskVolume2\Windows\System32\DWrite.dll'.
818.6fc8: supR3HardenedWinVerifyCacheScheduleImports: Import todo: #22 'rpcrt4.dll'.
818.6fc8: supR3HardenedWinVerifyCacheScheduleImports: Import todo: #28 'msvcp_win.dll'.
818.6fc8: supHardenedWinVerifyImageByHandle: -> 22900 (\Device\HarddiskVolume2\Windows\System32\DWrite.dll)
818.6fc8: supR3HardenedWinVerifyCacheInsert: \Device\HarddiskVolume2\Windows\System32\DWrite.dll
818.6fc8: supR3HardenedWinVerifyCacheProcessImportTodos: Processing 'uxtheme.dll'...
818.6fc8: supR3HardenedWinVerifyCacheProcessImportTodos: 'uxtheme.dll' -> '\Device\HarddiskVolume2\Windows\System32\uxtheme.dll' [rcNtRedir=0xc0150008]
818.6fc8: supR3HardenedScreenImage/Imports: cache hit (22900) on \Device\HarddiskVolume2\Windows\System32\uxtheme.dll [lacks WinVerifyTrust]
818.6fc8: supR3HardenedWinVerifyCacheProcessImportTodos: Processing 'user32.dll'...
818.6fc8: supR3HardenedWinVerifyCacheProcessImportTodos: 'user32.dll' -> '\Device\HarddiskVolume2\Windows\System32\user32.dll' [rcNtRedir=0xc0150008]
818.6fc8: supR3HardenedScreenImage/Imports: cache hit (VINF_SUCCESS) on \Device\HarddiskVolume2\Windows\System32\user32.dll [lacks WinVerifyTrust]
818.6fc8: supR3HardenedWinVerifyCacheProcessImportTodos: Processing 'shell32.dll'...
818.6fc8: supR3HardenedWinVerifyCacheProcessImportTodos: 'shell32.dll' -> '\Device\HarddiskVolume2\Windows\System32\shell32.dll' [rcNtRedir=0xc0150008]
818.6fc8: Detected WinVerifyTrust recursion: rc=VINF_SUCCESS '\Device\HarddiskVolume2\Windows\System32\shell32.dll'.
818.6fc8: supR3HardenedWinVerifyCacheScheduleImports: Import todo: #0 'msvcp_win.dll'.
818.6fc8: supR3HardenedWinVerifyCacheScheduleImports: Import todo: #70 'user32.dll'.
818.6fc8: supR3HardenedWinVerifyCacheScheduleImports: Import todo: #72 'gdi32.dll'.
818.6fc8: supHardenedWinVerifyImageByHandle: -> 0 (\Device\HarddiskVolume2\Windows\System32\shell32.dll)
818.6fc8: supR3HardenedWinVerifyCacheInsert: \Device\HarddiskVolume2\Windows\System32\shell32.dll
818.6fc8: supR3HardenedWinVerifyCacheProcessImportTodos: Processing 'ole32.dll'...
818.6fc8: supR3HardenedWinVerifyCacheProcessImportTodos: 'ole32.dll' -> '\Device\HarddiskVolume2\Windows\System32\ole32.dll' [rcNtRedir=0xc0150008]
818.6fc8: supR3HardenedScreenImage/Imports: cache hit (VINF_SUCCESS) on \Device\HarddiskVolume2\Windows\System32\ole32.dll
818.6fc8: supR3HardenedWinVerifyCacheProcessImportTodos: Processing 'gdi32.dll'...
818.6fc8: supR3HardenedWinVerifyCacheProcessImportTodos: 'gdi32.dll' -> '\Device\HarddiskVolume2\Windows\System32\gdi32.dll' [rcNtRedir=0xc0150008]
818.6fc8: supR3HardenedScreenImage/Imports: cache hit (VINF_SUCCESS) on \Device\HarddiskVolume2\Windows\System32\gdi32.dll [lacks WinVerifyTrust]
818.6fc8: supR3HardenedWinVerifyCacheProcessImportTodos: Processing 'd3d12.dll'...
818.6fc8: supR3HardenedWinVerifyCacheProcessImportTodos: 'd3d12.dll' -> '\Device\HarddiskVolume2\Windows\System32\d3d12.dll' [rcNtRedir=0xc0150008]
818.6fc8: Detected WinVerifyTrust recursion: rc=VINF_SUCCESS '\Device\HarddiskVolume2\Windows\System32\D3D12.dll'.
818.6fc8: supR3HardenedWinVerifyCacheScheduleImports: Import todo: #0 'msvcp_win.dll'.
818.6fc8: supHardenedWinVerifyImageByHandle: -> 0 (\Device\HarddiskVolume2\Windows\System32\D3D12.dll)
818.6fc8: supR3HardenedWinVerifyCacheInsert: \Device\HarddiskVolume2\Windows\System32\D3D12.dll
818.6fc8: supR3HardenedWinVerifyCacheProcessImportTodos: Processing 'dxgi.dll'...
818.6fc8: supR3HardenedWinVerifyCacheProcessImportTodos: 'dxgi.dll' -> '\Device\HarddiskVolume2\Windows\System32\dxgi.dll' [rcNtRedir=0xc0150008]
818.6fc8: Detected WinVerifyTrust recursion: rc=VINF_SUCCESS '\Device\HarddiskVolume2\Windows\System32\dxgi.dll'.
818.6fc8: supR3HardenedWinVerifyCacheScheduleImports: Import todo: #0 'msvcp_win.dll'.
818.6fc8: supR3HardenedWinVerifyCacheScheduleImports: Import todo: #6 'win32u.dll'.
818.6fc8: supHardenedWinVerifyImageByHandle: -> 0 (\Device\HarddiskVolume2\Windows\System32\dxgi.dll)
818.6fc8: supR3HardenedWinVerifyCacheInsert: \Device\HarddiskVolume2\Windows\System32\dxgi.dll
818.6fc8: supR3HardenedWinVerifyCacheProcessImportTodos: Processing 'd3d11.dll'...
818.6fc8: supR3HardenedWinVerifyCacheProcessImportTodos: 'd3d11.dll' -> '\Device\HarddiskVolume2\Windows\System32\d3d11.dll' [rcNtRedir=0xc0150008]
818.6fc8: Detected WinVerifyTrust recursion: rc=VINF_SUCCESS '\Device\HarddiskVolume2\Windows\System32\d3d11.dll'.
818.6fc8: supR3HardenedWinVerifyCacheScheduleImports: Import todo: #0 'msvcp_win.dll'.
818.6fc8: supR3HardenedWinVerifyCacheScheduleImports: Import todo: #29 'dxgi.dll'.
818.6fc8: supR3HardenedWinVerifyCacheScheduleImports: Import todo: #31 'win32u.dll'.
818.6fc8: supHardenedWinVerifyImageByHandle: -> 0 (\Device\HarddiskVolume2\Windows\System32\d3d11.dll)
818.6fc8: supR3HardenedWinVerifyCacheInsert: \Device\HarddiskVolume2\Windows\System32\d3d11.dll
818.6fc8: supR3HardenedWinVerifyCacheProcessImportTodos: Processing 'vcruntime140.dll'...
818.6fc8: supR3HardenedWinVerifyCacheProcessImportTodos: 'vcruntime140.dll' -> '\Device\HarddiskVolume2\Windows\System32\vcruntime140.dll' [rcNtRedir=0xc0150008]
818.6fc8: supR3HardenedWinVerifyCacheProcessImportTodos: Processing 'vcruntime140_1.dll'...
818.6fc8: supR3HardenedWinVerifyCacheProcessImportTodos: 'vcruntime140_1.dll' -> '\Device\HarddiskVolume2\Windows\System32\vcruntime140_1.dll' [rcNtRedir=0xc0150008]
818.6fc8: supR3HardenedScreenImage/Imports: cache hit (VINF_SUCCESS) on \Device\HarddiskVolume2\Windows\System32\vcruntime140_1.dll
818.6fc8: supR3HardenedWinVerifyCacheProcessImportTodos: Processing 'msvcp140_1.dll'...
818.6fc8: supR3HardenedWinVerifyCacheProcessImportTodos: 'msvcp140_1.dll' -> '\Device\HarddiskVolume2\Windows\System32\msvcp140_1.dll' [rcNtRedir=0xc0150008]
818.6fc8: supR3HardenedScreenImage/Imports: cache hit (VINF_SUCCESS) on \Device\HarddiskVolume2\Windows\System32\msvcp140_1.dll [lacks WinVerifyTrust]
818.6fc8: supR3HardenedWinVerifyCacheProcessImportTodos: Processing 'msvcp140.dll'...
818.6fc8: supR3HardenedWinVerifyCacheProcessImportTodos: 'msvcp140.dll' -> '\Device\HarddiskVolume2\Windows\System32\msvcp140.dll' [rcNtRedir=0xc0150008]
818.6fc8: supR3HardenedScreenImage/Imports: cache hit (VINF_SUCCESS) on \Device\HarddiskVolume2\Windows\System32\msvcp140.dll
818.6fc8: supR3HardenedWinVerifyCacheProcessImportTodos: Processing 'ws2_32.dll'...
818.6fc8: supR3HardenedWinVerifyCacheProcessImportTodos: 'ws2_32.dll' -> '\Device\HarddiskVolume2\Windows\System32\ws2_32.dll' [rcNtRedir=0xc0150008]
818.6fc8: supR3HardenedScreenImage/Imports: cache hit (VINF_SUCCESS) on \Device\HarddiskVolume2\Windows\System32\ws2_32.dll
818.6fc8: supR3HardenedWinVerifyCacheProcessImportTodos: Processing 'winmm.dll'...
818.6fc8: supR3HardenedWinVerifyCacheProcessImportTodos: 'winmm.dll' -> '\Device\HarddiskVolume2\Windows\System32\winmm.dll' [rcNtRedir=0xc0150008]
818.6fc8: supR3HardenedScreenImage/Imports: cache hit (VINF_SUCCESS) on \Device\HarddiskVolume2\Windows\System32\winmm.dll
818.6fc8: supR3HardenedWinVerifyCacheProcessImportTodos: Processing 'version.dll'...
818.6fc8: supR3HardenedWinVerifyCacheProcessImportTodos: 'version.dll' -> '\Device\HarddiskVolume2\Windows\System32\version.dll' [rcNtRedir=0xc0150008]
818.6fc8: Detected WinVerifyTrust recursion: rc=VINF_SUCCESS '\Device\HarddiskVolume2\Windows\System32\version.dll'.
818.6fc8: supR3HardenedWinVerifyCacheScheduleImports: Import todo: #0 'msvcrt.dll'.
818.6fc8: supHardenedWinVerifyImageByHandle: -> 0 (\Device\HarddiskVolume2\Windows\System32\version.dll)
818.6fc8: supR3HardenedWinVerifyCacheInsert: \Device\HarddiskVolume2\Windows\System32\version.dll
818.6fc8: supR3HardenedWinVerifyCacheProcessImportTodos: Processing 'user32.dll'...
818.6fc8: supR3HardenedWinVerifyCacheProcessImportTodos: 'user32.dll' -> '\Device\HarddiskVolume2\Windows\System32\user32.dll' [rcNtRedir=0xc0150008]
818.6fc8: supR3HardenedScreenImage/Imports: cache hit (VINF_SUCCESS) on \Device\HarddiskVolume2\Windows\System32\user32.dll [lacks WinVerifyTrust]
818.6fc8: supR3HardenedWinVerifyCacheProcessImportTodos: Processing 'shell32.dll'...
818.6fc8: supR3HardenedWinVerifyCacheProcessImportTodos: 'shell32.dll' -> '\Device\HarddiskVolume2\Windows\System32\shell32.dll' [rcNtRedir=0xc0150008]
818.6fc8: supR3HardenedScreenImage/Imports: cache hit (VINF_SUCCESS) on \Device\HarddiskVolume2\Windows\System32\shell32.dll [lacks WinVerifyTrust]
818.6fc8: supR3HardenedWinVerifyCacheProcessImportTodos: Processing 'ole32.dll'...
818.6fc8: supR3HardenedWinVerifyCacheProcessImportTodos: 'ole32.dll' -> '\Device\HarddiskVolume2\Windows\System32\ole32.dll' [rcNtRedir=0xc0150008]
818.6fc8: supR3HardenedScreenImage/Imports: cache hit (VINF_SUCCESS) on \Device\HarddiskVolume2\Windows\System32\ole32.dll
818.6fc8: supR3HardenedWinVerifyCacheProcessImportTodos: Processing 'netapi32.dll'...
818.6fc8: supR3HardenedWinVerifyCacheProcessImportTodos: 'netapi32.dll' -> '\Device\HarddiskVolume2\Windows\System32\netapi32.dll' [rcNtRedir=0xc0150008]
818.6fc8: Detected WinVerifyTrust recursion: rc=VINF_SUCCESS '\Device\HarddiskVolume2\Windows\System32\netapi32.dll'.
818.6fc8: supR3HardenedWinVerifyCacheScheduleImports: Import todo: #0 'msvcrt.dll'.
818.6fc8: supHardenedWinVerifyImageByHandle: -> 0 (\Device\HarddiskVolume2\Windows\System32\netapi32.dll)
818.6fc8: supR3HardenedWinVerifyCacheInsert: \Device\HarddiskVolume2\Windows\System32\netapi32.dll
818.6fc8: supR3HardenedWinVerifyCacheProcessImportTodos: Processing 'authz.dll'...
818.6fc8: supR3HardenedWinVerifyCacheProcessImportTodos: 'authz.dll' -> '\Device\HarddiskVolume2\Windows\System32\authz.dll' [rcNtRedir=0xc0150008]
818.6fc8: Detected WinVerifyTrust recursion: rc=22900 '\Device\HarddiskVolume2\Windows\System32\authz.dll'.
818.6fc8: supHardenedWinVerifyImageByHandle: -> 22900 (\Device\HarddiskVolume2\Windows\System32\authz.dll)
818.6fc8: supR3HardenedWinVerifyCacheInsert: \Device\HarddiskVolume2\Windows\System32\authz.dll
818.6fc8: supR3HardenedWinVerifyCacheProcessImportTodos: Processing 'advapi32.dll'...
818.6fc8: supR3HardenedWinVerifyCacheProcessImportTodos: 'advapi32.dll' -> '\Device\HarddiskVolume2\Windows\System32\advapi32.dll' [rcNtRedir=0xc0150008]
818.6fc8: supR3HardenedScreenImage/Imports: cache hit (VINF_SUCCESS) on \Device\HarddiskVolume2\Windows\System32\advapi32.dll
818.6fc8: supR3HardenedWinVerifyCacheProcessImportTodos: Processing 'userenv.dll'...
818.6fc8: supR3HardenedWinVerifyCacheProcessImportTodos: 'userenv.dll' -> '\Device\HarddiskVolume2\Windows\System32\userenv.dll' [rcNtRedir=0xc0150008]
818.6fc8: Detected WinVerifyTrust recursion: rc=VINF_SUCCESS '\Device\HarddiskVolume2\Windows\System32\userenv.dll'.
818.6fc8: supR3HardenedWinVerifyCacheScheduleImports: Import todo: #15 'rpcrt4.dll'.
818.6fc8: supHardenedWinVerifyImageByHandle: -> 0 (\Device\HarddiskVolume2\Windows\System32\userenv.dll)
818.6fc8: supR3HardenedWinVerifyCacheInsert: \Device\HarddiskVolume2\Windows\System32\userenv.dll
818.6fc8: supR3HardenedWinVerifyCacheProcessImportTodos: Processing 'mpr.dll'...
818.6fc8: supR3HardenedWinVerifyCacheProcessImportTodos: 'mpr.dll' -> '\Device\HarddiskVolume2\Windows\System32\mpr.dll' [rcNtRedir=0xc0150008]
818.6fc8: supR3HardenedScreenImage/Imports: cache hit (VINF_SUCCESS) on \Device\HarddiskVolume2\Windows\System32\mpr.dll
818.6fc8: supR3HardenedWinVerifyCacheProcessImportTodos: Processing 'vcruntime140.dll'...
818.6fc8: supR3HardenedWinVerifyCacheProcessImportTodos: 'vcruntime140.dll' -> '\Device\HarddiskVolume2\Windows\System32\vcruntime140.dll' [rcNtRedir=0xc0150008]
818.6fc8: supR3HardenedWinVerifyCacheProcessImportTodos: Processing 'msvcp140.dll'...
818.6fc8: supR3HardenedWinVerifyCacheProcessImportTodos: 'msvcp140.dll' -> '\Device\HarddiskVolume2\Windows\System32\msvcp140.dll' [rcNtRedir=0xc0150008]
818.6fc8: supR3HardenedScreenImage/Imports: cache hit (VINF_SUCCESS) on \Device\HarddiskVolume2\Windows\System32\msvcp140.dll
818.6fc8: supR3HardenedWinVerifyCacheProcessImportTodos: Processing 'rpcrt4.dll'...
818.6fc8: supR3HardenedWinVerifyCacheProcessImportTodos: 'rpcrt4.dll' -> '\Device\HarddiskVolume2\Windows\System32\rpcrt4.dll' [rcNtRedir=0xc0150008]
818.6fc8: supR3HardenedWinVerifyCacheProcessImportTodos: Processing 'msvcrt.dll'...
818.6fc8: supR3HardenedWinVerifyCacheProcessImportTodos: 'msvcrt.dll' -> '\Device\HarddiskVolume2\Windows\System32\msvcrt.dll' [rcNtRedir=0xc0150008]
818.6fc8: supR3HardenedScreenImage/Imports: cache hit (VINF_SUCCESS) on \Device\HarddiskVolume2\Windows\System32\msvcrt.dll
818.6fc8: supR3HardenedWinVerifyCacheProcessImportTodos: Processing 'msvcrt.dll'...
818.6fc8: supR3HardenedWinVerifyCacheProcessImportTodos: 'msvcrt.dll' -> '\Device\HarddiskVolume2\Windows\System32\msvcrt.dll' [rcNtRedir=0xc0150008]
818.6fc8: supR3HardenedScreenImage/Imports: cache hit (VINF_SUCCESS) on \Device\HarddiskVolume2\Windows\System32\msvcrt.dll
818.6fc8: supR3HardenedWinVerifyCacheProcessImportTodos: Processing 'win32u.dll'...
818.6fc8: supR3HardenedWinVerifyCacheProcessImportTodos: 'win32u.dll' -> '\Device\HarddiskVolume2\Windows\System32\win32u.dll' [rcNtRedir=0xc0150008]
818.6fc8: supR3HardenedScreenImage/Imports: cache hit (VINF_SUCCESS) on \Device\HarddiskVolume2\Windows\System32\win32u.dll [lacks WinVerifyTrust]
818.6fc8: supR3HardenedWinVerifyCacheProcessImportTodos: Processing 'dxgi.dll'...
818.6fc8: supR3HardenedWinVerifyCacheProcessImportTodos: 'dxgi.dll' -> '\Device\HarddiskVolume2\Windows\System32\dxgi.dll' [rcNtRedir=0xc0150008]
818.6fc8: supR3HardenedScreenImage/Imports: cache hit (VINF_SUCCESS) on \Device\HarddiskVolume2\Windows\System32\dxgi.dll [lacks WinVerifyTrust]
818.6fc8: supR3HardenedWinVerifyCacheProcessImportTodos: Processing 'msvcp_win.dll'...
818.6fc8: supR3HardenedWinVerifyCacheProcessImportTodos: 'msvcp_win.dll' -> '\Device\HarddiskVolume2\Windows\System32\msvcp_win.dll' [rcNtRedir=0xc0150008]
818.6fc8: supR3HardenedScreenImage/Imports: cache hit (VINF_SUCCESS) on \Device\HarddiskVolume2\Windows\System32\msvcp_win.dll [lacks WinVerifyTrust]
818.6fc8: supR3HardenedWinVerifyCacheProcessImportTodos: Processing 'win32u.dll'...
818.6fc8: supR3HardenedWinVerifyCacheProcessImportTodos: 'win32u.dll' -> '\Device\HarddiskVolume2\Windows\System32\win32u.dll' [rcNtRedir=0xc0150008]
818.6fc8: supR3HardenedScreenImage/Imports: cache hit (VINF_SUCCESS) on \Device\HarddiskVolume2\Windows\System32\win32u.dll [lacks WinVerifyTrust]
818.6fc8: supR3HardenedWinVerifyCacheProcessImportTodos: Processing 'msvcp_win.dll'...
818.6fc8: supR3HardenedWinVerifyCacheProcessImportTodos: 'msvcp_win.dll' -> '\Device\HarddiskVolume2\Windows\System32\msvcp_win.dll' [rcNtRedir=0xc0150008]
818.6fc8: supR3HardenedScreenImage/Imports: cache hit (VINF_SUCCESS) on \Device\HarddiskVolume2\Windows\System32\msvcp_win.dll [lacks WinVerifyTrust]
818.6fc8: supR3HardenedWinVerifyCacheProcessImportTodos: Processing 'msvcp_win.dll'...
818.6fc8: supR3HardenedWinVerifyCacheProcessImportTodos: 'msvcp_win.dll' -> '\Device\HarddiskVolume2\Windows\System32\msvcp_win.dll' [rcNtRedir=0xc0150008]
818.6fc8: supR3HardenedScreenImage/Imports: cache hit (VINF_SUCCESS) on \Device\HarddiskVolume2\Windows\System32\msvcp_win.dll [lacks WinVerifyTrust]
818.6fc8: supR3HardenedWinVerifyCacheProcessImportTodos: Processing 'gdi32.dll'...
818.6fc8: supR3HardenedWinVerifyCacheProcessImportTodos: 'gdi32.dll' -> '\Device\HarddiskVolume2\Windows\System32\gdi32.dll' [rcNtRedir=0xc0150008]
818.6fc8: supR3HardenedScreenImage/Imports: cache hit (VINF_SUCCESS) on \Device\HarddiskVolume2\Windows\System32\gdi32.dll [lacks WinVerifyTrust]
818.6fc8: supR3HardenedWinVerifyCacheProcessImportTodos: Processing 'user32.dll'...
818.6fc8: supR3HardenedWinVerifyCacheProcessImportTodos: 'user32.dll' -> '\Device\HarddiskVolume2\Windows\System32\user32.dll' [rcNtRedir=0xc0150008]
818.6fc8: supR3HardenedScreenImage/Imports: cache hit (VINF_SUCCESS) on \Device\HarddiskVolume2\Windows\System32\user32.dll [lacks WinVerifyTrust]
818.6fc8: supR3HardenedWinVerifyCacheProcessImportTodos: Processing 'msvcp_win.dll'...
818.6fc8: supR3HardenedWinVerifyCacheProcessImportTodos: 'msvcp_win.dll' -> '\Device\HarddiskVolume2\Windows\System32\msvcp_win.dll' [rcNtRedir=0xc0150008]
818.6fc8: supR3HardenedScreenImage/Imports: cache hit (VINF_SUCCESS) on \Device\HarddiskVolume2\Windows\System32\msvcp_win.dll [lacks WinVerifyTrust]
818.6fc8: supR3HardenedWinVerifyCacheProcessImportTodos: Processing 'msvcp_win.dll'...
818.6fc8: supR3HardenedWinVerifyCacheProcessImportTodos: 'msvcp_win.dll' -> '\Device\HarddiskVolume2\Windows\System32\msvcp_win.dll' [rcNtRedir=0xc0150008]
818.6fc8: supR3HardenedScreenImage/Imports: cache hit (VINF_SUCCESS) on \Device\HarddiskVolume2\Windows\System32\msvcp_win.dll [lacks WinVerifyTrust]
818.6fc8: supR3HardenedWinVerifyCacheProcessImportTodos: Processing 'rpcrt4.dll'...
818.6fc8: supR3HardenedWinVerifyCacheProcessImportTodos: 'rpcrt4.dll' -> '\Device\HarddiskVolume2\Windows\System32\rpcrt4.dll' [rcNtRedir=0xc0150008]
818.6fc8: supR3HardenedWinVerifyCacheProcessImportTodos: Processing 'vcruntime140_1.dll'...
818.6fc8: supR3HardenedWinVerifyCacheProcessImportTodos: 'vcruntime140_1.dll' -> '\Device\HarddiskVolume2\Windows\System32\vcruntime140_1.dll' [rcNtRedir=0xc0150008]
818.6fc8: supR3HardenedScreenImage/Imports: cache hit (VINF_SUCCESS) on \Device\HarddiskVolume2\Windows\System32\vcruntime140_1.dll
818.6fc8: supR3HardenedWinVerifyCacheProcessImportTodos: Processing 'vcruntime140.dll'...
818.6fc8: supR3HardenedWinVerifyCacheProcessImportTodos: 'vcruntime140.dll' -> '\Device\HarddiskVolume2\Windows\System32\vcruntime140.dll' [rcNtRedir=0xc0150008]
818.6fc8: supR3HardenedWinVerifyCacheProcessImportTodos: Processing 'msvcp140.dll'...
818.6fc8: supR3HardenedWinVerifyCacheProcessImportTodos: 'msvcp140.dll' -> '\Device\HarddiskVolume2\Windows\System32\msvcp140.dll' [rcNtRedir=0xc0150008]
818.6fc8: supR3HardenedScreenImage/Imports: cache hit (VINF_SUCCESS) on \Device\HarddiskVolume2\Windows\System32\msvcp140.dll
818.6fc8: supR3HardenedMonitor_LdrLoadDll: returns rcNt=0x0 hMod=00007ffb95520000 'C:\WINDOWS\system32\rsaenh.dll'
818.6fc8: supR3HardenedMonitor_LdrLoadDll: returns rcNt=0x0 hMod=00007ffb972e0000 'C:\WINDOWS\System32\crypt32.dll'
818.6fc8: supR3HardenedWinVerifyCacheScheduleImports: Import todo: #0 'd3d11.dll'.
818.6fc8: supR3HardenedWinVerifyCacheScheduleImports: Import todo: #1 'dxgi.dll'.
818.6fc8: supR3HardenedWinVerifyCacheScheduleImports: Import todo: #2 'd3d12.dll'.
818.6fc8: supR3HardenedWinVerifyCacheScheduleImports: Import todo: #3 'gdi32.dll'.
818.6fc8: supR3HardenedWinVerifyCacheScheduleImports: Import todo: #4 'ole32.dll'.
818.6fc8: supR3HardenedWinVerifyCacheScheduleImports: Import todo: #5 'shell32.dll'.
818.6fc8: supR3HardenedWinVerifyCacheScheduleImports: Import todo: #6 'user32.dll'.
818.6fc8: supR3HardenedWinVerifyCacheScheduleImports: Import todo: #7 'uxtheme.dll'.
818.6fc8: supR3HardenedWinVerifyCacheScheduleImports: Import todo: #8 'dwrite.dll'.
818.6fc8: supR3HardenedWinVerifyCacheScheduleImports: Import todo: #9 'qt6corevbox.dll'.
818.6fc8: supR3HardenedWinVerifyCacheScheduleImports: Import todo: #11 'msvcp140.dll'.
818.6fc8: supR3HardenedWinVerifyCacheScheduleImports: Import todo: #12 'msvcp140_1.dll'.
818.6fc8: supR3HardenedWinVerifyCacheScheduleImports: Import todo: #13 'msvcp140_2.dll'.
818.6fc8: supR3HardenedWinVerifyCacheScheduleImports: Import todo: #14 'vcruntime140.dll'.
818.6fc8: supR3HardenedWinVerifyCacheScheduleImports: Import todo: #15 'vcruntime140_1.dll'.
818.6fc8: supHardenedWinVerifyImageByHandle: -> 0 (\Device\HarddiskVolume2\Program Files\Oracle\VirtualBox\Qt6GuiVBox.dll) WinVerifyTrust
818.6fc8: supR3HardenedWinVerifyCacheProcessImportTodos: Processing 'qt6corevbox.dll'...
818.6fc8: supR3HardenedWinVerifyCacheProcessImportTodos: 'qt6corevbox.dll' -> '\Device\HarddiskVolume2\Program Files\Oracle\VirtualBox\qt6corevbox.dll' [rcNtRedir=0xc0150008]
818.6fc8: supR3HardenedScreenImage/Imports: cache hit (VINF_SUCCESS) on \Device\HarddiskVolume2\Program Files\Oracle\VirtualBox\Qt6CoreVBox.dll [redoing WinVerifyTrust]
818.6fc8: supR3HardenedWinVerifyCacheProcessImportTodos: Processing 'vcruntime140_1.dll'...
818.6fc8: supR3HardenedWinVerifyCacheProcessImportTodos: 'vcruntime140_1.dll' -> '\Device\HarddiskVolume2\Windows\System32\vcruntime140_1.dll' [rcNtRedir=0xc0150008]
818.6fc8: supR3HardenedScreenImage/Imports: cache hit (VINF_SUCCESS) on \Device\HarddiskVolume2\Windows\System32\vcruntime140_1.dll
818.6fc8: supR3HardenedWinVerifyCacheProcessImportTodos: Processing 'vcruntime140.dll'...
818.6fc8: supR3HardenedWinVerifyCacheProcessImportTodos: 'vcruntime140.dll' -> '\Device\HarddiskVolume2\Windows\System32\vcruntime140.dll' [rcNtRedir=0xc0150008]
818.6fc8: supR3HardenedWinVerifyCacheProcessImportTodos: Processing 'msvcp140_2.dll'...
818.6fc8: supR3HardenedWinVerifyCacheProcessImportTodos: 'msvcp140_2.dll' -> '\Device\HarddiskVolume2\Windows\System32\msvcp140_2.dll' [rcNtRedir=0xc0150008]
818.6fc8: supR3HardenedScreenImage/Imports: cache hit (VINF_SUCCESS) on \Device\HarddiskVolume2\Windows\System32\msvcp140_2.dll [lacks WinVerifyTrust]
818.6fc8: supR3HardenedWinVerifyCacheProcessImportTodos: Processing 'msvcp140_1.dll'...
818.6fc8: supR3HardenedWinVerifyCacheProcessImportTodos: 'msvcp140_1.dll' -> '\Device\HarddiskVolume2\Windows\System32\msvcp140_1.dll' [rcNtRedir=0xc0150008]
818.6fc8: supR3HardenedScreenImage/Imports: cache hit (VINF_SUCCESS) on \Device\HarddiskVolume2\Windows\System32\msvcp140_1.dll [lacks WinVerifyTrust]
818.6fc8: supR3HardenedWinVerifyCacheProcessImportTodos: Processing 'msvcp140.dll'...
818.6fc8: supR3HardenedWinVerifyCacheProcessImportTodos: 'msvcp140.dll' -> '\Device\HarddiskVolume2\Windows\System32\msvcp140.dll' [rcNtRedir=0xc0150008]
818.6fc8: supR3HardenedWinVerifyCacheProcessImportTodos: Processing 'qt6corevbox.dll'...
818.6fc8: supR3HardenedWinVerifyCacheProcessImportTodos: 'qt6corevbox.dll' -> '\Device\HarddiskVolume2\Program Files\Oracle\VirtualBox\qt6corevbox.dll' [rcNtRedir=0xc0150008]
818.6fc8: supR3HardenedScreenImage/Imports: cache hit (VINF_SUCCESS) on \Device\HarddiskVolume2\Program Files\Oracle\VirtualBox\Qt6CoreVBox.dll [lacks WinVerifyTrust]
818.6fc8: supR3HardenedWinVerifyCacheProcessImportTodos: Processing 'dwrite.dll'...
818.6fc8: supR3HardenedWinVerifyCacheProcessImportTodos: 'dwrite.dll' -> '\Device\HarddiskVolume2\Windows\System32\dwrite.dll' [rcNtRedir=0xc0150008]
818.6fc8: supR3HardenedScreenImage/Imports: cache hit (22900) on \Device\HarddiskVolume2\Windows\System32\DWrite.dll [lacks WinVerifyTrust]
818.6fc8: supR3HardenedWinVerifyCacheProcessImportTodos: Processing 'uxtheme.dll'...
818.6fc8: supR3HardenedWinVerifyCacheProcessImportTodos: 'uxtheme.dll' -> '\Device\HarddiskVolume2\Windows\System32\uxtheme.dll' [rcNtRedir=0xc0150008]
818.6fc8: supR3HardenedScreenImage/Imports: cache hit (22900) on \Device\HarddiskVolume2\Windows\System32\uxtheme.dll [lacks WinVerifyTrust]
818.6fc8: supR3HardenedWinVerifyCacheProcessImportTodos: Processing 'user32.dll'...
818.6fc8: supR3HardenedWinVerifyCacheProcessImportTodos: 'user32.dll' -> '\Device\HarddiskVolume2\Windows\System32\user32.dll' [rcNtRedir=0xc0150008]
818.6fc8: supR3HardenedScreenImage/Imports: cache hit (VINF_SUCCESS) on \Device\HarddiskVolume2\Windows\System32\user32.dll [lacks WinVerifyTrust]
818.6fc8: supR3HardenedWinVerifyCacheProcessImportTodos: Processing 'shell32.dll'...
818.6fc8: supR3HardenedWinVerifyCacheProcessImportTodos: 'shell32.dll' -> '\Device\HarddiskVolume2\Windows\System32\shell32.dll' [rcNtRedir=0xc0150008]
818.6fc8: supR3HardenedScreenImage/Imports: cache hit (VINF_SUCCESS) on \Device\HarddiskVolume2\Windows\System32\shell32.dll [lacks WinVerifyTrust]
818.6fc8: supR3HardenedWinVerifyCacheProcessImportTodos: Processing 'ole32.dll'...
818.6fc8: supR3HardenedWinVerifyCacheProcessImportTodos: 'ole32.dll' -> '\Device\HarddiskVolume2\Windows\System32\ole32.dll' [rcNtRedir=0xc0150008]
818.6fc8: supR3HardenedScreenImage/Imports: cache hit (VINF_SUCCESS) on \Device\HarddiskVolume2\Windows\System32\ole32.dll
818.6fc8: supR3HardenedWinVerifyCacheProcessImportTodos: Processing 'gdi32.dll'...
818.6fc8: supR3HardenedWinVerifyCacheProcessImportTodos: 'gdi32.dll' -> '\Device\HarddiskVolume2\Windows\System32\gdi32.dll' [rcNtRedir=0xc0150008]
818.6fc8: supR3HardenedScreenImage/Imports: cache hit (VINF_SUCCESS) on \Device\HarddiskVolume2\Windows\System32\gdi32.dll [lacks WinVerifyTrust]
818.6fc8: supR3HardenedWinVerifyCacheProcessImportTodos: Processing 'd3d12.dll'...
818.6fc8: supR3HardenedWinVerifyCacheProcessImportTodos: 'd3d12.dll' -> '\Device\HarddiskVolume2\Windows\System32\d3d12.dll' [rcNtRedir=0xc0150008]
818.6fc8: supR3HardenedScreenImage/Imports: cache hit (VINF_SUCCESS) on \Device\HarddiskVolume2\Windows\System32\D3D12.dll [lacks WinVerifyTrust]
818.6fc8: supR3HardenedWinVerifyCacheProcessImportTodos: Processing 'dxgi.dll'...
818.6fc8: supR3HardenedWinVerifyCacheProcessImportTodos: 'dxgi.dll' -> '\Device\HarddiskVolume2\Windows\System32\dxgi.dll' [rcNtRedir=0xc0150008]
818.6fc8: supR3HardenedScreenImage/Imports: cache hit (VINF_SUCCESS) on \Device\HarddiskVolume2\Windows\System32\dxgi.dll [lacks WinVerifyTrust]
818.6fc8: supR3HardenedWinVerifyCacheProcessImportTodos: Processing 'd3d11.dll'...
818.6fc8: supR3HardenedWinVerifyCacheProcessImportTodos: 'd3d11.dll' -> '\Device\HarddiskVolume2\Windows\System32\d3d11.dll' [rcNtRedir=0xc0150008]
818.6fc8: supR3HardenedScreenImage/Imports: cache hit (VINF_SUCCESS) on \Device\HarddiskVolume2\Windows\System32\d3d11.dll [lacks WinVerifyTrust]
818.6fc8: supR3HardenedMonitor_LdrLoadDll: returns rcNt=0x0 hMod=00007ffb95520000 'C:\WINDOWS\system32\rsaenh.dll'
818.6fc8: supR3HardenedMonitor_LdrLoadDll: returns rcNt=0x0 hMod=00007ffb972e0000 'C:\WINDOWS\System32\crypt32.dll'
818.6fc8: supR3HardenedScreenImage/Imports: 0 (was 0) fWinVerifyTrust=1 for '\Device\HarddiskVolume2\Program Files\Oracle\VirtualBox\Qt6CoreVBox.dll'
818.6fc8: supR3HardenedWinVerifyCacheProcessImportTodos: Processing 'uicommon.dll'...
818.6fc8: supR3HardenedWinVerifyCacheProcessImportTodos: 'uicommon.dll' -> '\Device\HarddiskVolume2\Program Files\Oracle\VirtualBox\uicommon.dll' [rcNtRedir=0xc0150008]
818.6fc8: supR3HardenedMonitor_LdrLoadDll: returns rcNt=0x0 hMod=00007ffb95520000 'C:\WINDOWS\system32\rsaenh.dll'
818.6fc8: supR3HardenedMonitor_LdrLoadDll: returns rcNt=0x0 hMod=00007ffb972e0000 'C:\WINDOWS\System32\crypt32.dll'
818.6fc8: supR3HardenedWinVerifyCacheScheduleImports: Import todo: #0 'qt6corevbox.dll'.
818.6fc8: supR3HardenedWinVerifyCacheScheduleImports: Import todo: #1 'qt6guivbox.dll'.
818.6fc8: supR3HardenedWinVerifyCacheScheduleImports: Import todo: #2 'qt6widgetsvbox.dll'.
818.6fc8: supR3HardenedWinVerifyCacheScheduleImports: Import todo: #3 'qt6helpvbox.dll'.
818.6fc8: supR3HardenedWinVerifyCacheScheduleImports: Import todo: #4 'qt6statemachinevbox.dll'.
818.6fc8: supR3HardenedWinVerifyCacheScheduleImports: Import todo: #11 'user32.dll'.
818.6fc8: supR3HardenedWinVerifyCacheScheduleImports: Import todo: #12 'ole32.dll'.
818.6fc8: supR3HardenedWinVerifyCacheScheduleImports: Import todo: #13 'oleaut32.dll'.
818.6fc8: supR3HardenedWinVerifyCacheScheduleImports: Import todo: #14 'vboxrt.dll'.
818.6fc8: supR3HardenedWinVerifyCacheScheduleImports: Import todo: #15 'vcruntime140.dll'.
818.6fc8: supR3HardenedWinVerifyCacheScheduleImports: Import todo: #16 'vcruntime140_1.dll'.
818.6fc8: supR3HardenedWinVerifyCacheScheduleImports: Import todo: #17 'msvcp140.dll'.
818.6fc8: supR3HardenedWinVerifyCacheScheduleImports: Import todo: #18 'advapi32.dll'.
818.6fc8: supR3HardenedWinVerifyCacheScheduleImports: Import todo: #19 'rpcrt4.dll'.
818.6fc8: supHardenedWinVerifyImageByHandle: -> 0 (\Device\HarddiskVolume2\Program Files\Oracle\VirtualBox\UICommon.dll) WinVerifyTrust
818.6fc8: supR3HardenedWinVerifyCacheInsert: \Device\HarddiskVolume2\Program Files\Oracle\VirtualBox\UICommon.dll
818.6fc8: supR3HardenedWinVerifyCacheProcessImportTodos: Processing 'rpcrt4.dll'...
818.6fc8: supR3HardenedWinVerifyCacheProcessImportTodos: 'rpcrt4.dll' -> '\Device\HarddiskVolume2\Windows\System32\rpcrt4.dll' [rcNtRedir=0xc0150008]
818.6fc8: supR3HardenedWinVerifyCacheProcessImportTodos: Processing 'advapi32.dll'...
818.6fc8: supR3HardenedWinVerifyCacheProcessImportTodos: 'advapi32.dll' -> '\Device\HarddiskVolume2\Windows\System32\advapi32.dll' [rcNtRedir=0xc0150008]
818.6fc8: supR3HardenedScreenImage/Imports: cache hit (VINF_SUCCESS) on \Device\HarddiskVolume2\Windows\System32\advapi32.dll
818.6fc8: supR3HardenedWinVerifyCacheProcessImportTodos: Processing 'msvcp140.dll'...
818.6fc8: supR3HardenedWinVerifyCacheProcessImportTodos: 'msvcp140.dll' -> '\Device\HarddiskVolume2\Windows\System32\msvcp140.dll' [rcNtRedir=0xc0150008]
818.6fc8: supR3HardenedWinVerifyCacheProcessImportTodos: Processing 'vcruntime140_1.dll'...
818.6fc8: supR3HardenedWinVerifyCacheProcessImportTodos: 'vcruntime140_1.dll' -> '\Device\HarddiskVolume2\Windows\System32\vcruntime140_1.dll' [rcNtRedir=0xc0150008]
818.6fc8: supR3HardenedWinVerifyCacheProcessImportTodos: Processing 'vcruntime140.dll'...
818.6fc8: supR3HardenedWinVerifyCacheProcessImportTodos: 'vcruntime140.dll' -> '\Device\HarddiskVolume2\Windows\System32\vcruntime140.dll' [rcNtRedir=0xc0150008]
818.6fc8: supR3HardenedWinVerifyCacheProcessImportTodos: Processing 'vboxrt.dll'...
818.6fc8: supR3HardenedWinVerifyCacheProcessImportTodos: 'vboxrt.dll' -> '\Device\HarddiskVolume2\Program Files\Oracle\VirtualBox\vboxrt.dll' [rcNtRedir=0xc0150008]
818.6fc8: supR3HardenedWinVerifyCacheProcessImportTodos: Processing 'oleaut32.dll'...
818.6fc8: supR3HardenedWinVerifyCacheProcessImportTodos: 'oleaut32.dll' -> '\Device\HarddiskVolume2\Windows\System32\oleaut32.dll' [rcNtRedir=0xc0150008]
818.6fc8: supR3HardenedScreenImage/Imports: cache hit (VINF_SUCCESS) on \Device\HarddiskVolume2\Windows\System32\oleaut32.dll
818.6fc8: supR3HardenedWinVerifyCacheProcessImportTodos: Processing 'ole32.dll'...
818.6fc8: supR3HardenedWinVerifyCacheProcessImportTodos: 'ole32.dll' -> '\Device\HarddiskVolume2\Windows\System32\ole32.dll' [rcNtRedir=0xc0150008]
818.6fc8: supR3HardenedScreenImage/Imports: cache hit (VINF_SUCCESS) on \Device\HarddiskVolume2\Windows\System32\ole32.dll
818.6fc8: supR3HardenedWinVerifyCacheProcessImportTodos: Processing 'user32.dll'...
818.6fc8: supR3HardenedWinVerifyCacheProcessImportTodos: 'user32.dll' -> '\Device\HarddiskVolume2\Windows\System32\user32.dll' [rcNtRedir=0xc0150008]
818.6fc8: supR3HardenedScreenImage/Imports: cache hit (VINF_SUCCESS) on \Device\HarddiskVolume2\Windows\System32\user32.dll [redoing WinVerifyTrust]
818.6fc8: supR3HardenedMonitor_LdrLoadDll: returns rcNt=0x0 hMod=00007ffb95520000 'C:\WINDOWS\system32\rsaenh.dll'
818.6fc8: supR3HardenedMonitor_LdrLoadDll: returns rcNt=0x0 hMod=00007ffb972e0000 'C:\WINDOWS\System32\crypt32.dll'
818.6fc8: supR3HardenedScreenImage/Imports: 0 (was 0) fWinVerifyTrust=1 for '\Device\HarddiskVolume2\Windows\System32\user32.dll'
818.6fc8: supR3HardenedWinVerifyCacheProcessImportTodos: Processing 'qt6statemachinevbox.dll'...
818.6fc8: supR3HardenedWinVerifyCacheProcessImportTodos: 'qt6statemachinevbox.dll' -> '\Device\HarddiskVolume2\Program Files\Oracle\VirtualBox\qt6statemachinevbox.dll' [rcNtRedir=0xc0150008]
818.6fc8: supR3HardenedMonitor_LdrLoadDll: returns rcNt=0x0 hMod=00007ffb95520000 'C:\WINDOWS\system32\rsaenh.dll'
818.6fc8: supR3HardenedMonitor_LdrLoadDll: returns rcNt=0x0 hMod=00007ffb972e0000 'C:\WINDOWS\System32\crypt32.dll'
818.6fc8: supR3HardenedWinVerifyCacheScheduleImports: Import todo: #0 'qt6guivbox.dll'.
818.6fc8: supR3HardenedWinVerifyCacheScheduleImports: Import todo: #1 'qt6corevbox.dll'.
818.6fc8: supR3HardenedWinVerifyCacheScheduleImports: Import todo: #2 'vcruntime140.dll'.
818.6fc8: supHardenedWinVerifyImageByHandle: -> 0 (\Device\HarddiskVolume2\Program Files\Oracle\VirtualBox\Qt6StateMachineVBox.dll) WinVerifyTrust
818.6fc8: supR3HardenedWinVerifyCacheInsert: \Device\HarddiskVolume2\Program Files\Oracle\VirtualBox\Qt6StateMachineVBox.dll
818.6fc8: supR3HardenedWinVerifyCacheProcessImportTodos: Processing 'qt6helpvbox.dll'...
818.6fc8: supR3HardenedWinVerifyCacheProcessImportTodos: 'qt6helpvbox.dll' -> '\Device\HarddiskVolume2\Program Files\Oracle\VirtualBox\qt6helpvbox.dll' [rcNtRedir=0xc0150008]
818.6fc8: supR3HardenedWinVerifyCacheProcessImportTodos: Processing 'vcruntime140.dll'...
818.6fc8: supR3HardenedWinVerifyCacheProcessImportTodos: 'vcruntime140.dll' -> '\Device\HarddiskVolume2\Windows\System32\vcruntime140.dll' [rcNtRedir=0xc0150008]
818.6fc8: supR3HardenedWinVerifyCacheProcessImportTodos: Processing 'qt6corevbox.dll'...
818.6fc8: supR3HardenedWinVerifyCacheProcessImportTodos: 'qt6corevbox.dll' -> '\Device\HarddiskVolume2\Program Files\Oracle\VirtualBox\qt6corevbox.dll' [rcNtRedir=0xc0150008]
818.6fc8: supR3HardenedScreenImage/Imports: cache hit (VINF_SUCCESS) on \Device\HarddiskVolume2\Program Files\Oracle\VirtualBox\Qt6CoreVBox.dll
818.6fc8: supR3HardenedWinVerifyCacheProcessImportTodos: Processing 'qt6guivbox.dll'...
818.6fc8: supR3HardenedWinVerifyCacheProcessImportTodos: 'qt6guivbox.dll' -> '\Device\HarddiskVolume2\Program Files\Oracle\VirtualBox\qt6guivbox.dll' [rcNtRedir=0xc0150008]
818.6fc8: supR3HardenedScreenImage/Imports: cache hit (VINF_SUCCESS) on \Device\HarddiskVolume2\Program Files\Oracle\VirtualBox\Qt6GuiVBox.dll [lacks WinVerifyTrust]
818.6fc8: supR3HardenedMonitor_LdrLoadDll: returns rcNt=0x0 hMod=00007ffb95520000 'C:\WINDOWS\system32\rsaenh.dll'
818.6fc8: supR3HardenedMonitor_LdrLoadDll: returns rcNt=0x0 hMod=00007ffb972e0000 'C:\WINDOWS\System32\crypt32.dll'
818.6fc8: supR3HardenedWinVerifyCacheScheduleImports: Import todo: #0 'qt6sqlvbox.dll'.
818.6fc8: supR3HardenedWinVerifyCacheScheduleImports: Import todo: #1 'qt6widgetsvbox.dll'.
818.6fc8: supR3HardenedWinVerifyCacheScheduleImports: Import todo: #2 'qt6guivbox.dll'.
818.6fc8: supR3HardenedWinVerifyCacheScheduleImports: Import todo: #3 'qt6corevbox.dll'.
818.6fc8: supR3HardenedWinVerifyCacheScheduleImports: Import todo: #4 'msvcp140.dll'.
818.6fc8: supR3HardenedWinVerifyCacheScheduleImports: Import todo: #5 'vcruntime140.dll'.
818.6fc8: supR3HardenedWinVerifyCacheScheduleImports: Import todo: #6 'vcruntime140_1.dll'.
818.6fc8: supHardenedWinVerifyImageByHandle: -> 0 (\Device\HarddiskVolume2\Program Files\Oracle\VirtualBox\Qt6HelpVBox.dll) WinVerifyTrust
818.6fc8: supR3HardenedWinVerifyCacheInsert: \Device\HarddiskVolume2\Program Files\Oracle\VirtualBox\Qt6HelpVBox.dll
818.6fc8: supR3HardenedWinVerifyCacheProcessImportTodos: Processing 'qt6widgetsvbox.dll'...
818.6fc8: supR3HardenedWinVerifyCacheProcessImportTodos: 'qt6widgetsvbox.dll' -> '\Device\HarddiskVolume2\Program Files\Oracle\VirtualBox\qt6widgetsvbox.dll' [rcNtRedir=0xc0150008]
818.6fc8: supR3HardenedScreenImage/Imports: cache hit (VINF_SUCCESS) on \Device\HarddiskVolume2\Program Files\Oracle\VirtualBox\Qt6WidgetsVBox.dll
818.6fc8: supR3HardenedWinVerifyCacheProcessImportTodos: Processing 'qt6guivbox.dll'...
818.6fc8: supR3HardenedWinVerifyCacheProcessImportTodos: 'qt6guivbox.dll' -> '\Device\HarddiskVolume2\Program Files\Oracle\VirtualBox\qt6guivbox.dll' [rcNtRedir=0xc0150008]
818.6fc8: supR3HardenedScreenImage/Imports: cache hit (VINF_SUCCESS) on \Device\HarddiskVolume2\Program Files\Oracle\VirtualBox\Qt6GuiVBox.dll [redoing WinVerifyTrust]
818.6fc8: supR3HardenedWinVerifyCacheProcessImportTodos: Processing 'vcruntime140_1.dll'...
818.6fc8: supR3HardenedWinVerifyCacheProcessImportTodos: 'vcruntime140_1.dll' -> '\Device\HarddiskVolume2\Windows\System32\vcruntime140_1.dll' [rcNtRedir=0xc0150008]
818.6fc8: supR3HardenedWinVerifyCacheProcessImportTodos: Processing 'vcruntime140.dll'...
818.6fc8: supR3HardenedWinVerifyCacheProcessImportTodos: 'vcruntime140.dll' -> '\Device\HarddiskVolume2\Windows\System32\vcruntime140.dll' [rcNtRedir=0xc0150008]
818.6fc8: supR3HardenedWinVerifyCacheProcessImportTodos: Processing 'msvcp140.dll'...
818.6fc8: supR3HardenedWinVerifyCacheProcessImportTodos: 'msvcp140.dll' -> '\Device\HarddiskVolume2\Windows\System32\msvcp140.dll' [rcNtRedir=0xc0150008]
818.6fc8: supR3HardenedWinVerifyCacheProcessImportTodos: Processing 'qt6corevbox.dll'...
818.6fc8: supR3HardenedWinVerifyCacheProcessImportTodos: 'qt6corevbox.dll' -> '\Device\HarddiskVolume2\Program Files\Oracle\VirtualBox\qt6corevbox.dll' [rcNtRedir=0xc0150008]
818.6fc8: supR3HardenedScreenImage/Imports: cache hit (VINF_SUCCESS) on \Device\HarddiskVolume2\Program Files\Oracle\VirtualBox\Qt6CoreVBox.dll
818.6fc8: supR3HardenedWinVerifyCacheProcessImportTodos: Processing 'qt6guivbox.dll'...
818.6fc8: supR3HardenedWinVerifyCacheProcessImportTodos: 'qt6guivbox.dll' -> '\Device\HarddiskVolume2\Program Files\Oracle\VirtualBox\qt6guivbox.dll' [rcNtRedir=0xc0150008]
818.6fc8: supR3HardenedScreenImage/Imports: cache hit (VINF_SUCCESS) on \Device\HarddiskVolume2\Program Files\Oracle\VirtualBox\Qt6GuiVBox.dll [lacks WinVerifyTrust]
818.6fc8: supR3HardenedWinVerifyCacheProcessImportTodos: Processing 'qt6widgetsvbox.dll'...
818.6fc8: supR3HardenedWinVerifyCacheProcessImportTodos: 'qt6widgetsvbox.dll' -> '\Device\HarddiskVolume2\Program Files\Oracle\VirtualBox\qt6widgetsvbox.dll' [rcNtRedir=0xc0150008]
818.6fc8: supR3HardenedScreenImage/Imports: cache hit (VINF_SUCCESS) on \Device\HarddiskVolume2\Program Files\Oracle\VirtualBox\Qt6WidgetsVBox.dll
818.6fc8: supR3HardenedWinVerifyCacheProcessImportTodos: Processing 'qt6sqlvbox.dll'...
818.6fc8: supR3HardenedWinVerifyCacheProcessImportTodos: 'qt6sqlvbox.dll' -> '\Device\HarddiskVolume2\Program Files\Oracle\VirtualBox\qt6sqlvbox.dll' [rcNtRedir=0xc0150008]
818.6fc8: Detected WinVerifyTrust recursion: rc=VINF_SUCCESS '\Device\HarddiskVolume2\Program Files\Oracle\VirtualBox\Qt6SqlVBox.dll'.
818.6fc8: supR3HardenedWinVerifyCacheScheduleImports: Import todo: #0 'qt6corevbox.dll'.
818.6fc8: supR3HardenedWinVerifyCacheScheduleImports: Import todo: #1 'msvcp140.dll'.
818.6fc8: supR3HardenedWinVerifyCacheScheduleImports: Import todo: #2 'vcruntime140.dll'.
818.6fc8: supR3HardenedWinVerifyCacheScheduleImports: Import todo: #3 'vcruntime140_1.dll'.
818.6fc8: supHardenedWinVerifyImageByHandle: -> 0 (\Device\HarddiskVolume2\Program Files\Oracle\VirtualBox\Qt6SqlVBox.dll)
818.6fc8: supR3HardenedWinVerifyCacheInsert: \Device\HarddiskVolume2\Program Files\Oracle\VirtualBox\Qt6SqlVBox.dll
818.6fc8: supR3HardenedWinVerifyCacheProcessImportTodos: Processing 'vcruntime140_1.dll'...
818.6fc8: supR3HardenedWinVerifyCacheProcessImportTodos: 'vcruntime140_1.dll' -> '\Device\HarddiskVolume2\Windows\System32\vcruntime140_1.dll' [rcNtRedir=0xc0150008]
818.6fc8: supR3HardenedWinVerifyCacheProcessImportTodos: Processing 'vcruntime140.dll'...
818.6fc8: supR3HardenedWinVerifyCacheProcessImportTodos: 'vcruntime140.dll' -> '\Device\HarddiskVolume2\Windows\System32\vcruntime140.dll' [rcNtRedir=0xc0150008]
818.6fc8: supR3HardenedScreenImage/Imports: cache hit (VINF_SUCCESS) on \Device\HarddiskVolume2\Windows\System32\vcruntime140.dll
818.6fc8: supR3HardenedWinVerifyCacheProcessImportTodos: Processing 'msvcp140.dll'...
818.6fc8: supR3HardenedWinVerifyCacheProcessImportTodos: 'msvcp140.dll' -> '\Device\HarddiskVolume2\Windows\System32\msvcp140.dll' [rcNtRedir=0xc0150008]
818.6fc8: supR3HardenedWinVerifyCacheProcessImportTodos: Processing 'qt6corevbox.dll'...
818.6fc8: supR3HardenedWinVerifyCacheProcessImportTodos: 'qt6corevbox.dll' -> '\Device\HarddiskVolume2\Program Files\Oracle\VirtualBox\qt6corevbox.dll' [rcNtRedir=0xc0150008]
818.6fc8: supR3HardenedScreenImage/Imports: cache hit (VINF_SUCCESS) on \Device\HarddiskVolume2\Program Files\Oracle\VirtualBox\Qt6CoreVBox.dll
818.6fc8: supR3HardenedMonitor_LdrLoadDll: returns rcNt=0x0 hMod=00007ffb95520000 'C:\WINDOWS\system32\rsaenh.dll'
818.6fc8: supR3HardenedMonitor_LdrLoadDll: returns rcNt=0x0 hMod=00007ffb972e0000 'C:\WINDOWS\System32\crypt32.dll'
818.6fc8: supR3HardenedScreenImage/Imports: 0 (was 0) fWinVerifyTrust=1 for '\Device\HarddiskVolume2\Program Files\Oracle\VirtualBox\Qt6GuiVBox.dll'
818.6fc8: supR3HardenedWinVerifyCacheProcessImportTodos: Processing 'qt6corevbox.dll'...
818.6fc8: supR3HardenedWinVerifyCacheProcessImportTodos: 'qt6corevbox.dll' -> '\Device\HarddiskVolume2\Program Files\Oracle\VirtualBox\qt6corevbox.dll' [rcNtRedir=0xc0150008]
818.6fc8: supR3HardenedScreenImage/Imports: cache hit (VINF_SUCCESS) on \Device\HarddiskVolume2\Program Files\Oracle\VirtualBox\Qt6CoreVBox.dll
818.6fc8: supR3HardenedMonitor_LdrLoadDll: pName=C:\Program Files\Oracle\VirtualBox\VirtualBoxVM.dll (rcNtResolve=0xc0150008) *pfFlags=0x0 pwszSearchPath=0000000000000a01:<flags> [calling]
818.6fc8: supR3HardenedScreenImage/NtCreateSection: cache hit (VINF_SUCCESS) on \Device\HarddiskVolume2\Program Files\Oracle\VirtualBox\VirtualBoxVM.dll
818.6fc8: supR3HardenedScreenImage/NtCreateSection: cache hit (VINF_SUCCESS) on \Device\HarddiskVolume2\Program Files\Oracle\VirtualBox\UICommon.dll
818.6fc8: supR3HardenedScreenImage/NtCreateSection: cache hit (VINF_SUCCESS) on \Device\HarddiskVolume2\Program Files\Oracle\VirtualBox\Qt6CoreVBox.dll
818.6fc8: supR3HardenedScreenImage/NtCreateSection: cache hit (VINF_SUCCESS) on \Device\HarddiskVolume2\Program Files\Oracle\VirtualBox\Qt6GuiVBox.dll
818.6fc8: supR3HardenedScreenImage/NtCreateSection: cache hit (VINF_SUCCESS) on \Device\HarddiskVolume2\Program Files\Oracle\VirtualBox\Qt6WidgetsVBox.dll
818.6fc8: supR3HardenedScreenImage/NtCreateSection: cache hit (VINF_SUCCESS) on \Device\HarddiskVolume2\Windows\System32\winmm.dll
818.6fc8: supR3HardenedScreenImage/NtCreateSection: cache hit (VINF_SUCCESS) on \Device\HarddiskVolume2\Program Files\Oracle\VirtualBox\Qt6HelpVBox.dll
818.6fc8: supR3HardenedScreenImage/NtCreateSection: cache hit (VINF_SUCCESS) on \Device\HarddiskVolume2\Program Files\Oracle\VirtualBox\Qt6StateMachineVBox.dll
818.6fc8: supR3HardenedScreenImage/NtCreateSection: cache hit (VINF_SUCCESS) on \Device\HarddiskVolume2\Windows\System32\userenv.dll [avoiding WinVerifyTrust]
818.6fc8: supR3HardenedScreenImage/NtCreateSection: cache hit (22900) on \Device\HarddiskVolume2\Windows\System32\authz.dll [avoiding WinVerifyTrust]
818.6fc8: supR3HardenedScreenImage/NtCreateSection: cache hit (VINF_SUCCESS) on \Device\HarddiskVolume2\Windows\System32\netapi32.dll [avoiding WinVerifyTrust]
818.6fc8: supR3HardenedScreenImage/NtCreateSection: cache hit (VINF_SUCCESS) on \Device\HarddiskVolume2\Windows\System32\version.dll [avoiding WinVerifyTrust]
818.6fc8: supR3HardenedScreenImage/NtCreateSection: cache hit (VINF_SUCCESS) on \Device\HarddiskVolume2\Windows\System32\msvcp140_1.dll [avoiding WinVerifyTrust]
818.6fc8: supR3HardenedScreenImage/NtCreateSection: cache hit (VINF_SUCCESS) on \Device\HarddiskVolume2\Windows\System32\d3d11.dll [avoiding WinVerifyTrust]
818.6fc8: supR3HardenedScreenImage/NtCreateSection: cache hit (VINF_SUCCESS) on \Device\HarddiskVolume2\Windows\System32\dxgi.dll [avoiding WinVerifyTrust]
818.6fc8: supR3HardenedScreenImage/NtCreateSection: cache hit (VINF_SUCCESS) on \Device\HarddiskVolume2\Windows\System32\D3D12.dll [avoiding WinVerifyTrust]
818.6fc8: supR3HardenedScreenImage/NtCreateSection: cache hit (22900) on \Device\HarddiskVolume2\Windows\System32\uxtheme.dll [avoiding WinVerifyTrust]
818.6fc8: supR3HardenedScreenImage/NtCreateSection: cache hit (22900) on \Device\HarddiskVolume2\Windows\System32\DWrite.dll [avoiding WinVerifyTrust]
818.6fc8: supR3HardenedScreenImage/NtCreateSection: cache hit (VINF_SUCCESS) on \Device\HarddiskVolume2\Windows\System32\msvcp140_2.dll [avoiding WinVerifyTrust]
818.6fc8: supR3HardenedScreenImage/NtCreateSection: cache hit (VINF_SUCCESS) on \Device\HarddiskVolume2\Windows\System32\dwmapi.dll [avoiding WinVerifyTrust]
818.6fc8: supR3HardenedScreenImage/NtCreateSection: cache hit (VINF_SUCCESS) on \Device\HarddiskVolume2\Program Files\Oracle\VirtualBox\Qt6SqlVBox.dll [avoiding WinVerifyTrust]
818.6fc8: supR3HardenedWinVerifyCacheScheduleImports: Import todo: #12 'rpcrt4.dll'.
818.6fc8: supHardenedWinVerifyImageByHandle: -> 0 (\Device\HarddiskVolume2\Windows\System32\powrprof.dll)
818.6fc8: supR3HardenedWinVerifyCacheInsert: \Device\HarddiskVolume2\Windows\System32\powrprof.dll
818.6fc8: supR3HardenedWinVerifyCacheScheduleImports: Import todo: #3 'rpcrt4.dll'.
818.6fc8: supHardenedWinVerifyImageByHandle: -> 0 (\Device\HarddiskVolume2\Windows\System32\srvcli.dll)
818.6fc8: supR3HardenedWinVerifyCacheInsert: \Device\HarddiskVolume2\Windows\System32\srvcli.dll
818.6fc8: supHardenedWinVerifyImageByHandle: -> 0 (\Device\HarddiskVolume2\Windows\System32\netutils.dll)
818.6fc8: supR3HardenedWinVerifyCacheInsert: \Device\HarddiskVolume2\Windows\System32\netutils.dll
818.6fc8: supR3HardenedDllNotificationCallback: load   00007ffb95be0000 LB 0x0002b000 C:\WINDOWS\SYSTEM32\USERENV.dll [fFlags=0x0]
818.6fc8: supR3HardenedScreenImage/LdrLoadDll: cache hit (VINF_SUCCESS) on \Device\HarddiskVolume2\Windows\System32\userenv.dll [avoiding WinVerifyTrust]
818.6fc8: supR3HardenedDllNotificationCallback: load   00007ffb95190000 LB 0x00050000 C:\WINDOWS\SYSTEM32\AUTHZ.dll [fFlags=0x0]
818.6fc8: supR3HardenedScreenImage/LdrLoadDll: cache hit (22900) on \Device\HarddiskVolume2\Windows\System32\authz.dll [avoiding WinVerifyTrust]
818.6fc8: supR3HardenedDllNotificationCallback: load   00007ffb79180000 LB 0x0001a000 C:\WINDOWS\SYSTEM32\NETAPI32.dll [fFlags=0x0]
818.6fc8: supR3HardenedScreenImage/LdrLoadDll: cache hit (VINF_SUCCESS) on \Device\HarddiskVolume2\Windows\System32\netapi32.dll [avoiding WinVerifyTrust]
818.6fc8: supR3HardenedDllNotificationCallback: load   00007ffb970d0000 LB 0x000a3000 C:\WINDOWS\System32\msvcp_win.dll [fFlags=0x0]
818.6fc8: supR3HardenedScreenImage/LdrLoadDll: cache hit (VINF_SUCCESS) on \Device\HarddiskVolume2\Windows\System32\msvcp_win.dll [avoiding WinVerifyTrust]
818.6fc8: supR3HardenedDllNotificationCallback: load   00007ffb972b0000 LB 0x00027000 C:\WINDOWS\System32\win32u.dll [fFlags=0x0]
818.6fc8: supR3HardenedScreenImage/LdrLoadDll: cache hit (VINF_SUCCESS) on \Device\HarddiskVolume2\Windows\System32\win32u.dll [avoiding WinVerifyTrust]
818.6fc8: supR3HardenedDllNotificationCallback: load   00007ffb99460000 LB 0x001c5000 C:\WINDOWS\System32\USER32.dll [fFlags=0x0]
818.6fc8: supR3HardenedDllNotificationCallback: load   00007ffb97180000 LB 0x0012c000 C:\WINDOWS\System32\gdi32full.dll [fFlags=0x0]
818.6fc8: supR3HardenedWinVerifyCacheScheduleImports: Import todo: #0 'msvcp_win.dll'.
818.6fc8: supR3HardenedWinVerifyCacheScheduleImports: Import todo: #35 'gdi32.dll'.
818.6fc8: supR3HardenedWinVerifyCacheScheduleImports: Import todo: #37 'user32.dll'.
818.6fc8: supR3HardenedWinVerifyCacheScheduleImports: Import todo: #38 'win32u.dll'.
818.6fc8: supHardenedWinVerifyImageByHandle: -> 0 (\Device\HarddiskVolume2\Windows\System32\gdi32full.dll)
818.6fc8: supR3HardenedWinVerifyCacheInsert: \Device\HarddiskVolume2\Windows\System32\gdi32full.dll
818.6fc8: supR3HardenedDllNotificationCallback: load   00007ffb979e0000 LB 0x0002b000 C:\WINDOWS\System32\GDI32.dll [fFlags=0x0]
818.6fc8: supR3HardenedScreenImage/LdrLoadDll: cache hit (VINF_SUCCESS) on \Device\HarddiskVolume2\Windows\System32\gdi32.dll [avoiding WinVerifyTrust]
818.6fc8: supR3HardenedDllNotificationCallback: load   00007ffb98b20000 LB 0x00385000 C:\WINDOWS\System32\combase.dll [fFlags=0x0]
818.6fc8: supR3HardenedScreenImage/LdrLoadDll: cache hit (VINF_SUCCESS) on \Device\HarddiskVolume2\Windows\System32\combase.dll [avoiding WinVerifyTrust]
818.6fc8: supR3HardenedDllNotificationCallback: load   00007ffb992c0000 LB 0x00197000 C:\WINDOWS\System32\ole32.dll [fFlags=0x0]
818.6fc8: supR3HardenedScreenImage/LdrLoadDll: cache hit (VINF_SUCCESS) on \Device\HarddiskVolume2\Windows\System32\ole32.dll
818.6fc8: supR3HardenedDllNotificationCallback: load   00007ffb96f60000 LB 0x0016a000 C:\WINDOWS\System32\wintypes.dll [fFlags=0x0]
818.6fc8: supR3HardenedWinVerifyCacheScheduleImports: Import todo: #3 'combase.dll'.
818.6fc8: supHardenedWinVerifyImageByHandle: -> 0 (\Device\HarddiskVolume2\Windows\System32\WinTypes.dll)
818.6fc8: supR3HardenedWinVerifyCacheInsert: \Device\HarddiskVolume2\Windows\System32\WinTypes.dll
818.6fc8: supR3HardenedDllNotificationCallback: load   00007ffb97fb0000 LB 0x00753000 C:\WINDOWS\System32\SHELL32.dll [fFlags=0x0]
818.6fc8: supR3HardenedScreenImage/LdrLoadDll: cache hit (VINF_SUCCESS) on \Device\HarddiskVolume2\Windows\System32\shell32.dll [avoiding WinVerifyTrust]
818.6fc8: supR3HardenedDllNotificationCallback: load   00007ffb8f510000 LB 0x0000b000 C:\WINDOWS\SYSTEM32\VERSION.dll [fFlags=0x0]
818.6fc8: supR3HardenedScreenImage/LdrLoadDll: cache hit (VINF_SUCCESS) on \Device\HarddiskVolume2\Windows\System32\version.dll [avoiding WinVerifyTrust]
818.6fc8: supR3HardenedDllNotificationCallback: load   00007ffb898e0000 LB 0x00035000 C:\WINDOWS\SYSTEM32\WINMM.dll [fFlags=0x0]
818.6fc8: supR3HardenedScreenImage/LdrLoadDll: cache hit (VINF_SUCCESS) on \Device\HarddiskVolume2\Windows\System32\winmm.dll
818.6fc8: supR3HardenedDllNotificationCallback: load   00007ffb788b0000 LB 0x00009000 C:\WINDOWS\SYSTEM32\MSVCP140_1.dll [fFlags=0x0]
818.6fc8: supR3HardenedScreenImage/LdrLoadDll: cache hit (VINF_SUCCESS) on \Device\HarddiskVolume2\Windows\System32\msvcp140_1.dll [avoiding WinVerifyTrust]
818.6fc8: supR3HardenedDllNotificationCallback: load   00007ffb7d3b0000 LB 0x00029000 C:\WINDOWS\SYSTEM32\SRVCLI.DLL [fFlags=0x0]
818.6fc8: supR3HardenedScreenImage/LdrLoadDll: cache hit (VINF_SUCCESS) on \Device\HarddiskVolume2\Windows\System32\srvcli.dll [avoiding WinVerifyTrust]
818.6fc8: supR3HardenedDllNotificationCallback: load   00007ffb94fc0000 LB 0x0000d000 C:\WINDOWS\SYSTEM32\NETUTILS.DLL [fFlags=0x0]
818.6fc8: supR3HardenedScreenImage/LdrLoadDll: cache hit (VINF_SUCCESS) on \Device\HarddiskVolume2\Windows\System32\netutils.dll [avoiding WinVerifyTrust]
818.6fc8: supR3HardenedDllNotificationCallback: load   00007ffb26d80000 LB 0x005c3000 C:\Program Files\Oracle\VirtualBox\Qt6CoreVBox.dll [fFlags=0x0]
818.6fc8: supR3HardenedDllNotificationCallback: load   00007ffb964c0000 LB 0x0005e000 C:\WINDOWS\SYSTEM32\powrprof.dll [fFlags=0x0]
818.6fc8: supR3HardenedScreenImage/LdrLoadDll: cache hit (VINF_SUCCESS) on \Device\HarddiskVolume2\Windows\System32\powrprof.dll [avoiding WinVerifyTrust]
818.6fc8: supR3HardenedDllNotificationCallback: load   00007ffb93bd0000 LB 0x0013b000 C:\WINDOWS\SYSTEM32\dxgi.dll [fFlags=0x0]
818.6fc8: supR3HardenedScreenImage/LdrLoadDll: cache hit (VINF_SUCCESS) on \Device\HarddiskVolume2\Windows\System32\dxgi.dll [avoiding WinVerifyTrust]
818.6fc8: supR3HardenedDllNotificationCallback: load   00007ffb92bf0000 LB 0x00262000 C:\WINDOWS\SYSTEM32\d3d11.dll [fFlags=0x0]
818.6fc8: supR3HardenedScreenImage/LdrLoadDll: cache hit (VINF_SUCCESS) on \Device\HarddiskVolume2\Windows\System32\d3d11.dll [avoiding WinVerifyTrust]
818.6fc8: supR3HardenedDllNotificationCallback: load   00007ffb70e40000 LB 0x00023000 C:\WINDOWS\SYSTEM32\d3d12.dll [fFlags=0x0]
818.6fc8: supR3HardenedScreenImage/LdrLoadDll: cache hit (VINF_SUCCESS) on \Device\HarddiskVolume2\Windows\System32\D3D12.dll [avoiding WinVerifyTrust]
818.6fc8: supR3HardenedDllNotificationCallback: load   00007ffb93aa0000 LB 0x000ab000 C:\WINDOWS\SYSTEM32\UxTheme.dll [fFlags=0x0]
818.6fc8: supR3HardenedScreenImage/LdrLoadDll: cache hit (22900) on \Device\HarddiskVolume2\Windows\System32\uxtheme.dll [avoiding WinVerifyTrust]
818.6fc8: supR3HardenedDllNotificationCallback: load   00007ffb92340000 LB 0x00267000 C:\WINDOWS\SYSTEM32\DWrite.dll [fFlags=0x0]
818.6fc8: supR3HardenedScreenImage/LdrLoadDll: cache hit (22900) on \Device\HarddiskVolume2\Windows\System32\DWrite.dll [avoiding WinVerifyTrust]
818.6fc8: supR3HardenedDllNotificationCallback: load   00007ffb71fd0000 LB 0x00044000 C:\WINDOWS\SYSTEM32\MSVCP140_2.dll [fFlags=0x0]
818.6fc8: supR3HardenedScreenImage/LdrLoadDll: cache hit (VINF_SUCCESS) on \Device\HarddiskVolume2\Windows\System32\msvcp140_2.dll [avoiding WinVerifyTrust]
818.6fc8: supR3HardenedDllNotificationCallback: load   00007ffaaff30000 LB 0x0088e000 C:\Program Files\Oracle\VirtualBox\Qt6GuiVBox.dll [fFlags=0x0]
818.6fc8: supR3HardenedScreenImage/LdrLoadDll: cache hit (VINF_SUCCESS) on \Device\HarddiskVolume2\Program Files\Oracle\VirtualBox\Qt6GuiVBox.dll
818.6fc8: supR3HardenedDllNotificationCallback: load   00007ffb93d50000 LB 0x00030000 C:\WINDOWS\SYSTEM32\dwmapi.dll [fFlags=0x0]
818.6fc8: supR3HardenedScreenImage/LdrLoadDll: cache hit (VINF_SUCCESS) on \Device\HarddiskVolume2\Windows\System32\dwmapi.dll [avoiding WinVerifyTrust]
818.6fc8: supR3HardenedDllNotificationCallback: load   00007ffab09e0000 LB 0x0062a000 C:\Program Files\Oracle\VirtualBox\Qt6WidgetsVBox.dll [fFlags=0x0]
818.6fc8: supR3HardenedScreenImage/LdrLoadDll: cache hit (VINF_SUCCESS) on \Device\HarddiskVolume2\Program Files\Oracle\VirtualBox\Qt6WidgetsVBox.dll
818.6fc8: supR3HardenedDllNotificationCallback: load   00007ffb6cf60000 LB 0x0004d000 C:\Program Files\Oracle\VirtualBox\Qt6SqlVBox.dll [fFlags=0x0]
818.6fc8: supR3HardenedScreenImage/LdrLoadDll: cache hit (VINF_SUCCESS) on \Device\HarddiskVolume2\Program Files\Oracle\VirtualBox\Qt6SqlVBox.dll [avoiding WinVerifyTrust]
818.6fc8: supR3HardenedDllNotificationCallback: load   00007ffb297b0000 LB 0x00092000 C:\Program Files\Oracle\VirtualBox\Qt6HelpVBox.dll [fFlags=0x0]
818.6fc8: supR3HardenedScreenImage/LdrLoadDll: cache hit (VINF_SUCCESS) on \Device\HarddiskVolume2\Program Files\Oracle\VirtualBox\Qt6HelpVBox.dll
818.6fc8: supR3HardenedDllNotificationCallback: load   00007ffb2a410000 LB 0x00055000 C:\Program Files\Oracle\VirtualBox\Qt6StateMachineVBox.dll [fFlags=0x0]
818.6fc8: supR3HardenedScreenImage/LdrLoadDll: cache hit (VINF_SUCCESS) on \Device\HarddiskVolume2\Program Files\Oracle\VirtualBox\Qt6StateMachineVBox.dll
818.6fc8: supR3HardenedDllNotificationCallback: load   00007ffb98740000 LB 0x000d6000 C:\WINDOWS\System32\OLEAUT32.dll [fFlags=0x0]
818.6fc8: supR3HardenedScreenImage/LdrLoadDll: cache hit (VINF_SUCCESS) on \Device\HarddiskVolume2\Windows\System32\oleaut32.dll
818.6fc8: supR3HardenedDllNotificationCallback: load   00007ffa8b110000 LB 0x01b5a000 C:\Program Files\Oracle\VirtualBox\UICommon.dll [fFlags=0x0]
818.6fc8: supR3HardenedScreenImage/LdrLoadDll: cache hit (VINF_SUCCESS) on \Device\HarddiskVolume2\Program Files\Oracle\VirtualBox\UICommon.dll
818.6fc8: supR3HardenedDllNotificationCallback: load   00007ffab4d50000 LB 0x0014e000 C:\Program Files\Oracle\VirtualBox\VirtualBoxVM.dll [fFlags=0x0]
818.6fc8: supR3HardenedScreenImage/LdrLoadDll: cache hit (VINF_SUCCESS) on \Device\HarddiskVolume2\Program Files\Oracle\VirtualBox\VirtualBoxVM.dll
818.6fc8: supR3HardenedWinVerifyCacheScheduleImports: Import todo: #26 'win32u.dll'.
818.6fc8: supHardenedWinVerifyImageByHandle: -> 0 (\Device\HarddiskVolume2\Windows\System32\imm32.dll)
818.6fc8: supR3HardenedWinVerifyCacheInsert: \Device\HarddiskVolume2\Windows\System32\imm32.dll
818.6fc8: supR3HardenedMonitor_NtCreateSection: NtMapViewOfSection failed on 0000000000000544 (hFile=0000000000000548) with 0xc0000022 -> STATUS_TRUST_FAILURE
818.6fc8: Detected loader lock ownership: rc=VINF_SUCCESS '\Device\HarddiskVolume2\Windows\System32\imm32.dll'.
818.6fc8: supR3HardenedWinVerifyCacheProcessWvtTodos: 0 (was 0) fWinVerifyTrust=0 for '\Device\HarddiskVolume2\Windows\System32\imm32.dll' [rescheduled]
818.6fc8: Detected loader lock ownership: rc=VINF_SUCCESS '\Device\HarddiskVolume2\Windows\System32\WinTypes.dll'.
818.6fc8: supR3HardenedWinVerifyCacheProcessWvtTodos: 0 (was 0) fWinVerifyTrust=0 for '\Device\HarddiskVolume2\Windows\System32\WinTypes.dll' [rescheduled]
818.6fc8: Detected loader lock ownership: rc=VINF_SUCCESS '\Device\HarddiskVolume2\Windows\System32\gdi32full.dll'.
818.6fc8: supR3HardenedWinVerifyCacheProcessWvtTodos: 0 (was 0) fWinVerifyTrust=0 for '\Device\HarddiskVolume2\Windows\System32\gdi32full.dll' [rescheduled]
818.6fc8: Detected loader lock ownership: rc=VINF_SUCCESS '\Device\HarddiskVolume2\Windows\System32\netutils.dll'.
818.6fc8: supR3HardenedWinVerifyCacheProcessWvtTodos: 0 (was 0) fWinVerifyTrust=0 for '\Device\HarddiskVolume2\Windows\System32\netutils.dll' [rescheduled]
818.6fc8: Detected loader lock ownership: rc=VINF_SUCCESS '\Device\HarddiskVolume2\Windows\System32\srvcli.dll'.
818.6fc8: supR3HardenedWinVerifyCacheProcessWvtTodos: 0 (was 0) fWinVerifyTrust=0 for '\Device\HarddiskVolume2\Windows\System32\srvcli.dll' [rescheduled]
818.6fc8: Detected loader lock ownership: rc=VINF_SUCCESS '\Device\HarddiskVolume2\Windows\System32\powrprof.dll'.
818.6fc8: supR3HardenedWinVerifyCacheProcessWvtTodos: 0 (was 0) fWinVerifyTrust=0 for '\Device\HarddiskVolume2\Windows\System32\powrprof.dll' [rescheduled]
818.6fc8: Detected loader lock ownership: rc=VINF_SUCCESS '\Device\HarddiskVolume2\Program Files\Oracle\VirtualBox\Qt6SqlVBox.dll'.
818.6fc8: supR3HardenedWinVerifyCacheProcessWvtTodos: 0 (was 0) fWinVerifyTrust=0 for '\Device\HarddiskVolume2\Program Files\Oracle\VirtualBox\Qt6SqlVBox.dll' [rescheduled]
818.6fc8: Detected loader lock ownership: rc=VINF_SUCCESS '\Device\HarddiskVolume2\Windows\System32\userenv.dll'.
818.6fc8: supR3HardenedWinVerifyCacheProcessWvtTodos: 0 (was 0) fWinVerifyTrust=0 for '\Device\HarddiskVolume2\Windows\System32\userenv.dll' [rescheduled]
818.6fc8: Detected loader lock ownership: rc=22900 '\Device\HarddiskVolume2\Windows\System32\authz.dll'.
818.6fc8: supR3HardenedWinVerifyCacheProcessWvtTodos: 22900 (was 22900) fWinVerifyTrust=0 for '\Device\HarddiskVolume2\Windows\System32\authz.dll' [rescheduled]
818.6fc8: Detected loader lock ownership: rc=VINF_SUCCESS '\Device\HarddiskVolume2\Windows\System32\netapi32.dll'.
818.6fc8: supR3HardenedWinVerifyCacheProcessWvtTodos: 0 (was 0) fWinVerifyTrust=0 for '\Device\HarddiskVolume2\Windows\System32\netapi32.dll' [rescheduled]
818.6fc8: Detected loader lock ownership: rc=VINF_SUCCESS '\Device\HarddiskVolume2\Windows\System32\version.dll'.
818.6fc8: supR3HardenedWinVerifyCacheProcessWvtTodos: 0 (was 0) fWinVerifyTrust=0 for '\Device\HarddiskVolume2\Windows\System32\version.dll' [rescheduled]
818.6fc8: Detected loader lock ownership: rc=VINF_SUCCESS '\Device\HarddiskVolume2\Windows\System32\d3d11.dll'.
818.6fc8: supR3HardenedWinVerifyCacheProcessWvtTodos: 0 (was 0) fWinVerifyTrust=0 for '\Device\HarddiskVolume2\Windows\System32\d3d11.dll' [rescheduled]
818.6fc8: Detected loader lock ownership: rc=VINF_SUCCESS '\Device\HarddiskVolume2\Windows\System32\dxgi.dll'.
818.6fc8: supR3HardenedWinVerifyCacheProcessWvtTodos: 0 (was 0) fWinVerifyTrust=0 for '\Device\HarddiskVolume2\Windows\System32\dxgi.dll' [rescheduled]
818.6fc8: Detected loader lock ownership: rc=VINF_SUCCESS '\Device\HarddiskVolume2\Windows\System32\D3D12.dll'.
818.6fc8: supR3HardenedWinVerifyCacheProcessWvtTodos: 0 (was 0) fWinVerifyTrust=0 for '\Device\HarddiskVolume2\Windows\System32\D3D12.dll' [rescheduled]
818.6fc8: Detected loader lock ownership: rc=VINF_SUCCESS '\Device\HarddiskVolume2\Windows\System32\shell32.dll'.
818.6fc8: supR3HardenedWinVerifyCacheProcessWvtTodos: 0 (was 0) fWinVerifyTrust=0 for '\Device\HarddiskVolume2\Windows\System32\shell32.dll' [rescheduled]
818.6fc8: Detected loader lock ownership: rc=22900 '\Device\HarddiskVolume2\Windows\System32\DWrite.dll'.
818.6fc8: supR3HardenedWinVerifyCacheProcessWvtTodos: 22900 (was 22900) fWinVerifyTrust=0 for '\Device\HarddiskVolume2\Windows\System32\DWrite.dll' [rescheduled]
818.6fc8: Detected loader lock ownership: rc=VINF_SUCCESS '\Device\HarddiskVolume2\Windows\System32\msvcp140_2.dll'.
818.6fc8: supR3HardenedWinVerifyCacheProcessWvtTodos: 0 (was 0) fWinVerifyTrust=0 for '\Device\HarddiskVolume2\Windows\System32\msvcp140_2.dll' [rescheduled]
818.6fc8: Detected loader lock ownership: rc=VINF_SUCCESS '\Device\HarddiskVolume2\Windows\System32\dwmapi.dll'.
818.6fc8: supR3HardenedWinVerifyCacheProcessWvtTodos: 0 (was 0) fWinVerifyTrust=0 for '\Device\HarddiskVolume2\Windows\System32\dwmapi.dll' [rescheduled]
818.6fc8: Detected loader lock ownership: rc=22900 '\Device\HarddiskVolume2\Windows\System32\uxtheme.dll'.
818.6fc8: supR3HardenedWinVerifyCacheProcessWvtTodos: 22900 (was 22900) fWinVerifyTrust=0 for '\Device\HarddiskVolume2\Windows\System32\uxtheme.dll' [rescheduled]
818.6fc8: Detected loader lock ownership: rc=VINF_SUCCESS '\Device\HarddiskVolume2\Windows\System32\msvcp140_1.dll'.
818.6fc8: supR3HardenedWinVerifyCacheProcessWvtTodos: 0 (was 0) fWinVerifyTrust=0 for '\Device\HarddiskVolume2\Windows\System32\msvcp140_1.dll' [rescheduled]
818.6fc8: Detected loader lock ownership: rc=VINF_SUCCESS '\Device\HarddiskVolume2\Windows\System32\win32u.dll'.
818.6fc8: supR3HardenedWinVerifyCacheProcessWvtTodos: 0 (was 0) fWinVerifyTrust=0 for '\Device\HarddiskVolume2\Windows\System32\win32u.dll' [rescheduled]
818.6fc8: Detected loader lock ownership: rc=VINF_SUCCESS '\Device\HarddiskVolume2\Windows\System32\gdi32.dll'.
818.6fc8: supR3HardenedWinVerifyCacheProcessWvtTodos: 0 (was 0) fWinVerifyTrust=0 for '\Device\HarddiskVolume2\Windows\System32\gdi32.dll' [rescheduled]
818.6fc8: Detected loader lock ownership: rc=VINF_SUCCESS '\Device\HarddiskVolume2\Windows\System32\msvcp_win.dll'.
818.6fc8: supR3HardenedWinVerifyCacheProcessWvtTodos: 0 (was 0) fWinVerifyTrust=0 for '\Device\HarddiskVolume2\Windows\System32\msvcp_win.dll' [rescheduled]
818.6fc8: Detected loader lock ownership: rc=VINF_SUCCESS '\Device\HarddiskVolume2\Windows\System32\combase.dll'.
818.6fc8: supR3HardenedWinVerifyCacheProcessWvtTodos: 0 (was 0) fWinVerifyTrust=0 for '\Device\HarddiskVolume2\Windows\System32\combase.dll' [rescheduled]
818.6fc8: supR3HardenedScreenImage/LdrLoadDll: cache hit (VINF_SUCCESS) on \Device\HarddiskVolume2\Windows\System32\imm32.dll [redoing WinVerifyTrust]
818.6fc8: Detected loader lock ownership: rc=VINF_SUCCESS '\Device\HarddiskVolume2\Windows\System32\imm32.dll'.
818.6fc8: supR3HardenedScreenImage/LdrLoadDll: WinVerifyTrust not available, rescheduling \Device\HarddiskVolume2\Windows\System32\imm32.dll
818.6fc8: supR3HardenedWinVerifyCacheProcessImportTodos: Processing 'win32u.dll'...
818.6fc8: supR3HardenedWinVerifyCacheProcessImportTodos: 'win32u.dll' -> '\Device\HarddiskVolume2\Windows\System32\win32u.dll' [rcNtRedir=0xc0150008]
818.6fc8: supR3HardenedScreenImage/Imports: cache hit (VINF_SUCCESS) on \Device\HarddiskVolume2\Windows\System32\win32u.dll [redoing WinVerifyTrust]
818.6fc8: Detected loader lock ownership: rc=VINF_SUCCESS '\Device\HarddiskVolume2\Windows\System32\win32u.dll'.
818.6fc8: supR3HardenedScreenImage/Imports: WinVerifyTrust not available, rescheduling \Device\HarddiskVolume2\Windows\System32\win32u.dll
818.6fc8: supR3HardenedWinVerifyCacheProcessImportTodos: Processing 'combase.dll'...
818.6fc8: supR3HardenedWinVerifyCacheProcessImportTodos: 'combase.dll' -> '\Device\HarddiskVolume2\Windows\System32\combase.dll' [rcNtRedir=0xc0150008]
818.6fc8: supR3HardenedScreenImage/Imports: cache hit (VINF_SUCCESS) on \Device\HarddiskVolume2\Windows\System32\combase.dll [redoing WinVerifyTrust]
818.6fc8: Detected loader lock ownership: rc=VINF_SUCCESS '\Device\HarddiskVolume2\Windows\System32\combase.dll'.
818.6fc8: supR3HardenedScreenImage/Imports: WinVerifyTrust not available, rescheduling \Device\HarddiskVolume2\Windows\System32\combase.dll
818.6fc8: supR3HardenedWinVerifyCacheProcessImportTodos: Processing 'win32u.dll'...
818.6fc8: supR3HardenedWinVerifyCacheProcessImportTodos: 'win32u.dll' -> '\Device\HarddiskVolume2\Windows\System32\win32u.dll' [rcNtRedir=0xc0150008]
818.6fc8: supR3HardenedScreenImage/Imports: cache hit (VINF_SUCCESS) on \Device\HarddiskVolume2\Windows\System32\win32u.dll [redoing WinVerifyTrust]
818.6fc8: Detected loader lock ownership: rc=VINF_SUCCESS '\Device\HarddiskVolume2\Windows\System32\win32u.dll'.
818.6fc8: supR3HardenedScreenImage/Imports: WinVerifyTrust not available, rescheduling \Device\HarddiskVolume2\Windows\System32\win32u.dll
818.6fc8: supR3HardenedWinVerifyCacheProcessImportTodos: Processing 'user32.dll'...
818.6fc8: supR3HardenedWinVerifyCacheProcessImportTodos: 'user32.dll' -> '\Device\HarddiskVolume2\Windows\System32\user32.dll' [rcNtRedir=0xc0150008]
818.6fc8: supR3HardenedWinVerifyCacheProcessImportTodos: Processing 'gdi32.dll'...
818.6fc8: supR3HardenedWinVerifyCacheProcessImportTodos: 'gdi32.dll' -> '\Device\HarddiskVolume2\Windows\System32\gdi32.dll' [rcNtRedir=0xc0150008]
818.6fc8: supR3HardenedScreenImage/Imports: cache hit (VINF_SUCCESS) on \Device\HarddiskVolume2\Windows\System32\gdi32.dll [redoing WinVerifyTrust]
818.6fc8: Detected loader lock ownership: rc=VINF_SUCCESS '\Device\HarddiskVolume2\Windows\System32\gdi32.dll'.
818.6fc8: supR3HardenedScreenImage/Imports: WinVerifyTrust not available, rescheduling \Device\HarddiskVolume2\Windows\System32\gdi32.dll
818.6fc8: supR3HardenedWinVerifyCacheProcessImportTodos: Processing 'msvcp_win.dll'...
818.6fc8: supR3HardenedWinVerifyCacheProcessImportTodos: 'msvcp_win.dll' -> '\Device\HarddiskVolume2\Windows\System32\msvcp_win.dll' [rcNtRedir=0xc0150008]
818.6fc8: supR3HardenedScreenImage/Imports: cache hit (VINF_SUCCESS) on \Device\HarddiskVolume2\Windows\System32\msvcp_win.dll [redoing WinVerifyTrust]
818.6fc8: Detected loader lock ownership: rc=VINF_SUCCESS '\Device\HarddiskVolume2\Windows\System32\msvcp_win.dll'.
818.6fc8: supR3HardenedScreenImage/Imports: WinVerifyTrust not available, rescheduling \Device\HarddiskVolume2\Windows\System32\msvcp_win.dll
818.6fc8: supR3HardenedWinVerifyCacheProcessImportTodos: Processing 'rpcrt4.dll'...
818.6fc8: supR3HardenedWinVerifyCacheProcessImportTodos: 'rpcrt4.dll' -> '\Device\HarddiskVolume2\Windows\System32\rpcrt4.dll' [rcNtRedir=0xc0150008]
818.6fc8: supR3HardenedWinVerifyCacheProcessImportTodos: Processing 'rpcrt4.dll'...
818.6fc8: supR3HardenedWinVerifyCacheProcessImportTodos: 'rpcrt4.dll' -> '\Device\HarddiskVolume2\Windows\System32\rpcrt4.dll' [rcNtRedir=0xc0150008]
818.6fc8: supR3HardenedMonitor_LdrLoadDll: pName=C:\WINDOWS\system32\IMM32.DLL (rcNtResolve=0xc0150008) *pfFlags=0x0 pwszSearchPath=0000000000000009:<flags> [calling]
818.6fc8: supR3HardenedDllNotificationCallback: load   00007ffb97460000 LB 0x00031000 C:\WINDOWS\System32\IMM32.DLL [fFlags=0x0]
818.6fc8: supR3HardenedScreenImage/LdrLoadDll: cache hit (VINF_SUCCESS) on \Device\HarddiskVolume2\Windows\System32\imm32.dll [avoiding WinVerifyTrust]
818.6fc8: supR3HardenedMonitor_LdrLoadDll: returns rcNt=0x0 hMod=00007ffb97460000 'C:\WINDOWS\system32\IMM32.DLL'
818.6fc8: Detected loader lock ownership: rc=VINF_SUCCESS '\Device\HarddiskVolume2\Windows\System32\imm32.dll'.
818.6fc8: supR3HardenedWinVerifyCacheProcessWvtTodos: 0 (was 0) fWinVerifyTrust=0 for '\Device\HarddiskVolume2\Windows\System32\imm32.dll' [rescheduled]
818.6fc8: Detected loader lock ownership: rc=VINF_SUCCESS '\Device\HarddiskVolume2\Windows\System32\WinTypes.dll'.
818.6fc8: supR3HardenedWinVerifyCacheProcessWvtTodos: 0 (was 0) fWinVerifyTrust=0 for '\Device\HarddiskVolume2\Windows\System32\WinTypes.dll' [rescheduled]
818.6fc8: Detected loader lock ownership: rc=VINF_SUCCESS '\Device\HarddiskVolume2\Windows\System32\gdi32full.dll'.
818.6fc8: supR3HardenedWinVerifyCacheProcessWvtTodos: 0 (was 0) fWinVerifyTrust=0 for '\Device\HarddiskVolume2\Windows\System32\gdi32full.dll' [rescheduled]
818.6fc8: Detected loader lock ownership: rc=VINF_SUCCESS '\Device\HarddiskVolume2\Windows\System32\netutils.dll'.
818.6fc8: supR3HardenedWinVerifyCacheProcessWvtTodos: 0 (was 0) fWinVerifyTrust=0 for '\Device\HarddiskVolume2\Windows\System32\netutils.dll' [rescheduled]
818.6fc8: Detected loader lock ownership: rc=VINF_SUCCESS '\Device\HarddiskVolume2\Windows\System32\srvcli.dll'.
818.6fc8: supR3HardenedWinVerifyCacheProcessWvtTodos: 0 (was 0) fWinVerifyTrust=0 for '\Device\HarddiskVolume2\Windows\System32\srvcli.dll' [rescheduled]
818.6fc8: Detected loader lock ownership: rc=VINF_SUCCESS '\Device\HarddiskVolume2\Windows\System32\powrprof.dll'.
818.6fc8: supR3HardenedWinVerifyCacheProcessWvtTodos: 0 (was 0) fWinVerifyTrust=0 for '\Device\HarddiskVolume2\Windows\System32\powrprof.dll' [rescheduled]
818.6fc8: Detected loader lock ownership: rc=VINF_SUCCESS '\Device\HarddiskVolume2\Program Files\Oracle\VirtualBox\Qt6SqlVBox.dll'.
818.6fc8: supR3HardenedWinVerifyCacheProcessWvtTodos: 0 (was 0) fWinVerifyTrust=0 for '\Device\HarddiskVolume2\Program Files\Oracle\VirtualBox\Qt6SqlVBox.dll' [rescheduled]
818.6fc8: Detected loader lock ownership: rc=VINF_SUCCESS '\Device\HarddiskVolume2\Windows\System32\userenv.dll'.
818.6fc8: supR3HardenedWinVerifyCacheProcessWvtTodos: 0 (was 0) fWinVerifyTrust=0 for '\Device\HarddiskVolume2\Windows\System32\userenv.dll' [rescheduled]
818.6fc8: Detected loader lock ownership: rc=22900 '\Device\HarddiskVolume2\Windows\System32\authz.dll'.
818.6fc8: supR3HardenedWinVerifyCacheProcessWvtTodos: 22900 (was 22900) fWinVerifyTrust=0 for '\Device\HarddiskVolume2\Windows\System32\authz.dll' [rescheduled]
818.6fc8: Detected loader lock ownership: rc=VINF_SUCCESS '\Device\HarddiskVolume2\Windows\System32\netapi32.dll'.
818.6fc8: supR3HardenedWinVerifyCacheProcessWvtTodos: 0 (was 0) fWinVerifyTrust=0 for '\Device\HarddiskVolume2\Windows\System32\netapi32.dll' [rescheduled]
818.6fc8: Detected loader lock ownership: rc=VINF_SUCCESS '\Device\HarddiskVolume2\Windows\System32\version.dll'.
818.6fc8: supR3HardenedWinVerifyCacheProcessWvtTodos: 0 (was 0) fWinVerifyTrust=0 for '\Device\HarddiskVolume2\Windows\System32\version.dll' [rescheduled]
818.6fc8: Detected loader lock ownership: rc=VINF_SUCCESS '\Device\HarddiskVolume2\Windows\System32\d3d11.dll'.
818.6fc8: supR3HardenedWinVerifyCacheProcessWvtTodos: 0 (was 0) fWinVerifyTrust=0 for '\Device\HarddiskVolume2\Windows\System32\d3d11.dll' [rescheduled]
818.6fc8: Detected loader lock ownership: rc=VINF_SUCCESS '\Device\HarddiskVolume2\Windows\System32\dxgi.dll'.
818.6fc8: supR3HardenedWinVerifyCacheProcessWvtTodos: 0 (was 0) fWinVerifyTrust=0 for '\Device\HarddiskVolume2\Windows\System32\dxgi.dll' [rescheduled]
818.6fc8: Detected loader lock ownership: rc=VINF_SUCCESS '\Device\HarddiskVolume2\Windows\System32\D3D12.dll'.
818.6fc8: supR3HardenedWinVerifyCacheProcessWvtTodos: 0 (was 0) fWinVerifyTrust=0 for '\Device\HarddiskVolume2\Windows\System32\D3D12.dll' [rescheduled]
818.6fc8: Detected loader lock ownership: rc=VINF_SUCCESS '\Device\HarddiskVolume2\Windows\System32\shell32.dll'.
818.6fc8: supR3HardenedWinVerifyCacheProcessWvtTodos: 0 (was 0) fWinVerifyTrust=0 for '\Device\HarddiskVolume2\Windows\System32\shell32.dll' [rescheduled]
818.6fc8: Detected loader lock ownership: rc=22900 '\Device\HarddiskVolume2\Windows\System32\DWrite.dll'.
818.6fc8: supR3HardenedWinVerifyCacheProcessWvtTodos: 22900 (was 22900) fWinVerifyTrust=0 for '\Device\HarddiskVolume2\Windows\System32\DWrite.dll' [rescheduled]
818.6fc8: Detected loader lock ownership: rc=VINF_SUCCESS '\Device\HarddiskVolume2\Windows\System32\msvcp140_2.dll'.
818.6fc8: supR3HardenedWinVerifyCacheProcessWvtTodos: 0 (was 0) fWinVerifyTrust=0 for '\Device\HarddiskVolume2\Windows\System32\msvcp140_2.dll' [rescheduled]
818.6fc8: Detected loader lock ownership: rc=VINF_SUCCESS '\Device\HarddiskVolume2\Windows\System32\dwmapi.dll'.
818.6fc8: supR3HardenedWinVerifyCacheProcessWvtTodos: 0 (was 0) fWinVerifyTrust=0 for '\Device\HarddiskVolume2\Windows\System32\dwmapi.dll' [rescheduled]
818.6fc8: Detected loader lock ownership: rc=22900 '\Device\HarddiskVolume2\Windows\System32\uxtheme.dll'.
818.6fc8: supR3HardenedWinVerifyCacheProcessWvtTodos: 22900 (was 22900) fWinVerifyTrust=0 for '\Device\HarddiskVolume2\Windows\System32\uxtheme.dll' [rescheduled]
818.6fc8: Detected loader lock ownership: rc=VINF_SUCCESS '\Device\HarddiskVolume2\Windows\System32\msvcp140_1.dll'.
818.6fc8: supR3HardenedWinVerifyCacheProcessWvtTodos: 0 (was 0) fWinVerifyTrust=0 for '\Device\HarddiskVolume2\Windows\System32\msvcp140_1.dll' [rescheduled]
818.6fc8: Detected loader lock ownership: rc=VINF_SUCCESS '\Device\HarddiskVolume2\Windows\System32\win32u.dll'.
818.6fc8: supR3HardenedWinVerifyCacheProcessWvtTodos: 0 (was 0) fWinVerifyTrust=0 for '\Device\HarddiskVolume2\Windows\System32\win32u.dll' [rescheduled]
818.6fc8: Detected loader lock ownership: rc=VINF_SUCCESS '\Device\HarddiskVolume2\Windows\System32\gdi32.dll'.
818.6fc8: supR3HardenedWinVerifyCacheProcessWvtTodos: 0 (was 0) fWinVerifyTrust=0 for '\Device\HarddiskVolume2\Windows\System32\gdi32.dll' [rescheduled]
818.6fc8: Detected loader lock ownership: rc=VINF_SUCCESS '\Device\HarddiskVolume2\Windows\System32\msvcp_win.dll'.
818.6fc8: supR3HardenedWinVerifyCacheProcessWvtTodos: 0 (was 0) fWinVerifyTrust=0 for '\Device\HarddiskVolume2\Windows\System32\msvcp_win.dll' [rescheduled]
818.6fc8: Detected loader lock ownership: rc=VINF_SUCCESS '\Device\HarddiskVolume2\Windows\System32\combase.dll'.
818.6fc8: supR3HardenedWinVerifyCacheProcessWvtTodos: 0 (was 0) fWinVerifyTrust=0 for '\Device\HarddiskVolume2\Windows\System32\combase.dll' [rescheduled]
818.6fc8: supHardenedWinVerifyImageByHandle: -> 0 (\Device\HarddiskVolume2\Windows\System32\umpdc.dll)
818.6fc8: supR3HardenedWinVerifyCacheInsert: \Device\HarddiskVolume2\Windows\System32\umpdc.dll
818.6fc8: supR3HardenedDllNotificationCallback: load   00007ffb964a0000 LB 0x00014000 C:\WINDOWS\SYSTEM32\UMPDC.dll [fFlags=0x0]
818.6fc8: supR3HardenedScreenImage/LdrLoadDll: cache hit (VINF_SUCCESS) on \Device\HarddiskVolume2\Windows\System32\umpdc.dll [avoiding WinVerifyTrust]
818.6fc8: Detected loader lock ownership: rc=VINF_SUCCESS '\Device\HarddiskVolume2\Windows\System32\umpdc.dll'.
818.6fc8: supR3HardenedWinVerifyCacheProcessWvtTodos: 0 (was 0) fWinVerifyTrust=0 for '\Device\HarddiskVolume2\Windows\System32\umpdc.dll' [rescheduled]
818.6fc8: Detected loader lock ownership: rc=VINF_SUCCESS '\Device\HarddiskVolume2\Windows\System32\imm32.dll'.
818.6fc8: supR3HardenedWinVerifyCacheProcessWvtTodos: 0 (was 0) fWinVerifyTrust=0 for '\Device\HarddiskVolume2\Windows\System32\imm32.dll' [rescheduled]
818.6fc8: Detected loader lock ownership: rc=VINF_SUCCESS '\Device\HarddiskVolume2\Windows\System32\WinTypes.dll'.
818.6fc8: supR3HardenedWinVerifyCacheProcessWvtTodos: 0 (was 0) fWinVerifyTrust=0 for '\Device\HarddiskVolume2\Windows\System32\WinTypes.dll' [rescheduled]
818.6fc8: Detected loader lock ownership: rc=VINF_SUCCESS '\Device\HarddiskVolume2\Windows\System32\gdi32full.dll'.
818.6fc8: supR3HardenedWinVerifyCacheProcessWvtTodos: 0 (was 0) fWinVerifyTrust=0 for '\Device\HarddiskVolume2\Windows\System32\gdi32full.dll' [rescheduled]
818.6fc8: Detected loader lock ownership: rc=VINF_SUCCESS '\Device\HarddiskVolume2\Windows\System32\netutils.dll'.
818.6fc8: supR3HardenedWinVerifyCacheProcessWvtTodos: 0 (was 0) fWinVerifyTrust=0 for '\Device\HarddiskVolume2\Windows\System32\netutils.dll' [rescheduled]
818.6fc8: Detected loader lock ownership: rc=VINF_SUCCESS '\Device\HarddiskVolume2\Windows\System32\srvcli.dll'.
818.6fc8: supR3HardenedWinVerifyCacheProcessWvtTodos: 0 (was 0) fWinVerifyTrust=0 for '\Device\HarddiskVolume2\Windows\System32\srvcli.dll' [rescheduled]
818.6fc8: Detected loader lock ownership: rc=VINF_SUCCESS '\Device\HarddiskVolume2\Windows\System32\powrprof.dll'.
818.6fc8: supR3HardenedWinVerifyCacheProcessWvtTodos: 0 (was 0) fWinVerifyTrust=0 for '\Device\HarddiskVolume2\Windows\System32\powrprof.dll' [rescheduled]
818.6fc8: Detected loader lock ownership: rc=VINF_SUCCESS '\Device\HarddiskVolume2\Program Files\Oracle\VirtualBox\Qt6SqlVBox.dll'.
818.6fc8: supR3HardenedWinVerifyCacheProcessWvtTodos: 0 (was 0) fWinVerifyTrust=0 for '\Device\HarddiskVolume2\Program Files\Oracle\VirtualBox\Qt6SqlVBox.dll' [rescheduled]
818.6fc8: Detected loader lock ownership: rc=VINF_SUCCESS '\Device\HarddiskVolume2\Windows\System32\userenv.dll'.
818.6fc8: supR3HardenedWinVerifyCacheProcessWvtTodos: 0 (was 0) fWinVerifyTrust=0 for '\Device\HarddiskVolume2\Windows\System32\userenv.dll' [rescheduled]
818.6fc8: Detected loader lock ownership: rc=22900 '\Device\HarddiskVolume2\Windows\System32\authz.dll'.
818.6fc8: supR3HardenedWinVerifyCacheProcessWvtTodos: 22900 (was 22900) fWinVerifyTrust=0 for '\Device\HarddiskVolume2\Windows\System32\authz.dll' [rescheduled]
818.6fc8: Detected loader lock ownership: rc=VINF_SUCCESS '\Device\HarddiskVolume2\Windows\System32\netapi32.dll'.
818.6fc8: supR3HardenedWinVerifyCacheProcessWvtTodos: 0 (was 0) fWinVerifyTrust=0 for '\Device\HarddiskVolume2\Windows\System32\netapi32.dll' [rescheduled]
818.6fc8: Detected loader lock ownership: rc=VINF_SUCCESS '\Device\HarddiskVolume2\Windows\System32\version.dll'.
818.6fc8: supR3HardenedWinVerifyCacheProcessWvtTodos: 0 (was 0) fWinVerifyTrust=0 for '\Device\HarddiskVolume2\Windows\System32\version.dll' [rescheduled]
818.6fc8: Detected loader lock ownership: rc=VINF_SUCCESS '\Device\HarddiskVolume2\Windows\System32\d3d11.dll'.
818.6fc8: supR3HardenedWinVerifyCacheProcessWvtTodos: 0 (was 0) fWinVerifyTrust=0 for '\Device\HarddiskVolume2\Windows\System32\d3d11.dll' [rescheduled]
818.6fc8: Detected loader lock ownership: rc=VINF_SUCCESS '\Device\HarddiskVolume2\Windows\System32\dxgi.dll'.
818.6fc8: supR3HardenedWinVerifyCacheProcessWvtTodos: 0 (was 0) fWinVerifyTrust=0 for '\Device\HarddiskVolume2\Windows\System32\dxgi.dll' [rescheduled]
818.6fc8: Detected loader lock ownership: rc=VINF_SUCCESS '\Device\HarddiskVolume2\Windows\System32\D3D12.dll'.
818.6fc8: supR3HardenedWinVerifyCacheProcessWvtTodos: 0 (was 0) fWinVerifyTrust=0 for '\Device\HarddiskVolume2\Windows\System32\D3D12.dll' [rescheduled]
818.6fc8: Detected loader lock ownership: rc=VINF_SUCCESS '\Device\HarddiskVolume2\Windows\System32\shell32.dll'.
818.6fc8: supR3HardenedWinVerifyCacheProcessWvtTodos: 0 (was 0) fWinVerifyTrust=0 for '\Device\HarddiskVolume2\Windows\System32\shell32.dll' [rescheduled]
818.6fc8: Detected loader lock ownership: rc=22900 '\Device\HarddiskVolume2\Windows\System32\DWrite.dll'.
818.6fc8: supR3HardenedWinVerifyCacheProcessWvtTodos: 22900 (was 22900) fWinVerifyTrust=0 for '\Device\HarddiskVolume2\Windows\System32\DWrite.dll' [rescheduled]
818.6fc8: Detected loader lock ownership: rc=VINF_SUCCESS '\Device\HarddiskVolume2\Windows\System32\msvcp140_2.dll'.
818.6fc8: supR3HardenedWinVerifyCacheProcessWvtTodos: 0 (was 0) fWinVerifyTrust=0 for '\Device\HarddiskVolume2\Windows\System32\msvcp140_2.dll' [rescheduled]
818.6fc8: Detected loader lock ownership: rc=VINF_SUCCESS '\Device\HarddiskVolume2\Windows\System32\dwmapi.dll'.
818.6fc8: supR3HardenedWinVerifyCacheProcessWvtTodos: 0 (was 0) fWinVerifyTrust=0 for '\Device\HarddiskVolume2\Windows\System32\dwmapi.dll' [rescheduled]
818.6fc8: Detected loader lock ownership: rc=22900 '\Device\HarddiskVolume2\Windows\System32\uxtheme.dll'.
818.6fc8: supR3HardenedWinVerifyCacheProcessWvtTodos: 22900 (was 22900) fWinVerifyTrust=0 for '\Device\HarddiskVolume2\Windows\System32\uxtheme.dll' [rescheduled]
818.6fc8: Detected loader lock ownership: rc=VINF_SUCCESS '\Device\HarddiskVolume2\Windows\System32\msvcp140_1.dll'.
818.6fc8: supR3HardenedWinVerifyCacheProcessWvtTodos: 0 (was 0) fWinVerifyTrust=0 for '\Device\HarddiskVolume2\Windows\System32\msvcp140_1.dll' [rescheduled]
818.6fc8: Detected loader lock ownership: rc=VINF_SUCCESS '\Device\HarddiskVolume2\Windows\System32\win32u.dll'.
818.6fc8: supR3HardenedWinVerifyCacheProcessWvtTodos: 0 (was 0) fWinVerifyTrust=0 for '\Device\HarddiskVolume2\Windows\System32\win32u.dll' [rescheduled]
818.6fc8: Detected loader lock ownership: rc=VINF_SUCCESS '\Device\HarddiskVolume2\Windows\System32\gdi32.dll'.
818.6fc8: supR3HardenedWinVerifyCacheProcessWvtTodos: 0 (was 0) fWinVerifyTrust=0 for '\Device\HarddiskVolume2\Windows\System32\gdi32.dll' [rescheduled]
818.6fc8: Detected loader lock ownership: rc=VINF_SUCCESS '\Device\HarddiskVolume2\Windows\System32\msvcp_win.dll'.
818.6fc8: supR3HardenedWinVerifyCacheProcessWvtTodos: 0 (was 0) fWinVerifyTrust=0 for '\Device\HarddiskVolume2\Windows\System32\msvcp_win.dll' [rescheduled]
818.6fc8: Detected loader lock ownership: rc=VINF_SUCCESS '\Device\HarddiskVolume2\Windows\System32\combase.dll'.
818.6fc8: supR3HardenedWinVerifyCacheProcessWvtTodos: 0 (was 0) fWinVerifyTrust=0 for '\Device\HarddiskVolume2\Windows\System32\combase.dll' [rescheduled]
818.6fc8: supR3HardenedScreenImage/LdrLoadDll: cache hit (VINF_SUCCESS) on \Device\HarddiskVolume2\Windows\System32\gdi32.dll [redoing WinVerifyTrust]
818.6fc8: Detected loader lock ownership: rc=VINF_SUCCESS '\Device\HarddiskVolume2\Windows\System32\gdi32.dll'.
818.6fc8: supR3HardenedScreenImage/LdrLoadDll: WinVerifyTrust not available, rescheduling \Device\HarddiskVolume2\Windows\System32\gdi32.dll
818.6fc8: supR3HardenedMonitor_LdrLoadDll: returns rcNt=0x0 hMod=00007ffb979e0000 'C:\WINDOWS\System32\gdi32.dll'
818.6fc8: Detected loader lock ownership: rc=VINF_SUCCESS '\Device\HarddiskVolume2\Windows\System32\umpdc.dll'.
818.6fc8: supR3HardenedWinVerifyCacheProcessWvtTodos: 0 (was 0) fWinVerifyTrust=0 for '\Device\HarddiskVolume2\Windows\System32\umpdc.dll' [rescheduled]
818.6fc8: Detected loader lock ownership: rc=VINF_SUCCESS '\Device\HarddiskVolume2\Windows\System32\imm32.dll'.
818.6fc8: supR3HardenedWinVerifyCacheProcessWvtTodos: 0 (was 0) fWinVerifyTrust=0 for '\Device\HarddiskVolume2\Windows\System32\imm32.dll' [rescheduled]
818.6fc8: Detected loader lock ownership: rc=VINF_SUCCESS '\Device\HarddiskVolume2\Windows\System32\WinTypes.dll'.
818.6fc8: supR3HardenedWinVerifyCacheProcessWvtTodos: 0 (was 0) fWinVerifyTrust=0 for '\Device\HarddiskVolume2\Windows\System32\WinTypes.dll' [rescheduled]
818.6fc8: Detected loader lock ownership: rc=VINF_SUCCESS '\Device\HarddiskVolume2\Windows\System32\gdi32full.dll'.
818.6fc8: supR3HardenedWinVerifyCacheProcessWvtTodos: 0 (was 0) fWinVerifyTrust=0 for '\Device\HarddiskVolume2\Windows\System32\gdi32full.dll' [rescheduled]
818.6fc8: Detected loader lock ownership: rc=VINF_SUCCESS '\Device\HarddiskVolume2\Windows\System32\netutils.dll'.
818.6fc8: supR3HardenedWinVerifyCacheProcessWvtTodos: 0 (was 0) fWinVerifyTrust=0 for '\Device\HarddiskVolume2\Windows\System32\netutils.dll' [rescheduled]
818.6fc8: Detected loader lock ownership: rc=VINF_SUCCESS '\Device\HarddiskVolume2\Windows\System32\srvcli.dll'.
818.6fc8: supR3HardenedWinVerifyCacheProcessWvtTodos: 0 (was 0) fWinVerifyTrust=0 for '\Device\HarddiskVolume2\Windows\System32\srvcli.dll' [rescheduled]
818.6fc8: Detected loader lock ownership: rc=VINF_SUCCESS '\Device\HarddiskVolume2\Windows\System32\powrprof.dll'.
818.6fc8: supR3HardenedWinVerifyCacheProcessWvtTodos: 0 (was 0) fWinVerifyTrust=0 for '\Device\HarddiskVolume2\Windows\System32\powrprof.dll' [rescheduled]
818.6fc8: Detected loader lock ownership: rc=VINF_SUCCESS '\Device\HarddiskVolume2\Program Files\Oracle\VirtualBox\Qt6SqlVBox.dll'.
818.6fc8: supR3HardenedWinVerifyCacheProcessWvtTodos: 0 (was 0) fWinVerifyTrust=0 for '\Device\HarddiskVolume2\Program Files\Oracle\VirtualBox\Qt6SqlVBox.dll' [rescheduled]
818.6fc8: Detected loader lock ownership: rc=VINF_SUCCESS '\Device\HarddiskVolume2\Windows\System32\userenv.dll'.
818.6fc8: supR3HardenedWinVerifyCacheProcessWvtTodos: 0 (was 0) fWinVerifyTrust=0 for '\Device\HarddiskVolume2\Windows\System32\userenv.dll' [rescheduled]
818.6fc8: Detected loader lock ownership: rc=22900 '\Device\HarddiskVolume2\Windows\System32\authz.dll'.
818.6fc8: supR3HardenedWinVerifyCacheProcessWvtTodos: 22900 (was 22900) fWinVerifyTrust=0 for '\Device\HarddiskVolume2\Windows\System32\authz.dll' [rescheduled]
818.6fc8: Detected loader lock ownership: rc=VINF_SUCCESS '\Device\HarddiskVolume2\Windows\System32\netapi32.dll'.
818.6fc8: supR3HardenedWinVerifyCacheProcessWvtTodos: 0 (was 0) fWinVerifyTrust=0 for '\Device\HarddiskVolume2\Windows\System32\netapi32.dll' [rescheduled]
818.6fc8: Detected loader lock ownership: rc=VINF_SUCCESS '\Device\HarddiskVolume2\Windows\System32\version.dll'.
818.6fc8: supR3HardenedWinVerifyCacheProcessWvtTodos: 0 (was 0) fWinVerifyTrust=0 for '\Device\HarddiskVolume2\Windows\System32\version.dll' [rescheduled]
818.6fc8: Detected loader lock ownership: rc=VINF_SUCCESS '\Device\HarddiskVolume2\Windows\System32\d3d11.dll'.
818.6fc8: supR3HardenedWinVerifyCacheProcessWvtTodos: 0 (was 0) fWinVerifyTrust=0 for '\Device\HarddiskVolume2\Windows\System32\d3d11.dll' [rescheduled]
818.6fc8: Detected loader lock ownership: rc=VINF_SUCCESS '\Device\HarddiskVolume2\Windows\System32\dxgi.dll'.
818.6fc8: supR3HardenedWinVerifyCacheProcessWvtTodos: 0 (was 0) fWinVerifyTrust=0 for '\Device\HarddiskVolume2\Windows\System32\dxgi.dll' [rescheduled]
818.6fc8: Detected loader lock ownership: rc=VINF_SUCCESS '\Device\HarddiskVolume2\Windows\System32\D3D12.dll'.
818.6fc8: supR3HardenedWinVerifyCacheProcessWvtTodos: 0 (was 0) fWinVerifyTrust=0 for '\Device\HarddiskVolume2\Windows\System32\D3D12.dll' [rescheduled]
818.6fc8: Detected loader lock ownership: rc=VINF_SUCCESS '\Device\HarddiskVolume2\Windows\System32\shell32.dll'.
818.6fc8: supR3HardenedWinVerifyCacheProcessWvtTodos: 0 (was 0) fWinVerifyTrust=0 for '\Device\HarddiskVolume2\Windows\System32\shell32.dll' [rescheduled]
818.6fc8: Detected loader lock ownership: rc=22900 '\Device\HarddiskVolume2\Windows\System32\DWrite.dll'.
818.6fc8: supR3HardenedWinVerifyCacheProcessWvtTodos: 22900 (was 22900) fWinVerifyTrust=0 for '\Device\HarddiskVolume2\Windows\System32\DWrite.dll' [rescheduled]
818.6fc8: Detected loader lock ownership: rc=VINF_SUCCESS '\Device\HarddiskVolume2\Windows\System32\msvcp140_2.dll'.
818.6fc8: supR3HardenedWinVerifyCacheProcessWvtTodos: 0 (was 0) fWinVerifyTrust=0 for '\Device\HarddiskVolume2\Windows\System32\msvcp140_2.dll' [rescheduled]
818.6fc8: Detected loader lock ownership: rc=VINF_SUCCESS '\Device\HarddiskVolume2\Windows\System32\dwmapi.dll'.
818.6fc8: supR3HardenedWinVerifyCacheProcessWvtTodos: 0 (was 0) fWinVerifyTrust=0 for '\Device\HarddiskVolume2\Windows\System32\dwmapi.dll' [rescheduled]
818.6fc8: Detected loader lock ownership: rc=22900 '\Device\HarddiskVolume2\Windows\System32\uxtheme.dll'.
818.6fc8: supR3HardenedWinVerifyCacheProcessWvtTodos: 22900 (was 22900) fWinVerifyTrust=0 for '\Device\HarddiskVolume2\Windows\System32\uxtheme.dll' [rescheduled]
818.6fc8: Detected loader lock ownership: rc=VINF_SUCCESS '\Device\HarddiskVolume2\Windows\System32\msvcp140_1.dll'.
818.6fc8: supR3HardenedWinVerifyCacheProcessWvtTodos: 0 (was 0) fWinVerifyTrust=0 for '\Device\HarddiskVolume2\Windows\System32\msvcp140_1.dll' [rescheduled]
818.6fc8: Detected loader lock ownership: rc=VINF_SUCCESS '\Device\HarddiskVolume2\Windows\System32\win32u.dll'.
818.6fc8: supR3HardenedWinVerifyCacheProcessWvtTodos: 0 (was 0) fWinVerifyTrust=0 for '\Device\HarddiskVolume2\Windows\System32\win32u.dll' [rescheduled]
818.6fc8: Detected loader lock ownership: rc=VINF_SUCCESS '\Device\HarddiskVolume2\Windows\System32\gdi32.dll'.
818.6fc8: supR3HardenedWinVerifyCacheProcessWvtTodos: 0 (was 0) fWinVerifyTrust=0 for '\Device\HarddiskVolume2\Windows\System32\gdi32.dll' [rescheduled]
818.6fc8: Detected loader lock ownership: rc=VINF_SUCCESS '\Device\HarddiskVolume2\Windows\System32\msvcp_win.dll'.
818.6fc8: supR3HardenedWinVerifyCacheProcessWvtTodos: 0 (was 0) fWinVerifyTrust=0 for '\Device\HarddiskVolume2\Windows\System32\msvcp_win.dll' [rescheduled]
818.6fc8: Detected loader lock ownership: rc=VINF_SUCCESS '\Device\HarddiskVolume2\Windows\System32\combase.dll'.
818.6fc8: supR3HardenedWinVerifyCacheProcessWvtTodos: 0 (was 0) fWinVerifyTrust=0 for '\Device\HarddiskVolume2\Windows\System32\combase.dll' [rescheduled]
818.6fc8: supR3HardenedMonitor_LdrLoadDll: returns rcNt=0x0 hMod=00007ffab4d50000 'C:\Program Files\Oracle\VirtualBox\VirtualBoxVM.dll'
818.6fc8: supR3HardenedMonitor_LdrLoadDll: returns rcNt=0x0 hMod=00007ffb95520000 'C:\WINDOWS\system32\rsaenh.dll'
818.6fc8: supR3HardenedMonitor_LdrLoadDll: returns rcNt=0x0 hMod=00007ffb972e0000 'C:\WINDOWS\System32\crypt32.dll'
818.6fc8: supR3HardenedWinVerifyCacheProcessWvtTodos: 0 (was 0) fWinVerifyTrust=1 for '\Device\HarddiskVolume2\Windows\System32\umpdc.dll'
818.6fc8: supR3HardenedMonitor_LdrLoadDll: returns rcNt=0x0 hMod=00007ffb95520000 'C:\WINDOWS\system32\rsaenh.dll'
818.6fc8: supR3HardenedMonitor_LdrLoadDll: returns rcNt=0x0 hMod=00007ffb972e0000 'C:\WINDOWS\System32\crypt32.dll'
818.6fc8: supR3HardenedWinVerifyCacheProcessWvtTodos: 0 (was 0) fWinVerifyTrust=1 for '\Device\HarddiskVolume2\Windows\System32\imm32.dll'
818.6fc8: supR3HardenedMonitor_LdrLoadDll: returns rcNt=0x0 hMod=00007ffb95520000 'C:\WINDOWS\system32\rsaenh.dll'
818.6fc8: supR3HardenedMonitor_LdrLoadDll: returns rcNt=0x0 hMod=00007ffb972e0000 'C:\WINDOWS\System32\crypt32.dll'
818.6fc8: supR3HardenedWinVerifyCacheProcessWvtTodos: 0 (was 0) fWinVerifyTrust=1 for '\Device\HarddiskVolume2\Windows\System32\WinTypes.dll'
818.6fc8: supR3HardenedMonitor_LdrLoadDll: returns rcNt=0x0 hMod=00007ffb95520000 'C:\WINDOWS\system32\rsaenh.dll'
818.6fc8: supR3HardenedMonitor_LdrLoadDll: returns rcNt=0x0 hMod=00007ffb972e0000 'C:\WINDOWS\System32\crypt32.dll'
818.6fc8: supR3HardenedWinVerifyCacheProcessWvtTodos: 0 (was 0) fWinVerifyTrust=1 for '\Device\HarddiskVolume2\Windows\System32\gdi32full.dll'
818.6fc8: supR3HardenedMonitor_LdrLoadDll: returns rcNt=0x0 hMod=00007ffb95520000 'C:\WINDOWS\system32\rsaenh.dll'
818.6fc8: supR3HardenedMonitor_LdrLoadDll: returns rcNt=0x0 hMod=00007ffb972e0000 'C:\WINDOWS\System32\crypt32.dll'
818.6fc8: supR3HardenedWinVerifyCacheProcessWvtTodos: 0 (was 0) fWinVerifyTrust=1 for '\Device\HarddiskVolume2\Windows\System32\netutils.dll'
818.6fc8: supR3HardenedMonitor_LdrLoadDll: returns rcNt=0x0 hMod=00007ffb95520000 'C:\WINDOWS\system32\rsaenh.dll'
818.6fc8: supR3HardenedMonitor_LdrLoadDll: returns rcNt=0x0 hMod=00007ffb972e0000 'C:\WINDOWS\System32\crypt32.dll'
818.6fc8: supR3HardenedWinVerifyCacheProcessWvtTodos: 0 (was 0) fWinVerifyTrust=1 for '\Device\HarddiskVolume2\Windows\System32\srvcli.dll'
818.6fc8: supR3HardenedMonitor_LdrLoadDll: returns rcNt=0x0 hMod=00007ffb95520000 'C:\WINDOWS\system32\rsaenh.dll'
818.6fc8: supR3HardenedMonitor_LdrLoadDll: returns rcNt=0x0 hMod=00007ffb972e0000 'C:\WINDOWS\System32\crypt32.dll'
818.6fc8: supR3HardenedWinVerifyCacheProcessWvtTodos: 0 (was 0) fWinVerifyTrust=1 for '\Device\HarddiskVolume2\Windows\System32\powrprof.dll'
818.6fc8: supR3HardenedMonitor_LdrLoadDll: returns rcNt=0x0 hMod=00007ffb95520000 'C:\WINDOWS\system32\rsaenh.dll'
818.6fc8: supR3HardenedMonitor_LdrLoadDll: returns rcNt=0x0 hMod=00007ffb972e0000 'C:\WINDOWS\System32\crypt32.dll'
818.6fc8: supR3HardenedWinVerifyCacheProcessWvtTodos: 0 (was 0) fWinVerifyTrust=1 for '\Device\HarddiskVolume2\Program Files\Oracle\VirtualBox\Qt6SqlVBox.dll'
818.6fc8: supR3HardenedMonitor_LdrLoadDll: returns rcNt=0x0 hMod=00007ffb95520000 'C:\WINDOWS\system32\rsaenh.dll'
818.6fc8: supR3HardenedMonitor_LdrLoadDll: returns rcNt=0x0 hMod=00007ffb972e0000 'C:\WINDOWS\System32\crypt32.dll'
818.6fc8: supR3HardenedWinVerifyCacheProcessWvtTodos: 0 (was 0) fWinVerifyTrust=1 for '\Device\HarddiskVolume2\Windows\System32\userenv.dll'
818.6fc8: supR3HardNtViCallWinVerifyTrustCatFile: hFile=00000000000005b4 pwszName=\Device\HarddiskVolume2\Windows\System32\authz.dll
818.6fc8: supR3HardNtViCallWinVerifyTrustCatFile: Cached context 00000268d31a1e60
818.6fc8: supR3HardNtViCallWinVerifyTrustCatFile: hCatAdmin=00000268d31a1e60
818.6fc8: supR3HardNtViCallWinVerifyTrustCatFile: cbHash=20 wszDigest=51B46F72ECEFBDA9DE45D4C22CEFAFDC247D55B2
818.6fc8: supR3HardenedMonitor_LdrLoadDll: returns rcNt=0x0 hMod=00007ffb95520000 'C:\WINDOWS\system32\rsaenh.dll'
818.6fc8: supR3HardenedMonitor_LdrLoadDll: returns rcNt=0x0 hMod=00007ffb972e0000 'C:\WINDOWS\System32\crypt32.dll'
818.6fc8: supR3HardNtViCallWinVerifyTrustCatFile: WinVerifyTrust => 0x0; cat='C:\WINDOWS\system32\CatRoot\{F750E6C3-38EE-11D1-85E5-00C04FC295EE}\Microsoft-OneCore-CoreSystem-Core-merged-Package~31bf3856ad364e35~amd64~~10.0.26100.7462.cat'; file='\Device\HarddiskVolume2\Windows\System32\authz.dll'
818.6fc8: supR3HardNtViCallWinVerifyTrustCatFile -> 0 (org 22900)
818.6fc8: supR3HardenedWinVerifyCacheProcessWvtTodos: 0 (was 22900) fWinVerifyTrust=1 for '\Device\HarddiskVolume2\Windows\System32\authz.dll'
818.6fc8: supR3HardenedMonitor_LdrLoadDll: returns rcNt=0x0 hMod=00007ffb95520000 'C:\WINDOWS\system32\rsaenh.dll'
818.6fc8: supR3HardenedMonitor_LdrLoadDll: returns rcNt=0x0 hMod=00007ffb972e0000 'C:\WINDOWS\System32\crypt32.dll'
818.6fc8: supR3HardenedWinVerifyCacheProcessWvtTodos: 0 (was 0) fWinVerifyTrust=1 for '\Device\HarddiskVolume2\Windows\System32\netapi32.dll'
818.6fc8: supR3HardenedMonitor_LdrLoadDll: returns rcNt=0x0 hMod=00007ffb95520000 'C:\WINDOWS\system32\rsaenh.dll'
818.6fc8: supR3HardenedScreenImage/LdrLoadDll: cache hit (VINF_SUCCESS) on \Device\HarddiskVolume2\Windows\System32\crypt32.dll
818.6fc8: supR3HardenedMonitor_LdrLoadDll: pName=C:\WINDOWS\System32\crypt32.dll (Input=crypt32.dll, rcNtResolve=0xc0150008) *pfFlags=0x0 pwszSearchPath=0000000000000001:<flags> [calling]
818.6fc8: supR3HardenedMonitor_LdrLoadDll: returns rcNt=0x0 hMod=00007ffb972e0000 'C:\WINDOWS\System32\crypt32.dll'
818.6fc8: supR3HardenedWinVerifyCacheProcessWvtTodos: 0 (was 0) fWinVerifyTrust=1 for '\Device\HarddiskVolume2\Windows\System32\version.dll'
818.6fc8: supR3HardenedMonitor_LdrLoadDll: returns rcNt=0x0 hMod=00007ffb95520000 'C:\WINDOWS\system32\rsaenh.dll'
818.6fc8: supR3HardenedMonitor_LdrLoadDll: returns rcNt=0x0 hMod=00007ffb972e0000 'C:\WINDOWS\System32\crypt32.dll'
818.6fc8: supR3HardenedWinVerifyCacheProcessWvtTodos: 0 (was 0) fWinVerifyTrust=1 for '\Device\HarddiskVolume2\Windows\System32\d3d11.dll'
818.6fc8: supR3HardenedMonitor_LdrLoadDll: returns rcNt=0x0 hMod=00007ffb95520000 'C:\WINDOWS\system32\rsaenh.dll'
818.6fc8: supR3HardenedMonitor_LdrLoadDll: returns rcNt=0x0 hMod=00007ffb972e0000 'C:\WINDOWS\System32\crypt32.dll'
818.6fc8: supR3HardenedWinVerifyCacheProcessWvtTodos: 0 (was 0) fWinVerifyTrust=1 for '\Device\HarddiskVolume2\Windows\System32\dxgi.dll'
818.6fc8: supR3HardenedScreenImage/LdrLoadDll: cache hit (VINF_SUCCESS) on \Device\HarddiskVolume2\Windows\System32\rsaenh.dll
818.6fc8: supR3HardenedMonitor_LdrLoadDll: pName=C:\WINDOWS\system32\rsaenh.dll (rcNtResolve=0xc0150008) *pfFlags=0x0 pwszSearchPath=0000000000000001:<flags> [calling]
818.6fc8: supR3HardenedMonitor_LdrLoadDll: returns rcNt=0x0 hMod=00007ffb95520000 'C:\WINDOWS\system32\rsaenh.dll'
818.6fc8: supR3HardenedMonitor_LdrLoadDll: returns rcNt=0x0 hMod=00007ffb972e0000 'C:\WINDOWS\System32\crypt32.dll'
818.6fc8: supR3HardenedWinVerifyCacheProcessWvtTodos: 0 (was 0) fWinVerifyTrust=1 for '\Device\HarddiskVolume2\Windows\System32\D3D12.dll'
818.6fc8: supR3HardenedMonitor_LdrLoadDll: returns rcNt=0x0 hMod=00007ffb95520000 'C:\WINDOWS\system32\rsaenh.dll'
818.6fc8: supR3HardenedMonitor_LdrLoadDll: returns rcNt=0x0 hMod=00007ffb972e0000 'C:\WINDOWS\System32\crypt32.dll'
818.6fc8: supR3HardenedWinVerifyCacheProcessWvtTodos: 0 (was 0) fWinVerifyTrust=1 for '\Device\HarddiskVolume2\Windows\System32\shell32.dll'
818.6fc8: supR3HardNtViCallWinVerifyTrustCatFile: hFile=00000000000005a4 pwszName=\Device\HarddiskVolume2\Windows\System32\DWrite.dll
818.6fc8: supR3HardNtViCallWinVerifyTrustCatFile: Cached context 00000268d31a1e60
818.6fc8: supR3HardNtViCallWinVerifyTrustCatFile: hCatAdmin=00000268d31a1e60
818.6fc8: supR3HardNtViCallWinVerifyTrustCatFile: cbHash=20 wszDigest=6D4230BBBB33A5BBFA18B6F4DDAFFA858541FBCB
818.6fc8: supR3HardenedMonitor_LdrLoadDll: returns rcNt=0x0 hMod=00007ffb95520000 'C:\WINDOWS\system32\rsaenh.dll'
818.6fc8: supR3HardenedMonitor_LdrLoadDll: returns rcNt=0x0 hMod=00007ffb972e0000 'C:\WINDOWS\System32\crypt32.dll'
818.6fc8: supR3HardNtViCallWinVerifyTrustCatFile: WinVerifyTrust => 0x0; cat='C:\WINDOWS\system32\CatRoot\{F750E6C3-38EE-11D1-85E5-00C04FC295EE}\Microsoft-OneCore-Graphics-DirectX-Package~31bf3856ad364e35~amd64~~10.0.26100.7462.cat'; file='\Device\HarddiskVolume2\Windows\System32\DWrite.dll'
818.6fc8: supR3HardNtViCallWinVerifyTrustCatFile -> 0 (org 22900)
818.6fc8: supR3HardenedWinVerifyCacheProcessWvtTodos: 0 (was 22900) fWinVerifyTrust=1 for '\Device\HarddiskVolume2\Windows\System32\DWrite.dll'
818.6fc8: supR3HardenedMonitor_LdrLoadDll: returns rcNt=0x0 hMod=00007ffb95520000 'C:\WINDOWS\system32\rsaenh.dll'
818.6fc8: supR3HardenedMonitor_LdrLoadDll: returns rcNt=0x0 hMod=00007ffb972e0000 'C:\WINDOWS\System32\crypt32.dll'
818.6fc8: supR3HardenedWinVerifyCacheProcessWvtTodos: 0 (was 0) fWinVerifyTrust=1 for '\Device\HarddiskVolume2\Windows\System32\msvcp140_2.dll'
818.6fc8: supR3HardenedMonitor_LdrLoadDll: returns rcNt=0x0 hMod=00007ffb95520000 'C:\WINDOWS\system32\rsaenh.dll'
818.6fc8: supR3HardenedMonitor_LdrLoadDll: returns rcNt=0x0 hMod=00007ffb972e0000 'C:\WINDOWS\System32\crypt32.dll'
818.6fc8: supR3HardenedWinVerifyCacheProcessWvtTodos: 0 (was 0) fWinVerifyTrust=1 for '\Device\HarddiskVolume2\Windows\System32\dwmapi.dll'
818.6fc8: supR3HardNtViCallWinVerifyTrustCatFile: hFile=0000000000000598 pwszName=\Device\HarddiskVolume2\Windows\System32\uxtheme.dll
818.6fc8: supR3HardNtViCallWinVerifyTrustCatFile: Cached context 00000268d31a1e60
818.6fc8: supR3HardNtViCallWinVerifyTrustCatFile: hCatAdmin=00000268d31a1e60
818.6fc8: supR3HardNtViCallWinVerifyTrustCatFile: cbHash=20 wszDigest=7088F2BDB3647E4C76242C93B6CB9510F0D3DAC7
818.6fc8: supR3HardenedMonitor_LdrLoadDll: returns rcNt=0x0 hMod=00007ffb95520000 'C:\WINDOWS\system32\rsaenh.dll'
818.6fc8: supR3HardenedMonitor_LdrLoadDll: returns rcNt=0x0 hMod=00007ffb972e0000 'C:\WINDOWS\System32\crypt32.dll'
818.6fc8: supR3HardNtViCallWinVerifyTrustCatFile: WinVerifyTrust => 0x0; cat='C:\WINDOWS\system32\CatRoot\{F750E6C3-38EE-11D1-85E5-00C04FC295EE}\Microsoft-Windows-Client-Desktop-Required-Package0519~31bf3856ad364e35~amd64~~10.0.26100.7462.cat'; file='\Device\HarddiskVolume2\Windows\System32\uxtheme.dll'
818.6fc8: supR3HardNtViCallWinVerifyTrustCatFile -> 0 (org 22900)
818.6fc8: supR3HardenedWinVerifyCacheProcessWvtTodos: 0 (was 22900) fWinVerifyTrust=1 for '\Device\HarddiskVolume2\Windows\System32\uxtheme.dll'
818.6fc8: supR3HardenedMonitor_LdrLoadDll: returns rcNt=0x0 hMod=00007ffb95520000 'C:\WINDOWS\system32\rsaenh.dll'
818.6fc8: supR3HardenedMonitor_LdrLoadDll: returns rcNt=0x0 hMod=00007ffb972e0000 'C:\WINDOWS\System32\crypt32.dll'
818.6fc8: supR3HardenedWinVerifyCacheProcessWvtTodos: 0 (was 0) fWinVerifyTrust=1 for '\Device\HarddiskVolume2\Windows\System32\msvcp140_1.dll'
818.6fc8: supR3HardenedMonitor_LdrLoadDll: returns rcNt=0x0 hMod=00007ffb95520000 'C:\WINDOWS\system32\rsaenh.dll'
818.6fc8: supR3HardenedMonitor_LdrLoadDll: returns rcNt=0x0 hMod=00007ffb972e0000 'C:\WINDOWS\System32\crypt32.dll'
818.6fc8: supR3HardenedWinVerifyCacheProcessWvtTodos: 0 (was 0) fWinVerifyTrust=1 for '\Device\HarddiskVolume2\Windows\System32\win32u.dll'
818.6fc8: supR3HardenedMonitor_LdrLoadDll: returns rcNt=0x0 hMod=00007ffb95520000 'C:\WINDOWS\system32\rsaenh.dll'
818.6fc8: supR3HardenedMonitor_LdrLoadDll: returns rcNt=0x0 hMod=00007ffb972e0000 'C:\WINDOWS\System32\crypt32.dll'
818.6fc8: supR3HardenedWinVerifyCacheProcessWvtTodos: 0 (was 0) fWinVerifyTrust=1 for '\Device\HarddiskVolume2\Windows\System32\gdi32.dll'
818.6fc8: supR3HardenedMonitor_LdrLoadDll: returns rcNt=0x0 hMod=00007ffb95520000 'C:\WINDOWS\system32\rsaenh.dll'
818.6fc8: supR3HardenedMonitor_LdrLoadDll: returns rcNt=0x0 hMod=00007ffb972e0000 'C:\WINDOWS\System32\crypt32.dll'
818.6fc8: supR3HardenedWinVerifyCacheProcessWvtTodos: 0 (was 0) fWinVerifyTrust=1 for '\Device\HarddiskVolume2\Windows\System32\msvcp_win.dll'
818.6fc8: supR3HardenedMonitor_LdrLoadDll: returns rcNt=0x0 hMod=00007ffb95520000 'C:\WINDOWS\system32\rsaenh.dll'
818.6fc8: supR3HardenedMonitor_LdrLoadDll: returns rcNt=0x0 hMod=00007ffb972e0000 'C:\WINDOWS\System32\crypt32.dll'
818.6fc8: supR3HardenedWinVerifyCacheProcessWvtTodos: 0 (was 0) fWinVerifyTrust=1 for '\Device\HarddiskVolume2\Windows\System32\combase.dll'
818.6fc8: SUPR3HardenedMain: Calling TrustedMain (00007ffab4d519c0)...
818.6fc8: supR3HardenedWinVerifyCacheScheduleImports: Import todo: #31 'combase.dll'.
818.6fc8: supR3HardenedWinVerifyCacheScheduleImports: Import todo: #32 'msvcp_win.dll'.
818.6fc8: supHardenedWinVerifyImageByHandle: -> 0 (\Device\HarddiskVolume2\Windows\System32\windows.storage.dll)
818.6fc8: supR3HardenedWinVerifyCacheInsert: \Device\HarddiskVolume2\Windows\System32\windows.storage.dll
818.6fc8: supR3HardenedDllNotificationCallback: load   00007ffb94450000 LB 0x0085e000 C:\WINDOWS\SYSTEM32\windows.storage.dll [fFlags=0x0]
818.6fc8: supR3HardenedScreenImage/LdrLoadDll: cache hit (VINF_SUCCESS) on \Device\HarddiskVolume2\Windows\System32\windows.storage.dll [avoiding WinVerifyTrust]
818.6fc8: supR3HardenedDllNotificationCallback: load   00007ffb97a20000 LB 0x000f5000 C:\WINDOWS\System32\SHCORE.dll [fFlags=0x0]
818.6fc8: supHardenedWinVerifyImageByHandle: -> 0 (\Device\HarddiskVolume2\Windows\System32\SHCore.dll)
818.6fc8: supR3HardenedWinVerifyCacheInsert: \Device\HarddiskVolume2\Windows\System32\SHCore.dll
818.6fc8: supR3HardenedDllNotificationCallback: load   00007ffb98ab0000 LB 0x00066000 C:\WINDOWS\System32\shlwapi.dll [fFlags=0x0]
818.6fc8: supHardenedWinVerifyImageByHandle: -> 0 (\Device\HarddiskVolume2\Windows\System32\shlwapi.dll)
818.6fc8: supR3HardenedWinVerifyCacheInsert: \Device\HarddiskVolume2\Windows\System32\shlwapi.dll
818.6fc8: supR3HardenedWinVerifyCacheProcessImportTodos: Processing 'msvcp_win.dll'...
818.6fc8: supR3HardenedWinVerifyCacheProcessImportTodos: 'msvcp_win.dll' -> '\Device\HarddiskVolume2\Windows\System32\msvcp_win.dll' [rcNtRedir=0xc0150008]
818.6fc8: supR3HardenedWinVerifyCacheProcessImportTodos: Processing 'combase.dll'...
818.6fc8: supR3HardenedWinVerifyCacheProcessImportTodos: 'combase.dll' -> '\Device\HarddiskVolume2\Windows\System32\combase.dll' [rcNtRedir=0xc0150008]
818.6fc8: supR3HardenedScreenImage/Imports: cache hit (VINF_SUCCESS) on \Device\HarddiskVolume2\Windows\System32\combase.dll
818.6fc8: supR3HardenedMonitor_LdrLoadDll: returns rcNt=0x0 hMod=00007ffb95520000 'C:\WINDOWS\system32\rsaenh.dll'
818.6fc8: supR3HardenedMonitor_LdrLoadDll: returns rcNt=0x0 hMod=00007ffb972e0000 'C:\WINDOWS\System32\crypt32.dll'
818.6fc8: supR3HardenedWinVerifyCacheProcessWvtTodos: 0 (was 0) fWinVerifyTrust=1 for '\Device\HarddiskVolume2\Windows\System32\shlwapi.dll'
818.6fc8: supR3HardenedMonitor_LdrLoadDll: returns rcNt=0x0 hMod=00007ffb95520000 'C:\WINDOWS\system32\rsaenh.dll'
818.6fc8: supR3HardenedMonitor_LdrLoadDll: returns rcNt=0x0 hMod=00007ffb972e0000 'C:\WINDOWS\System32\crypt32.dll'
818.6fc8: supR3HardenedWinVerifyCacheProcessWvtTodos: 0 (was 0) fWinVerifyTrust=1 for '\Device\HarddiskVolume2\Windows\System32\SHCore.dll'
818.6fc8: supR3HardenedMonitor_LdrLoadDll: returns rcNt=0x0 hMod=00007ffb95520000 'C:\WINDOWS\system32\rsaenh.dll'
818.6fc8: supR3HardenedMonitor_LdrLoadDll: returns rcNt=0x0 hMod=00007ffb972e0000 'C:\WINDOWS\System32\crypt32.dll'
818.6fc8: supR3HardenedWinVerifyCacheProcessWvtTodos: 0 (was 0) fWinVerifyTrust=1 for '\Device\HarddiskVolume2\Windows\System32\windows.storage.dll'
818.6fc8: supR3HardenedMonitor_LdrLoadDll: returns rcNt=0x0 hMod=00007ffb95520000 'C:\WINDOWS\system32\rsaenh.dll'
818.6fc8: supR3HardenedMonitor_LdrLoadDll: returns rcNt=0x0 hMod=00007ffb972e0000 'C:\WINDOWS\System32\crypt32.dll'
818.6fc8: supR3HardenedWinVerifyCacheScheduleImports: Import todo: #0 'advapi32.dll'.
818.6fc8: supR3HardenedWinVerifyCacheScheduleImports: Import todo: #1 'dwmapi.dll'.
818.6fc8: supR3HardenedWinVerifyCacheScheduleImports: Import todo: #2 'gdi32.dll'.
818.6fc8: supR3HardenedWinVerifyCacheScheduleImports: Import todo: #3 'imm32.dll'.
818.6fc8: supR3HardenedWinVerifyCacheScheduleImports: Import todo: #4 'ole32.dll'.
818.6fc8: supR3HardenedWinVerifyCacheScheduleImports: Import todo: #5 'oleaut32.dll'.
818.6fc8: supR3HardenedWinVerifyCacheScheduleImports: Import todo: #6 'setupapi.dll'.
818.6fc8: supR3HardenedWinVerifyCacheScheduleImports: Import todo: #7 'shell32.dll'.
818.6fc8: supR3HardenedWinVerifyCacheScheduleImports: Import todo: #8 'shlwapi.dll'.
818.6fc8: supR3HardenedWinVerifyCacheScheduleImports: Import todo: #9 'user32.dll'.
818.6fc8: supR3HardenedWinVerifyCacheScheduleImports: Import todo: #10 'winmm.dll'.
818.6fc8: supR3HardenedWinVerifyCacheScheduleImports: Import todo: #11 'wtsapi32.dll'.
818.6fc8: supR3HardenedWinVerifyCacheScheduleImports: Import todo: #13 'comdlg32.dll'.
818.6fc8: supR3HardenedWinVerifyCacheScheduleImports: Import todo: #14 'd3d9.dll'.
818.6fc8: supR3HardenedWinVerifyCacheScheduleImports: Import todo: #17 'uiautomationcore.dll'.
818.6fc8: supR3HardenedWinVerifyCacheScheduleImports: Import todo: #18 'qt6guivbox.dll'.
818.6fc8: supR3HardenedWinVerifyCacheScheduleImports: Import todo: #19 'qt6corevbox.dll'.
818.6fc8: supR3HardenedWinVerifyCacheScheduleImports: Import todo: #21 'msvcp140.dll'.
818.6fc8: supR3HardenedWinVerifyCacheScheduleImports: Import todo: #22 'vcruntime140.dll'.
818.6fc8: supR3HardenedWinVerifyCacheScheduleImports: Import todo: #23 'vcruntime140_1.dll'.
818.6fc8: supHardenedWinVerifyImageByHandle: -> 0 (\Device\HarddiskVolume2\Program Files\Oracle\VirtualBox\platforms\qwindowsVBox.dll) WinVerifyTrust
818.6fc8: supR3HardenedWinVerifyCacheInsert: \Device\HarddiskVolume2\Program Files\Oracle\VirtualBox\platforms\qwindowsVBox.dll
818.6fc8: supR3HardenedWinVerifyCacheProcessImportTodos: Processing 'vcruntime140_1.dll'...
818.6fc8: supR3HardenedWinVerifyCacheProcessImportTodos: 'vcruntime140_1.dll' -> '\Device\HarddiskVolume2\Windows\System32\vcruntime140_1.dll' [rcNtRedir=0xc0150008]
818.6fc8: supR3HardenedWinVerifyCacheProcessImportTodos: Processing 'vcruntime140.dll'...
818.6fc8: supR3HardenedWinVerifyCacheProcessImportTodos: 'vcruntime140.dll' -> '\Device\HarddiskVolume2\Windows\System32\vcruntime140.dll' [rcNtRedir=0xc0150008]
818.6fc8: supR3HardenedWinVerifyCacheProcessImportTodos: Processing 'msvcp140.dll'...
818.6fc8: supR3HardenedWinVerifyCacheProcessImportTodos: 'msvcp140.dll' -> '\Device\HarddiskVolume2\Windows\System32\msvcp140.dll' [rcNtRedir=0xc0150008]
818.6fc8: supR3HardenedWinVerifyCacheProcessImportTodos: Processing 'qt6corevbox.dll'...
818.6fc8: supR3HardenedWinVerifyCacheProcessImportTodos: 'qt6corevbox.dll' -> '\Device\HarddiskVolume2\Program Files\Oracle\VirtualBox\qt6corevbox.dll' [rcNtRedir=0xc0150008]
818.6fc8: supR3HardenedWinVerifyCacheProcessImportTodos: Processing 'qt6guivbox.dll'...
818.6fc8: supR3HardenedWinVerifyCacheProcessImportTodos: 'qt6guivbox.dll' -> '\Device\HarddiskVolume2\Program Files\Oracle\VirtualBox\qt6guivbox.dll' [rcNtRedir=0xc0150008]
818.6fc8: supR3HardenedScreenImage/Imports: cache hit (VINF_SUCCESS) on \Device\HarddiskVolume2\Program Files\Oracle\VirtualBox\Qt6GuiVBox.dll
818.6fc8: supR3HardenedWinVerifyCacheProcessImportTodos: Processing 'uiautomationcore.dll'...
818.6fc8: supR3HardenedWinVerifyCacheProcessImportTodos: 'uiautomationcore.dll' -> '\Device\HarddiskVolume2\Windows\System32\uiautomationcore.dll' [rcNtRedir=0xc0150008]
818.6fc8: supR3HardNtViCallWinVerifyTrustCatFile: hFile=00000000000007d8 pwszName=\Device\HarddiskVolume2\Windows\System32\UIAutomationCore.dll
818.6fc8: supR3HardNtViCallWinVerifyTrustCatFile: Cached context 00000268d31a1e60
818.6fc8: supR3HardNtViCallWinVerifyTrustCatFile: hCatAdmin=00000268d31a1e60
818.6fc8: supR3HardNtViCallWinVerifyTrustCatFile: cbHash=20 wszDigest=452A37DD82B0F14DA9020EBA66922D1329D27ECB
818.6fc8: supR3HardenedMonitor_LdrLoadDll: returns rcNt=0x0 hMod=00007ffb95520000 'C:\WINDOWS\system32\rsaenh.dll'
818.6fc8: supR3HardenedMonitor_LdrLoadDll: returns rcNt=0x0 hMod=00007ffb972e0000 'C:\WINDOWS\System32\crypt32.dll'
818.6fc8: supR3HardNtViCallWinVerifyTrustCatFile: WinVerifyTrust => 0x0; cat='C:\WINDOWS\system32\CatRoot\{F750E6C3-38EE-11D1-85E5-00C04FC295EE}\Runlevel-Win4-merged-Package~31bf3856ad364e35~amd64~~10.0.26100.7462.cat'; file='\Device\HarddiskVolume2\Windows\System32\UIAutomationCore.dll'
818.6fc8: supR3HardNtViCallWinVerifyTrustCatFile -> 0 (org 22900)
818.6fc8: supR3HardenedWinVerifyCacheScheduleImports: Import todo: #0 'msvcp_win.dll'.
818.6fc8: supHardenedWinVerifyImageByHandle: -> 0 (\Device\HarddiskVolume2\Windows\System32\UIAutomationCore.dll) WinVerifyTrust
818.6fc8: supR3HardenedWinVerifyCacheInsert: \Device\HarddiskVolume2\Windows\System32\UIAutomationCore.dll
818.6fc8: supR3HardenedWinVerifyCacheProcessImportTodos: Processing 'd3d9.dll'...
818.6fc8: supR3HardenedWinVerifyCacheProcessImportTodos: 'd3d9.dll' -> '\Device\HarddiskVolume2\Windows\System32\d3d9.dll' [rcNtRedir=0xc0150008]
818.6fc8: supR3HardenedWinVerifyCacheProcessImportTodos: Processing 'msvcp_win.dll'...
818.6fc8: supR3HardenedWinVerifyCacheProcessImportTodos: 'msvcp_win.dll' -> '\Device\HarddiskVolume2\Windows\System32\msvcp_win.dll' [rcNtRedir=0xc0150008]
818.6fc8: supR3HardenedMonitor_LdrLoadDll: returns rcNt=0x0 hMod=00007ffb95520000 'C:\WINDOWS\system32\rsaenh.dll'
818.6fc8: supR3HardenedMonitor_LdrLoadDll: returns rcNt=0x0 hMod=00007ffb972e0000 'C:\WINDOWS\System32\crypt32.dll'
818.6fc8: supR3HardenedWinVerifyCacheScheduleImports: Import todo: #0 'msvcrt.dll'.
818.6fc8: supR3HardenedWinVerifyCacheScheduleImports: Import todo: #6 'user32.dll'.
818.6fc8: supR3HardenedWinVerifyCacheScheduleImports: Import todo: #9 'win32u.dll'.
818.6fc8: supR3HardenedWinVerifyCacheScheduleImports: Import todo: #10 'gdi32.dll'.
818.6fc8: supR3HardenedWinVerifyCacheScheduleImports: Import todo: #12 'dwmapi.dll'.
818.6fc8: supR3HardenedWinVerifyCacheScheduleImports: Import todo: #15 'version.dll'.
818.6fc8: supHardenedWinVerifyImageByHandle: -> 0 (\Device\HarddiskVolume2\Windows\System32\d3d9.dll) WinVerifyTrust
818.6fc8: supR3HardenedWinVerifyCacheInsert: \Device\HarddiskVolume2\Windows\System32\d3d9.dll
818.6fc8: supR3HardenedWinVerifyCacheProcessImportTodos: Processing 'comdlg32.dll'...
818.6fc8: supR3HardenedWinVerifyCacheProcessImportTodos: 'comdlg32.dll' -> '\Device\HarddiskVolume2\Windows\System32\comdlg32.dll' [rcNtRedir=0xc0150008]
818.6fc8: supR3HardNtViCallWinVerifyTrustCatFile: hFile=00000000000004ac pwszName=\Device\HarddiskVolume2\Windows\System32\comdlg32.dll
818.6fc8: supR3HardNtViCallWinVerifyTrustCatFile: Cached context 00000268d31a1e60
818.6fc8: supR3HardNtViCallWinVerifyTrustCatFile: hCatAdmin=00000268d31a1e60
818.6fc8: supR3HardNtViCallWinVerifyTrustCatFile: cbHash=20 wszDigest=B04F8A0EA8BD541123F12C578E2A12CF41C19999
818.6fc8: supR3HardenedWinVerifyCacheProcessImportTodos: Processing 'version.dll'...
818.6fc8: supR3HardenedWinVerifyCacheProcessImportTodos: 'version.dll' -> '\Device\HarddiskVolume2\Windows\System32\version.dll' [rcNtRedir=0xc0150008]
818.6fc8: supR3HardenedScreenImage/Imports: cache hit (VINF_SUCCESS) on \Device\HarddiskVolume2\Windows\System32\version.dll
818.6fc8: supR3HardenedWinVerifyCacheProcessImportTodos: Processing 'dwmapi.dll'...
818.6fc8: supR3HardenedWinVerifyCacheProcessImportTodos: 'dwmapi.dll' -> '\Device\HarddiskVolume2\Windows\System32\dwmapi.dll' [rcNtRedir=0xc0150008]
818.6fc8: supR3HardenedScreenImage/Imports: cache hit (VINF_SUCCESS) on \Device\HarddiskVolume2\Windows\System32\dwmapi.dll
818.6fc8: supR3HardenedWinVerifyCacheProcessImportTodos: Processing 'gdi32.dll'...
818.6fc8: supR3HardenedWinVerifyCacheProcessImportTodos: 'gdi32.dll' -> '\Device\HarddiskVolume2\Windows\System32\gdi32.dll' [rcNtRedir=0xc0150008]
818.6fc8: supR3HardenedWinVerifyCacheProcessImportTodos: Processing 'win32u.dll'...
818.6fc8: supR3HardenedWinVerifyCacheProcessImportTodos: 'win32u.dll' -> '\Device\HarddiskVolume2\Windows\System32\win32u.dll' [rcNtRedir=0xc0150008]
818.6fc8: supR3HardenedWinVerifyCacheProcessImportTodos: Processing 'user32.dll'...
818.6fc8: supR3HardenedWinVerifyCacheProcessImportTodos: 'user32.dll' -> '\Device\HarddiskVolume2\Windows\System32\user32.dll' [rcNtRedir=0xc0150008]
818.6fc8: supR3HardenedWinVerifyCacheProcessImportTodos: Processing 'msvcrt.dll'...
818.6fc8: supR3HardenedWinVerifyCacheProcessImportTodos: 'msvcrt.dll' -> '\Device\HarddiskVolume2\Windows\System32\msvcrt.dll' [rcNtRedir=0xc0150008]
818.6fc8: supR3HardenedScreenImage/Imports: cache hit (VINF_SUCCESS) on \Device\HarddiskVolume2\Windows\System32\msvcrt.dll
818.6fc8: supR3HardenedMonitor_LdrLoadDll: returns rcNt=0x0 hMod=00007ffb95520000 'C:\WINDOWS\system32\rsaenh.dll'
818.6fc8: supR3HardenedMonitor_LdrLoadDll: returns rcNt=0x0 hMod=00007ffb972e0000 'C:\WINDOWS\System32\crypt32.dll'
818.6fc8: supR3HardNtViCallWinVerifyTrustCatFile: WinVerifyTrust => 0x0; cat='C:\WINDOWS\system32\CatRoot\{F750E6C3-38EE-11D1-85E5-00C04FC295EE}\Microsoft-Windows-Client-Desktop-Required-Package0513~31bf3856ad364e35~amd64~~10.0.26100.7462.cat'; file='\Device\HarddiskVolume2\Windows\System32\comdlg32.dll'
818.6fc8: supR3HardNtViCallWinVerifyTrustCatFile -> 0 (org 22900)
818.6fc8: supR3HardenedWinVerifyCacheScheduleImports: Import todo: #0 'msvcp_win.dll'.
818.6fc8: supR3HardenedWinVerifyCacheScheduleImports: Import todo: #26 'rpcrt4.dll'.
818.6fc8: supR3HardenedWinVerifyCacheScheduleImports: Import todo: #43 'user32.dll'.
818.6fc8: supR3HardenedWinVerifyCacheScheduleImports: Import todo: #61 'shlwapi.dll'.
818.6fc8: supR3HardenedWinVerifyCacheScheduleImports: Import todo: #62 'gdi32.dll'.
818.6fc8: supR3HardenedWinVerifyCacheScheduleImports: Import todo: #63 'comctl32.dll'.
818.6fc8: supR3HardenedWinVerifyCacheScheduleImports: Import todo: #64 'shell32.dll'.
818.6fc8: supHardenedWinVerifyImageByHandle: -> 0 (\Device\HarddiskVolume2\Windows\System32\comdlg32.dll) WinVerifyTrust
818.6fc8: supR3HardenedWinVerifyCacheInsert: \Device\HarddiskVolume2\Windows\System32\comdlg32.dll
818.6fc8: supR3HardenedWinVerifyCacheProcessImportTodos: Processing 'wtsapi32.dll'...
818.6fc8: supR3HardenedWinVerifyCacheProcessImportTodos: 'wtsapi32.dll' -> '\Device\HarddiskVolume2\Windows\System32\wtsapi32.dll' [rcNtRedir=0xc0150008]
818.6fc8: supR3HardenedWinVerifyCacheProcessImportTodos: Processing 'shell32.dll'...
818.6fc8: supR3HardenedWinVerifyCacheProcessImportTodos: 'shell32.dll' -> '\Device\HarddiskVolume2\Windows\System32\shell32.dll' [rcNtRedir=0xc0150008]
818.6fc8: supR3HardenedScreenImage/Imports: cache hit (VINF_SUCCESS) on \Device\HarddiskVolume2\Windows\System32\shell32.dll
818.6fc8: supR3HardenedWinVerifyCacheProcessImportTodos: Processing 'comctl32.dll'...
818.6fc8: supR3HardenedWinVerifyCacheProcessImportTodos: 'comctl32.dll' -> '\Device\HarddiskVolume2\Windows\System32\comctl32.dll' [rcNtRedir=0x0]
818.6fc8: Detected WinVerifyTrust recursion: rc=VINF_SUCCESS '\Device\HarddiskVolume2\Windows\System32\comctl32.dll'.
818.6fc8: supR3HardenedWinVerifyCacheScheduleImports: Import todo: #1 'advapi32.dll'.
818.6fc8: supR3HardenedWinVerifyCacheScheduleImports: Import todo: #2 'gdi32.dll'.
818.6fc8: supR3HardenedWinVerifyCacheScheduleImports: Import todo: #4 'user32.dll'.
818.6fc8: supHardenedWinVerifyImageByHandle: -> 0 (\Device\HarddiskVolume2\Windows\System32\comctl32.dll)
818.6fc8: supR3HardenedWinVerifyCacheInsert: \Device\HarddiskVolume2\Windows\System32\comctl32.dll
818.6fc8: supR3HardenedWinVerifyCacheProcessImportTodos: Processing 'gdi32.dll'...
818.6fc8: supR3HardenedWinVerifyCacheProcessImportTodos: 'gdi32.dll' -> '\Device\HarddiskVolume2\Windows\System32\gdi32.dll' [rcNtRedir=0xc0150008]
818.6fc8: supR3HardenedWinVerifyCacheProcessImportTodos: Processing 'shlwapi.dll'...
818.6fc8: supR3HardenedWinVerifyCacheProcessImportTodos: 'shlwapi.dll' -> '\Device\HarddiskVolume2\Windows\System32\shlwapi.dll' [rcNtRedir=0xc0150008]
818.6fc8: supR3HardenedScreenImage/Imports: cache hit (VINF_SUCCESS) on \Device\HarddiskVolume2\Windows\System32\shlwapi.dll
818.6fc8: supR3HardenedWinVerifyCacheProcessImportTodos: Processing 'user32.dll'...
818.6fc8: supR3HardenedWinVerifyCacheProcessImportTodos: 'user32.dll' -> '\Device\HarddiskVolume2\Windows\System32\user32.dll' [rcNtRedir=0xc0150008]
818.6fc8: supR3HardenedWinVerifyCacheProcessImportTodos: Processing 'rpcrt4.dll'...
818.6fc8: supR3HardenedWinVerifyCacheProcessImportTodos: 'rpcrt4.dll' -> '\Device\HarddiskVolume2\Windows\System32\rpcrt4.dll' [rcNtRedir=0xc0150008]
818.6fc8: supR3HardenedWinVerifyCacheProcessImportTodos: Processing 'msvcp_win.dll'...
818.6fc8: supR3HardenedWinVerifyCacheProcessImportTodos: 'msvcp_win.dll' -> '\Device\HarddiskVolume2\Windows\System32\msvcp_win.dll' [rcNtRedir=0xc0150008]
818.6fc8: supR3HardenedWinVerifyCacheProcessImportTodos: Processing 'user32.dll'...
818.6fc8: supR3HardenedWinVerifyCacheProcessImportTodos: 'user32.dll' -> '\Device\HarddiskVolume2\Windows\System32\user32.dll' [rcNtRedir=0xc0150008]
818.6fc8: supR3HardenedWinVerifyCacheProcessImportTodos: Processing 'gdi32.dll'...
818.6fc8: supR3HardenedWinVerifyCacheProcessImportTodos: 'gdi32.dll' -> '\Device\HarddiskVolume2\Windows\System32\gdi32.dll' [rcNtRedir=0xc0150008]
818.6fc8: supR3HardenedWinVerifyCacheProcessImportTodos: Processing 'advapi32.dll'...
818.6fc8: supR3HardenedWinVerifyCacheProcessImportTodos: 'advapi32.dll' -> '\Device\HarddiskVolume2\Windows\System32\advapi32.dll' [rcNtRedir=0xc0150008]
818.6fc8: supR3HardenedScreenImage/Imports: cache hit (VINF_SUCCESS) on \Device\HarddiskVolume2\Windows\System32\advapi32.dll
818.6fc8: supR3HardenedMonitor_LdrLoadDll: returns rcNt=0x0 hMod=00007ffb95520000 'C:\WINDOWS\system32\rsaenh.dll'
818.6fc8: supR3HardenedMonitor_LdrLoadDll: returns rcNt=0x0 hMod=00007ffb972e0000 'C:\WINDOWS\System32\crypt32.dll'
818.6fc8: supR3HardenedWinVerifyCacheScheduleImports: Import todo: #0 'msvcrt.dll'.
818.6fc8: supR3HardenedWinVerifyCacheScheduleImports: Import todo: #23 'sspicli.dll'.
818.6fc8: supR3HardenedWinVerifyCacheScheduleImports: Import todo: #28 'crypt32.dll'.
818.6fc8: supHardenedWinVerifyImageByHandle: -> 0 (\Device\HarddiskVolume2\Windows\System32\wtsapi32.dll) WinVerifyTrust
818.6fc8: supR3HardenedWinVerifyCacheInsert: \Device\HarddiskVolume2\Windows\System32\wtsapi32.dll
818.6fc8: supR3HardenedWinVerifyCacheProcessImportTodos: Processing 'winmm.dll'...
818.6fc8: supR3HardenedWinVerifyCacheProcessImportTodos: 'winmm.dll' -> '\Device\HarddiskVolume2\Windows\System32\winmm.dll' [rcNtRedir=0xc0150008]
818.6fc8: supR3HardenedScreenImage/Imports: cache hit (VINF_SUCCESS) on \Device\HarddiskVolume2\Windows\System32\winmm.dll
818.6fc8: supR3HardenedWinVerifyCacheProcessImportTodos: Processing 'user32.dll'...
818.6fc8: supR3HardenedWinVerifyCacheProcessImportTodos: 'user32.dll' -> '\Device\HarddiskVolume2\Windows\System32\user32.dll' [rcNtRedir=0xc0150008]
818.6fc8: supR3HardenedWinVerifyCacheProcessImportTodos: Processing 'shlwapi.dll'...
818.6fc8: supR3HardenedWinVerifyCacheProcessImportTodos: 'shlwapi.dll' -> '\Device\HarddiskVolume2\Windows\System32\shlwapi.dll' [rcNtRedir=0xc0150008]
818.6fc8: supR3HardenedScreenImage/Imports: cache hit (VINF_SUCCESS) on \Device\HarddiskVolume2\Windows\System32\shlwapi.dll
818.6fc8: supR3HardenedWinVerifyCacheProcessImportTodos: Processing 'shell32.dll'...
818.6fc8: supR3HardenedWinVerifyCacheProcessImportTodos: 'shell32.dll' -> '\Device\HarddiskVolume2\Windows\System32\shell32.dll' [rcNtRedir=0xc0150008]
818.6fc8: supR3HardenedScreenImage/Imports: cache hit (VINF_SUCCESS) on \Device\HarddiskVolume2\Windows\System32\shell32.dll
818.6fc8: supR3HardenedWinVerifyCacheProcessImportTodos: Processing 'setupapi.dll'...
818.6fc8: supR3HardenedWinVerifyCacheProcessImportTodos: 'setupapi.dll' -> '\Device\HarddiskVolume2\Windows\System32\setupapi.dll' [rcNtRedir=0xc0150008]
818.6fc8: supR3HardenedWinVerifyCacheProcessImportTodos: Processing 'crypt32.dll'...
818.6fc8: supR3HardenedWinVerifyCacheProcessImportTodos: 'crypt32.dll' -> '\Device\HarddiskVolume2\Windows\System32\crypt32.dll' [rcNtRedir=0xc0150008]
818.6fc8: supR3HardenedWinVerifyCacheProcessImportTodos: Processing 'sspicli.dll'...
818.6fc8: supR3HardenedWinVerifyCacheProcessImportTodos: 'sspicli.dll' -> '\Device\HarddiskVolume2\Windows\System32\sspicli.dll' [rcNtRedir=0xc0150008]
818.6fc8: Detected WinVerifyTrust recursion: rc=VINF_SUCCESS '\Device\HarddiskVolume2\Windows\System32\sspicli.dll'.
818.6fc8: supR3HardenedWinVerifyCacheScheduleImports: Import todo: #3 'rpcrt4.dll'.
818.6fc8: supHardenedWinVerifyImageByHandle: -> 0 (\Device\HarddiskVolume2\Windows\System32\sspicli.dll)
818.6fc8: supR3HardenedWinVerifyCacheInsert: \Device\HarddiskVolume2\Windows\System32\sspicli.dll
818.6fc8: supR3HardenedWinVerifyCacheProcessImportTodos: Processing 'msvcrt.dll'...
818.6fc8: supR3HardenedWinVerifyCacheProcessImportTodos: 'msvcrt.dll' -> '\Device\HarddiskVolume2\Windows\System32\msvcrt.dll' [rcNtRedir=0xc0150008]
818.6fc8: supR3HardenedWinVerifyCacheProcessImportTodos: Processing 'rpcrt4.dll'...
818.6fc8: supR3HardenedWinVerifyCacheProcessImportTodos: 'rpcrt4.dll' -> '\Device\HarddiskVolume2\Windows\System32\rpcrt4.dll' [rcNtRedir=0xc0150008]
818.6fc8: supR3HardenedMonitor_LdrLoadDll: returns rcNt=0x0 hMod=00007ffb95520000 'C:\WINDOWS\system32\rsaenh.dll'
818.6fc8: supR3HardenedMonitor_LdrLoadDll: returns rcNt=0x0 hMod=00007ffb972e0000 'C:\WINDOWS\System32\crypt32.dll'
818.6fc8: supR3HardenedWinVerifyCacheScheduleImports: Import todo: #0 'msvcrt.dll'.
818.6fc8: supHardenedWinVerifyImageByHandle: -> 0 (\Device\HarddiskVolume2\Windows\System32\setupapi.dll) WinVerifyTrust
818.6fc8: supR3HardenedWinVerifyCacheInsert: \Device\HarddiskVolume2\Windows\System32\setupapi.dll
818.6fc8: supR3HardenedWinVerifyCacheProcessImportTodos: Processing 'oleaut32.dll'...
818.6fc8: supR3HardenedWinVerifyCacheProcessImportTodos: 'oleaut32.dll' -> '\Device\HarddiskVolume2\Windows\System32\oleaut32.dll' [rcNtRedir=0xc0150008]
818.6fc8: supR3HardenedScreenImage/Imports: cache hit (VINF_SUCCESS) on \Device\HarddiskVolume2\Windows\System32\oleaut32.dll
818.6fc8: supR3HardenedWinVerifyCacheProcessImportTodos: Processing 'ole32.dll'...
818.6fc8: supR3HardenedWinVerifyCacheProcessImportTodos: 'ole32.dll' -> '\Device\HarddiskVolume2\Windows\System32\ole32.dll' [rcNtRedir=0xc0150008]
818.6fc8: supR3HardenedScreenImage/Imports: cache hit (VINF_SUCCESS) on \Device\HarddiskVolume2\Windows\System32\ole32.dll
818.6fc8: supR3HardenedWinVerifyCacheProcessImportTodos: Processing 'imm32.dll'...
818.6fc8: supR3HardenedWinVerifyCacheProcessImportTodos: 'imm32.dll' -> '\Device\HarddiskVolume2\Windows\System32\imm32.dll' [rcNtRedir=0xc0150008]
818.6fc8: supR3HardenedScreenImage/Imports: cache hit (VINF_SUCCESS) on \Device\HarddiskVolume2\Windows\System32\imm32.dll
818.6fc8: supR3HardenedWinVerifyCacheProcessImportTodos: Processing 'gdi32.dll'...
818.6fc8: supR3HardenedWinVerifyCacheProcessImportTodos: 'gdi32.dll' -> '\Device\HarddiskVolume2\Windows\System32\gdi32.dll' [rcNtRedir=0xc0150008]
818.6fc8: supR3HardenedWinVerifyCacheProcessImportTodos: Processing 'dwmapi.dll'...
818.6fc8: supR3HardenedWinVerifyCacheProcessImportTodos: 'dwmapi.dll' -> '\Device\HarddiskVolume2\Windows\System32\dwmapi.dll' [rcNtRedir=0xc0150008]
818.6fc8: supR3HardenedScreenImage/Imports: cache hit (VINF_SUCCESS) on \Device\HarddiskVolume2\Windows\System32\dwmapi.dll
818.6fc8: supR3HardenedWinVerifyCacheProcessImportTodos: Processing 'advapi32.dll'...
818.6fc8: supR3HardenedWinVerifyCacheProcessImportTodos: 'advapi32.dll' -> '\Device\HarddiskVolume2\Windows\System32\advapi32.dll' [rcNtRedir=0xc0150008]
818.6fc8: supR3HardenedScreenImage/Imports: cache hit (VINF_SUCCESS) on \Device\HarddiskVolume2\Windows\System32\advapi32.dll
818.6fc8: supR3HardenedWinVerifyCacheProcessImportTodos: Processing 'msvcrt.dll'...
818.6fc8: supR3HardenedWinVerifyCacheProcessImportTodos: 'msvcrt.dll' -> '\Device\HarddiskVolume2\Windows\System32\msvcrt.dll' [rcNtRedir=0xc0150008]
818.6fc8: supR3HardenedMonitor_LdrLoadDll: pName=C:\Program Files\Oracle\VirtualBox\platforms\qwindowsVBox.dll (rcNtResolve=0xc0150008) *pfFlags=0x0 pwszSearchPath=0000000000000001:<flags> [calling]
818.6fc8: supR3HardenedScreenImage/NtCreateSection: cache hit (VINF_SUCCESS) on \Device\HarddiskVolume2\Program Files\Oracle\VirtualBox\platforms\qwindowsVBox.dll
818.6fc8: supR3HardenedScreenImage/NtCreateSection: cache hit (VINF_SUCCESS) on \Device\HarddiskVolume2\Windows\System32\wtsapi32.dll
818.6fc8: supR3HardenedWinVerifyCacheScheduleImports: Import todo: #1 'advapi32.dll'.
818.6fc8: supR3HardenedWinVerifyCacheScheduleImports: Import todo: #2 'gdi32.dll'.
818.6fc8: supR3HardenedWinVerifyCacheScheduleImports: Import todo: #4 'user32.dll'.
818.6fc8: supHardenedWinVerifyImageByHandle: -> 0 (\Device\HarddiskVolume2\Windows\WinSxS\amd64_microsoft.windows.common-controls_6595b64144ccf1df_5.82.26100.7309_none_87ef0e2f7a2c9771\comctl32.dll)
818.6fc8: supR3HardenedWinVerifyCacheInsert: \Device\HarddiskVolume2\Windows\WinSxS\amd64_microsoft.windows.common-controls_6595b64144ccf1df_5.82.26100.7309_none_87ef0e2f7a2c9771\comctl32.dll
818.6fc8: supR3HardenedScreenImage/NtCreateSection: cache hit (VINF_SUCCESS) on \Device\HarddiskVolume2\Windows\System32\d3d9.dll
818.6fc8: supR3HardenedScreenImage/NtCreateSection: cache hit (VINF_SUCCESS) on \Device\HarddiskVolume2\Windows\System32\UIAutomationCore.dll
818.6fc8: supR3HardenedScreenImage/NtCreateSection: cache hit (VINF_SUCCESS) on \Device\HarddiskVolume2\Windows\System32\sspicli.dll [avoiding WinVerifyTrust]
818.6fc8: supR3HardenedWinVerifyCacheScheduleImports: Import todo: #0 'msvcp_win.dll'.
818.6fc8: supR3HardenedWinVerifyCacheScheduleImports: Import todo: #27 'win32u.dll'.
818.6fc8: supHardenedWinVerifyImageByHandle: -> 0 (\Device\HarddiskVolume2\Windows\System32\DXCore.dll)
818.6fc8: supR3HardenedWinVerifyCacheInsert: \Device\HarddiskVolume2\Windows\System32\DXCore.dll
818.6fc8: supR3HardenedDllNotificationCallback: load   00007ffb97b20000 LB 0x0048a000 C:\WINDOWS\System32\SETUPAPI.dll [fFlags=0x0]
818.6fc8: supR3HardenedScreenImage/LdrLoadDll: cache hit (VINF_SUCCESS) on \Device\HarddiskVolume2\Windows\System32\setupapi.dll
818.6fc8: supR3HardenedDllNotificationCallback: load   00007ffb95860000 LB 0x00049000 C:\WINDOWS\SYSTEM32\SspiCli.dll [fFlags=0x0]
818.6fc8: supR3HardenedScreenImage/LdrLoadDll: cache hit (VINF_SUCCESS) on \Device\HarddiskVolume2\Windows\System32\sspicli.dll [avoiding WinVerifyTrust]
818.6fc8: supR3HardenedDllNotificationCallback: load   00007ffb938a0000 LB 0x00029000 C:\WINDOWS\SYSTEM32\WTSAPI32.dll [fFlags=0x0]
818.6fc8: supR3HardenedScreenImage/LdrLoadDll: cache hit (VINF_SUCCESS) on \Device\HarddiskVolume2\Windows\System32\wtsapi32.dll
818.6fc8: supR3HardenedDllNotificationCallback: load   00007ffb79dd0000 LB 0x000b4000 C:\WINDOWS\WinSxS\amd64_microsoft.windows.common-controls_6595b64144ccf1df_5.82.26100.7309_none_87ef0e2f7a2c9771\COMCTL32.dll [fFlags=0x0]
818.6fc8: supR3HardenedScreenImage/LdrLoadDll: cache hit (VINF_SUCCESS) on \Device\HarddiskVolume2\Windows\WinSxS\amd64_microsoft.windows.common-controls_6595b64144ccf1df_5.82.26100.7309_none_87ef0e2f7a2c9771\comctl32.dll [avoiding WinVerifyTrust]
818.6fc8: supR3HardenedDllNotificationCallback: load   00007ffb97700000 LB 0x000f0000 C:\WINDOWS\System32\COMDLG32.dll [fFlags=0x0]
818.6fc8: supR3HardenedScreenImage/LdrLoadDll: cache hit (VINF_SUCCESS) on \Device\HarddiskVolume2\Windows\System32\comdlg32.dll
818.6fc8: supR3HardenedDllNotificationCallback: load   00007ffb93da0000 LB 0x00044000 C:\WINDOWS\SYSTEM32\dxcore.dll [fFlags=0x0]
818.6fc8: supR3HardenedScreenImage/LdrLoadDll: cache hit (VINF_SUCCESS) on \Device\HarddiskVolume2\Windows\System32\DXCore.dll [avoiding WinVerifyTrust]
818.6fc8: supR3HardenedDllNotificationCallback: load   00007ffb37f20000 LB 0x001b3000 C:\WINDOWS\SYSTEM32\d3d9.dll [fFlags=0x0]
818.6fc8: supR3HardenedScreenImage/LdrLoadDll: cache hit (VINF_SUCCESS) on \Device\HarddiskVolume2\Windows\System32\d3d9.dll
818.6fc8: supR3HardenedDllNotificationCallback: load   00007ffb6bd10000 LB 0x00422000 C:\WINDOWS\SYSTEM32\UIAutomationCore.DLL [fFlags=0x0]
818.6fc8: supR3HardenedScreenImage/LdrLoadDll: cache hit (VINF_SUCCESS) on \Device\HarddiskVolume2\Windows\System32\UIAutomationCore.dll
818.6fc8: supR3HardenedDllNotificationCallback: load   00007ffb26ca0000 LB 0x000db000 C:\Program Files\Oracle\VirtualBox\platforms\qwindowsVBox.dll [fFlags=0x0]
818.6fc8: supR3HardenedScreenImage/LdrLoadDll: cache hit (VINF_SUCCESS) on \Device\HarddiskVolume2\Program Files\Oracle\VirtualBox\platforms\qwindowsVBox.dll
818.6fc8: Detected loader lock ownership: rc=VINF_SUCCESS '\Device\HarddiskVolume2\Windows\System32\DXCore.dll'.
818.6fc8: supR3HardenedWinVerifyCacheProcessWvtTodos: 0 (was 0) fWinVerifyTrust=0 for '\Device\HarddiskVolume2\Windows\System32\DXCore.dll' [rescheduled]
818.6fc8: Detected loader lock ownership: rc=VINF_SUCCESS '\Device\HarddiskVolume2\Windows\WinSxS\amd64_microsoft.windows.common-controls_6595b64144ccf1df_5.82.26100.7309_none_87ef0e2f7a2c9771\comctl32.dll'.
818.6fc8: supR3HardenedWinVerifyCacheProcessWvtTodos: 0 (was 0) fWinVerifyTrust=0 for '\Device\HarddiskVolume2\Windows\WinSxS\amd64_microsoft.windows.common-controls_6595b64144ccf1df_5.82.26100.7309_none_87ef0e2f7a2c9771\comctl32.dll' [rescheduled]
818.6fc8: Detected loader lock ownership: rc=VINF_SUCCESS '\Device\HarddiskVolume2\Windows\System32\sspicli.dll'.
818.6fc8: supR3HardenedWinVerifyCacheProcessWvtTodos: 0 (was 0) fWinVerifyTrust=0 for '\Device\HarddiskVolume2\Windows\System32\sspicli.dll' [rescheduled]
818.6fc8: Detected loader lock ownership: rc=VINF_SUCCESS '\Device\HarddiskVolume2\Windows\System32\comctl32.dll'.
818.6fc8: supR3HardenedWinVerifyCacheProcessWvtTodos: 0 (was 0) fWinVerifyTrust=0 for '\Device\HarddiskVolume2\Windows\System32\comctl32.dll' [rescheduled]
818.6fc8: supR3HardenedScreenImage/LdrLoadDll: cache hit (VINF_SUCCESS) on \Device\HarddiskVolume2\Windows\System32\imm32.dll
818.6fc8: supR3HardenedWinVerifyCacheProcessImportTodos: Processing 'win32u.dll'...
818.6fc8: supR3HardenedWinVerifyCacheProcessImportTodos: 'win32u.dll' -> '\Device\HarddiskVolume2\Windows\System32\win32u.dll' [rcNtRedir=0xc0150008]
818.6fc8: supR3HardenedWinVerifyCacheProcessImportTodos: Processing 'msvcp_win.dll'...
818.6fc8: supR3HardenedWinVerifyCacheProcessImportTodos: 'msvcp_win.dll' -> '\Device\HarddiskVolume2\Windows\System32\msvcp_win.dll' [rcNtRedir=0xc0150008]
818.6fc8: supR3HardenedWinVerifyCacheProcessImportTodos: Processing 'user32.dll'...
818.6fc8: supR3HardenedWinVerifyCacheProcessImportTodos: 'user32.dll' -> '\Device\HarddiskVolume2\Windows\System32\user32.dll' [rcNtRedir=0xc0150008]
818.6fc8: supR3HardenedWinVerifyCacheProcessImportTodos: Processing 'gdi32.dll'...
818.6fc8: supR3HardenedWinVerifyCacheProcessImportTodos: 'gdi32.dll' -> '\Device\HarddiskVolume2\Windows\System32\gdi32.dll' [rcNtRedir=0xc0150008]
818.6fc8: supR3HardenedScreenImage/Imports: cache hit (VINF_SUCCESS) on \Device\HarddiskVolume2\Windows\System32\gdi32.dll
818.6fc8: supR3HardenedWinVerifyCacheProcessImportTodos: Processing 'advapi32.dll'...
818.6fc8: supR3HardenedWinVerifyCacheProcessImportTodos: 'advapi32.dll' -> '\Device\HarddiskVolume2\Windows\System32\advapi32.dll' [rcNtRedir=0xc0150008]
818.6fc8: supR3HardenedScreenImage/Imports: cache hit (VINF_SUCCESS) on \Device\HarddiskVolume2\Windows\System32\advapi32.dll
818.6fc8: supR3HardenedMonitor_LdrLoadDll: pName=C:\WINDOWS\System32\imm32.dll (Input=imm32.dll, rcNtResolve=0xc0150008) *pfFlags=0x0 pwszSearchPath=0000000000000001:<flags> [calling]
818.6fc8: supR3HardenedMonitor_LdrLoadDll: returns rcNt=0x0 hMod=00007ffb97460000 'C:\WINDOWS\System32\imm32.dll'
818.6fc8: Detected loader lock ownership: rc=VINF_SUCCESS '\Device\HarddiskVolume2\Windows\System32\DXCore.dll'.
818.6fc8: supR3HardenedWinVerifyCacheProcessWvtTodos: 0 (was 0) fWinVerifyTrust=0 for '\Device\HarddiskVolume2\Windows\System32\DXCore.dll' [rescheduled]
818.6fc8: Detected loader lock ownership: rc=VINF_SUCCESS '\Device\HarddiskVolume2\Windows\WinSxS\amd64_microsoft.windows.common-controls_6595b64144ccf1df_5.82.26100.7309_none_87ef0e2f7a2c9771\comctl32.dll'.
818.6fc8: supR3HardenedWinVerifyCacheProcessWvtTodos: 0 (was 0) fWinVerifyTrust=0 for '\Device\HarddiskVolume2\Windows\WinSxS\amd64_microsoft.windows.common-controls_6595b64144ccf1df_5.82.26100.7309_none_87ef0e2f7a2c9771\comctl32.dll' [rescheduled]
818.6fc8: Detected loader lock ownership: rc=VINF_SUCCESS '\Device\HarddiskVolume2\Windows\System32\sspicli.dll'.
818.6fc8: supR3HardenedWinVerifyCacheProcessWvtTodos: 0 (was 0) fWinVerifyTrust=0 for '\Device\HarddiskVolume2\Windows\System32\sspicli.dll' [rescheduled]
818.6fc8: Detected loader lock ownership: rc=VINF_SUCCESS '\Device\HarddiskVolume2\Windows\System32\comctl32.dll'.
818.6fc8: supR3HardenedWinVerifyCacheProcessWvtTodos: 0 (was 0) fWinVerifyTrust=0 for '\Device\HarddiskVolume2\Windows\System32\comctl32.dll' [rescheduled]
818.6fc8: supR3HardenedMonitor_LdrLoadDll: returns rcNt=0x0 hMod=00007ffb26ca0000 'C:\Program Files\Oracle\VirtualBox\platforms\qwindowsVBox.dll'
818.6fc8: supR3HardenedMonitor_LdrLoadDll: returns rcNt=0x0 hMod=00007ffb95520000 'C:\WINDOWS\system32\rsaenh.dll'
818.6fc8: supR3HardenedMonitor_LdrLoadDll: returns rcNt=0x0 hMod=00007ffb972e0000 'C:\WINDOWS\System32\crypt32.dll'
818.6fc8: supR3HardenedWinVerifyCacheProcessWvtTodos: 0 (was 0) fWinVerifyTrust=1 for '\Device\HarddiskVolume2\Windows\System32\DXCore.dll'
818.6fc8: supR3HardenedMonitor_LdrLoadDll: returns rcNt=0x0 hMod=00007ffb95520000 'C:\WINDOWS\system32\rsaenh.dll'
818.6fc8: supR3HardenedMonitor_LdrLoadDll: returns rcNt=0x0 hMod=00007ffb972e0000 'C:\WINDOWS\System32\crypt32.dll'
818.6fc8: supR3HardenedWinVerifyCacheProcessWvtTodos: 0 (was 0) fWinVerifyTrust=1 for '\Device\HarddiskVolume2\Windows\WinSxS\amd64_microsoft.windows.common-controls_6595b64144ccf1df_5.82.26100.7309_none_87ef0e2f7a2c9771\comctl32.dll'
818.6fc8: supR3HardenedMonitor_LdrLoadDll: returns rcNt=0x0 hMod=00007ffb95520000 'C:\WINDOWS\system32\rsaenh.dll'
818.6fc8: supR3HardenedMonitor_LdrLoadDll: returns rcNt=0x0 hMod=00007ffb972e0000 'C:\WINDOWS\System32\crypt32.dll'
818.6fc8: supR3HardenedWinVerifyCacheProcessWvtTodos: 0 (was 0) fWinVerifyTrust=1 for '\Device\HarddiskVolume2\Windows\System32\sspicli.dll'
818.6fc8: supR3HardenedMonitor_LdrLoadDll: returns rcNt=0x0 hMod=00007ffb95520000 'C:\WINDOWS\system32\rsaenh.dll'
818.6fc8: supR3HardenedMonitor_LdrLoadDll: returns rcNt=0x0 hMod=00007ffb972e0000 'C:\WINDOWS\System32\crypt32.dll'
818.6fc8: supR3HardenedWinVerifyCacheProcessWvtTodos: 0 (was 0) fWinVerifyTrust=1 for '\Device\HarddiskVolume2\Windows\System32\comctl32.dll'
818.6fc8: supR3HardenedWinVerifyCacheScheduleImports: Import todo: #4 'rpcrt4.dll'.
818.6fc8: supR3HardenedWinVerifyCacheScheduleImports: Import todo: #39 'bcryptprimitives.dll'.
818.6fc8: supR3HardenedWinVerifyCacheScheduleImports: Import todo: #52 'combase.dll'.
818.6fc8: supR3HardenedWinVerifyCacheScheduleImports: Import todo: #53 'msvcp_win.dll'.
818.6fc8: supHardenedWinVerifyImageByHandle: -> 22900 (\Device\HarddiskVolume2\Windows\System32\rpcss.dll)
818.6fc8: supR3HardenedWinVerifyCacheInsert: \Device\HarddiskVolume2\Windows\System32\rpcss.dll
818.6fc8: supR3HardenedMonitor_NtCreateSection: NtMapViewOfSection failed on 00000000000006f4 (hFile=0000000000000718) with 0xc0000022 -> STATUS_TRUST_FAILURE
818.6fc8: supR3HardNtViCallWinVerifyTrustCatFile: hFile=000000000000069c pwszName=\Device\HarddiskVolume2\Windows\System32\rpcss.dll
818.6fc8: supR3HardNtViCallWinVerifyTrustCatFile: Cached context 00000268d31a1e60
818.6fc8: supR3HardNtViCallWinVerifyTrustCatFile: hCatAdmin=00000268d31a1e60
818.6fc8: supR3HardNtViCallWinVerifyTrustCatFile: cbHash=20 wszDigest=8BB02B17A6E900E4F88C19E8F4C39120679FC79D
818.6fc8: supR3HardenedWinVerifyCacheProcessImportTodos: Processing 'msvcp_win.dll'...
818.6fc8: supR3HardenedWinVerifyCacheProcessImportTodos: 'msvcp_win.dll' -> '\Device\HarddiskVolume2\Windows\System32\msvcp_win.dll' [rcNtRedir=0xc0150008]
818.6fc8: supR3HardenedWinVerifyCacheProcessImportTodos: Processing 'combase.dll'...
818.6fc8: supR3HardenedWinVerifyCacheProcessImportTodos: 'combase.dll' -> '\Device\HarddiskVolume2\Windows\System32\combase.dll' [rcNtRedir=0xc0150008]
818.6fc8: supR3HardenedScreenImage/Imports: cache hit (VINF_SUCCESS) on \Device\HarddiskVolume2\Windows\System32\combase.dll
818.6fc8: supR3HardenedWinVerifyCacheProcessImportTodos: Processing 'bcryptprimitives.dll'...
818.6fc8: supR3HardenedWinVerifyCacheProcessImportTodos: 'bcryptprimitives.dll' -> '\Device\HarddiskVolume2\Windows\System32\bcryptprimitives.dll' [rcNtRedir=0xc0150008]
818.6fc8: supR3HardenedScreenImage/Imports: cache hit (VINF_SUCCESS) on \Device\HarddiskVolume2\Windows\System32\bcryptprimitives.dll
818.6fc8: supR3HardenedWinVerifyCacheProcessImportTodos: Processing 'rpcrt4.dll'...
818.6fc8: supR3HardenedWinVerifyCacheProcessImportTodos: 'rpcrt4.dll' -> '\Device\HarddiskVolume2\Windows\System32\rpcrt4.dll' [rcNtRedir=0xc0150008]
818.6fc8: supR3HardenedScreenImage/Imports: cache hit (VINF_SUCCESS) on \Device\HarddiskVolume2\Windows\System32\rpcrt4.dll
818.6fc8: supR3HardenedMonitor_LdrLoadDll: returns rcNt=0x0 hMod=00007ffb95520000 'C:\WINDOWS\system32\rsaenh.dll'
818.6fc8: supR3HardenedMonitor_LdrLoadDll: returns rcNt=0x0 hMod=00007ffb972e0000 'C:\WINDOWS\System32\crypt32.dll'
818.6fc8: supR3HardNtViCallWinVerifyTrustCatFile: WinVerifyTrust => 0x0; cat='C:\WINDOWS\system32\CatRoot\{F750E6C3-38EE-11D1-85E5-00C04FC295EE}\Microsoft-OneCore-CoreSystem-Core-merged-Package~31bf3856ad364e35~amd64~~10.0.26100.7462.cat'; file='\Device\HarddiskVolume2\Windows\System32\rpcss.dll'
818.6fc8: supR3HardNtViCallWinVerifyTrustCatFile -> 0 (org 22900)
818.6fc8: supR3HardenedWinVerifyCacheProcessWvtTodos: 0 (was 22900) fWinVerifyTrust=1 for '\Device\HarddiskVolume2\Windows\System32\rpcss.dll'
818.6fc8: supR3HardenedScreenImage/LdrLoadDll: cache hit (VINF_SUCCESS) on \Device\HarddiskVolume2\Windows\System32\uxtheme.dll
818.6fc8: supR3HardenedMonitor_LdrLoadDll: pName=C:\WINDOWS\system32\uxtheme.dll (rcNtResolve=0xc0150008) *pfFlags=0x0 pwszSearchPath=0000000000000009:<flags> [calling]
818.6fc8: supR3HardenedMonitor_LdrLoadDll: returns rcNt=0x0 hMod=00007ffb93aa0000 'C:\WINDOWS\system32\uxtheme.dll'
818.6fc8: supR3HardenedDllNotificationCallback: load   00007ffb98f30000 LB 0x0015e000 C:\WINDOWS\System32\MSCTF.dll [fFlags=0x0]
818.6fc8: supR3HardenedWinVerifyCacheScheduleImports: Import todo: #0 'msvcrt.dll'.
818.6fc8: supR3HardenedWinVerifyCacheScheduleImports: Import todo: #37 'user32.dll'.
818.6fc8: supHardenedWinVerifyImageByHandle: -> 0 (\Device\HarddiskVolume2\Windows\System32\msctf.dll)
818.6fc8: supR3HardenedWinVerifyCacheInsert: \Device\HarddiskVolume2\Windows\System32\msctf.dll
818.6fc8: supR3HardenedWinVerifyCacheProcessImportTodos: Processing 'user32.dll'...
818.6fc8: supR3HardenedWinVerifyCacheProcessImportTodos: 'user32.dll' -> '\Device\HarddiskVolume2\Windows\System32\user32.dll' [rcNtRedir=0xc0150008]
818.6fc8: supR3HardenedScreenImage/Imports: cache hit (VINF_SUCCESS) on \Device\HarddiskVolume2\Windows\System32\user32.dll
818.6fc8: supR3HardenedWinVerifyCacheProcessImportTodos: Processing 'msvcrt.dll'...
818.6fc8: supR3HardenedWinVerifyCacheProcessImportTodos: 'msvcrt.dll' -> '\Device\HarddiskVolume2\Windows\System32\msvcrt.dll' [rcNtRedir=0xc0150008]
818.6fc8: supR3HardenedMonitor_LdrLoadDll: returns rcNt=0x0 hMod=00007ffb95520000 'C:\WINDOWS\system32\rsaenh.dll'
818.6fc8: supR3HardenedMonitor_LdrLoadDll: returns rcNt=0x0 hMod=00007ffb972e0000 'C:\WINDOWS\System32\crypt32.dll'
818.6fc8: supR3HardenedWinVerifyCacheProcessWvtTodos: 0 (was 0) fWinVerifyTrust=1 for '\Device\HarddiskVolume2\Windows\System32\msctf.dll'
818.6fc8: supR3HardenedMonitor_LdrLoadDll: returns rcNt=0x0 hMod=00007ffb99460000 'C:\WINDOWS\System32\USER32.dll'
818.6fc8: supR3HardenedMonitor_LdrLoadDll: returns rcNt=0x0 hMod=00007ffb95520000 'C:\WINDOWS\system32\rsaenh.dll'
818.6fc8: supR3HardenedMonitor_LdrLoadDll: returns rcNt=0x0 hMod=00007ffb972e0000 'C:\WINDOWS\System32\crypt32.dll'
818.6fc8: supR3HardenedWinVerifyCacheScheduleImports: Import todo: #19 'cfgmgr32.dll'.
818.6fc8: supHardenedWinVerifyImageByHandle: -> 0 (\Device\HarddiskVolume2\Windows\System32\devobj.dll) WinVerifyTrust
818.6fc8: supR3HardenedWinVerifyCacheInsert: \Device\HarddiskVolume2\Windows\System32\devobj.dll
818.6fc8: supR3HardenedWinVerifyCacheProcessImportTodos: Processing 'cfgmgr32.dll'...
818.6fc8: supR3HardenedWinVerifyCacheProcessImportTodos: 'cfgmgr32.dll' -> '\Device\HarddiskVolume2\Windows\System32\cfgmgr32.dll' [rcNtRedir=0xc0150008]
818.6fc8: supR3HardenedMonitor_LdrLoadDll: returns rcNt=0x0 hMod=00007ffb95520000 'C:\WINDOWS\system32\rsaenh.dll'
818.6fc8: supR3HardenedMonitor_LdrLoadDll: returns rcNt=0x0 hMod=00007ffb972e0000 'C:\WINDOWS\System32\crypt32.dll'
818.6fc8: supHardenedWinVerifyImageByHandle: -> 0 (\Device\HarddiskVolume2\Windows\System32\cfgmgr32.dll) WinVerifyTrust
818.6fc8: supR3HardenedWinVerifyCacheInsert: \Device\HarddiskVolume2\Windows\System32\cfgmgr32.dll
818.6fc8: supR3HardenedMonitor_LdrLoadDll: pName=C:\WINDOWS\System32\DEVOBJ.dll (Input=DEVOBJ.dll, rcNtResolve=0xc0150008) *pfFlags=0x0 pwszSearchPath=0000000000000001:<flags> [calling]
818.6fc8: supR3HardenedScreenImage/NtCreateSection: cache hit (VINF_SUCCESS) on \Device\HarddiskVolume2\Windows\System32\devobj.dll
818.6fc8: supR3HardenedScreenImage/NtCreateSection: cache hit (VINF_SUCCESS) on \Device\HarddiskVolume2\Windows\System32\cfgmgr32.dll
818.6fc8: supR3HardenedDllNotificationCallback: load   00007ffb963c0000 LB 0x00057000 C:\WINDOWS\SYSTEM32\cfgmgr32.dll [fFlags=0x0]
818.6fc8: supR3HardenedScreenImage/LdrLoadDll: cache hit (VINF_SUCCESS) on \Device\HarddiskVolume2\Windows\System32\cfgmgr32.dll
818.6fc8: supR3HardenedDllNotificationCallback: load   00007ffb96420000 LB 0x0002d000 C:\WINDOWS\System32\DEVOBJ.dll [fFlags=0x0]
818.6fc8: supR3HardenedScreenImage/LdrLoadDll: cache hit (VINF_SUCCESS) on \Device\HarddiskVolume2\Windows\System32\devobj.dll
818.6fc8: supR3HardenedMonitor_LdrLoadDll: returns rcNt=0x0 hMod=00007ffb96420000 'C:\WINDOWS\System32\DEVOBJ.dll'
818.6fc8: supR3HardenedIsApiSetDll: ApiSetQueryApiSetPresence(api-ms-win-core-registry-l1-1-0.dll) -> 0x0, fPresent=1
818.6fc8: supR3HardenedMonitor_LdrLoadDll: pName=api-ms-win-core-registry-l1-1-0.dll (rcNtResolve=0x0) *pfFlags=0x0 pwszSearchPath=0000000000000001:<flags> [calling]
818.6fc8: supR3HardenedMonitor_LdrLoadDll: returns rcNt=0x0 hMod=00007ffb96b60000 'api-ms-win-core-registry-l1-1-0.dll'
818.6fc8: supR3HardenedScreenImage/LdrLoadDll: cache hit (VINF_SUCCESS) on \Device\HarddiskVolume2\Windows\System32\wintrust.dll
818.6fc8: supR3HardenedMonitor_LdrLoadDll: pName=C:\WINDOWS\System32\WINTRUST.dll (Input=WINTRUST.dll, rcNtResolve=0xc0150008) *pfFlags=0x0 pwszSearchPath=0000000000000001:<flags> [calling]
818.6fc8: supR3HardenedMonitor_LdrLoadDll: returns rcNt=0x0 hMod=00007ffb96ad0000 'C:\WINDOWS\System32\WINTRUST.dll'
818.6fc8: supR3HardenedMonitor_LdrLoadDll: returns rcNt=0x0 hMod=00007ffb95520000 'C:\WINDOWS\system32\rsaenh.dll'
818.6fc8: supR3HardenedMonitor_LdrLoadDll: returns rcNt=0x0 hMod=00007ffb972e0000 'C:\WINDOWS\System32\crypt32.dll'
818.6fc8: supR3HardenedWinVerifyCacheScheduleImports: Import todo: #0 'gdi32.dll'.
818.6fc8: supR3HardenedWinVerifyCacheScheduleImports: Import todo: #1 'user32.dll'.
818.6fc8: supR3HardenedWinVerifyCacheScheduleImports: Import todo: #2 'uxtheme.dll'.
818.6fc8: supR3HardenedWinVerifyCacheScheduleImports: Import todo: #3 'qt6widgetsvbox.dll'.
818.6fc8: supR3HardenedWinVerifyCacheScheduleImports: Import todo: #4 'qt6guivbox.dll'.
818.6fc8: supR3HardenedWinVerifyCacheScheduleImports: Import todo: #5 'qt6corevbox.dll'.
818.6fc8: supR3HardenedWinVerifyCacheScheduleImports: Import todo: #7 'msvcp140.dll'.
818.6fc8: supR3HardenedWinVerifyCacheScheduleImports: Import todo: #8 'vcruntime140.dll'.
818.6fc8: supHardenedWinVerifyImageByHandle: -> 0 (\Device\HarddiskVolume2\Program Files\Oracle\VirtualBox\styles\qmodernwindowsstyleVBox.dll) WinVerifyTrust
818.6fc8: supR3HardenedWinVerifyCacheInsert: \Device\HarddiskVolume2\Program Files\Oracle\VirtualBox\styles\qmodernwindowsstyleVBox.dll
818.6fc8: supR3HardenedWinVerifyCacheProcessImportTodos: Processing 'vcruntime140.dll'...
818.6fc8: supR3HardenedWinVerifyCacheProcessImportTodos: 'vcruntime140.dll' -> '\Device\HarddiskVolume2\Windows\System32\vcruntime140.dll' [rcNtRedir=0xc0150008]
818.6fc8: supR3HardenedWinVerifyCacheProcessImportTodos: Processing 'msvcp140.dll'...
818.6fc8: supR3HardenedWinVerifyCacheProcessImportTodos: 'msvcp140.dll' -> '\Device\HarddiskVolume2\Windows\System32\msvcp140.dll' [rcNtRedir=0xc0150008]
818.6fc8: supR3HardenedWinVerifyCacheProcessImportTodos: Processing 'qt6corevbox.dll'...
818.6fc8: supR3HardenedWinVerifyCacheProcessImportTodos: 'qt6corevbox.dll' -> '\Device\HarddiskVolume2\Program Files\Oracle\VirtualBox\qt6corevbox.dll' [rcNtRedir=0xc0150008]
818.6fc8: supR3HardenedWinVerifyCacheProcessImportTodos: Processing 'qt6guivbox.dll'...
818.6fc8: supR3HardenedWinVerifyCacheProcessImportTodos: 'qt6guivbox.dll' -> '\Device\HarddiskVolume2\Program Files\Oracle\VirtualBox\qt6guivbox.dll' [rcNtRedir=0xc0150008]
818.6fc8: supR3HardenedScreenImage/Imports: cache hit (VINF_SUCCESS) on \Device\HarddiskVolume2\Program Files\Oracle\VirtualBox\Qt6GuiVBox.dll
818.6fc8: supR3HardenedWinVerifyCacheProcessImportTodos: Processing 'qt6widgetsvbox.dll'...
818.6fc8: supR3HardenedWinVerifyCacheProcessImportTodos: 'qt6widgetsvbox.dll' -> '\Device\HarddiskVolume2\Program Files\Oracle\VirtualBox\qt6widgetsvbox.dll' [rcNtRedir=0xc0150008]
818.6fc8: supR3HardenedScreenImage/Imports: cache hit (VINF_SUCCESS) on \Device\HarddiskVolume2\Program Files\Oracle\VirtualBox\Qt6WidgetsVBox.dll
818.6fc8: supR3HardenedWinVerifyCacheProcessImportTodos: Processing 'uxtheme.dll'...
818.6fc8: supR3HardenedWinVerifyCacheProcessImportTodos: 'uxtheme.dll' -> '\Device\HarddiskVolume2\Windows\System32\uxtheme.dll' [rcNtRedir=0xc0150008]
818.6fc8: supR3HardenedScreenImage/Imports: cache hit (VINF_SUCCESS) on \Device\HarddiskVolume2\Windows\System32\uxtheme.dll
818.6fc8: supR3HardenedWinVerifyCacheProcessImportTodos: Processing 'user32.dll'...
818.6fc8: supR3HardenedWinVerifyCacheProcessImportTodos: 'user32.dll' -> '\Device\HarddiskVolume2\Windows\System32\user32.dll' [rcNtRedir=0xc0150008]
818.6fc8: supR3HardenedWinVerifyCacheProcessImportTodos: Processing 'gdi32.dll'...
818.6fc8: supR3HardenedWinVerifyCacheProcessImportTodos: 'gdi32.dll' -> '\Device\HarddiskVolume2\Windows\System32\gdi32.dll' [rcNtRedir=0xc0150008]
818.6fc8: supR3HardenedMonitor_LdrLoadDll: pName=C:\Program Files\Oracle\VirtualBox\styles\qmodernwindowsstyleVBox.dll (rcNtResolve=0xc0150008) *pfFlags=0x0 pwszSearchPath=0000000000000001:<flags> [calling]
818.6fc8: supR3HardenedScreenImage/NtCreateSection: cache hit (VINF_SUCCESS) on \Device\HarddiskVolume2\Program Files\Oracle\VirtualBox\styles\qmodernwindowsstyleVBox.dll
818.6fc8: supR3HardenedDllNotificationCallback: load   00007ffb6d3b0000 LB 0x00036000 C:\Program Files\Oracle\VirtualBox\styles\qmodernwindowsstyleVBox.dll [fFlags=0x0]
818.6fc8: supR3HardenedScreenImage/LdrLoadDll: cache hit (VINF_SUCCESS) on \Device\HarddiskVolume2\Program Files\Oracle\VirtualBox\styles\qmodernwindowsstyleVBox.dll
818.6fc8: supR3HardenedMonitor_LdrLoadDll: returns rcNt=0x0 hMod=00007ffb6d3b0000 'C:\Program Files\Oracle\VirtualBox\styles\qmodernwindowsstyleVBox.dll'
818.6fc8: '\Device\HarddiskVolume2\Windows\System32\imageres.dll' has no imports
818.6fc8: supHardenedWinVerifyImageByHandle: -> 22900 (\Device\HarddiskVolume2\Windows\System32\imageres.dll)
818.6fc8: supR3HardenedWinVerifyCacheInsert: \Device\HarddiskVolume2\Windows\System32\imageres.dll
818.6fc8: supR3HardenedMonitor_NtCreateSection: NtMapViewOfSection failed on 0000000000000748 (hFile=00000000000006c0) with 0xc0000022 -> STATUS_TRUST_FAILURE
818.6fc8: supR3HardenedScreenImage/NtCreateSection: cache hit (22900) on \Device\HarddiskVolume2\Windows\System32\imageres.dll [avoiding WinVerifyTrust]
818.6fc8: supR3HardenedMonitor_NtCreateSection: NtMapViewOfSection failed on 00000000000006c0 (hFile=0000000000000748) with 0xc0000022 -> STATUS_TRUST_FAILURE
818.6fc8: supR3HardenedScreenImage/NtCreateSection: cache hit (22900) on \Device\HarddiskVolume2\Windows\System32\imageres.dll [avoiding WinVerifyTrust]
818.6fc8: supR3HardenedMonitor_NtCreateSection: NtMapViewOfSection failed on 0000000000000748 (hFile=00000000000006c0) with 0xc0000022 -> STATUS_TRUST_FAILURE
818.6fc8: supR3HardenedScreenImage/NtCreateSection: cache hit (22900) on \Device\HarddiskVolume2\Windows\System32\imageres.dll [avoiding WinVerifyTrust]
818.6fc8: supR3HardenedMonitor_NtCreateSection: NtMapViewOfSection failed on 00000000000006c0 (hFile=0000000000000748) with 0xc0000022 -> STATUS_TRUST_FAILURE
818.6fc8: supR3HardNtViCallWinVerifyTrustCatFile: hFile=0000000000000728 pwszName=\Device\HarddiskVolume2\Windows\System32\imageres.dll
818.6fc8: supR3HardNtViCallWinVerifyTrustCatFile: Cached context 00000268d31a1e60
818.6fc8: supR3HardNtViCallWinVerifyTrustCatFile: hCatAdmin=00000268d31a1e60
818.6fc8: supR3HardNtViCallWinVerifyTrustCatFile: cbHash=20 wszDigest=E873E18367036AB8F67AA309E5401F23E6D3FECD
818.6fc8: supR3HardenedMonitor_LdrLoadDll: returns rcNt=0x0 hMod=00007ffb95520000 'C:\WINDOWS\system32\rsaenh.dll'
818.6fc8: supR3HardenedMonitor_LdrLoadDll: returns rcNt=0x0 hMod=00007ffb972e0000 'C:\WINDOWS\System32\crypt32.dll'
818.6fc8: supR3HardNtViCallWinVerifyTrustCatFile: WinVerifyTrust => 0x0; cat='C:\WINDOWS\system32\CatRoot\{F750E6C3-38EE-11D1-85E5-00C04FC295EE}\Microsoft-Windows-Client-Desktop-Required-Package03~31bf3856ad364e35~amd64~~10.0.26100.7462.cat'; file='\Device\HarddiskVolume2\Windows\System32\imageres.dll'
818.6fc8: supR3HardNtViCallWinVerifyTrustCatFile -> 0 (org 22900)
818.6fc8: supR3HardenedWinVerifyCacheProcessWvtTodos: 0 (was 22900) fWinVerifyTrust=1 for '\Device\HarddiskVolume2\Windows\System32\imageres.dll'
818.6fc8: supR3HardNtViCallWinVerifyTrustCatFile: hFile=000000000000074c pwszName=\Device\HarddiskVolume2\Windows\System32\IconCodecService.dll
818.6fc8: supR3HardNtViCallWinVerifyTrustCatFile: Cached context 00000268d31a1e60
818.6fc8: supR3HardNtViCallWinVerifyTrustCatFile: hCatAdmin=00000268d31a1e60
818.6fc8: supR3HardNtViCallWinVerifyTrustCatFile: cbHash=20 wszDigest=6A94C939C9629E54D59EAB8EB41ACFCDF775AA8B
818.6fc8: supR3HardenedMonitor_LdrLoadDll: returns rcNt=0x0 hMod=00007ffb95520000 'C:\WINDOWS\system32\rsaenh.dll'
818.6fc8: supR3HardenedMonitor_LdrLoadDll: returns rcNt=0x0 hMod=00007ffb972e0000 'C:\WINDOWS\System32\crypt32.dll'
818.6fc8: supR3HardNtViCallWinVerifyTrustCatFile: WinVerifyTrust => 0x0; cat='C:\WINDOWS\system32\CatRoot\{F750E6C3-38EE-11D1-85E5-00C04FC295EE}\Microsoft-Windows-Client-Desktop-Required-Package0416~31bf3856ad364e35~amd64~~10.0.26100.1742.cat'; file='\Device\HarddiskVolume2\Windows\System32\IconCodecService.dll'
818.6fc8: supR3HardNtViCallWinVerifyTrustCatFile -> 0 (org 22900)
818.6fc8: supR3HardenedWinVerifyCacheScheduleImports: Import todo: #0 'msvcrt.dll'.
818.6fc8: supR3HardenedWinVerifyCacheScheduleImports: Import todo: #2 'user32.dll'.
818.6fc8: supHardenedWinVerifyImageByHandle: -> 0 (\Device\HarddiskVolume2\Windows\System32\IconCodecService.dll) WinVerifyTrust
818.6fc8: supR3HardenedWinVerifyCacheInsert: \Device\HarddiskVolume2\Windows\System32\IconCodecService.dll
818.6fc8: supR3HardenedWinVerifyCacheProcessImportTodos: Processing 'user32.dll'...
818.6fc8: supR3HardenedWinVerifyCacheProcessImportTodos: 'user32.dll' -> '\Device\HarddiskVolume2\Windows\System32\user32.dll' [rcNtRedir=0xc0150008]
818.6fc8: supR3HardenedWinVerifyCacheProcessImportTodos: Processing 'msvcrt.dll'...
818.6fc8: supR3HardenedWinVerifyCacheProcessImportTodos: 'msvcrt.dll' -> '\Device\HarddiskVolume2\Windows\System32\msvcrt.dll' [rcNtRedir=0xc0150008]
818.6fc8: supR3HardenedMonitor_LdrLoadDll: pName=C:\WINDOWS\system32\IconCodecService.dll (rcNtResolve=0xc0150008) *pfFlags=0x0 pwszSearchPath=0000000000000001:<flags> [calling]
818.6fc8: supR3HardenedScreenImage/NtCreateSection: cache hit (VINF_SUCCESS) on \Device\HarddiskVolume2\Windows\System32\IconCodecService.dll
818.6fc8: supR3HardenedDllNotificationCallback: load   00007ffb4a170000 LB 0x0000b000 C:\WINDOWS\system32\IconCodecService.dll [fFlags=0x0]
818.6fc8: supR3HardenedScreenImage/LdrLoadDll: cache hit (VINF_SUCCESS) on \Device\HarddiskVolume2\Windows\System32\IconCodecService.dll
818.6fc8: supR3HardenedMonitor_LdrLoadDll: returns rcNt=0x0 hMod=00007ffb4a170000 'C:\WINDOWS\system32\IconCodecService.dll'
818.6fc8: supHardenedWinVerifyImageByHandle: -> 0 (\Device\HarddiskVolume2\Windows\System32\WindowsCodecs.dll)
818.6fc8: supR3HardenedWinVerifyCacheInsert: \Device\HarddiskVolume2\Windows\System32\WindowsCodecs.dll
818.6fc8: supR3HardenedDllNotificationCallback: load   00007ffb92100000 LB 0x00230000 C:\WINDOWS\SYSTEM32\WindowsCodecs.dll [fFlags=0x0]
818.6fc8: supR3HardenedScreenImage/LdrLoadDll: cache hit (VINF_SUCCESS) on \Device\HarddiskVolume2\Windows\System32\WindowsCodecs.dll [avoiding WinVerifyTrust]
818.6fc8: supR3HardenedScreenImage/NtCreateSection: cache hit (VINF_SUCCESS) on \Device\HarddiskVolume2\Windows\System32\imageres.dll
818.6fc8: supR3HardenedMonitor_NtCreateSection: NtMapViewOfSection failed on 0000000000000748 (hFile=00000000000006c0) with 0xc0000022 -> STATUS_TRUST_FAILURE
818.6fc8: supR3HardenedScreenImage/NtCreateSection: cache hit (VINF_SUCCESS) on \Device\HarddiskVolume2\Windows\System32\imageres.dll
818.6fc8: supR3HardenedMonitor_NtCreateSection: NtMapViewOfSection failed on 00000000000006c0 (hFile=0000000000000748) with 0xc0000022 -> STATUS_TRUST_FAILURE
818.6fc8: supR3HardenedScreenImage/NtCreateSection: cache hit (VINF_SUCCESS) on \Device\HarddiskVolume2\Windows\System32\imageres.dll
818.6fc8: supR3HardenedMonitor_NtCreateSection: NtMapViewOfSection failed on 0000000000000748 (hFile=00000000000006c0) with 0xc0000022 -> STATUS_TRUST_FAILURE
818.6fc8: supR3HardenedScreenImage/NtCreateSection: cache hit (VINF_SUCCESS) on \Device\HarddiskVolume2\Windows\System32\imageres.dll
818.6fc8: supR3HardenedMonitor_NtCreateSection: NtMapViewOfSection failed on 00000000000006c0 (hFile=0000000000000748) with 0xc0000022 -> STATUS_TRUST_FAILURE
818.6fc8: supR3HardenedDllNotificationCallback: load   00007ffb99100000 LB 0x000b0000 C:\WINDOWS\System32\clbcatq.dll [fFlags=0x0]
818.6fc8: supR3HardenedWinVerifyCacheScheduleImports: Import todo: #0 'msvcrt.dll'.
818.6fc8: supR3HardenedWinVerifyCacheScheduleImports: Import todo: #31 'rpcrt4.dll'.
818.6fc8: supHardenedWinVerifyImageByHandle: -> 0 (\Device\HarddiskVolume2\Windows\System32\clbcatq.dll)
818.6fc8: supR3HardenedWinVerifyCacheInsert: \Device\HarddiskVolume2\Windows\System32\clbcatq.dll
818.6fc8: supR3HardenedScreenImage/NtCreateSection: cache hit (VINF_SUCCESS) on \Device\HarddiskVolume2\Windows\System32\rpcss.dll
818.6fc8: supR3HardenedMonitor_NtCreateSection: NtMapViewOfSection failed on 0000000000000808 (hFile=0000000000000834) with 0xc0000022 -> STATUS_TRUST_FAILURE
818.6cb4: supR3HardenedWinVerifyCacheProcessImportTodos: Processing 'rpcrt4.dll'...
818.6cb4: supR3HardenedWinVerifyCacheProcessImportTodos: 'rpcrt4.dll' -> '\Device\HarddiskVolume2\Windows\System32\rpcrt4.dll' [rcNtRedir=0xc0150008]
818.6cb4: supR3HardenedWinVerifyCacheProcessImportTodos: Processing 'msvcrt.dll'...
818.6cb4: supR3HardenedWinVerifyCacheProcessImportTodos: 'msvcrt.dll' -> '\Device\HarddiskVolume2\Windows\System32\msvcrt.dll' [rcNtRedir=0xc0150008]
818.6cb4: supR3HardenedMonitor_LdrLoadDll: returns rcNt=0x0 hMod=00007ffb95520000 'C:\WINDOWS\system32\rsaenh.dll'
818.6cb4: supR3HardenedMonitor_LdrLoadDll: returns rcNt=0x0 hMod=00007ffb972e0000 'C:\WINDOWS\System32\crypt32.dll'
818.6cb4: supR3HardenedWinVerifyCacheProcessWvtTodos: 0 (was 0) fWinVerifyTrust=1 for '\Device\HarddiskVolume2\Windows\System32\clbcatq.dll'
818.6cb4: supR3HardenedMonitor_LdrLoadDll: returns rcNt=0x0 hMod=00007ffb95520000 'C:\WINDOWS\system32\rsaenh.dll'
818.6cb4: supR3HardenedMonitor_LdrLoadDll: returns rcNt=0x0 hMod=00007ffb972e0000 'C:\WINDOWS\System32\crypt32.dll'
818.6cb4: supR3HardenedWinVerifyCacheProcessWvtTodos: 0 (was 0) fWinVerifyTrust=1 for '\Device\HarddiskVolume2\Windows\System32\WindowsCodecs.dll'
818.6cb4: supR3HardenedMonitor_LdrLoadDll: returns rcNt=0x0 hMod=00007ffb95520000 'C:\WINDOWS\system32\rsaenh.dll'
818.6cb4: supR3HardenedMonitor_LdrLoadDll: returns rcNt=0x0 hMod=00007ffb972e0000 'C:\WINDOWS\System32\crypt32.dll'
818.6cb4: supR3HardenedWinVerifyCacheScheduleImports: Import todo: #9 'advapi32.dll'.
818.6cb4: supR3HardenedWinVerifyCacheScheduleImports: Import todo: #10 'ole32.dll'.
818.6cb4: supR3HardenedWinVerifyCacheScheduleImports: Import todo: #11 'oleaut32.dll'.
818.6cb4: supR3HardenedWinVerifyCacheScheduleImports: Import todo: #12 'vcruntime140.dll'.
818.6cb4: supR3HardenedWinVerifyCacheScheduleImports: Import todo: #13 'vcruntime140_1.dll'.
818.6cb4: supR3HardenedWinVerifyCacheScheduleImports: Import todo: #14 'msvcp140.dll'.
818.6cb4: supR3HardenedWinVerifyCacheScheduleImports: Import todo: #15 'vboxrt.dll'.
818.6cb4: supHardenedWinVerifyImageByHandle: -> 0 (\Device\HarddiskVolume2\Program Files\Oracle\VirtualBox\VBoxC.dll) WinVerifyTrust
818.6cb4: supR3HardenedWinVerifyCacheInsert: \Device\HarddiskVolume2\Program Files\Oracle\VirtualBox\VBoxC.dll
818.6cb4: supR3HardenedWinVerifyCacheProcessImportTodos: Processing 'vboxrt.dll'...
818.6cb4: supR3HardenedWinVerifyCacheProcessImportTodos: 'vboxrt.dll' -> '\Device\HarddiskVolume2\Program Files\Oracle\VirtualBox\vboxrt.dll' [rcNtRedir=0xc0150008]
818.6cb4: supR3HardenedWinVerifyCacheProcessImportTodos: Processing 'msvcp140.dll'...
818.6cb4: supR3HardenedWinVerifyCacheProcessImportTodos: 'msvcp140.dll' -> '\Device\HarddiskVolume2\Windows\System32\msvcp140.dll' [rcNtRedir=0xc0150008]
818.6cb4: supR3HardenedWinVerifyCacheProcessImportTodos: Processing 'vcruntime140_1.dll'...
818.6cb4: supR3HardenedWinVerifyCacheProcessImportTodos: 'vcruntime140_1.dll' -> '\Device\HarddiskVolume2\Windows\System32\vcruntime140_1.dll' [rcNtRedir=0xc0150008]
818.6cb4: supR3HardenedWinVerifyCacheProcessImportTodos: Processing 'vcruntime140.dll'...
818.6cb4: supR3HardenedWinVerifyCacheProcessImportTodos: 'vcruntime140.dll' -> '\Device\HarddiskVolume2\Windows\System32\vcruntime140.dll' [rcNtRedir=0xc0150008]
818.6cb4: supR3HardenedWinVerifyCacheProcessImportTodos: Processing 'oleaut32.dll'...
818.6cb4: supR3HardenedWinVerifyCacheProcessImportTodos: 'oleaut32.dll' -> '\Device\HarddiskVolume2\Windows\System32\oleaut32.dll' [rcNtRedir=0xc0150008]
818.6cb4: supR3HardenedScreenImage/Imports: cache hit (VINF_SUCCESS) on \Device\HarddiskVolume2\Windows\System32\oleaut32.dll
818.6cb4: supR3HardenedWinVerifyCacheProcessImportTodos: Processing 'ole32.dll'...
818.6cb4: supR3HardenedWinVerifyCacheProcessImportTodos: 'ole32.dll' -> '\Device\HarddiskVolume2\Windows\System32\ole32.dll' [rcNtRedir=0xc0150008]
818.6cb4: supR3HardenedScreenImage/Imports: cache hit (VINF_SUCCESS) on \Device\HarddiskVolume2\Windows\System32\ole32.dll
818.6cb4: supR3HardenedWinVerifyCacheProcessImportTodos: Processing 'advapi32.dll'...
818.6cb4: supR3HardenedWinVerifyCacheProcessImportTodos: 'advapi32.dll' -> '\Device\HarddiskVolume2\Windows\System32\advapi32.dll' [rcNtRedir=0xc0150008]
818.6cb4: supR3HardenedScreenImage/Imports: cache hit (VINF_SUCCESS) on \Device\HarddiskVolume2\Windows\System32\advapi32.dll
818.6cb4: supR3HardenedMonitor_LdrLoadDll: pName=C:\Program Files\Oracle\VirtualBox\VBoxC.dll (rcNtResolve=0xc0150008) *pfFlags=0x0 pwszSearchPath=0000000000002009:<flags> [calling]
818.6cb4: supR3HardenedScreenImage/NtCreateSection: cache hit (VINF_SUCCESS) on \Device\HarddiskVolume2\Program Files\Oracle\VirtualBox\VBoxC.dll
818.6cb4: supR3HardenedDllNotificationCallback: load   00007ffad2bb0000 LB 0x0041c000 C:\Program Files\Oracle\VirtualBox\VBoxC.dll [fFlags=0x0]
818.6cb4: supR3HardenedScreenImage/LdrLoadDll: cache hit (VINF_SUCCESS) on \Device\HarddiskVolume2\Program Files\Oracle\VirtualBox\VBoxC.dll
818.6cb4: supR3HardenedMonitor_LdrLoadDll: returns rcNt=0x0 hMod=00007ffad2bb0000 'C:\Program Files\Oracle\VirtualBox\VBoxC.dll'
818.6cb4: supR3HardenedMonitor_LdrLoadDll: returns rcNt=0x0 hMod=00007ffb95520000 'C:\WINDOWS\system32\rsaenh.dll'
818.6cb4: supR3HardenedMonitor_LdrLoadDll: returns rcNt=0x0 hMod=00007ffb972e0000 'C:\WINDOWS\System32\crypt32.dll'
818.6cb4: supR3HardenedWinVerifyCacheScheduleImports: Import todo: #4 'advapi32.dll'.
818.6cb4: supR3HardenedWinVerifyCacheScheduleImports: Import todo: #5 'shlwapi.dll'.
818.6cb4: supR3HardenedWinVerifyCacheScheduleImports: Import todo: #6 'ole32.dll'.
818.6cb4: supR3HardenedWinVerifyCacheScheduleImports: Import todo: #7 'oleaut32.dll'.
818.6cb4: supR3HardenedWinVerifyCacheScheduleImports: Import todo: #8 'rpcrt4.dll'.
818.6cb4: supR3HardenedWinVerifyCacheScheduleImports: Import todo: #9 'vcruntime140.dll'.
818.6cb4: supR3HardenedWinVerifyCacheScheduleImports: Import todo: #10 'vboxrt.dll'.
818.6cb4: supHardenedWinVerifyImageByHandle: -> 0 (\Device\HarddiskVolume2\Program Files\Oracle\VirtualBox\VBoxProxyStub.dll) WinVerifyTrust
818.6cb4: supR3HardenedWinVerifyCacheInsert: \Device\HarddiskVolume2\Program Files\Oracle\VirtualBox\VBoxProxyStub.dll
818.6cb4: supR3HardenedWinVerifyCacheProcessImportTodos: Processing 'vboxrt.dll'...
818.6cb4: supR3HardenedWinVerifyCacheProcessImportTodos: 'vboxrt.dll' -> '\Device\HarddiskVolume2\Program Files\Oracle\VirtualBox\vboxrt.dll' [rcNtRedir=0xc0150008]
818.6cb4: supR3HardenedWinVerifyCacheProcessImportTodos: Processing 'vcruntime140.dll'...
818.6cb4: supR3HardenedWinVerifyCacheProcessImportTodos: 'vcruntime140.dll' -> '\Device\HarddiskVolume2\Windows\System32\vcruntime140.dll' [rcNtRedir=0xc0150008]
818.6cb4: supR3HardenedWinVerifyCacheProcessImportTodos: Processing 'rpcrt4.dll'...
818.6cb4: supR3HardenedWinVerifyCacheProcessImportTodos: 'rpcrt4.dll' -> '\Device\HarddiskVolume2\Windows\System32\rpcrt4.dll' [rcNtRedir=0xc0150008]
818.6cb4: supR3HardenedWinVerifyCacheProcessImportTodos: Processing 'oleaut32.dll'...
818.6cb4: supR3HardenedWinVerifyCacheProcessImportTodos: 'oleaut32.dll' -> '\Device\HarddiskVolume2\Windows\System32\oleaut32.dll' [rcNtRedir=0xc0150008]
818.6cb4: supR3HardenedScreenImage/Imports: cache hit (VINF_SUCCESS) on \Device\HarddiskVolume2\Windows\System32\oleaut32.dll
818.6cb4: supR3HardenedWinVerifyCacheProcessImportTodos: Processing 'ole32.dll'...
818.6cb4: supR3HardenedWinVerifyCacheProcessImportTodos: 'ole32.dll' -> '\Device\HarddiskVolume2\Windows\System32\ole32.dll' [rcNtRedir=0xc0150008]
818.6cb4: supR3HardenedScreenImage/Imports: cache hit (VINF_SUCCESS) on \Device\HarddiskVolume2\Windows\System32\ole32.dll
818.6cb4: supR3HardenedWinVerifyCacheProcessImportTodos: Processing 'shlwapi.dll'...
818.6cb4: supR3HardenedWinVerifyCacheProcessImportTodos: 'shlwapi.dll' -> '\Device\HarddiskVolume2\Windows\System32\shlwapi.dll' [rcNtRedir=0xc0150008]
818.6cb4: supR3HardenedScreenImage/Imports: cache hit (VINF_SUCCESS) on \Device\HarddiskVolume2\Windows\System32\shlwapi.dll
818.6cb4: supR3HardenedWinVerifyCacheProcessImportTodos: Processing 'advapi32.dll'...
818.6cb4: supR3HardenedWinVerifyCacheProcessImportTodos: 'advapi32.dll' -> '\Device\HarddiskVolume2\Windows\System32\advapi32.dll' [rcNtRedir=0xc0150008]
818.6cb4: supR3HardenedScreenImage/Imports: cache hit (VINF_SUCCESS) on \Device\HarddiskVolume2\Windows\System32\advapi32.dll
818.6cb4: supR3HardenedMonitor_LdrLoadDll: pName=C:\Program Files\Oracle\VirtualBox\VBoxProxyStub.dll (rcNtResolve=0xc0150008) *pfFlags=0x0 pwszSearchPath=0000000000002009:<flags> [calling]
818.6cb4: supR3HardenedScreenImage/NtCreateSection: cache hit (VINF_SUCCESS) on \Device\HarddiskVolume2\Program Files\Oracle\VirtualBox\VBoxProxyStub.dll
818.6cb4: supR3HardenedDllNotificationCallback: load   00007ffb24370000 LB 0x000e7000 C:\Program Files\Oracle\VirtualBox\VBoxProxyStub.dll [fFlags=0x0]
818.6cb4: supR3HardenedScreenImage/LdrLoadDll: cache hit (VINF_SUCCESS) on \Device\HarddiskVolume2\Program Files\Oracle\VirtualBox\VBoxProxyStub.dll
818.6cb4: supR3HardenedMonitor_LdrLoadDll: returns rcNt=0x0 hMod=00007ffb24370000 'C:\Program Files\Oracle\VirtualBox\VBoxProxyStub.dll'
818.6cb4: supR3HardenedScreenImage/LdrLoadDll: cache hit (VINF_SUCCESS) on \Device\HarddiskVolume2\Windows\System32\oleaut32.dll
818.6cb4: supR3HardenedMonitor_LdrLoadDll: pName=C:\WINDOWS\system32\oleaut32.dll (rcNtResolve=0xc0150008) *pfFlags=0x0 pwszSearchPath=0000000000002009:<flags> [calling]
818.6cb4: supR3HardenedMonitor_LdrLoadDll: returns rcNt=0x0 hMod=00007ffb98740000 'C:\WINDOWS\system32\oleaut32.dll'
818.6fc8: '\Device\HarddiskVolume2\Windows\System32\tzres.dll' has no imports
818.6fc8: supHardenedWinVerifyImageByHandle: -> 22900 (\Device\HarddiskVolume2\Windows\System32\tzres.dll)
818.6fc8: supR3HardenedWinVerifyCacheInsert: \Device\HarddiskVolume2\Windows\System32\tzres.dll
818.6fc8: supR3HardenedMonitor_NtCreateSection: NtMapViewOfSection failed on 000000000000097c (hFile=0000000000000974) with 0xc0000022 -> STATUS_TRUST_FAILURE
818.6fc8: supR3HardenedScreenImage/NtCreateSection: cache hit (22900) on \Device\HarddiskVolume2\Windows\System32\tzres.dll [avoiding WinVerifyTrust]
818.6fc8: supR3HardenedMonitor_NtCreateSection: NtMapViewOfSection failed on 0000000000000974 (hFile=000000000000097c) with 0xc0000022 -> STATUS_TRUST_FAILURE
818.10ec: supR3HardNtViCallWinVerifyTrustCatFile: hFile=0000000000000978 pwszName=\Device\HarddiskVolume2\Windows\System32\tzres.dll
818.10ec: supR3HardNtViCallWinVerifyTrustCatFile: Cached context 00000268d31a1e60
818.10ec: supR3HardNtViCallWinVerifyTrustCatFile: hCatAdmin=00000268d31a1e60
818.10ec: supR3HardNtViCallWinVerifyTrustCatFile: cbHash=20 wszDigest=12222A17319FEB9AF4802DB807C5467D6C590194
818.10ec: supR3HardenedMonitor_LdrLoadDll: returns rcNt=0x0 hMod=00007ffb95520000 'C:\WINDOWS\system32\rsaenh.dll'
818.10ec: supR3HardenedMonitor_LdrLoadDll: returns rcNt=0x0 hMod=00007ffb972e0000 'C:\WINDOWS\System32\crypt32.dll'
818.10ec: supR3HardNtViCallWinVerifyTrustCatFile: WinVerifyTrust => 0x0; cat='C:\WINDOWS\system32\CatRoot\{F750E6C3-38EE-11D1-85E5-00C04FC295EE}\Microsoft-OneCore-CoreSystem-Core-merged-Package~31bf3856ad364e35~amd64~~10.0.26100.7462.cat'; file='\Device\HarddiskVolume2\Windows\System32\tzres.dll'
818.10ec: supR3HardNtViCallWinVerifyTrustCatFile -> 0 (org 22900)
818.10ec: supR3HardenedWinVerifyCacheProcessWvtTodos: 0 (was 22900) fWinVerifyTrust=1 for '\Device\HarddiskVolume2\Windows\System32\tzres.dll'
818.10ec: supR3HardenedMonitor_LdrLoadDll: returns rcNt=0x0 hMod=00007ffb95520000 'C:\WINDOWS\system32\rsaenh.dll'
818.10ec: supR3HardenedMonitor_LdrLoadDll: returns rcNt=0x0 hMod=00007ffb972e0000 'C:\WINDOWS\System32\crypt32.dll'
818.10ec: supR3HardenedMonitor_LdrLoadDll: returns rcNt=0x0 hMod=00007ffb95520000 'C:\WINDOWS\system32\rsaenh.dll'
818.10ec: supR3HardenedMonitor_LdrLoadDll: returns rcNt=0x0 hMod=00007ffb972e0000 'C:\WINDOWS\System32\crypt32.dll'
818.10ec: \Device\HarddiskVolume2\Program Files\Oracle\VirtualBox\ExtensionPacks\Oracle_VirtualBox_Extension_Pack\win.amd64\VBoxPuelMainVM.dll: Owner is administrators group.
818.10ec: supR3HardenedMonitor_LdrLoadDll: returns rcNt=0x0 hMod=00007ffb95520000 'C:\WINDOWS\system32\rsaenh.dll'
818.10ec: supR3HardenedMonitor_LdrLoadDll: returns rcNt=0x0 hMod=00007ffb972e0000 'C:\WINDOWS\System32\crypt32.dll'
818.10ec: supR3HardenedWinVerifyCacheScheduleImports: Import todo: #0 'vboxrt.dll'.
818.10ec: supR3HardenedWinVerifyCacheScheduleImports: Import todo: #3 'vcruntime140.dll'.
818.10ec: supHardenedWinVerifyImageByHandle: -> 0 (\Device\HarddiskVolume2\Program Files\Oracle\VirtualBox\ExtensionPacks\Oracle_VirtualBox_Extension_Pack\win.amd64\VBoxPuelMainVM.dll) WinVerifyTrust
818.10ec: supR3HardenedWinVerifyCacheInsert: \Device\HarddiskVolume2\Program Files\Oracle\VirtualBox\ExtensionPacks\Oracle_VirtualBox_Extension_Pack\win.amd64\VBoxPuelMainVM.dll
818.10ec: supR3HardenedWinVerifyCacheProcessImportTodos: Processing 'vcruntime140.dll'...
818.10ec: supR3HardenedWinVerifyCacheProcessImportTodos: 'vcruntime140.dll' -> '\Device\HarddiskVolume2\Windows\System32\vcruntime140.dll' [rcNtRedir=0xc0150008]
818.10ec: supR3HardenedWinVerifyCacheProcessImportTodos: Processing 'vboxrt.dll'...
818.10ec: supR3HardenedWinVerifyCacheProcessImportTodos: 'vboxrt.dll' -> '\Device\HarddiskVolume2\Program Files\Oracle\VirtualBox\vboxrt.dll' [rcNtRedir=0xc0150008]
818.10ec: supR3HardenedMonitor_LdrLoadDll: pName=C:\Program Files\Oracle\VirtualBox\ExtensionPacks\Oracle_VirtualBox_Extension_Pack\win.amd64\VBoxPuelMainVM.DLL (rcNtResolve=0xc0150008) *pfFlags=0x0 pwszSearchPath=0000000000000001:<flags> [calling]
818.10ec: supR3HardenedScreenImage/NtCreateSection: cache hit (VINF_SUCCESS) on \Device\HarddiskVolume2\Program Files\Oracle\VirtualBox\ExtensionPacks\Oracle_VirtualBox_Extension_Pack\win.amd64\VBoxPuelMainVM.dll
818.10ec: supR3HardenedDllNotificationCallback: load   00007ffb8fb10000 LB 0x00008000 C:\Program Files\Oracle\VirtualBox\ExtensionPacks\Oracle_VirtualBox_Extension_Pack\win.amd64\VBoxPuelMainVM.DLL [fFlags=0x0]
818.10ec: supR3HardenedScreenImage/LdrLoadDll: cache hit (VINF_SUCCESS) on \Device\HarddiskVolume2\Program Files\Oracle\VirtualBox\ExtensionPacks\Oracle_VirtualBox_Extension_Pack\win.amd64\VBoxPuelMainVM.dll
818.10ec: supR3HardenedMonitor_LdrLoadDll: returns rcNt=0x0 hMod=00007ffb8fb10000 'C:\Program Files\Oracle\VirtualBox\ExtensionPacks\Oracle_VirtualBox_Extension_Pack\win.amd64\VBoxPuelMainVM.DLL'
818.10ec: supR3HardenedMonitor_LdrLoadDll: returns rcNt=0x0 hMod=00007ffb95520000 'C:\WINDOWS\system32\rsaenh.dll'
818.10ec: supR3HardenedMonitor_LdrLoadDll: returns rcNt=0x0 hMod=00007ffb972e0000 'C:\WINDOWS\System32\crypt32.dll'
818.10ec: supR3HardenedWinVerifyCacheScheduleImports: Import todo: #0 'vboxrt.dll'.
818.10ec: supR3HardenedWinVerifyCacheScheduleImports: Import todo: #5 'vcruntime140.dll'.
818.10ec: supR3HardenedWinVerifyCacheScheduleImports: Import todo: #6 'vcruntime140_1.dll'.
818.10ec: supHardenedWinVerifyImageByHandle: -> 0 (\Device\HarddiskVolume2\Program Files\Oracle\VirtualBox\VBoxVMM.dll) WinVerifyTrust
818.10ec: supR3HardenedWinVerifyCacheInsert: \Device\HarddiskVolume2\Program Files\Oracle\VirtualBox\VBoxVMM.dll
818.10ec: supR3HardenedWinVerifyCacheProcessImportTodos: Processing 'vcruntime140_1.dll'...
818.10ec: supR3HardenedWinVerifyCacheProcessImportTodos: 'vcruntime140_1.dll' -> '\Device\HarddiskVolume2\Windows\System32\vcruntime140_1.dll' [rcNtRedir=0xc0150008]
818.10ec: supR3HardenedWinVerifyCacheProcessImportTodos: Processing 'vcruntime140.dll'...
818.10ec: supR3HardenedWinVerifyCacheProcessImportTodos: 'vcruntime140.dll' -> '\Device\HarddiskVolume2\Windows\System32\vcruntime140.dll' [rcNtRedir=0xc0150008]
818.10ec: supR3HardenedWinVerifyCacheProcessImportTodos: Processing 'vboxrt.dll'...
818.10ec: supR3HardenedWinVerifyCacheProcessImportTodos: 'vboxrt.dll' -> '\Device\HarddiskVolume2\Program Files\Oracle\VirtualBox\vboxrt.dll' [rcNtRedir=0xc0150008]
818.10ec: supR3HardenedMonitor_LdrLoadDll: pName=C:\Program Files\Oracle\VirtualBox\VBoxVMM.DLL (rcNtResolve=0xc0150008) *pfFlags=0x0 pwszSearchPath=0000000000000001:<flags> [calling]
818.10ec: supR3HardenedScreenImage/NtCreateSection: cache hit (VINF_SUCCESS) on \Device\HarddiskVolume2\Program Files\Oracle\VirtualBox\VBoxVMM.dll
818.10ec: supR3HardenedDllNotificationCallback: load   00007ffab2670000 LB 0x005b4000 C:\Program Files\Oracle\VirtualBox\VBoxVMM.DLL [fFlags=0x0]
818.10ec: supR3HardenedScreenImage/LdrLoadDll: cache hit (VINF_SUCCESS) on \Device\HarddiskVolume2\Program Files\Oracle\VirtualBox\VBoxVMM.dll
818.10ec: supR3HardenedMonitor_LdrLoadDll: returns rcNt=0x0 hMod=00007ffab2670000 'C:\Program Files\Oracle\VirtualBox\VBoxVMM.DLL'
818.6fc8: supR3HardenedScreenImage/LdrLoadDll: cache hit (VINF_SUCCESS) on \Device\HarddiskVolume2\Windows\System32\oleaut32.dll
818.6fc8: supR3HardenedMonitor_LdrLoadDll: pName=C:\Windows\System32\oleaut32.dll (rcNtResolve=0xc0150008) *pfFlags=0x0 pwszSearchPath=0000000000002009:<flags> [calling]
818.6fc8: supR3HardenedMonitor_LdrLoadDll: returns rcNt=0x0 hMod=00007ffb98740000 'C:\Windows\System32\oleaut32.dll'
818.6fc8: \Device\HarddiskVolume2\Windows\System32\DriverStore\FileRepository\nv_dispi.inf_amd64_20ae8f14a487d5db\nvldumdx.dll: Signature #2/3: VERR_CR_X509_CPV_NOT_VALID_AT_TIME for 0x69026209; retrying against current time: 0x6957a1f0.
818.6fc8: \Device\HarddiskVolume2\Windows\System32\DriverStore\FileRepository\nv_dispi.inf_amd64_20ae8f14a487d5db\nvldumdx.dll: Signature #2/3: VERR_CR_X509_CPV_NOT_VALID_AT_TIME (-23033) w/ timestamp=0x6957a1f0/now.
818.6fc8: supR3HardenedMonitor_LdrLoadDll: returns rcNt=0x0 hMod=00007ffb95520000 'C:\WINDOWS\system32\rsaenh.dll'
818.6fc8: supR3HardenedMonitor_LdrLoadDll: returns rcNt=0x0 hMod=00007ffb972e0000 'C:\WINDOWS\System32\crypt32.dll'
818.6fc8: supR3HardenedWinVerifyCacheScheduleImports: Import todo: #32 'version.dll'.
818.6fc8: supR3HardenedWinVerifyCacheScheduleImports: Import todo: #33 'user32.dll'.
818.6fc8: supHardenedWinVerifyImageByHandle: -> 0 (\Device\HarddiskVolume2\Windows\System32\DriverStore\FileRepository\nv_dispi.inf_amd64_20ae8f14a487d5db\nvldumdx.dll) WinVerifyTrust
818.6fc8: supR3HardenedWinVerifyCacheInsert: \Device\HarddiskVolume2\Windows\System32\DriverStore\FileRepository\nv_dispi.inf_amd64_20ae8f14a487d5db\nvldumdx.dll
818.6fc8: supR3HardenedWinVerifyCacheProcessImportTodos: Processing 'user32.dll'...
818.6fc8: supR3HardenedWinVerifyCacheProcessImportTodos: 'user32.dll' -> '\Device\HarddiskVolume2\Windows\System32\user32.dll' [rcNtRedir=0xc0150008]
818.6fc8: supR3HardenedWinVerifyCacheProcessImportTodos: Processing 'version.dll'...
818.6fc8: supR3HardenedWinVerifyCacheProcessImportTodos: 'version.dll' -> '\Device\HarddiskVolume2\Windows\System32\version.dll' [rcNtRedir=0xc0150008]
818.6fc8: supR3HardenedScreenImage/Imports: cache hit (VINF_SUCCESS) on \Device\HarddiskVolume2\Windows\System32\version.dll
818.6fc8: supR3HardenedMonitor_LdrLoadDll: pName=C:\WINDOWS\System32\DriverStore\FileRepository\nv_dispi.inf_amd64_20ae8f14a487d5db\nvldumdx.dll (rcNtResolve=0xc0150008) *pfFlags=0x0 pwszSearchPath=0000000000000009:<flags> [calling]
818.6fc8: supR3HardenedScreenImage/NtCreateSection: cache hit (VINF_SUCCESS) on \Device\HarddiskVolume2\Windows\System32\DriverStore\FileRepository\nv_dispi.inf_amd64_20ae8f14a487d5db\nvldumdx.dll
818.6fc8: supR3HardenedDllNotificationCallback: load   00007ffb8eed0000 LB 0x000c4000 C:\WINDOWS\System32\DriverStore\FileRepository\nv_dispi.inf_amd64_20ae8f14a487d5db\nvldumdx.dll [fFlags=0x0]
818.6fc8: supR3HardenedScreenImage/LdrLoadDll: cache hit (VINF_SUCCESS) on \Device\HarddiskVolume2\Windows\System32\DriverStore\FileRepository\nv_dispi.inf_amd64_20ae8f14a487d5db\nvldumdx.dll
818.6fc8: supR3HardenedIsApiSetDll: ApiSetQueryApiSetPresence(api-ms-win-core-synch-l1-2-0) -> 0x0, fPresent=1
818.6fc8: supR3HardenedMonitor_LdrLoadDll: pName=api-ms-win-core-synch-l1-2-0 (rcNtResolve=0x0) *pfFlags=0x0 pwszSearchPath=0000000000000801:<flags> [calling]
818.6fc8: supR3HardenedMonitor_LdrLoadDll: returns rcNt=0x0 hMod=00007ffb96b60000 'api-ms-win-core-synch-l1-2-0'
818.6fc8: supR3HardenedIsApiSetDll: ApiSetQueryApiSetPresence(api-ms-win-core-fibers-l1-1-1) -> 0x0, fPresent=1
818.6fc8: supR3HardenedMonitor_LdrLoadDll: pName=api-ms-win-core-fibers-l1-1-1 (rcNtResolve=0x0) *pfFlags=0x0 pwszSearchPath=0000000000000801:<flags> [calling]
818.6fc8: supR3HardenedMonitor_LdrLoadDll: returns rcNt=0x0 hMod=00007ffb96b60000 'api-ms-win-core-fibers-l1-1-1'
818.6fc8: supR3HardenedIsApiSetDll: ApiSetQueryApiSetPresence(api-ms-win-core-synch-l1-2-0) -> 0x0, fPresent=1
818.6fc8: supR3HardenedMonitor_LdrLoadDll: pName=api-ms-win-core-synch-l1-2-0 (rcNtResolve=0x0) *pfFlags=0x0 pwszSearchPath=0000000000000801:<flags> [calling]
818.6fc8: supR3HardenedMonitor_LdrLoadDll: returns rcNt=0x0 hMod=00007ffb96b60000 'api-ms-win-core-synch-l1-2-0'
818.6fc8: supR3HardenedScreenImage/LdrLoadDll: cache hit (VINF_SUCCESS) on \Device\HarddiskVolume2\Windows\System32\kernel32.dll
818.6fc8: supR3HardenedMonitor_LdrLoadDll: pName=C:\WINDOWS\System32\kernel32.dll (Input=kernel32, rcNtResolve=0xc0150008) *pfFlags=0x0 pwszSearchPath=0000000000000801:<flags> [calling]
818.6fc8: supR3HardenedMonitor_LdrLoadDll: returns rcNt=0x0 hMod=00007ffb989e0000 'C:\WINDOWS\System32\kernel32.dll'
818.6fc8: supR3HardenedMonitor_LdrLoadDll: returns rcNt=0x0 hMod=00007ffb8eed0000 'C:\WINDOWS\System32\DriverStore\FileRepository\nv_dispi.inf_amd64_20ae8f14a487d5db\nvldumdx.dll'
818.6fc8: supR3HardenedScreenImage/LdrLoadDll: cache hit (VINF_SUCCESS) on \Device\HarddiskVolume2\Windows\System32\msasn1.dll
818.6fc8: supR3HardenedMonitor_LdrLoadDll: pName=C:\WINDOWS\System32\msasn1.dll (Input=msasn1.dll, rcNtResolve=0xc0150008) *pfFlags=0x0 pwszSearchPath=0000000000000801:<flags> [calling]
818.6fc8: supR3HardenedMonitor_LdrLoadDll: returns rcNt=0x0 hMod=00007ffb95e60000 'C:\WINDOWS\System32\msasn1.dll'
818.6fc8: supR3HardenedMonitor_LdrLoadDll: returns rcNt=0x0 hMod=00007ffb8ee60000 'C:\WINDOWS\System32\cryptnet.dll'
818.6fc8: supR3HardenedScreenImage/LdrLoadDll: cache hit (VINF_SUCCESS) on \Device\HarddiskVolume2\Windows\System32\cryptbase.dll
818.6fc8: supR3HardenedMonitor_LdrLoadDll: pName=C:\WINDOWS\System32\cryptbase.dll (Input=cryptbase.dll, rcNtResolve=0xc0150008) *pfFlags=0x0 pwszSearchPath=0000000000000801:<flags> [calling]
818.6fc8: supR3HardenedMonitor_LdrLoadDll: returns rcNt=0x0 hMod=00007ffb95df0000 'C:\WINDOWS\System32\cryptbase.dll'
818.6fc8: supR3HardenedMonitor_LdrLoadDll: returns rcNt=0x0 hMod=00007ffb95520000 'C:\WINDOWS\system32\rsaenh.dll'
818.6fc8: supR3HardenedMonitor_LdrLoadDll: returns rcNt=0x0 hMod=00007ffb972e0000 'C:\WINDOWS\System32\crypt32.dll'
818.6fc8: supR3HardenedWinVerifyCacheScheduleImports: Import todo: #0 'msvcp_win.dll'.
818.6fc8: supHardenedWinVerifyImageByHandle: -> 0 (\Device\HarddiskVolume2\Windows\System32\wldp.dll) WinVerifyTrust
818.6fc8: supR3HardenedWinVerifyCacheInsert: \Device\HarddiskVolume2\Windows\System32\wldp.dll
818.6fc8: supR3HardenedWinVerifyCacheProcessImportTodos: Processing 'msvcp_win.dll'...
818.6fc8: supR3HardenedWinVerifyCacheProcessImportTodos: 'msvcp_win.dll' -> '\Device\HarddiskVolume2\Windows\System32\msvcp_win.dll' [rcNtRedir=0xc0150008]
818.6fc8: supR3HardenedMonitor_LdrLoadDll: pName=C:\WINDOWS\System32\wldp.dll (Input=wldp.dll, rcNtResolve=0xc0150008) *pfFlags=0x0 pwszSearchPath=0000000000000801:<flags> [calling]
818.6fc8: supR3HardenedScreenImage/NtCreateSection: cache hit (VINF_SUCCESS) on \Device\HarddiskVolume2\Windows\System32\wldp.dll
818.6fc8: supR3HardenedDllNotificationCallback: load   00007ffb95ed0000 LB 0x00065000 C:\WINDOWS\System32\wldp.dll [fFlags=0x0]
818.6fc8: supR3HardenedScreenImage/LdrLoadDll: cache hit (VINF_SUCCESS) on \Device\HarddiskVolume2\Windows\System32\wldp.dll
818.6fc8: supR3HardenedMonitor_LdrLoadDll: returns rcNt=0x0 hMod=00007ffb95ed0000 'C:\WINDOWS\System32\wldp.dll'
818.6fc8: supR3HardenedMonitor_LdrLoadDll: returns rcNt=0x0 hMod=00007ffb95520000 'C:\WINDOWS\system32\rsaenh.dll'
818.6fc8: supR3HardenedMonitor_LdrLoadDll: returns rcNt=0x0 hMod=00007ffb972e0000 'C:\WINDOWS\System32\crypt32.dll'
818.6fc8: supR3HardenedWinVerifyCacheScheduleImports: Import todo: #0 'msvcrt.dll'.
818.6fc8: supHardenedWinVerifyImageByHandle: -> 0 (\Device\HarddiskVolume2\Windows\System32\drvstore.dll) WinVerifyTrust
818.6fc8: supR3HardenedWinVerifyCacheInsert: \Device\HarddiskVolume2\Windows\System32\drvstore.dll
818.6fc8: supR3HardenedWinVerifyCacheProcessImportTodos: Processing 'msvcrt.dll'...
818.6fc8: supR3HardenedWinVerifyCacheProcessImportTodos: 'msvcrt.dll' -> '\Device\HarddiskVolume2\Windows\System32\msvcrt.dll' [rcNtRedir=0xc0150008]
818.6fc8: supR3HardenedMonitor_LdrLoadDll: pName=C:\WINDOWS\System32\drvstore.dll (Input=drvstore.dll, rcNtResolve=0xc0150008) *pfFlags=0x0 pwszSearchPath=0000000000000801:<flags> [calling]
818.6fc8: supR3HardenedScreenImage/NtCreateSection: cache hit (VINF_SUCCESS) on \Device\HarddiskVolume2\Windows\System32\drvstore.dll
818.6fc8: supR3HardenedDllNotificationCallback: load   00007ffb8ebc0000 LB 0x0017b000 C:\WINDOWS\System32\drvstore.dll [fFlags=0x0]
818.6fc8: supR3HardenedScreenImage/LdrLoadDll: cache hit (VINF_SUCCESS) on \Device\HarddiskVolume2\Windows\System32\drvstore.dll
818.6fc8: supR3HardenedMonitor_LdrLoadDll: returns rcNt=0x0 hMod=00007ffb8ebc0000 'C:\WINDOWS\System32\drvstore.dll'
818.6fc8: supR3HardenedScreenImage/LdrLoadDll: cache hit (VINF_SUCCESS) on \Device\HarddiskVolume2\Windows\System32\devobj.dll
818.6fc8: supR3HardenedMonitor_LdrLoadDll: pName=C:\WINDOWS\System32\devobj.dll (Input=devobj.dll, rcNtResolve=0xc0150008) *pfFlags=0x0 pwszSearchPath=0000000000000801:<flags> [calling]
818.6fc8: supR3HardenedMonitor_LdrLoadDll: returns rcNt=0x0 hMod=00007ffb96420000 'C:\WINDOWS\System32\devobj.dll'
818.6fc8: supR3HardenedMonitor_LdrLoadDll: returns rcNt=0x0 hMod=00007ffb972e0000 'C:\WINDOWS\System32\crypt32.dll'
818.6fc8: supR3HardenedScreenImage/LdrLoadDll: cache hit (VINF_SUCCESS) on \Device\HarddiskVolume2\Windows\System32\wintrust.dll
818.6fc8: supR3HardenedMonitor_LdrLoadDll: pName=C:\WINDOWS\System32\wintrust.dll (Input=wintrust.dll, rcNtResolve=0xc0150008) *pfFlags=0x0 pwszSearchPath=0000000000000801:<flags> [calling]
818.6fc8: supR3HardenedMonitor_LdrLoadDll: returns rcNt=0x0 hMod=00007ffb96ad0000 'C:\WINDOWS\System32\wintrust.dll'
818.6fc8: \Device\HarddiskVolume2\Windows\System32\DriverStore\FileRepository\nv_dispi.inf_amd64_20ae8f14a487d5db\nvgpucomp64.dll: Signature #2/3: VERR_CR_X509_CPV_NOT_VALID_AT_TIME for 0x69026470; retrying against current time: 0x6957a1f1.
818.6fc8: \Device\HarddiskVolume2\Windows\System32\DriverStore\FileRepository\nv_dispi.inf_amd64_20ae8f14a487d5db\nvgpucomp64.dll: Signature #2/3: VERR_CR_X509_CPV_NOT_VALID_AT_TIME (-23033) w/ timestamp=0x6957a1f1/now.
818.6fc8: supR3HardenedMonitor_LdrLoadDll: returns rcNt=0x0 hMod=00007ffb95520000 'C:\WINDOWS\system32\rsaenh.dll'
818.6fc8: supR3HardenedMonitor_LdrLoadDll: returns rcNt=0x0 hMod=00007ffb972e0000 'C:\WINDOWS\System32\crypt32.dll'
818.6fc8: supR3HardenedWinVerifyCacheScheduleImports: Import todo: #1 'ole32.dll'.
818.6fc8: supR3HardenedWinVerifyCacheScheduleImports: Import todo: #2 'shell32.dll'.
818.6fc8: supR3HardenedWinVerifyCacheScheduleImports: Import todo: #3 'advapi32.dll'.
818.6fc8: supHardenedWinVerifyImageByHandle: -> 0 (\Device\HarddiskVolume2\Windows\System32\DriverStore\FileRepository\nv_dispi.inf_amd64_20ae8f14a487d5db\nvgpucomp64.dll) WinVerifyTrust
818.6fc8: supR3HardenedWinVerifyCacheInsert: \Device\HarddiskVolume2\Windows\System32\DriverStore\FileRepository\nv_dispi.inf_amd64_20ae8f14a487d5db\nvgpucomp64.dll
818.6fc8: supR3HardenedWinVerifyCacheProcessImportTodos: Processing 'advapi32.dll'...
818.6fc8: supR3HardenedWinVerifyCacheProcessImportTodos: 'advapi32.dll' -> '\Device\HarddiskVolume2\Windows\System32\advapi32.dll' [rcNtRedir=0xc0150008]
818.6fc8: supR3HardenedWinVerifyCacheProcessImportTodos: Processing 'shell32.dll'...
818.6fc8: supR3HardenedWinVerifyCacheProcessImportTodos: 'shell32.dll' -> '\Device\HarddiskVolume2\Windows\System32\shell32.dll' [rcNtRedir=0xc0150008]
818.6fc8: supR3HardenedScreenImage/Imports: cache hit (VINF_SUCCESS) on \Device\HarddiskVolume2\Windows\System32\shell32.dll
818.6fc8: supR3HardenedWinVerifyCacheProcessImportTodos: Processing 'ole32.dll'...
818.6fc8: supR3HardenedWinVerifyCacheProcessImportTodos: 'ole32.dll' -> '\Device\HarddiskVolume2\Windows\System32\ole32.dll' [rcNtRedir=0xc0150008]
818.6fc8: supR3HardenedMonitor_LdrLoadDll: pName=C:\WINDOWS\System32\DriverStore\FileRepository\nv_dispi.inf_amd64_20ae8f14a487d5db\nvgpucomp64.dll (rcNtResolve=0xc0150008) *pfFlags=0x0 pwszSearchPath=0000000000000001:<flags> [calling]
818.6fc8: supR3HardenedScreenImage/NtCreateSection: cache hit (VINF_SUCCESS) on \Device\HarddiskVolume2\Windows\System32\DriverStore\FileRepository\nv_dispi.inf_amd64_20ae8f14a487d5db\nvgpucomp64.dll
818.6fc8: supR3HardenedDllNotificationCallback: load   00007ffb8a6f0000 LB 0x03d94000 C:\WINDOWS\System32\DriverStore\FileRepository\nv_dispi.inf_amd64_20ae8f14a487d5db\nvgpucomp64.dll [fFlags=0x0]
818.6fc8: supR3HardenedScreenImage/LdrLoadDll: cache hit (VINF_SUCCESS) on \Device\HarddiskVolume2\Windows\System32\DriverStore\FileRepository\nv_dispi.inf_amd64_20ae8f14a487d5db\nvgpucomp64.dll
818.6fc8: supR3HardenedIsApiSetDll: ApiSetQueryApiSetPresence(api-ms-win-core-synch-l1-2-0) -> 0x0, fPresent=1
818.6fc8: supR3HardenedMonitor_LdrLoadDll: pName=api-ms-win-core-synch-l1-2-0 (rcNtResolve=0x0) *pfFlags=0x0 pwszSearchPath=0000000000000801:<flags> [calling]
818.6fc8: supR3HardenedMonitor_LdrLoadDll: returns rcNt=0x0 hMod=00007ffb96b60000 'api-ms-win-core-synch-l1-2-0'
818.6fc8: supR3HardenedIsApiSetDll: ApiSetQueryApiSetPresence(api-ms-win-core-fibers-l1-1-1) -> 0x0, fPresent=1
818.6fc8: supR3HardenedMonitor_LdrLoadDll: pName=api-ms-win-core-fibers-l1-1-1 (rcNtResolve=0x0) *pfFlags=0x0 pwszSearchPath=0000000000000801:<flags> [calling]
818.6fc8: supR3HardenedMonitor_LdrLoadDll: returns rcNt=0x0 hMod=00007ffb96b60000 'api-ms-win-core-fibers-l1-1-1'
818.6fc8: supR3HardenedIsApiSetDll: ApiSetQueryApiSetPresence(api-ms-win-core-synch-l1-2-0) -> 0x0, fPresent=1
818.6fc8: supR3HardenedMonitor_LdrLoadDll: pName=api-ms-win-core-synch-l1-2-0 (rcNtResolve=0x0) *pfFlags=0x0 pwszSearchPath=0000000000000801:<flags> [calling]
818.6fc8: supR3HardenedMonitor_LdrLoadDll: returns rcNt=0x0 hMod=00007ffb96b60000 'api-ms-win-core-synch-l1-2-0'
818.6fc8: supR3HardenedScreenImage/LdrLoadDll: cache hit (VINF_SUCCESS) on \Device\HarddiskVolume2\Windows\System32\kernel32.dll
818.6fc8: supR3HardenedMonitor_LdrLoadDll: pName=C:\WINDOWS\System32\kernel32.dll (Input=kernel32, rcNtResolve=0xc0150008) *pfFlags=0x0 pwszSearchPath=0000000000000801:<flags> [calling]
818.6fc8: supR3HardenedMonitor_LdrLoadDll: returns rcNt=0x0 hMod=00007ffb989e0000 'C:\WINDOWS\System32\kernel32.dll'
818.6fc8: supR3HardenedIsApiSetDll: ApiSetQueryApiSetPresence(api-ms-win-core-string-l1-1-0) -> 0x0, fPresent=1
818.6fc8: supR3HardenedMonitor_LdrLoadDll: pName=api-ms-win-core-string-l1-1-0 (rcNtResolve=0x0) *pfFlags=0x0 pwszSearchPath=0000000000000801:<flags> [calling]
818.6fc8: supR3HardenedMonitor_LdrLoadDll: returns rcNt=0x0 hMod=00007ffb96b60000 'api-ms-win-core-string-l1-1-0'
818.6fc8: supR3HardenedIsApiSetDll: ApiSetQueryApiSetPresence(api-ms-win-core-localization-l1-2-1) -> 0x0, fPresent=1
818.6fc8: supR3HardenedMonitor_LdrLoadDll: pName=api-ms-win-core-localization-l1-2-1 (rcNtResolve=0x0) *pfFlags=0x0 pwszSearchPath=0000000000000801:<flags> [calling]
818.6fc8: supR3HardenedMonitor_LdrLoadDll: returns rcNt=0x0 hMod=00007ffb96b60000 'api-ms-win-core-localization-l1-2-1'
818.6fc8: supR3HardenedIsApiSetDll: ApiSetQueryApiSetPresence(api-ms-win-core-datetime-l1-1-1) -> 0x0, fPresent=1
818.6fc8: supR3HardenedMonitor_LdrLoadDll: pName=api-ms-win-core-datetime-l1-1-1 (rcNtResolve=0x0) *pfFlags=0x0 pwszSearchPath=0000000000000801:<flags> [calling]
818.6fc8: supR3HardenedMonitor_LdrLoadDll: returns rcNt=0x0 hMod=00007ffb96b60000 'api-ms-win-core-datetime-l1-1-1'
818.6fc8: supR3HardenedIsApiSetDll: ApiSetQueryApiSetPresence(api-ms-win-core-localization-obsolete-l1-2-0) -> 0x0, fPresent=1
818.6fc8: supR3HardenedMonitor_LdrLoadDll: pName=api-ms-win-core-localization-obsolete-l1-2-0 (rcNtResolve=0x0) *pfFlags=0x0 pwszSearchPath=0000000000000801:<flags> [calling]
818.6fc8: supR3HardenedMonitor_LdrLoadDll: returns rcNt=0x0 hMod=00007ffb96b60000 'api-ms-win-core-localization-obsolete-l1-2-0'
818.6fc8: supR3HardenedMonitor_LdrLoadDll: returns rcNt=0x0 hMod=00007ffb8a6f0000 'C:\WINDOWS\System32\DriverStore\FileRepository\nv_dispi.inf_amd64_20ae8f14a487d5db\nvgpucomp64.dll'
818.6fc8: supR3HardenedIsApiSetDll: ApiSetQueryApiSetPresence(api-ms-win-core-string-l1-1-0) -> 0x0, fPresent=1
818.6fc8: supR3HardenedMonitor_LdrLoadDll: pName=api-ms-win-core-string-l1-1-0 (rcNtResolve=0x0) *pfFlags=0x0 pwszSearchPath=0000000000000801:<flags> [calling]
818.6fc8: supR3HardenedMonitor_LdrLoadDll: returns rcNt=0x0 hMod=00007ffb96b60000 'api-ms-win-core-string-l1-1-0'
818.6fc8: supR3HardenedIsApiSetDll: ApiSetQueryApiSetPresence(api-ms-win-core-localization-l1-2-1) -> 0x0, fPresent=1
818.6fc8: supR3HardenedMonitor_LdrLoadDll: pName=api-ms-win-core-localization-l1-2-1 (rcNtResolve=0x0) *pfFlags=0x0 pwszSearchPath=0000000000000801:<flags> [calling]
818.6fc8: supR3HardenedMonitor_LdrLoadDll: returns rcNt=0x0 hMod=00007ffb96b60000 'api-ms-win-core-localization-l1-2-1'
818.6fc8: supR3HardenedIsApiSetDll: ApiSetQueryApiSetPresence(api-ms-win-core-datetime-l1-1-1) -> 0x0, fPresent=1
818.6fc8: supR3HardenedMonitor_LdrLoadDll: pName=api-ms-win-core-datetime-l1-1-1 (rcNtResolve=0x0) *pfFlags=0x0 pwszSearchPath=0000000000000801:<flags> [calling]
818.6fc8: supR3HardenedMonitor_LdrLoadDll: returns rcNt=0x0 hMod=00007ffb96b60000 'api-ms-win-core-datetime-l1-1-1'
818.6fc8: supR3HardenedIsApiSetDll: ApiSetQueryApiSetPresence(api-ms-win-core-localization-obsolete-l1-2-0) -> 0x0, fPresent=1
818.6fc8: supR3HardenedMonitor_LdrLoadDll: pName=api-ms-win-core-localization-obsolete-l1-2-0 (rcNtResolve=0x0) *pfFlags=0x0 pwszSearchPath=0000000000000801:<flags> [calling]
818.6fc8: supR3HardenedMonitor_LdrLoadDll: returns rcNt=0x0 hMod=00007ffb96b60000 'api-ms-win-core-localization-obsolete-l1-2-0'
818.6fc8: \Device\HarddiskVolume2\Windows\System32\DriverStore\FileRepository\nv_dispi.inf_amd64_20ae8f14a487d5db\NvMemMapStoragex.dll: Signature #2/3: VERR_CR_X509_CPV_NOT_VALID_AT_TIME for 0x6902629d; retrying against current time: 0x6957a1f1.
818.6fc8: \Device\HarddiskVolume2\Windows\System32\DriverStore\FileRepository\nv_dispi.inf_amd64_20ae8f14a487d5db\NvMemMapStoragex.dll: Signature #2/3: VERR_CR_X509_CPV_NOT_VALID_AT_TIME (-23033) w/ timestamp=0x6957a1f1/now.
818.6fc8: supR3HardenedMonitor_LdrLoadDll: returns rcNt=0x0 hMod=00007ffb95520000 'C:\WINDOWS\system32\rsaenh.dll'
818.6fc8: supR3HardenedMonitor_LdrLoadDll: returns rcNt=0x0 hMod=00007ffb972e0000 'C:\WINDOWS\System32\crypt32.dll'
818.6fc8: supR3HardenedWinVerifyCacheScheduleImports: Import todo: #0 'advapi32.dll'.
818.6fc8: supR3HardenedWinVerifyCacheScheduleImports: Import todo: #1 'user32.dll'.
818.6fc8: supR3HardenedWinVerifyCacheScheduleImports: Import todo: #2 'winmm.dll'.
818.6fc8: supR3HardenedWinVerifyCacheScheduleImports: Import todo: #3 'version.dll'.
818.6fc8: supR3HardenedWinVerifyCacheScheduleImports: Import todo: #4 'powrprof.dll'.
818.6fc8: supHardenedWinVerifyImageByHandle: -> 0 (\Device\HarddiskVolume2\Windows\System32\DriverStore\FileRepository\nv_dispi.inf_amd64_20ae8f14a487d5db\NvMemMapStoragex.dll) WinVerifyTrust
818.6fc8: supR3HardenedWinVerifyCacheInsert: \Device\HarddiskVolume2\Windows\System32\DriverStore\FileRepository\nv_dispi.inf_amd64_20ae8f14a487d5db\NvMemMapStoragex.dll
818.6fc8: supR3HardenedWinVerifyCacheProcessImportTodos: Processing 'powrprof.dll'...
818.6fc8: supR3HardenedWinVerifyCacheProcessImportTodos: 'powrprof.dll' -> '\Device\HarddiskVolume2\Windows\System32\powrprof.dll' [rcNtRedir=0xc0150008]
818.6fc8: supR3HardenedScreenImage/Imports: cache hit (VINF_SUCCESS) on \Device\HarddiskVolume2\Windows\System32\powrprof.dll
818.6fc8: supR3HardenedWinVerifyCacheProcessImportTodos: Processing 'version.dll'...
818.6fc8: supR3HardenedWinVerifyCacheProcessImportTodos: 'version.dll' -> '\Device\HarddiskVolume2\Windows\System32\version.dll' [rcNtRedir=0xc0150008]
818.6fc8: supR3HardenedScreenImage/Imports: cache hit (VINF_SUCCESS) on \Device\HarddiskVolume2\Windows\System32\version.dll
818.6fc8: supR3HardenedWinVerifyCacheProcessImportTodos: Processing 'winmm.dll'...
818.6fc8: supR3HardenedWinVerifyCacheProcessImportTodos: 'winmm.dll' -> '\Device\HarddiskVolume2\Windows\System32\winmm.dll' [rcNtRedir=0xc0150008]
818.6fc8: supR3HardenedScreenImage/Imports: cache hit (VINF_SUCCESS) on \Device\HarddiskVolume2\Windows\System32\winmm.dll
818.6fc8: supR3HardenedWinVerifyCacheProcessImportTodos: Processing 'user32.dll'...
818.6fc8: supR3HardenedWinVerifyCacheProcessImportTodos: 'user32.dll' -> '\Device\HarddiskVolume2\Windows\System32\user32.dll' [rcNtRedir=0xc0150008]
818.6fc8: supR3HardenedWinVerifyCacheProcessImportTodos: Processing 'advapi32.dll'...
818.6fc8: supR3HardenedWinVerifyCacheProcessImportTodos: 'advapi32.dll' -> '\Device\HarddiskVolume2\Windows\System32\advapi32.dll' [rcNtRedir=0xc0150008]
818.6fc8: supR3HardenedMonitor_LdrLoadDll: pName=C:\WINDOWS\System32\DriverStore\FileRepository\nv_dispi.inf_amd64_20ae8f14a487d5db\NvMemMapStoragex.dll (rcNtResolve=0xc0150008) *pfFlags=0x0 pwszSearchPath=0000000000000001:<flags> [calling]
818.6fc8: supR3HardenedScreenImage/NtCreateSection: cache hit (VINF_SUCCESS) on \Device\HarddiskVolume2\Windows\System32\DriverStore\FileRepository\nv_dispi.inf_amd64_20ae8f14a487d5db\NvMemMapStoragex.dll
818.6fc8: supR3HardenedDllNotificationCallback: load   00007ffb89b40000 LB 0x000de000 C:\WINDOWS\System32\DriverStore\FileRepository\nv_dispi.inf_amd64_20ae8f14a487d5db\NvMemMapStoragex.dll [fFlags=0x0]
818.6fc8: supR3HardenedScreenImage/LdrLoadDll: cache hit (VINF_SUCCESS) on \Device\HarddiskVolume2\Windows\System32\DriverStore\FileRepository\nv_dispi.inf_amd64_20ae8f14a487d5db\NvMemMapStoragex.dll
818.6fc8: supR3HardenedIsApiSetDll: ApiSetQueryApiSetPresence(api-ms-win-core-synch-l1-2-0) -> 0x0, fPresent=1
818.6fc8: supR3HardenedMonitor_LdrLoadDll: pName=api-ms-win-core-synch-l1-2-0 (rcNtResolve=0x0) *pfFlags=0x0 pwszSearchPath=0000000000000801:<flags> [calling]
818.6fc8: supR3HardenedMonitor_LdrLoadDll: returns rcNt=0x0 hMod=00007ffb96b60000 'api-ms-win-core-synch-l1-2-0'
818.6fc8: supR3HardenedIsApiSetDll: ApiSetQueryApiSetPresence(api-ms-win-core-fibers-l1-1-1) -> 0x0, fPresent=1
818.6fc8: supR3HardenedMonitor_LdrLoadDll: pName=api-ms-win-core-fibers-l1-1-1 (rcNtResolve=0x0) *pfFlags=0x0 pwszSearchPath=0000000000000801:<flags> [calling]
818.6fc8: supR3HardenedMonitor_LdrLoadDll: returns rcNt=0x0 hMod=00007ffb96b60000 'api-ms-win-core-fibers-l1-1-1'
818.6fc8: supR3HardenedIsApiSetDll: ApiSetQueryApiSetPresence(api-ms-win-core-synch-l1-2-0) -> 0x0, fPresent=1
818.6fc8: supR3HardenedMonitor_LdrLoadDll: pName=api-ms-win-core-synch-l1-2-0 (rcNtResolve=0x0) *pfFlags=0x0 pwszSearchPath=0000000000000801:<flags> [calling]
818.6fc8: supR3HardenedMonitor_LdrLoadDll: returns rcNt=0x0 hMod=00007ffb96b60000 'api-ms-win-core-synch-l1-2-0'
818.6fc8: supR3HardenedScreenImage/LdrLoadDll: cache hit (VINF_SUCCESS) on \Device\HarddiskVolume2\Windows\System32\kernel32.dll
818.6fc8: supR3HardenedMonitor_LdrLoadDll: pName=C:\WINDOWS\System32\kernel32.dll (Input=kernel32, rcNtResolve=0xc0150008) *pfFlags=0x0 pwszSearchPath=0000000000000801:<flags> [calling]
818.6fc8: supR3HardenedMonitor_LdrLoadDll: returns rcNt=0x0 hMod=00007ffb989e0000 'C:\WINDOWS\System32\kernel32.dll'
818.6fc8: supR3HardenedMonitor_LdrLoadDll: returns rcNt=0x0 hMod=00007ffb89b40000 'C:\WINDOWS\System32\DriverStore\FileRepository\nv_dispi.inf_amd64_20ae8f14a487d5db\NvMemMapStoragex.dll'
818.6fc8: \Device\HarddiskVolume2\Windows\System32\DriverStore\FileRepository\nv_dispi.inf_amd64_20ae8f14a487d5db\nvd3dumx.dll: Signature #2/3: VERR_CR_X509_CPV_NOT_VALID_AT_TIME for 0x690262c9; retrying against current time: 0x6957a1f1.
818.6fc8: \Device\HarddiskVolume2\Windows\System32\DriverStore\FileRepository\nv_dispi.inf_amd64_20ae8f14a487d5db\nvd3dumx.dll: Signature #2/3: VERR_CR_X509_CPV_NOT_VALID_AT_TIME (-23033) w/ timestamp=0x6957a1f1/now.
818.6fc8: supR3HardenedMonitor_LdrLoadDll: returns rcNt=0x0 hMod=00007ffb95520000 'C:\WINDOWS\system32\rsaenh.dll'
818.6fc8: supR3HardenedMonitor_LdrLoadDll: returns rcNt=0x0 hMod=00007ffb972e0000 'C:\WINDOWS\System32\crypt32.dll'
818.6fc8: supR3HardenedWinVerifyCacheScheduleImports: Import todo: #0 'version.dll'.
818.6fc8: supR3HardenedWinVerifyCacheScheduleImports: Import todo: #1 'user32.dll'.
818.6fc8: supR3HardenedWinVerifyCacheScheduleImports: Import todo: #3 'advapi32.dll'.
818.6fc8: supR3HardenedWinVerifyCacheScheduleImports: Import todo: #4 'gdi32.dll'.
818.6fc8: supR3HardenedWinVerifyCacheScheduleImports: Import todo: #5 'winmm.dll'.
818.6fc8: supHardenedWinVerifyImageByHandle: -> 0 (\Device\HarddiskVolume2\Windows\System32\DriverStore\FileRepository\nv_dispi.inf_amd64_20ae8f14a487d5db\nvd3dumx.dll) WinVerifyTrust
818.6fc8: supR3HardenedWinVerifyCacheInsert: \Device\HarddiskVolume2\Windows\System32\DriverStore\FileRepository\nv_dispi.inf_amd64_20ae8f14a487d5db\nvd3dumx.dll
818.6fc8: supR3HardenedWinVerifyCacheProcessImportTodos: Processing 'winmm.dll'...
818.6fc8: supR3HardenedWinVerifyCacheProcessImportTodos: 'winmm.dll' -> '\Device\HarddiskVolume2\Windows\System32\winmm.dll' [rcNtRedir=0xc0150008]
818.6fc8: supR3HardenedScreenImage/Imports: cache hit (VINF_SUCCESS) on \Device\HarddiskVolume2\Windows\System32\winmm.dll
818.6fc8: supR3HardenedWinVerifyCacheProcessImportTodos: Processing 'gdi32.dll'...
818.6fc8: supR3HardenedWinVerifyCacheProcessImportTodos: 'gdi32.dll' -> '\Device\HarddiskVolume2\Windows\System32\gdi32.dll' [rcNtRedir=0xc0150008]
818.6fc8: supR3HardenedWinVerifyCacheProcessImportTodos: Processing 'advapi32.dll'...
818.6fc8: supR3HardenedWinVerifyCacheProcessImportTodos: 'advapi32.dll' -> '\Device\HarddiskVolume2\Windows\System32\advapi32.dll' [rcNtRedir=0xc0150008]
818.6fc8: supR3HardenedWinVerifyCacheProcessImportTodos: Processing 'user32.dll'...
818.6fc8: supR3HardenedWinVerifyCacheProcessImportTodos: 'user32.dll' -> '\Device\HarddiskVolume2\Windows\System32\user32.dll' [rcNtRedir=0xc0150008]
818.6fc8: supR3HardenedWinVerifyCacheProcessImportTodos: Processing 'version.dll'...
818.6fc8: supR3HardenedWinVerifyCacheProcessImportTodos: 'version.dll' -> '\Device\HarddiskVolume2\Windows\System32\version.dll' [rcNtRedir=0xc0150008]
818.6fc8: supR3HardenedScreenImage/Imports: cache hit (VINF_SUCCESS) on \Device\HarddiskVolume2\Windows\System32\version.dll
818.6fc8: supR3HardenedMonitor_LdrLoadDll: pName=C:\WINDOWS\System32\DriverStore\FileRepository\nv_dispi.inf_amd64_20ae8f14a487d5db\nvd3dumx.dll (rcNtResolve=0xc0150008) *pfFlags=0x0 pwszSearchPath=0000000000000001:<flags> [calling]
818.6fc8: supR3HardenedScreenImage/NtCreateSection: cache hit (VINF_SUCCESS) on \Device\HarddiskVolume2\Windows\System32\DriverStore\FileRepository\nv_dispi.inf_amd64_20ae8f14a487d5db\nvd3dumx.dll
818.6fc8: supR3HardenedDllNotificationCallback: load   00007ffaf8d80000 LB 0x02b05000 C:\WINDOWS\System32\DriverStore\FileRepository\nv_dispi.inf_amd64_20ae8f14a487d5db\nvd3dumx.dll [fFlags=0x0]
818.6fc8: supR3HardenedScreenImage/LdrLoadDll: cache hit (VINF_SUCCESS) on \Device\HarddiskVolume2\Windows\System32\DriverStore\FileRepository\nv_dispi.inf_amd64_20ae8f14a487d5db\nvd3dumx.dll
818.6fc8: supR3HardenedIsApiSetDll: ApiSetQueryApiSetPresence(api-ms-win-core-synch-l1-2-0) -> 0x0, fPresent=1
818.6fc8: supR3HardenedMonitor_LdrLoadDll: pName=api-ms-win-core-synch-l1-2-0 (rcNtResolve=0x0) *pfFlags=0x0 pwszSearchPath=0000000000000801:<flags> [calling]
818.6fc8: supR3HardenedMonitor_LdrLoadDll: returns rcNt=0x0 hMod=00007ffb96b60000 'api-ms-win-core-synch-l1-2-0'
818.6fc8: supR3HardenedIsApiSetDll: ApiSetQueryApiSetPresence(api-ms-win-core-fibers-l1-1-1) -> 0x0, fPresent=1
818.6fc8: supR3HardenedMonitor_LdrLoadDll: pName=api-ms-win-core-fibers-l1-1-1 (rcNtResolve=0x0) *pfFlags=0x0 pwszSearchPath=0000000000000801:<flags> [calling]
818.6fc8: supR3HardenedMonitor_LdrLoadDll: returns rcNt=0x0 hMod=00007ffb96b60000 'api-ms-win-core-fibers-l1-1-1'
818.6fc8: supR3HardenedIsApiSetDll: ApiSetQueryApiSetPresence(api-ms-win-core-synch-l1-2-0) -> 0x0, fPresent=1
818.6fc8: supR3HardenedMonitor_LdrLoadDll: pName=api-ms-win-core-synch-l1-2-0 (rcNtResolve=0x0) *pfFlags=0x0 pwszSearchPath=0000000000000801:<flags> [calling]
818.6fc8: supR3HardenedMonitor_LdrLoadDll: returns rcNt=0x0 hMod=00007ffb96b60000 'api-ms-win-core-synch-l1-2-0'
818.6fc8: supR3HardenedScreenImage/LdrLoadDll: cache hit (VINF_SUCCESS) on \Device\HarddiskVolume2\Windows\System32\kernel32.dll
818.6fc8: supR3HardenedMonitor_LdrLoadDll: pName=C:\WINDOWS\System32\kernel32.dll (Input=kernel32, rcNtResolve=0xc0150008) *pfFlags=0x0 pwszSearchPath=0000000000000801:<flags> [calling]
818.6fc8: supR3HardenedMonitor_LdrLoadDll: returns rcNt=0x0 hMod=00007ffb989e0000 'C:\WINDOWS\System32\kernel32.dll'
818.6fc8: supR3HardenedMonitor_LdrLoadDll: returns rcNt=0x0 hMod=00007ffaf8d80000 'C:\WINDOWS\System32\DriverStore\FileRepository\nv_dispi.inf_amd64_20ae8f14a487d5db\nvd3dumx.dll'
818.6fc8: supR3HardenedWinVerifyCacheScheduleImports: Import todo: #12 'msvcp_win.dll'.
818.6fc8: supHardenedWinVerifyImageByHandle: -> 0 (\Device\HarddiskVolume2\Windows\System32\directxdatabasehelper.dll)
818.6fc8: supR3HardenedWinVerifyCacheInsert: \Device\HarddiskVolume2\Windows\System32\directxdatabasehelper.dll
818.6fc8: supR3HardenedDllNotificationCallback: load   00007ffb903e0000 LB 0x00063000 C:\WINDOWS\SYSTEM32\directxdatabasehelper.dll [fFlags=0x0]
818.6fc8: supR3HardenedScreenImage/LdrLoadDll: cache hit (VINF_SUCCESS) on \Device\HarddiskVolume2\Windows\System32\directxdatabasehelper.dll [avoiding WinVerifyTrust]
818.6fc8: supR3HardenedWinVerifyCacheProcessImportTodos: Processing 'msvcp_win.dll'...
818.6fc8: supR3HardenedWinVerifyCacheProcessImportTodos: 'msvcp_win.dll' -> '\Device\HarddiskVolume2\Windows\System32\msvcp_win.dll' [rcNtRedir=0xc0150008]
818.6fc8: supR3HardenedMonitor_LdrLoadDll: returns rcNt=0x0 hMod=00007ffb95520000 'C:\WINDOWS\system32\rsaenh.dll'
818.6fc8: supR3HardenedMonitor_LdrLoadDll: returns rcNt=0x0 hMod=00007ffb972e0000 'C:\WINDOWS\System32\crypt32.dll'
818.6fc8: supR3HardenedWinVerifyCacheProcessWvtTodos: 0 (was 0) fWinVerifyTrust=1 for '\Device\HarddiskVolume2\Windows\System32\directxdatabasehelper.dll'
818.6fc8: supR3HardenedIsApiSetDll: ApiSetQueryApiSetPresence(ext-ms-win-core-resourcepolicy-l1-1-0.dll) -> 0x0, fPresent=1
818.6fc8: supR3HardenedMonitor_LdrLoadDll: pName=ext-ms-win-core-resourcepolicy-l1-1-0.dll (rcNtResolve=0x0) *pfFlags=0x0 pwszSearchPath=0000000000000001:<flags> [calling]
818.6fc8: supR3HardenedWinVerifyCacheScheduleImports: Import todo: #0 'msvcrt.dll'.
818.6fc8: supR3HardenedWinVerifyCacheScheduleImports: Import todo: #11 'rpcrt4.dll'.
818.6fc8: supHardenedWinVerifyImageByHandle: -> 0 (\Device\HarddiskVolume2\Windows\System32\ResourcePolicyClient.dll)
818.6fc8: supR3HardenedWinVerifyCacheInsert: \Device\HarddiskVolume2\Windows\System32\ResourcePolicyClient.dll
818.6fc8: supR3HardenedDllNotificationCallback: load   00007ffb94120000 LB 0x00014000 C:\WINDOWS\SYSTEM32\resourcepolicyclient.dll [fFlags=0x0]
818.6fc8: supR3HardenedScreenImage/LdrLoadDll: cache hit (VINF_SUCCESS) on \Device\HarddiskVolume2\Windows\System32\ResourcePolicyClient.dll [avoiding WinVerifyTrust]
818.6fc8: supR3HardenedMonitor_LdrLoadDll: returns rcNt=0x0 hMod=00007ffb94120000 'ext-ms-win-core-resourcepolicy-l1-1-0.dll'
818.6fc8: supR3HardenedWinVerifyCacheProcessImportTodos: Processing 'rpcrt4.dll'...
818.6fc8: supR3HardenedWinVerifyCacheProcessImportTodos: 'rpcrt4.dll' -> '\Device\HarddiskVolume2\Windows\System32\rpcrt4.dll' [rcNtRedir=0xc0150008]
818.6fc8: supR3HardenedWinVerifyCacheProcessImportTodos: Processing 'msvcrt.dll'...
818.6fc8: supR3HardenedWinVerifyCacheProcessImportTodos: 'msvcrt.dll' -> '\Device\HarddiskVolume2\Windows\System32\msvcrt.dll' [rcNtRedir=0xc0150008]
818.6fc8: supR3HardenedMonitor_LdrLoadDll: returns rcNt=0x0 hMod=00007ffb95520000 'C:\WINDOWS\system32\rsaenh.dll'
818.6fc8: supR3HardenedMonitor_LdrLoadDll: returns rcNt=0x0 hMod=00007ffb972e0000 'C:\WINDOWS\System32\crypt32.dll'
818.6fc8: supR3HardenedWinVerifyCacheProcessWvtTodos: 0 (was 0) fWinVerifyTrust=1 for '\Device\HarddiskVolume2\Windows\System32\ResourcePolicyClient.dll'
818.6fc8: supR3HardenedDllNotificationCallback: Unload 00007ffb94120000 LB 0x00014000 C:\WINDOWS\SYSTEM32\resourcepolicyclient.dll [flags=0x0]
818.6fc8: supR3HardenedMonitor_LdrLoadDll: returns rcNt=0x0 hMod=00007ffb979e0000 'C:\WINDOWS\System32\gdi32.dll'
818.6fc8: supR3HardenedDllNotificationCallback: Unload 00007ffaf8d80000 LB 0x02b05000 C:\WINDOWS\System32\DriverStore\FileRepository\nv_dispi.inf_amd64_20ae8f14a487d5db\nvd3dumx.dll [flags=0x0]
818.6fc8: supR3HardenedDllNotificationCallback: Unload 00007ffb8a6f0000 LB 0x03d94000 C:\WINDOWS\System32\DriverStore\FileRepository\nv_dispi.inf_amd64_20ae8f14a487d5db\nvgpucomp64.dll [flags=0x0]
818.6fc8: supR3HardenedDllNotificationCallback: Unload 00007ffb89b40000 LB 0x000de000 C:\WINDOWS\System32\DriverStore\FileRepository\nv_dispi.inf_amd64_20ae8f14a487d5db\NvMemMapStoragex.dll [flags=0x0]
818.6fc8: supR3HardenedDllNotificationCallback: Unload 00007ffb8ebc0000 LB 0x0017b000 C:\WINDOWS\System32\drvstore.dll [flags=0x0]
818.6fc8: supR3HardenedDllNotificationCallback: Unload 00007ffb95ed0000 LB 0x00065000 C:\WINDOWS\System32\wldp.dll [flags=0x0]
818.6fc8: supR3HardenedDllNotificationCallback: Unload 00007ffb8eed0000 LB 0x000c4000 C:\WINDOWS\System32\DriverStore\FileRepository\nv_dispi.inf_amd64_20ae8f14a487d5db\nvldumdx.dll [flags=0x0]
818.6fc8: supR3HardNtViCallWinVerifyTrustCatFile: hFile=0000000000000d00 pwszName=\Device\HarddiskVolume2\Windows\System32\DataExchange.dll
818.6fc8: supR3HardNtViCallWinVerifyTrustCatFile: Cached context 00000268d31a1e60
818.6fc8: supR3HardNtViCallWinVerifyTrustCatFile: hCatAdmin=00000268d31a1e60
818.6fc8: supR3HardNtViCallWinVerifyTrustCatFile: cbHash=20 wszDigest=C01BCCFD45AB08497B97D6C9243114E51A01562D
818.6fc8: supR3HardenedMonitor_LdrLoadDll: returns rcNt=0x0 hMod=00007ffb95520000 'C:\WINDOWS\system32\rsaenh.dll'
818.6fc8: supR3HardenedMonitor_LdrLoadDll: returns rcNt=0x0 hMod=00007ffb972e0000 'C:\WINDOWS\System32\crypt32.dll'
818.6fc8: supR3HardNtViCallWinVerifyTrustCatFile: WinVerifyTrust => 0x0; cat='C:\WINDOWS\system32\CatRoot\{F750E6C3-38EE-11D1-85E5-00C04FC295EE}\Microsoft-Windows-Client-Desktop-Required-Package051021~31bf3856ad364e35~amd64~~10.0.26100.7462.cat'; file='\Device\HarddiskVolume2\Windows\System32\DataExchange.dll'
818.6fc8: supR3HardNtViCallWinVerifyTrustCatFile -> 0 (org 22900)
818.6fc8: supR3HardenedWinVerifyCacheScheduleImports: Import todo: #28 'msvcp_win.dll'.
818.6fc8: supHardenedWinVerifyImageByHandle: -> 0 (\Device\HarddiskVolume2\Windows\System32\DataExchange.dll) WinVerifyTrust
818.6fc8: supR3HardenedWinVerifyCacheInsert: \Device\HarddiskVolume2\Windows\System32\DataExchange.dll
818.6fc8: supR3HardenedWinVerifyCacheProcessImportTodos: Processing 'msvcp_win.dll'...
818.6fc8: supR3HardenedWinVerifyCacheProcessImportTodos: 'msvcp_win.dll' -> '\Device\HarddiskVolume2\Windows\System32\msvcp_win.dll' [rcNtRedir=0xc0150008]
818.6fc8: supR3HardenedScreenImage/Imports: cache hit (VINF_SUCCESS) on \Device\HarddiskVolume2\Windows\System32\msvcp_win.dll
818.6fc8: supR3HardenedMonitor_LdrLoadDll: pName=C:\WINDOWS\system32\dataexchange.dll (rcNtResolve=0xc0150008) *pfFlags=0x0 pwszSearchPath=0000000000002009:<flags> [calling]
818.6fc8: supR3HardenedScreenImage/NtCreateSection: cache hit (VINF_SUCCESS) on \Device\HarddiskVolume2\Windows\System32\DataExchange.dll
818.6fc8: supR3HardenedDllNotificationCallback: load   00007ffb69140000 LB 0x0005a000 C:\WINDOWS\system32\dataexchange.dll [fFlags=0x0]
818.6fc8: supR3HardenedScreenImage/LdrLoadDll: cache hit (VINF_SUCCESS) on \Device\HarddiskVolume2\Windows\System32\DataExchange.dll
818.6fc8: supR3HardenedMonitor_LdrLoadDll: returns rcNt=0x0 hMod=00007ffb69140000 'C:\WINDOWS\system32\dataexchange.dll'
818.6fc8: supR3HardenedWinVerifyCacheScheduleImports: Import todo: #39 'combase.dll'.
818.6fc8: supR3HardenedWinVerifyCacheScheduleImports: Import todo: #41 'msvcp_win.dll'.
818.6fc8: supHardenedWinVerifyImageByHandle: -> 0 (\Device\HarddiskVolume2\Windows\System32\twinapi.appcore.dll)
818.6fc8: supR3HardenedWinVerifyCacheInsert: \Device\HarddiskVolume2\Windows\System32\twinapi.appcore.dll
818.6fc8: supR3HardenedDllNotificationCallback: load   00007ffb89610000 LB 0x00244000 C:\WINDOWS\system32\twinapi.appcore.dll [fFlags=0x0]
818.6fc8: supR3HardenedScreenImage/LdrLoadDll: cache hit (VINF_SUCCESS) on \Device\HarddiskVolume2\Windows\System32\twinapi.appcore.dll [avoiding WinVerifyTrust]
818.6fc8: supR3HardenedWinVerifyCacheScheduleImports: Import todo: #0 'msvcrt.dll'.
818.6fc8: supR3HardenedWinVerifyCacheScheduleImports: Import todo: #17 'oleaut32.dll'.
818.6fc8: supR3HardenedWinVerifyCacheScheduleImports: Import todo: #18 'rpcrt4.dll'.
818.6fc8: supHardenedWinVerifyImageByHandle: -> 0 (\Device\HarddiskVolume2\Windows\System32\TextInputFramework.dll)
818.6fc8: supR3HardenedWinVerifyCacheInsert: \Device\HarddiskVolume2\Windows\System32\TextInputFramework.dll
818.6fc8: supR3HardenedDllNotificationCallback: load   00007ffb761d0000 LB 0x00148000 C:\WINDOWS\SYSTEM32\textinputframework.dll [fFlags=0x0]
818.6fc8: supR3HardenedScreenImage/LdrLoadDll: cache hit (VINF_SUCCESS) on \Device\HarddiskVolume2\Windows\System32\TextInputFramework.dll [avoiding WinVerifyTrust]
818.6fc8: supR3HardenedWinVerifyCacheScheduleImports: Import todo: #18 'msvcp_win.dll'.
818.6fc8: supHardenedWinVerifyImageByHandle: -> 0 (\Device\HarddiskVolume2\Windows\System32\CoreMessaging.dll)
818.6fc8: supR3HardenedWinVerifyCacheInsert: \Device\HarddiskVolume2\Windows\System32\CoreMessaging.dll
818.6fc8: supR3HardenedDllNotificationCallback: load   00007ffb934d0000 LB 0x00127000 C:\WINDOWS\SYSTEM32\CoreMessaging.dll [fFlags=0x0]
818.6fc8: supR3HardenedScreenImage/LdrLoadDll: cache hit (VINF_SUCCESS) on \Device\HarddiskVolume2\Windows\System32\CoreMessaging.dll [avoiding WinVerifyTrust]
818.6fc8: supR3HardenedWinVerifyCacheProcessImportTodos: Processing 'msvcp_win.dll'...
818.6fc8: supR3HardenedWinVerifyCacheProcessImportTodos: 'msvcp_win.dll' -> '\Device\HarddiskVolume2\Windows\System32\msvcp_win.dll' [rcNtRedir=0xc0150008]
818.6fc8: supR3HardenedWinVerifyCacheProcessImportTodos: Processing 'rpcrt4.dll'...
818.6fc8: supR3HardenedWinVerifyCacheProcessImportTodos: 'rpcrt4.dll' -> '\Device\HarddiskVolume2\Windows\System32\rpcrt4.dll' [rcNtRedir=0xc0150008]
818.6fc8: supR3HardenedWinVerifyCacheProcessImportTodos: Processing 'oleaut32.dll'...
818.6fc8: supR3HardenedWinVerifyCacheProcessImportTodos: 'oleaut32.dll' -> '\Device\HarddiskVolume2\Windows\System32\oleaut32.dll' [rcNtRedir=0xc0150008]
818.6fc8: supR3HardenedScreenImage/Imports: cache hit (VINF_SUCCESS) on \Device\HarddiskVolume2\Windows\System32\oleaut32.dll
818.6fc8: supR3HardenedWinVerifyCacheProcessImportTodos: Processing 'msvcrt.dll'...
818.6fc8: supR3HardenedWinVerifyCacheProcessImportTodos: 'msvcrt.dll' -> '\Device\HarddiskVolume2\Windows\System32\msvcrt.dll' [rcNtRedir=0xc0150008]
818.6fc8: supR3HardenedScreenImage/Imports: cache hit (VINF_SUCCESS) on \Device\HarddiskVolume2\Windows\System32\msvcrt.dll
818.6fc8: supR3HardenedWinVerifyCacheProcessImportTodos: Processing 'msvcp_win.dll'...
818.6fc8: supR3HardenedWinVerifyCacheProcessImportTodos: 'msvcp_win.dll' -> '\Device\HarddiskVolume2\Windows\System32\msvcp_win.dll' [rcNtRedir=0xc0150008]
818.6fc8: supR3HardenedWinVerifyCacheProcessImportTodos: Processing 'combase.dll'...
818.6fc8: supR3HardenedWinVerifyCacheProcessImportTodos: 'combase.dll' -> '\Device\HarddiskVolume2\Windows\System32\combase.dll' [rcNtRedir=0xc0150008]
818.6fc8: supR3HardenedScreenImage/Imports: cache hit (VINF_SUCCESS) on \Device\HarddiskVolume2\Windows\System32\combase.dll
818.6fc8: supR3HardenedMonitor_LdrLoadDll: returns rcNt=0x0 hMod=00007ffb95520000 'C:\WINDOWS\system32\rsaenh.dll'
818.6fc8: supR3HardenedMonitor_LdrLoadDll: returns rcNt=0x0 hMod=00007ffb972e0000 'C:\WINDOWS\System32\crypt32.dll'
818.6fc8: supR3HardenedWinVerifyCacheProcessWvtTodos: 0 (was 0) fWinVerifyTrust=1 for '\Device\HarddiskVolume2\Windows\System32\CoreMessaging.dll'
818.6fc8: supR3HardenedMonitor_LdrLoadDll: returns rcNt=0x0 hMod=00007ffb95520000 'C:\WINDOWS\system32\rsaenh.dll'
818.6fc8: supR3HardenedMonitor_LdrLoadDll: returns rcNt=0x0 hMod=00007ffb972e0000 'C:\WINDOWS\System32\crypt32.dll'
818.6fc8: supR3HardenedWinVerifyCacheProcessWvtTodos: 0 (was 0) fWinVerifyTrust=1 for '\Device\HarddiskVolume2\Windows\System32\TextInputFramework.dll'
818.6fc8: supR3HardenedMonitor_LdrLoadDll: returns rcNt=0x0 hMod=00007ffb95520000 'C:\WINDOWS\system32\rsaenh.dll'
818.6fc8: supR3HardenedMonitor_LdrLoadDll: returns rcNt=0x0 hMod=00007ffb972e0000 'C:\WINDOWS\System32\crypt32.dll'
818.6fc8: supR3HardenedWinVerifyCacheProcessWvtTodos: 0 (was 0) fWinVerifyTrust=1 for '\Device\HarddiskVolume2\Windows\System32\twinapi.appcore.dll'
818.6fc8: supR3HardenedIsApiSetDll: ApiSetQueryApiSetPresence(api-ms-win-security-sddl-l1-1-0.dll) -> 0x0, fPresent=1
818.6fc8: supR3HardenedMonitor_LdrLoadDll: pName=api-ms-win-security-sddl-l1-1-0.dll (rcNtResolve=0x0) *pfFlags=0x0 pwszSearchPath=0000000000000001:<flags> [calling]
818.6fc8: supR3HardenedMonitor_LdrLoadDll: returns rcNt=0x0 hMod=00007ffb97650000 'api-ms-win-security-sddl-l1-1-0.dll'
818.6fc8: supR3HardenedIsApiSetDll: ApiSetQueryApiSetPresence(ext-ms-win-rtcore-ntuser-window-ext-l1-1-0.dll) -> 0x0, fPresent=1
818.6fc8: supR3HardenedMonitor_LdrLoadDll: pName=ext-ms-win-rtcore-ntuser-window-ext-l1-1-0.dll (rcNtResolve=0x0) *pfFlags=0x0 pwszSearchPath=0000000000000001:<flags> [calling]
818.6fc8: supR3HardenedMonitor_LdrLoadDll: returns rcNt=0x0 hMod=00007ffb99460000 'ext-ms-win-rtcore-ntuser-window-ext-l1-1-0.dll'
818.6fc8: supR3HardenedIsApiSetDll: ApiSetQueryApiSetPresence(ext-ms-win-rtcore-ntuser-integration-l1-1-0.dll) -> 0x0, fPresent=1
818.6fc8: supR3HardenedMonitor_LdrLoadDll: pName=ext-ms-win-rtcore-ntuser-integration-l1-1-0.dll (rcNtResolve=0x0) *pfFlags=0x0 pwszSearchPath=0000000000000001:<flags> [calling]
818.6fc8: supR3HardenedMonitor_LdrLoadDll: returns rcNt=0x0 hMod=00007ffb99460000 'ext-ms-win-rtcore-ntuser-integration-l1-1-0.dll'
818.6fc8: supR3HardenedWinVerifyCacheScheduleImports: Import todo: #0 'msvcrt.dll'.
818.6fc8: supR3HardenedWinVerifyCacheScheduleImports: Import todo: #33 'coremessaging.dll'.
818.6fc8: supHardenedWinVerifyImageByHandle: -> 0 (\Device\HarddiskVolume2\Windows\System32\CoreUIComponents.dll)
818.6fc8: supR3HardenedWinVerifyCacheInsert: \Device\HarddiskVolume2\Windows\System32\CoreUIComponents.dll
818.6fc8: supR3HardenedDllNotificationCallback: load   00007ffb8f810000 LB 0x002e2000 C:\WINDOWS\SYSTEM32\CoreUIComponents.dll [fFlags=0x0]
818.6fc8: supR3HardenedScreenImage/LdrLoadDll: cache hit (VINF_SUCCESS) on \Device\HarddiskVolume2\Windows\System32\CoreUIComponents.dll [avoiding WinVerifyTrust]
818.6fc8: supR3HardenedWinVerifyCacheProcessImportTodos: Processing 'coremessaging.dll'...
818.6fc8: supR3HardenedWinVerifyCacheProcessImportTodos: 'coremessaging.dll' -> '\Device\HarddiskVolume2\Windows\System32\coremessaging.dll' [rcNtRedir=0xc0150008]
818.6fc8: supR3HardenedScreenImage/Imports: cache hit (VINF_SUCCESS) on \Device\HarddiskVolume2\Windows\System32\CoreMessaging.dll
818.6fc8: supR3HardenedWinVerifyCacheProcessImportTodos: Processing 'msvcrt.dll'...
818.6fc8: supR3HardenedWinVerifyCacheProcessImportTodos: 'msvcrt.dll' -> '\Device\HarddiskVolume2\Windows\System32\msvcrt.dll' [rcNtRedir=0xc0150008]
818.6fc8: supR3HardenedMonitor_LdrLoadDll: returns rcNt=0x0 hMod=00007ffb95520000 'C:\WINDOWS\system32\rsaenh.dll'
818.6fc8: supR3HardenedMonitor_LdrLoadDll: returns rcNt=0x0 hMod=00007ffb972e0000 'C:\WINDOWS\System32\crypt32.dll'
818.6fc8: supR3HardenedWinVerifyCacheProcessWvtTodos: 0 (was 0) fWinVerifyTrust=1 for '\Device\HarddiskVolume2\Windows\System32\CoreUIComponents.dll'
818.6fc8: supR3HardenedMonitor_LdrLoadDll: returns rcNt=0x0 hMod=00007ffb974a0000 'C:\WINDOWS\System32\RPCRT4.dll'
818.6fc8: supR3HardenedIsApiSetDll: ApiSetQueryApiSetPresence(api-ms-win-security-systemfunctions-l1-1-0) -> 0x0, fPresent=1
818.6fc8: supR3HardenedMonitor_LdrLoadDll: pName=api-ms-win-security-systemfunctions-l1-1-0 (rcNtResolve=0x0) *pfFlags=0x0 pwszSearchPath=0000000000000801:<flags> [calling]
818.6fc8: supR3HardenedMonitor_LdrLoadDll: returns rcNt=0x0 hMod=00007ffb99200000 'api-ms-win-security-systemfunctions-l1-1-0'
818.6fc8: supR3HardenedScreenImage/LdrLoadDll: cache hit (VINF_SUCCESS) on \Device\HarddiskVolume2\Windows\System32\msctf.dll
818.6fc8: supR3HardenedMonitor_LdrLoadDll: pName=C:\WINDOWS\System32\MSCTF.dll (rcNtResolve=0xc0150008) *pfFlags=0x0 pwszSearchPath=0000000000000009:<flags> [calling]
818.6fc8: supR3HardenedMonitor_LdrLoadDll: returns rcNt=0x0 hMod=00007ffb98f30000 'C:\WINDOWS\System32\MSCTF.dll'
818.6fc8: supR3HardenedMonitor_LdrLoadDll: returns rcNt=0x0 hMod=00007ffb99200000 'C:\WINDOWS\System32\ADVAPI32.dll'
818.6fc8: supR3HardenedMonitor_LdrLoadDll: returns rcNt=0x0 hMod=00007ffb992c0000 'C:\WINDOWS\System32\ole32.dll'
818.6fc8: supR3HardenedMonitor_LdrLoadDll: returns rcNt=0x0 hMod=00007ffb98740000 'C:\WINDOWS\System32\OLEAUT32.dll'
818.6fc8: supR3HardNtViCallWinVerifyTrustCatFile: hFile=0000000000000d34 pwszName=\Device\HarddiskVolume2\Windows\System32\wbem\wbemprox.dll
818.6fc8: supR3HardNtViCallWinVerifyTrustCatFile: Cached context 00000268d31a1e60
818.6fc8: supR3HardNtViCallWinVerifyTrustCatFile: hCatAdmin=00000268d31a1e60
818.6fc8: supR3HardNtViCallWinVerifyTrustCatFile: cbHash=20 wszDigest=F722B8841CEB6834136391604CF435D71FE74855
818.6fc8: supR3HardenedMonitor_LdrLoadDll: returns rcNt=0x0 hMod=00007ffb95520000 'C:\WINDOWS\system32\rsaenh.dll'
818.6fc8: supR3HardenedMonitor_LdrLoadDll: returns rcNt=0x0 hMod=00007ffb972e0000 'C:\WINDOWS\System32\crypt32.dll'
818.6fc8: supR3HardNtViCallWinVerifyTrustCatFile: WinVerifyTrust => 0x0; cat='C:\WINDOWS\system32\CatRoot\{F750E6C3-38EE-11D1-85E5-00C04FC295EE}\Microsoft-Windows-Client-Desktop-Required-Package0112~31bf3856ad364e35~amd64~~10.0.26100.7462.cat'; file='\Device\HarddiskVolume2\Windows\System32\wbem\wbemprox.dll'
818.6fc8: supR3HardNtViCallWinVerifyTrustCatFile -> 0 (org 22900)
818.6fc8: supR3HardenedWinVerifyCacheScheduleImports: Import todo: #0 'msvcrt.dll'.
818.6fc8: supR3HardenedWinVerifyCacheScheduleImports: Import todo: #16 'wbemcomn.dll'.
818.6fc8: supHardenedWinVerifyImageByHandle: -> 0 (\Device\HarddiskVolume2\Windows\System32\wbem\wbemprox.dll) WinVerifyTrust
818.6fc8: supR3HardenedWinVerifyCacheInsert: \Device\HarddiskVolume2\Windows\System32\wbem\wbemprox.dll
818.6fc8: supR3HardenedWinVerifyCacheProcessImportTodos: Processing 'wbemcomn.dll'...
818.6fc8: supR3HardenedWinVerifyCacheProcessImportTodos: 'wbemcomn.dll' -> '\Device\HarddiskVolume2\Windows\System32\wbemcomn.dll' [rcNtRedir=0xc0150008]
818.6fc8: supR3HardNtViCallWinVerifyTrustCatFile: hFile=0000000000000d80 pwszName=\Device\HarddiskVolume2\Windows\System32\wbemcomn.dll
818.6fc8: supR3HardNtViCallWinVerifyTrustCatFile: Cached context 00000268d31a1e60
818.6fc8: supR3HardNtViCallWinVerifyTrustCatFile: hCatAdmin=00000268d31a1e60
818.6fc8: supR3HardNtViCallWinVerifyTrustCatFile: cbHash=20 wszDigest=D426E85079FCA542424F0B81142ADF724CE27AFE
818.6fc8: supR3HardenedMonitor_LdrLoadDll: returns rcNt=0x0 hMod=00007ffb95520000 'C:\WINDOWS\system32\rsaenh.dll'
818.6fc8: supR3HardenedMonitor_LdrLoadDll: returns rcNt=0x0 hMod=00007ffb972e0000 'C:\WINDOWS\System32\crypt32.dll'
818.6fc8: supR3HardNtViCallWinVerifyTrustCatFile: WinVerifyTrust => 0x0; cat='C:\WINDOWS\system32\CatRoot\{F750E6C3-38EE-11D1-85E5-00C04FC295EE}\Microsoft-Windows-Client-Desktop-Required-Package0112~31bf3856ad364e35~amd64~~10.0.26100.7462.cat'; file='\Device\HarddiskVolume2\Windows\System32\wbemcomn.dll'
818.6fc8: supR3HardNtViCallWinVerifyTrustCatFile -> 0 (org 22900)
818.6fc8: supR3HardenedWinVerifyCacheScheduleImports: Import todo: #0 'msvcrt.dll'.
818.6fc8: supHardenedWinVerifyImageByHandle: -> 0 (\Device\HarddiskVolume2\Windows\System32\wbemcomn.dll) WinVerifyTrust
818.6fc8: supR3HardenedWinVerifyCacheInsert: \Device\HarddiskVolume2\Windows\System32\wbemcomn.dll
818.6fc8: supR3HardenedWinVerifyCacheProcessImportTodos: Processing 'msvcrt.dll'...
818.6fc8: supR3HardenedWinVerifyCacheProcessImportTodos: 'msvcrt.dll' -> '\Device\HarddiskVolume2\Windows\System32\msvcrt.dll' [rcNtRedir=0xc0150008]
818.6fc8: supR3HardenedWinVerifyCacheProcessImportTodos: Processing 'msvcrt.dll'...
818.6fc8: supR3HardenedWinVerifyCacheProcessImportTodos: 'msvcrt.dll' -> '\Device\HarddiskVolume2\Windows\System32\msvcrt.dll' [rcNtRedir=0xc0150008]
818.6fc8: supR3HardenedMonitor_LdrLoadDll: pName=C:\WINDOWS\system32\wbem\wbemprox.dll (rcNtResolve=0xc0150008) *pfFlags=0x0 pwszSearchPath=0000000000002009:<flags> [calling]
818.6fc8: supR3HardenedScreenImage/NtCreateSection: cache hit (VINF_SUCCESS) on \Device\HarddiskVolume2\Windows\System32\wbem\wbemprox.dll
818.6fc8: supR3HardenedScreenImage/NtCreateSection: cache hit (VINF_SUCCESS) on \Device\HarddiskVolume2\Windows\System32\wbemcomn.dll
818.6fc8: supR3HardenedDllNotificationCallback: load   00007ffb7ca10000 LB 0x0007a000 C:\WINDOWS\SYSTEM32\wbemcomn.dll [fFlags=0x0]
818.6fc8: supR3HardenedScreenImage/LdrLoadDll: cache hit (VINF_SUCCESS) on \Device\HarddiskVolume2\Windows\System32\wbemcomn.dll
818.6fc8: supR3HardenedDllNotificationCallback: load   00007ffb7b5c0000 LB 0x00012000 C:\WINDOWS\system32\wbem\wbemprox.dll [fFlags=0x0]
818.6fc8: supR3HardenedScreenImage/LdrLoadDll: cache hit (VINF_SUCCESS) on \Device\HarddiskVolume2\Windows\System32\wbem\wbemprox.dll
818.6fc8: supR3HardenedIsApiSetDll: ApiSetQueryApiSetPresence(API-MS-Win-Core-LocalRegistry-L1-1-0.dll) -> 0x0, fPresent=1
818.6fc8: supR3HardenedMonitor_LdrLoadDll: pName=API-MS-Win-Core-LocalRegistry-L1-1-0.dll (rcNtResolve=0x0) *pfFlags=0x0 pwszSearchPath=0000000000000009:<flags> [calling]
818.6fc8: supR3HardenedMonitor_LdrLoadDll: returns rcNt=0x0 hMod=00007ffb96b60000 'API-MS-Win-Core-LocalRegistry-L1-1-0.dll'
818.6fc8: supR3HardenedMonitor_LdrLoadDll: returns rcNt=0x0 hMod=00007ffb7b5c0000 'C:\WINDOWS\system32\wbem\wbemprox.dll'
818.6fc8: supR3HardNtViCallWinVerifyTrustCatFile: hFile=0000000000000e10 pwszName=\Device\HarddiskVolume2\Windows\System32\wbem\wbemsvc.dll
818.6fc8: supR3HardNtViCallWinVerifyTrustCatFile: Cached context 00000268d31a1e60
818.6fc8: supR3HardNtViCallWinVerifyTrustCatFile: hCatAdmin=00000268d31a1e60
818.6fc8: supR3HardNtViCallWinVerifyTrustCatFile: cbHash=20 wszDigest=D5CAD0B27E414938C8CF30F9DB237D048116A3B9
818.6fc8: supR3HardenedMonitor_LdrLoadDll: returns rcNt=0x0 hMod=00007ffb95520000 'C:\WINDOWS\system32\rsaenh.dll'
818.6fc8: supR3HardenedMonitor_LdrLoadDll: returns rcNt=0x0 hMod=00007ffb972e0000 'C:\WINDOWS\System32\crypt32.dll'
818.6fc8: supR3HardNtViCallWinVerifyTrustCatFile: WinVerifyTrust => 0x0; cat='C:\WINDOWS\system32\CatRoot\{F750E6C3-38EE-11D1-85E5-00C04FC295EE}\Microsoft-Windows-Client-Desktop-Required-Package0112~31bf3856ad364e35~amd64~~10.0.26100.7462.cat'; file='\Device\HarddiskVolume2\Windows\System32\wbem\wbemsvc.dll'
818.6fc8: supR3HardNtViCallWinVerifyTrustCatFile -> 0 (org 22900)
818.6fc8: supR3HardenedWinVerifyCacheScheduleImports: Import todo: #0 'msvcrt.dll'.
818.6fc8: supR3HardenedWinVerifyCacheScheduleImports: Import todo: #1 'rpcrt4.dll'.
818.6fc8: supHardenedWinVerifyImageByHandle: -> 0 (\Device\HarddiskVolume2\Windows\System32\wbem\wbemsvc.dll) WinVerifyTrust
818.6fc8: supR3HardenedWinVerifyCacheInsert: \Device\HarddiskVolume2\Windows\System32\wbem\wbemsvc.dll
818.6fc8: supR3HardenedWinVerifyCacheProcessImportTodos: Processing 'rpcrt4.dll'...
818.6fc8: supR3HardenedWinVerifyCacheProcessImportTodos: 'rpcrt4.dll' -> '\Device\HarddiskVolume2\Windows\System32\rpcrt4.dll' [rcNtRedir=0xc0150008]
818.6fc8: supR3HardenedWinVerifyCacheProcessImportTodos: Processing 'msvcrt.dll'...
818.6fc8: supR3HardenedWinVerifyCacheProcessImportTodos: 'msvcrt.dll' -> '\Device\HarddiskVolume2\Windows\System32\msvcrt.dll' [rcNtRedir=0xc0150008]
818.6fc8: supR3HardenedMonitor_LdrLoadDll: pName=C:\WINDOWS\system32\wbem\wbemsvc.dll (rcNtResolve=0xc0150008) *pfFlags=0x0 pwszSearchPath=0000000000002009:<flags> [calling]
818.6fc8: supR3HardenedScreenImage/NtCreateSection: cache hit (VINF_SUCCESS) on \Device\HarddiskVolume2\Windows\System32\wbem\wbemsvc.dll
818.6fc8: supR3HardenedDllNotificationCallback: load   00007ffb7aa20000 LB 0x00015000 C:\WINDOWS\system32\wbem\wbemsvc.dll [fFlags=0x0]
818.6fc8: supR3HardenedScreenImage/LdrLoadDll: cache hit (VINF_SUCCESS) on \Device\HarddiskVolume2\Windows\System32\wbem\wbemsvc.dll
818.6fc8: supR3HardenedMonitor_LdrLoadDll: returns rcNt=0x0 hMod=00007ffb7aa20000 'C:\WINDOWS\system32\wbem\wbemsvc.dll'
818.6fc8: supR3HardenedIsApiSetDll: ApiSetQueryApiSetPresence(api-ms-win-core-localization-l1-2-0.dll) -> 0x0, fPresent=1
818.6fc8: supR3HardenedMonitor_LdrLoadDll: pName=api-ms-win-core-localization-l1-2-0.dll (rcNtResolve=0x0) *pfFlags=0x0 pwszSearchPath=0000000000000009:<flags> [calling]
818.6fc8: supR3HardenedMonitor_LdrLoadDll: returns rcNt=0x0 hMod=00007ffb96b60000 'api-ms-win-core-localization-l1-2-0.dll'
818.6fc8: supR3HardenedIsApiSetDll: ApiSetQueryApiSetPresence(api-ms-win-core-localization-obsolete-l1-1-0.dll) -> 0x0, fPresent=1
818.6fc8: supR3HardenedMonitor_LdrLoadDll: pName=api-ms-win-core-localization-obsolete-l1-1-0.dll (rcNtResolve=0x0) *pfFlags=0x0 pwszSearchPath=0000000000000009:<flags> [calling]
818.6fc8: supR3HardenedMonitor_LdrLoadDll: returns rcNt=0x0 hMod=00007ffb96b60000 'api-ms-win-core-localization-obsolete-l1-1-0.dll'
818.6fc8: supR3HardNtViCallWinVerifyTrustCatFile: hFile=0000000000000e2c pwszName=\Device\HarddiskVolume2\Windows\System32\wbem\fastprox.dll
818.6fc8: supR3HardNtViCallWinVerifyTrustCatFile: Cached context 00000268d31a1e60
818.6fc8: supR3HardNtViCallWinVerifyTrustCatFile: hCatAdmin=00000268d31a1e60
818.6fc8: supR3HardNtViCallWinVerifyTrustCatFile: cbHash=20 wszDigest=F7CED1B6246803194D6A6DE1CAB641C35E606923
818.6fc8: supR3HardenedMonitor_LdrLoadDll: returns rcNt=0x0 hMod=00007ffb95520000 'C:\WINDOWS\system32\rsaenh.dll'
818.6fc8: supR3HardenedMonitor_LdrLoadDll: returns rcNt=0x0 hMod=00007ffb972e0000 'C:\WINDOWS\System32\crypt32.dll'
818.6fc8: supR3HardNtViCallWinVerifyTrustCatFile: WinVerifyTrust => 0x0; cat='C:\WINDOWS\system32\CatRoot\{F750E6C3-38EE-11D1-85E5-00C04FC295EE}\Microsoft-Windows-Client-Desktop-Required-Package0112~31bf3856ad364e35~amd64~~10.0.26100.7462.cat'; file='\Device\HarddiskVolume2\Windows\System32\wbem\fastprox.dll'
818.6fc8: supR3HardNtViCallWinVerifyTrustCatFile -> 0 (org 22900)
818.6fc8: supR3HardenedWinVerifyCacheScheduleImports: Import todo: #0 'msvcrt.dll'.
818.6fc8: supR3HardenedWinVerifyCacheScheduleImports: Import todo: #20 'wbemcomn.dll'.
818.6fc8: supHardenedWinVerifyImageByHandle: -> 0 (\Device\HarddiskVolume2\Windows\System32\wbem\fastprox.dll) WinVerifyTrust
818.6fc8: supR3HardenedWinVerifyCacheInsert: \Device\HarddiskVolume2\Windows\System32\wbem\fastprox.dll
818.6fc8: supR3HardenedWinVerifyCacheProcessImportTodos: Processing 'wbemcomn.dll'...
818.6fc8: supR3HardenedWinVerifyCacheProcessImportTodos: 'wbemcomn.dll' -> '\Device\HarddiskVolume2\Windows\System32\wbemcomn.dll' [rcNtRedir=0xc0150008]
818.6fc8: supR3HardenedScreenImage/Imports: cache hit (VINF_SUCCESS) on \Device\HarddiskVolume2\Windows\System32\wbemcomn.dll
818.6fc8: supR3HardenedWinVerifyCacheProcessImportTodos: Processing 'msvcrt.dll'...
818.6fc8: supR3HardenedWinVerifyCacheProcessImportTodos: 'msvcrt.dll' -> '\Device\HarddiskVolume2\Windows\System32\msvcrt.dll' [rcNtRedir=0xc0150008]
818.6fc8: supR3HardenedMonitor_LdrLoadDll: pName=C:\WINDOWS\system32\wbem\fastprox.dll (rcNtResolve=0xc0150008) *pfFlags=0x0 pwszSearchPath=0000000000002009:<flags> [calling]
818.6fc8: supR3HardenedScreenImage/NtCreateSection: cache hit (VINF_SUCCESS) on \Device\HarddiskVolume2\Windows\System32\wbem\fastprox.dll
818.6fc8: supR3HardenedDllNotificationCallback: load   00007ffb7aef0000 LB 0x000f2000 C:\WINDOWS\system32\wbem\fastprox.dll [fFlags=0x0]
818.6fc8: supR3HardenedScreenImage/LdrLoadDll: cache hit (VINF_SUCCESS) on \Device\HarddiskVolume2\Windows\System32\wbem\fastprox.dll
818.6fc8: supR3HardenedMonitor_LdrLoadDll: returns rcNt=0x0 hMod=00007ffb7aef0000 'C:\WINDOWS\system32\wbem\fastprox.dll'
818.6fc8: supR3HardNtViCallWinVerifyTrustCatFile: hFile=0000000000000df0 pwszName=\Device\HarddiskVolume2\Windows\System32\amsi.dll
818.6fc8: supR3HardNtViCallWinVerifyTrustCatFile: Cached context 00000268d31a1e60
818.6fc8: supR3HardNtViCallWinVerifyTrustCatFile: hCatAdmin=00000268d31a1e60
818.6fc8: supR3HardNtViCallWinVerifyTrustCatFile: cbHash=20 wszDigest=184D676080373693A88754BAB4C700D01D774483
818.6fc8: supR3HardenedMonitor_LdrLoadDll: returns rcNt=0x0 hMod=00007ffb95520000 'C:\WINDOWS\system32\rsaenh.dll'
818.6fc8: supR3HardenedMonitor_LdrLoadDll: returns rcNt=0x0 hMod=00007ffb972e0000 'C:\WINDOWS\System32\crypt32.dll'
818.6fc8: supR3HardNtViCallWinVerifyTrustCatFile: WinVerifyTrust => 0x0; cat='C:\WINDOWS\system32\CatRoot\{F750E6C3-38EE-11D1-85E5-00C04FC295EE}\Microsoft-Windows-Client-Desktop-Required-Package05~31bf3856ad364e35~amd64~~10.0.26100.7462.cat'; file='\Device\HarddiskVolume2\Windows\System32\amsi.dll'
818.6fc8: supR3HardNtViCallWinVerifyTrustCatFile -> 0 (org 22900)
818.6fc8: supR3HardenedWinVerifyCacheScheduleImports: Import todo: #0 'msvcrt.dll'.
818.6fc8: supR3HardenedWinVerifyCacheScheduleImports: Import todo: #15 'rpcrt4.dll'.
818.6fc8: supHardenedWinVerifyImageByHandle: -> 0 (\Device\HarddiskVolume2\Windows\System32\amsi.dll) WinVerifyTrust
818.6fc8: supR3HardenedWinVerifyCacheInsert: \Device\HarddiskVolume2\Windows\System32\amsi.dll
818.6fc8: supR3HardenedWinVerifyCacheProcessImportTodos: Processing 'rpcrt4.dll'...
818.6fc8: supR3HardenedWinVerifyCacheProcessImportTodos: 'rpcrt4.dll' -> '\Device\HarddiskVolume2\Windows\System32\rpcrt4.dll' [rcNtRedir=0xc0150008]
818.6fc8: supR3HardenedWinVerifyCacheProcessImportTodos: Processing 'msvcrt.dll'...
818.6fc8: supR3HardenedWinVerifyCacheProcessImportTodos: 'msvcrt.dll' -> '\Device\HarddiskVolume2\Windows\System32\msvcrt.dll' [rcNtRedir=0xc0150008]
818.6fc8: supR3HardenedMonitor_LdrLoadDll: pName=C:\WINDOWS\System32\amsi.dll (Input=amsi.dll, rcNtResolve=0xc0150008) *pfFlags=0x0 pwszSearchPath=0000000000000801:<flags> [calling]
818.6fc8: supR3HardenedScreenImage/NtCreateSection: cache hit (VINF_SUCCESS) on \Device\HarddiskVolume2\Windows\System32\amsi.dll
818.6fc8: supR3HardenedDllNotificationCallback: load   00007ffb79fd0000 LB 0x0001d000 C:\WINDOWS\System32\amsi.dll [fFlags=0x0]
818.6fc8: supR3HardenedScreenImage/LdrLoadDll: cache hit (VINF_SUCCESS) on \Device\HarddiskVolume2\Windows\System32\amsi.dll
818.6fc8: supR3HardenedMonitor_LdrLoadDll: returns rcNt=0x0 hMod=00007ffb79fd0000 'C:\WINDOWS\System32\amsi.dll'
818.6fc8: supR3HardenedMonitor_LdrLoadDll: returns rcNt=0x0 hMod=00007ffb95520000 'C:\WINDOWS\system32\rsaenh.dll'
818.6fc8: supR3HardenedMonitor_LdrLoadDll: returns rcNt=0x0 hMod=00007ffb972e0000 'C:\WINDOWS\System32\crypt32.dll'
818.6fc8: supR3HardenedWinVerifyCacheScheduleImports: Import todo: #2 'advapi32.dll'.
818.6fc8: supR3HardenedWinVerifyCacheScheduleImports: Import todo: #3 'oleaut32.dll'.
818.6fc8: supR3HardenedWinVerifyCacheScheduleImports: Import todo: #4 'ole32.dll'.
818.6fc8: supHardenedWinVerifyImageByHandle: -> 0 (\Device\HarddiskVolume2\ProgramData\Microsoft\Windows Defender\Platform\4.18.25110.6-0\MpOAV.dll) WinVerifyTrust
818.6fc8: supR3HardenedWinVerifyCacheInsert: \Device\HarddiskVolume2\ProgramData\Microsoft\Windows Defender\Platform\4.18.25110.6-0\MpOAV.dll
818.6fc8: supR3HardenedWinVerifyCacheProcessImportTodos: Processing 'ole32.dll'...
818.6fc8: supR3HardenedWinVerifyCacheProcessImportTodos: 'ole32.dll' -> '\Device\HarddiskVolume2\Windows\System32\ole32.dll' [rcNtRedir=0xc0150008]
818.6fc8: supR3HardenedWinVerifyCacheProcessImportTodos: Processing 'oleaut32.dll'...
818.6fc8: supR3HardenedWinVerifyCacheProcessImportTodos: 'oleaut32.dll' -> '\Device\HarddiskVolume2\Windows\System32\oleaut32.dll' [rcNtRedir=0xc0150008]
818.6fc8: supR3HardenedWinVerifyCacheProcessImportTodos: Processing 'advapi32.dll'...
818.6fc8: supR3HardenedWinVerifyCacheProcessImportTodos: 'advapi32.dll' -> '\Device\HarddiskVolume2\Windows\System32\advapi32.dll' [rcNtRedir=0xc0150008]
818.6fc8: supR3HardenedMonitor_LdrLoadDll: pName=C:\ProgramData\Microsoft\Windows Defender\Platform\4.18.25110.6-0\MpOav.dll (rcNtResolve=0xc0150008) *pfFlags=0x0 pwszSearchPath=0000000000000001:<flags> [calling]
818.6fc8: supR3HardenedScreenImage/NtCreateSection: cache hit (VINF_SUCCESS) on \Device\HarddiskVolume2\ProgramData\Microsoft\Windows Defender\Platform\4.18.25110.6-0\MpOAV.dll
818.6fc8: supR3HardenedDllNotificationCallback: load   00007ffb799a0000 LB 0x000a2000 C:\ProgramData\Microsoft\Windows Defender\Platform\4.18.25110.6-0\MpOav.dll [fFlags=0x0]
818.6fc8: supR3HardenedScreenImage/LdrLoadDll: cache hit (VINF_SUCCESS) on \Device\HarddiskVolume2\ProgramData\Microsoft\Windows Defender\Platform\4.18.25110.6-0\MpOAV.dll
818.6fc8: supR3HardenedIsApiSetDll: ApiSetQueryApiSetPresence(api-ms-win-core-synch-l1-2-0) -> 0x0, fPresent=1
818.6fc8: supR3HardenedMonitor_LdrLoadDll: pName=api-ms-win-core-synch-l1-2-0 (rcNtResolve=0x0) *pfFlags=0x0 pwszSearchPath=0000000000000801:<flags> [calling]
818.6fc8: supR3HardenedMonitor_LdrLoadDll: returns rcNt=0x0 hMod=00007ffb96b60000 'api-ms-win-core-synch-l1-2-0'
818.6fc8: supR3HardenedIsApiSetDll: ApiSetQueryApiSetPresence(api-ms-win-core-fibers-l1-1-1) -> 0x0, fPresent=1
818.6fc8: supR3HardenedMonitor_LdrLoadDll: pName=api-ms-win-core-fibers-l1-1-1 (rcNtResolve=0x0) *pfFlags=0x0 pwszSearchPath=0000000000000801:<flags> [calling]
818.6fc8: supR3HardenedMonitor_LdrLoadDll: returns rcNt=0x0 hMod=00007ffb96b60000 'api-ms-win-core-fibers-l1-1-1'
818.6fc8: supR3HardenedIsApiSetDll: ApiSetQueryApiSetPresence(api-ms-win-core-fibers-l1-1-2) -> 0x0, fPresent=1
818.6fc8: supR3HardenedMonitor_LdrLoadDll: pName=api-ms-win-core-fibers-l1-1-2 (rcNtResolve=0x0) *pfFlags=0x0 pwszSearchPath=0000000000000801:<flags> [calling]
818.6fc8: supR3HardenedMonitor_LdrLoadDll: returns rcNt=0x0 hMod=00007ffb96b60000 'api-ms-win-core-fibers-l1-1-2'
818.6fc8: supR3HardenedScreenImage/LdrLoadDll: cache hit (VINF_SUCCESS) on \Device\HarddiskVolume2\Windows\System32\kernel32.dll
818.6fc8: supR3HardenedMonitor_LdrLoadDll: pName=C:\WINDOWS\System32\kernel32.dll (Input=kernel32, rcNtResolve=0xc0150008) *pfFlags=0x0 pwszSearchPath=0000000000000801:<flags> [calling]
818.6fc8: supR3HardenedMonitor_LdrLoadDll: returns rcNt=0x0 hMod=00007ffb989e0000 'C:\WINDOWS\System32\kernel32.dll'
818.6fc8: supR3HardenedScreenImage/LdrLoadDll: cache hit (VINF_SUCCESS) on \Device\HarddiskVolume2\Windows\System32\version.dll
818.6fc8: supR3HardenedMonitor_LdrLoadDll: pName=C:\WINDOWS\system32\version.dll (rcNtResolve=0xc0150008) *pfFlags=0x0 pwszSearchPath=0000000000000009:<flags> [calling]
818.6fc8: supR3HardenedMonitor_LdrLoadDll: returns rcNt=0x0 hMod=00007ffb8f510000 'C:\WINDOWS\system32\version.dll'
818.6fc8: supR3HardenedMonitor_LdrLoadDll: returns rcNt=0x0 hMod=00007ffb799a0000 'C:\ProgramData\Microsoft\Windows Defender\Platform\4.18.25110.6-0\MpOav.dll'
818.5a4c: supR3HardenedMonitor_LdrLoadDll: returns rcNt=0x0 hMod=00007ffb992c0000 'C:\WINDOWS\system32\ole32.dll'
818.57e0: supR3HardenedMonitor_LdrLoadDll: returns rcNt=0x0 hMod=00007ffb992c0000 'C:\WINDOWS\system32\ole32.dll'
818.65ec: supR3HardenedMonitor_LdrLoadDll: returns rcNt=0x0 hMod=00007ffb992c0000 'C:\WINDOWS\system32\ole32.dll'
818.66b4: supR3HardenedMonitor_LdrLoadDll: returns rcNt=0x0 hMod=00007ffb992c0000 'C:\WINDOWS\system32\ole32.dll'
818.5a4c: supR3HardenedMonitor_LdrLoadDll: returns rcNt=0x0 hMod=00007ffb95520000 'C:\WINDOWS\system32\rsaenh.dll'
818.5a4c: supR3HardenedScreenImage/LdrLoadDll: cache hit (VINF_SUCCESS) on \Device\HarddiskVolume2\Windows\System32\crypt32.dll
818.5a4c: supR3HardenedMonitor_LdrLoadDll: pName=C:\WINDOWS\System32\crypt32.dll (Input=crypt32.dll, rcNtResolve=0xc0150008) *pfFlags=0x0 pwszSearchPath=0000000000000001:<flags> [calling]
818.5a4c: supR3HardenedMonitor_LdrLoadDll: returns rcNt=0x0 hMod=00007ffb972e0000 'C:\WINDOWS\System32\crypt32.dll'
818.6480: supR3HardenedMonitor_LdrLoadDll: returns rcNt=0x0 hMod=00007ffb95520000 'C:\WINDOWS\system32\rsaenh.dll'
818.6480: supR3HardenedMonitor_LdrLoadDll: returns rcNt=0x0 hMod=00007ffb972e0000 'C:\WINDOWS\System32\crypt32.dll'
818.6480: supR3HardenedWinVerifyCacheScheduleImports: Import todo: #0 'vboxrt.dll'.
818.6480: supR3HardenedWinVerifyCacheScheduleImports: Import todo: #3 'user32.dll'.
818.6480: supR3HardenedWinVerifyCacheScheduleImports: Import todo: #4 'shell32.dll'.
818.6480: supR3HardenedWinVerifyCacheScheduleImports: Import todo: #5 'ole32.dll'.
818.6480: supR3HardenedWinVerifyCacheScheduleImports: Import todo: #6 'vcruntime140.dll'.
818.6480: supR3HardenedWinVerifyCacheScheduleImports: Import todo: #7 'vcruntime140_1.dll'.
818.6480: supR3HardenedWinVerifyCacheScheduleImports: Import todo: #8 'msvcp140.dll'.
818.6480: supHardenedWinVerifyImageByHandle: -> 0 (\Device\HarddiskVolume2\Program Files\Oracle\VirtualBox\VBoxSharedClipboard.dll) WinVerifyTrust
818.6480: supR3HardenedWinVerifyCacheInsert: \Device\HarddiskVolume2\Program Files\Oracle\VirtualBox\VBoxSharedClipboard.dll
818.6480: supR3HardenedWinVerifyCacheProcessImportTodos: Processing 'msvcp140.dll'...
818.6480: supR3HardenedWinVerifyCacheProcessImportTodos: 'msvcp140.dll' -> '\Device\HarddiskVolume2\Windows\System32\msvcp140.dll' [rcNtRedir=0xc0150008]
818.6480: supR3HardenedScreenImage/Imports: cache hit (VINF_SUCCESS) on \Device\HarddiskVolume2\Windows\System32\msvcp140.dll
818.6480: supR3HardenedWinVerifyCacheProcessImportTodos: Processing 'vcruntime140_1.dll'...
818.6480: supR3HardenedWinVerifyCacheProcessImportTodos: 'vcruntime140_1.dll' -> '\Device\HarddiskVolume2\Windows\System32\vcruntime140_1.dll' [rcNtRedir=0xc0150008]
818.6480: supR3HardenedWinVerifyCacheProcessImportTodos: Processing 'vcruntime140.dll'...
818.6480: supR3HardenedWinVerifyCacheProcessImportTodos: 'vcruntime140.dll' -> '\Device\HarddiskVolume2\Windows\System32\vcruntime140.dll' [rcNtRedir=0xc0150008]
818.6480: supR3HardenedWinVerifyCacheProcessImportTodos: Processing 'ole32.dll'...
818.6480: supR3HardenedWinVerifyCacheProcessImportTodos: 'ole32.dll' -> '\Device\HarddiskVolume2\Windows\System32\ole32.dll' [rcNtRedir=0xc0150008]
818.6480: supR3HardenedScreenImage/Imports: cache hit (VINF_SUCCESS) on \Device\HarddiskVolume2\Windows\System32\ole32.dll
818.6480: supR3HardenedWinVerifyCacheProcessImportTodos: Processing 'shell32.dll'...
818.6480: supR3HardenedWinVerifyCacheProcessImportTodos: 'shell32.dll' -> '\Device\HarddiskVolume2\Windows\System32\shell32.dll' [rcNtRedir=0xc0150008]
818.6480: supR3HardenedScreenImage/Imports: cache hit (VINF_SUCCESS) on \Device\HarddiskVolume2\Windows\System32\shell32.dll
818.6480: supR3HardenedWinVerifyCacheProcessImportTodos: Processing 'user32.dll'...
818.6480: supR3HardenedWinVerifyCacheProcessImportTodos: 'user32.dll' -> '\Device\HarddiskVolume2\Windows\System32\user32.dll' [rcNtRedir=0xc0150008]
818.6480: supR3HardenedWinVerifyCacheProcessImportTodos: Processing 'vboxrt.dll'...
818.6480: supR3HardenedWinVerifyCacheProcessImportTodos: 'vboxrt.dll' -> '\Device\HarddiskVolume2\Program Files\Oracle\VirtualBox\vboxrt.dll' [rcNtRedir=0xc0150008]
818.6480: supR3HardenedMonitor_LdrLoadDll: pName=C:\Program Files\Oracle\VirtualBox\VBoxSharedClipboard.DLL (rcNtResolve=0xc0150008) *pfFlags=0x0 pwszSearchPath=0000000000000001:<flags> [calling]
818.6480: supR3HardenedScreenImage/NtCreateSection: cache hit (VINF_SUCCESS) on \Device\HarddiskVolume2\Program Files\Oracle\VirtualBox\VBoxSharedClipboard.dll
818.6480: supR3HardenedDllNotificationCallback: load   00007ffb67fe0000 LB 0x00022000 C:\Program Files\Oracle\VirtualBox\VBoxSharedClipboard.DLL [fFlags=0x0]
818.6480: supR3HardenedScreenImage/LdrLoadDll: cache hit (VINF_SUCCESS) on \Device\HarddiskVolume2\Program Files\Oracle\VirtualBox\VBoxSharedClipboard.dll
818.6480: supR3HardenedMonitor_LdrLoadDll: returns rcNt=0x0 hMod=00007ffb67fe0000 'C:\Program Files\Oracle\VirtualBox\VBoxSharedClipboard.DLL'
818.68a0: supR3HardenedMonitor_LdrLoadDll: returns rcNt=0x0 hMod=00007ffb95520000 'C:\WINDOWS\system32\rsaenh.dll'
818.68a0: supR3HardenedMonitor_LdrLoadDll: returns rcNt=0x0 hMod=00007ffb972e0000 'C:\WINDOWS\System32\crypt32.dll'
818.68a0: supR3HardenedWinVerifyCacheScheduleImports: Import todo: #0 'vboxrt.dll'.
818.68a0: supR3HardenedWinVerifyCacheScheduleImports: Import todo: #2 'vcruntime140.dll'.
818.68a0: supR3HardenedWinVerifyCacheScheduleImports: Import todo: #3 'vcruntime140_1.dll'.
818.68a0: supR3HardenedWinVerifyCacheScheduleImports: Import todo: #4 'msvcp140.dll'.
818.68a0: supHardenedWinVerifyImageByHandle: -> 0 (\Device\HarddiskVolume2\Program Files\Oracle\VirtualBox\VBoxDragAndDropSvc.dll) WinVerifyTrust
818.68a0: supR3HardenedWinVerifyCacheInsert: \Device\HarddiskVolume2\Program Files\Oracle\VirtualBox\VBoxDragAndDropSvc.dll
818.68a0: supR3HardenedWinVerifyCacheProcessImportTodos: Processing 'msvcp140.dll'...
818.68a0: supR3HardenedWinVerifyCacheProcessImportTodos: 'msvcp140.dll' -> '\Device\HarddiskVolume2\Windows\System32\msvcp140.dll' [rcNtRedir=0xc0150008]
818.68a0: supR3HardenedWinVerifyCacheProcessImportTodos: Processing 'vcruntime140_1.dll'...
818.68a0: supR3HardenedWinVerifyCacheProcessImportTodos: 'vcruntime140_1.dll' -> '\Device\HarddiskVolume2\Windows\System32\vcruntime140_1.dll' [rcNtRedir=0xc0150008]
818.68a0: supR3HardenedScreenImage/Imports: cache hit (VINF_SUCCESS) on \Device\HarddiskVolume2\Windows\System32\vcruntime140_1.dll
818.68a0: supR3HardenedWinVerifyCacheProcessImportTodos: Processing 'vcruntime140.dll'...
818.68a0: supR3HardenedWinVerifyCacheProcessImportTodos: 'vcruntime140.dll' -> '\Device\HarddiskVolume2\Windows\System32\vcruntime140.dll' [rcNtRedir=0xc0150008]
818.68a0: supR3HardenedWinVerifyCacheProcessImportTodos: Processing 'vboxrt.dll'...
818.68a0: supR3HardenedWinVerifyCacheProcessImportTodos: 'vboxrt.dll' -> '\Device\HarddiskVolume2\Program Files\Oracle\VirtualBox\vboxrt.dll' [rcNtRedir=0xc0150008]
818.68a0: supR3HardenedMonitor_LdrLoadDll: pName=C:\Program Files\Oracle\VirtualBox\VBoxDragAndDropSvc.DLL (rcNtResolve=0xc0150008) *pfFlags=0x0 pwszSearchPath=0000000000000001:<flags> [calling]
818.68a0: supR3HardenedScreenImage/NtCreateSection: cache hit (VINF_SUCCESS) on \Device\HarddiskVolume2\Program Files\Oracle\VirtualBox\VBoxDragAndDropSvc.dll
818.68a0: supR3HardenedDllNotificationCallback: load   00007ffb8fb00000 LB 0x0000d000 C:\Program Files\Oracle\VirtualBox\VBoxDragAndDropSvc.DLL [fFlags=0x0]
818.68a0: supR3HardenedScreenImage/LdrLoadDll: cache hit (VINF_SUCCESS) on \Device\HarddiskVolume2\Program Files\Oracle\VirtualBox\VBoxDragAndDropSvc.dll
818.68a0: supR3HardenedMonitor_LdrLoadDll: returns rcNt=0x0 hMod=00007ffb8fb00000 'C:\Program Files\Oracle\VirtualBox\VBoxDragAndDropSvc.DLL'
818.5a4c: supR3HardenedScreenImage/LdrLoadDll: cache hit (VINF_SUCCESS) on \Device\HarddiskVolume2\Windows\System32\shell32.dll
818.5a4c: supR3HardenedMonitor_LdrLoadDll: pName=C:\WINDOWS\system32\Shell32.dll (rcNtResolve=0xc0150008) *pfFlags=0x0 pwszSearchPath=0000000000000001:<flags> [calling]
818.5a4c: supR3HardenedMonitor_LdrLoadDll: returns rcNt=0x0 hMod=00007ffb97fb0000 'C:\WINDOWS\system32\Shell32.dll'
818.5a4c: supR3HardenedMonitor_LdrLoadDll: returns rcNt=0x0 hMod=00007ffb95520000 'C:\WINDOWS\system32\rsaenh.dll'
818.5a4c: supR3HardenedMonitor_LdrLoadDll: returns rcNt=0x0 hMod=00007ffb972e0000 'C:\WINDOWS\System32\crypt32.dll'
818.5a4c: supR3HardenedMonitor_LdrLoadDll: returns rcNt=0x0 hMod=00007ffb95520000 'C:\WINDOWS\system32\rsaenh.dll'
818.5a4c: supR3HardenedMonitor_LdrLoadDll: returns rcNt=0x0 hMod=00007ffb972e0000 'C:\WINDOWS\System32\crypt32.dll'
818.5a4c: supR3HardenedWinVerifyCacheScheduleImports: Import todo: #0 'vboxrt.dll'.
818.5a4c: supR3HardenedWinVerifyCacheScheduleImports: Import todo: #1 'vboxddu.dll'.
818.5a4c: supR3HardenedWinVerifyCacheScheduleImports: Import todo: #2 'vboxdd2.dll'.
818.5a4c: supR3HardenedWinVerifyCacheScheduleImports: Import todo: #4 'user32.dll'.
818.5a4c: supR3HardenedWinVerifyCacheScheduleImports: Import todo: #5 'setupapi.dll'.
818.5a4c: supR3HardenedWinVerifyCacheScheduleImports: Import todo: #6 'ws2_32.dll'.
818.5a4c: supR3HardenedWinVerifyCacheScheduleImports: Import todo: #7 'ole32.dll'.
818.5a4c: supR3HardenedWinVerifyCacheScheduleImports: Import todo: #8 'oleaut32.dll'.
818.5a4c: supR3HardenedWinVerifyCacheScheduleImports: Import todo: #9 'iphlpapi.dll'.
818.5a4c: supR3HardenedWinVerifyCacheScheduleImports: Import todo: #21 'vcruntime140.dll'.
818.5a4c: supR3HardenedWinVerifyCacheScheduleImports: Import todo: #22 'vcruntime140_1.dll'.
818.5a4c: supHardenedWinVerifyImageByHandle: -> 0 (\Device\HarddiskVolume2\Program Files\Oracle\VirtualBox\VBoxDD.dll) WinVerifyTrust
818.5a4c: supR3HardenedWinVerifyCacheInsert: \Device\HarddiskVolume2\Program Files\Oracle\VirtualBox\VBoxDD.dll
818.5a4c: supR3HardenedWinVerifyCacheProcessImportTodos: Processing 'vcruntime140_1.dll'...
818.5a4c: supR3HardenedWinVerifyCacheProcessImportTodos: 'vcruntime140_1.dll' -> '\Device\HarddiskVolume2\Windows\System32\vcruntime140_1.dll' [rcNtRedir=0xc0150008]
818.5a4c: supR3HardenedWinVerifyCacheProcessImportTodos: Processing 'vcruntime140.dll'...
818.5a4c: supR3HardenedWinVerifyCacheProcessImportTodos: 'vcruntime140.dll' -> '\Device\HarddiskVolume2\Windows\System32\vcruntime140.dll' [rcNtRedir=0xc0150008]
818.5a4c: supR3HardenedWinVerifyCacheProcessImportTodos: Processing 'iphlpapi.dll'...
818.5a4c: supR3HardenedWinVerifyCacheProcessImportTodos: 'iphlpapi.dll' -> '\Device\HarddiskVolume2\Windows\System32\iphlpapi.dll' [rcNtRedir=0xc0150008]
818.5a4c: supR3HardenedScreenImage/LdrLoadDll: cache hit (VINF_SUCCESS) on \Device\HarddiskVolume2\Windows\System32\rsaenh.dll
818.5a4c: supR3HardenedMonitor_LdrLoadDll: pName=C:\WINDOWS\system32\rsaenh.dll (rcNtResolve=0xc0150008) *pfFlags=0x0 pwszSearchPath=0000000000000001:<flags> [calling]
818.5a4c: supR3HardenedMonitor_LdrLoadDll: returns rcNt=0x0 hMod=00007ffb95520000 'C:\WINDOWS\system32\rsaenh.dll'
818.5a4c: supR3HardenedMonitor_LdrLoadDll: returns rcNt=0x0 hMod=00007ffb972e0000 'C:\WINDOWS\System32\crypt32.dll'
818.5a4c: supHardenedWinVerifyImageByHandle: -> 0 (\Device\HarddiskVolume2\Windows\System32\IPHLPAPI.DLL) WinVerifyTrust
818.5a4c: supR3HardenedWinVerifyCacheInsert: \Device\HarddiskVolume2\Windows\System32\IPHLPAPI.DLL
818.5a4c: supR3HardenedWinVerifyCacheProcessImportTodos: Processing 'oleaut32.dll'...
818.5a4c: supR3HardenedWinVerifyCacheProcessImportTodos: 'oleaut32.dll' -> '\Device\HarddiskVolume2\Windows\System32\oleaut32.dll' [rcNtRedir=0xc0150008]
818.5a4c: supR3HardenedWinVerifyCacheProcessImportTodos: Processing 'ole32.dll'...
818.5a4c: supR3HardenedWinVerifyCacheProcessImportTodos: 'ole32.dll' -> '\Device\HarddiskVolume2\Windows\System32\ole32.dll' [rcNtRedir=0xc0150008]
818.5a4c: supR3HardenedWinVerifyCacheProcessImportTodos: Processing 'ws2_32.dll'...
818.5a4c: supR3HardenedWinVerifyCacheProcessImportTodos: 'ws2_32.dll' -> '\Device\HarddiskVolume2\Windows\System32\ws2_32.dll' [rcNtRedir=0xc0150008]
818.5a4c: supR3HardenedScreenImage/Imports: cache hit (VINF_SUCCESS) on \Device\HarddiskVolume2\Windows\System32\ws2_32.dll
818.5a4c: supR3HardenedWinVerifyCacheProcessImportTodos: Processing 'setupapi.dll'...
818.5a4c: supR3HardenedWinVerifyCacheProcessImportTodos: 'setupapi.dll' -> '\Device\HarddiskVolume2\Windows\System32\setupapi.dll' [rcNtRedir=0xc0150008]
818.5a4c: supR3HardenedScreenImage/Imports: cache hit (VINF_SUCCESS) on \Device\HarddiskVolume2\Windows\System32\setupapi.dll
818.5a4c: supR3HardenedWinVerifyCacheProcessImportTodos: Processing 'user32.dll'...
818.5a4c: supR3HardenedWinVerifyCacheProcessImportTodos: 'user32.dll' -> '\Device\HarddiskVolume2\Windows\System32\user32.dll' [rcNtRedir=0xc0150008]
818.5a4c: supR3HardenedWinVerifyCacheProcessImportTodos: Processing 'vboxdd2.dll'...
818.5a4c: supR3HardenedWinVerifyCacheProcessImportTodos: 'vboxdd2.dll' -> '\Device\HarddiskVolume2\Program Files\Oracle\VirtualBox\vboxdd2.dll' [rcNtRedir=0xc0150008]
818.5a4c: supR3HardenedMonitor_LdrLoadDll: returns rcNt=0x0 hMod=00007ffb95520000 'C:\WINDOWS\system32\rsaenh.dll'
818.5a4c: supR3HardenedMonitor_LdrLoadDll: returns rcNt=0x0 hMod=00007ffb972e0000 'C:\WINDOWS\System32\crypt32.dll'
818.5a4c: supR3HardenedWinVerifyCacheScheduleImports: Import todo: #0 'vboxrt.dll'.
818.5a4c: supR3HardenedWinVerifyCacheScheduleImports: Import todo: #3 'vcruntime140.dll'.
818.5a4c: supHardenedWinVerifyImageByHandle: -> 0 (\Device\HarddiskVolume2\Program Files\Oracle\VirtualBox\VBoxDD2.dll) WinVerifyTrust
818.5a4c: supR3HardenedWinVerifyCacheInsert: \Device\HarddiskVolume2\Program Files\Oracle\VirtualBox\VBoxDD2.dll
818.5a4c: supR3HardenedWinVerifyCacheProcessImportTodos: Processing 'vboxddu.dll'...
818.5a4c: supR3HardenedWinVerifyCacheProcessImportTodos: 'vboxddu.dll' -> '\Device\HarddiskVolume2\Program Files\Oracle\VirtualBox\vboxddu.dll' [rcNtRedir=0xc0150008]
818.5a4c: supR3HardenedWinVerifyCacheProcessImportTodos: Processing 'vcruntime140.dll'...
818.5a4c: supR3HardenedWinVerifyCacheProcessImportTodos: 'vcruntime140.dll' -> '\Device\HarddiskVolume2\Windows\System32\vcruntime140.dll' [rcNtRedir=0xc0150008]
818.5a4c: supR3HardenedWinVerifyCacheProcessImportTodos: Processing 'vboxrt.dll'...
818.5a4c: supR3HardenedWinVerifyCacheProcessImportTodos: 'vboxrt.dll' -> '\Device\HarddiskVolume2\Program Files\Oracle\VirtualBox\vboxrt.dll' [rcNtRedir=0xc0150008]
818.5a4c: supR3HardenedMonitor_LdrLoadDll: returns rcNt=0x0 hMod=00007ffb95520000 'C:\WINDOWS\system32\rsaenh.dll'
818.5a4c: supR3HardenedMonitor_LdrLoadDll: returns rcNt=0x0 hMod=00007ffb972e0000 'C:\WINDOWS\System32\crypt32.dll'
818.5a4c: supR3HardenedWinVerifyCacheScheduleImports: Import todo: #0 'vboxrt.dll'.
818.5a4c: supR3HardenedWinVerifyCacheScheduleImports: Import todo: #2 'user32.dll'.
818.5a4c: supR3HardenedWinVerifyCacheScheduleImports: Import todo: #3 'setupapi.dll'.
818.5a4c: supR3HardenedWinVerifyCacheScheduleImports: Import todo: #5 'vcruntime140.dll'.
818.5a4c: supR3HardenedWinVerifyCacheScheduleImports: Import todo: #6 'advapi32.dll'.
818.5a4c: supHardenedWinVerifyImageByHandle: -> 0 (\Device\HarddiskVolume2\Program Files\Oracle\VirtualBox\VBoxDDU.dll) WinVerifyTrust
818.5a4c: supR3HardenedWinVerifyCacheInsert: \Device\HarddiskVolume2\Program Files\Oracle\VirtualBox\VBoxDDU.dll
818.5a4c: supR3HardenedWinVerifyCacheProcessImportTodos: Processing 'vboxrt.dll'...
818.5a4c: supR3HardenedWinVerifyCacheProcessImportTodos: 'vboxrt.dll' -> '\Device\HarddiskVolume2\Program Files\Oracle\VirtualBox\vboxrt.dll' [rcNtRedir=0xc0150008]
818.5a4c: supR3HardenedWinVerifyCacheProcessImportTodos: Processing 'advapi32.dll'...
818.5a4c: supR3HardenedWinVerifyCacheProcessImportTodos: 'advapi32.dll' -> '\Device\HarddiskVolume2\Windows\System32\advapi32.dll' [rcNtRedir=0xc0150008]
818.5a4c: supR3HardenedWinVerifyCacheProcessImportTodos: Processing 'vcruntime140.dll'...
818.5a4c: supR3HardenedWinVerifyCacheProcessImportTodos: 'vcruntime140.dll' -> '\Device\HarddiskVolume2\Windows\System32\vcruntime140.dll' [rcNtRedir=0xc0150008]
818.5a4c: supR3HardenedWinVerifyCacheProcessImportTodos: Processing 'setupapi.dll'...
818.5a4c: supR3HardenedWinVerifyCacheProcessImportTodos: 'setupapi.dll' -> '\Device\HarddiskVolume2\Windows\System32\setupapi.dll' [rcNtRedir=0xc0150008]
818.5a4c: supR3HardenedScreenImage/Imports: cache hit (VINF_SUCCESS) on \Device\HarddiskVolume2\Windows\System32\setupapi.dll
818.5a4c: supR3HardenedWinVerifyCacheProcessImportTodos: Processing 'user32.dll'...
818.5a4c: supR3HardenedWinVerifyCacheProcessImportTodos: 'user32.dll' -> '\Device\HarddiskVolume2\Windows\System32\user32.dll' [rcNtRedir=0xc0150008]
818.5a4c: supR3HardenedWinVerifyCacheProcessImportTodos: Processing 'vboxrt.dll'...
818.5a4c: supR3HardenedWinVerifyCacheProcessImportTodos: 'vboxrt.dll' -> '\Device\HarddiskVolume2\Program Files\Oracle\VirtualBox\vboxrt.dll' [rcNtRedir=0xc0150008]
818.5a4c: supR3HardenedMonitor_LdrLoadDll: pName=C:\Program Files\Oracle\VirtualBox\VBoxDD.DLL (rcNtResolve=0xc0150008) *pfFlags=0x0 pwszSearchPath=0000000000000001:<flags> [calling]
818.5a4c: supR3HardenedScreenImage/NtCreateSection: cache hit (VINF_SUCCESS) on \Device\HarddiskVolume2\Program Files\Oracle\VirtualBox\VBoxDD.dll
818.5a4c: supR3HardenedScreenImage/NtCreateSection: cache hit (VINF_SUCCESS) on \Device\HarddiskVolume2\Program Files\Oracle\VirtualBox\VBoxDDU.dll
818.5a4c: supR3HardenedScreenImage/NtCreateSection: cache hit (VINF_SUCCESS) on \Device\HarddiskVolume2\Program Files\Oracle\VirtualBox\VBoxDD2.dll
818.5a4c: supR3HardenedScreenImage/NtCreateSection: cache hit (VINF_SUCCESS) on \Device\HarddiskVolume2\Windows\System32\IPHLPAPI.DLL
818.5a4c: supR3HardenedDllNotificationCallback: load   00007ffb26c20000 LB 0x00073000 C:\Program Files\Oracle\VirtualBox\VBoxDDU.dll [fFlags=0x0]
818.5a4c: supR3HardenedScreenImage/LdrLoadDll: cache hit (VINF_SUCCESS) on \Device\HarddiskVolume2\Program Files\Oracle\VirtualBox\VBoxDDU.dll
818.5a4c: supR3HardenedDllNotificationCallback: load   00007ffaa0870000 LB 0x00e5e000 C:\Program Files\Oracle\VirtualBox\VBoxDD2.dll [fFlags=0x0]
818.5a4c: supR3HardenedScreenImage/LdrLoadDll: cache hit (VINF_SUCCESS) on \Device\HarddiskVolume2\Program Files\Oracle\VirtualBox\VBoxDD2.dll
818.5a4c: supR3HardenedDllNotificationCallback: load   00007ffb94fd0000 LB 0x00034000 C:\WINDOWS\SYSTEM32\IPHLPAPI.DLL [fFlags=0x0]
818.5a4c: supR3HardenedScreenImage/LdrLoadDll: cache hit (VINF_SUCCESS) on \Device\HarddiskVolume2\Windows\System32\IPHLPAPI.DLL
818.5a4c: supR3HardenedDllNotificationCallback: load   00007ffaa2cd0000 LB 0x00ae2000 C:\Program Files\Oracle\VirtualBox\VBoxDD.DLL [fFlags=0x0]
818.5a4c: supR3HardenedScreenImage/LdrLoadDll: cache hit (VINF_SUCCESS) on \Device\HarddiskVolume2\Program Files\Oracle\VirtualBox\VBoxDD.dll
818.5a4c: supR3HardenedMonitor_LdrLoadDll: returns rcNt=0x0 hMod=00007ffaa2cd0000 'C:\Program Files\Oracle\VirtualBox\VBoxDD.DLL'
818.5a4c: supR3HardenedMonitor_LdrLoadDll: returns rcNt=0x0 hMod=00007ffb95520000 'C:\WINDOWS\system32\rsaenh.dll'
818.5a4c: supR3HardenedMonitor_LdrLoadDll: returns rcNt=0x0 hMod=00007ffb972e0000 'C:\WINDOWS\System32\crypt32.dll'
818.5a4c: supR3HardenedScreenImage/LdrLoadDll: cache hit (VINF_SUCCESS) on \Device\HarddiskVolume2\Program Files\Oracle\VirtualBox\VBoxC.dll
818.5a4c: supR3HardenedMonitor_LdrLoadDll: pName=C:\Program Files\Oracle\VirtualBox\VBoxC.DLL (rcNtResolve=0xc0150008) *pfFlags=0x0 pwszSearchPath=0000000000000001:<flags> [calling]
818.5a4c: supR3HardenedMonitor_LdrLoadDll: returns rcNt=0x0 hMod=00007ffad2bb0000 'C:\Program Files\Oracle\VirtualBox\VBoxC.DLL'
818.5a4c: supR3HardenedMonitor_LdrLoadDll: returns rcNt=0x0 hMod=00007ffb95520000 'C:\WINDOWS\system32\rsaenh.dll'
818.5a4c: supR3HardenedMonitor_LdrLoadDll: returns rcNt=0x0 hMod=00007ffb972e0000 'C:\WINDOWS\System32\crypt32.dll'
818.5a4c: supR3HardenedScreenImage/LdrLoadDll: cache hit (VINF_SUCCESS) on \Device\HarddiskVolume2\Program Files\Oracle\VirtualBox\VBoxDD2.dll
818.5a4c: supR3HardenedMonitor_LdrLoadDll: pName=C:\Program Files\Oracle\VirtualBox\VBoxDD2.DLL (rcNtResolve=0xc0150008) *pfFlags=0x0 pwszSearchPath=0000000000000001:<flags> [calling]
818.5a4c: supR3HardenedMonitor_LdrLoadDll: returns rcNt=0x0 hMod=00007ffaa0870000 'C:\Program Files\Oracle\VirtualBox\VBoxDD2.DLL'
818.5a4c: supR3HardenedMonitor_LdrLoadDll: returns rcNt=0x0 hMod=00007ffb95520000 'C:\WINDOWS\system32\rsaenh.dll'
818.5a4c: supR3HardenedMonitor_LdrLoadDll: returns rcNt=0x0 hMod=00007ffb972e0000 'C:\WINDOWS\System32\crypt32.dll'
818.5a4c: \Device\HarddiskVolume2\Program Files\Oracle\VirtualBox\ExtensionPacks\Oracle_VirtualBox_Extension_Pack\win.amd64\VBoxUsbCardReaderR3.dll: Owner is administrators group.
818.5a4c: supR3HardenedMonitor_LdrLoadDll: returns rcNt=0x0 hMod=00007ffb95520000 'C:\WINDOWS\system32\rsaenh.dll'
818.5a4c: supR3HardenedMonitor_LdrLoadDll: returns rcNt=0x0 hMod=00007ffb972e0000 'C:\WINDOWS\System32\crypt32.dll'
818.5a4c: supR3HardenedWinVerifyCacheScheduleImports: Import todo: #1 'vcruntime140.dll'.
818.5a4c: supR3HardenedWinVerifyCacheScheduleImports: Import todo: #2 'vboxrt.dll'.
818.5a4c: supHardenedWinVerifyImageByHandle: -> 0 (\Device\HarddiskVolume2\Program Files\Oracle\VirtualBox\ExtensionPacks\Oracle_VirtualBox_Extension_Pack\win.amd64\VBoxUsbCardReaderR3.dll) WinVerifyTrust
818.5a4c: supR3HardenedWinVerifyCacheInsert: \Device\HarddiskVolume2\Program Files\Oracle\VirtualBox\ExtensionPacks\Oracle_VirtualBox_Extension_Pack\win.amd64\VBoxUsbCardReaderR3.dll
818.5a4c: supR3HardenedWinVerifyCacheProcessImportTodos: Processing 'vboxrt.dll'...
818.5a4c: supR3HardenedWinVerifyCacheProcessImportTodos: 'vboxrt.dll' -> '\Device\HarddiskVolume2\Program Files\Oracle\VirtualBox\vboxrt.dll' [rcNtRedir=0xc0150008]
818.5a4c: supR3HardenedWinVerifyCacheProcessImportTodos: Processing 'vcruntime140.dll'...
818.5a4c: supR3HardenedWinVerifyCacheProcessImportTodos: 'vcruntime140.dll' -> '\Device\HarddiskVolume2\Windows\System32\vcruntime140.dll' [rcNtRedir=0xc0150008]
818.5a4c: supR3HardenedMonitor_LdrLoadDll: pName=C:\Program Files\Oracle\VirtualBox\ExtensionPacks\Oracle_VirtualBox_Extension_Pack\win.amd64\VBoxUsbCardReaderR3.DLL (rcNtResolve=0xc0150008) *pfFlags=0x0 pwszSearchPath=0000000000000001:<flags> [calling]
818.5a4c: supR3HardenedScreenImage/NtCreateSection: cache hit (VINF_SUCCESS) on \Device\HarddiskVolume2\Program Files\Oracle\VirtualBox\ExtensionPacks\Oracle_VirtualBox_Extension_Pack\win.amd64\VBoxUsbCardReaderR3.dll
818.5a4c: supR3HardenedDllNotificationCallback: load   00007ffb79530000 LB 0x00013000 C:\Program Files\Oracle\VirtualBox\ExtensionPacks\Oracle_VirtualBox_Extension_Pack\win.amd64\VBoxUsbCardReaderR3.DLL [fFlags=0x0]
818.5a4c: supR3HardenedScreenImage/LdrLoadDll: cache hit (VINF_SUCCESS) on \Device\HarddiskVolume2\Program Files\Oracle\VirtualBox\ExtensionPacks\Oracle_VirtualBox_Extension_Pack\win.amd64\VBoxUsbCardReaderR3.dll
818.5a4c: supR3HardenedMonitor_LdrLoadDll: returns rcNt=0x0 hMod=00007ffb79530000 'C:\Program Files\Oracle\VirtualBox\ExtensionPacks\Oracle_VirtualBox_Extension_Pack\win.amd64\VBoxUsbCardReaderR3.DLL'
818.5a4c: supR3HardenedMonitor_LdrLoadDll: returns rcNt=0x0 hMod=00007ffb95520000 'C:\WINDOWS\system32\rsaenh.dll'
818.5a4c: supR3HardenedMonitor_LdrLoadDll: returns rcNt=0x0 hMod=00007ffb972e0000 'C:\WINDOWS\System32\crypt32.dll'
818.6a54: supR3HardenedMonitor_LdrLoadDll: returns rcNt=0x0 hMod=00007ffb95520000 'C:\WINDOWS\system32\rsaenh.dll'
818.6a54: supR3HardenedMonitor_LdrLoadDll: returns rcNt=0x0 hMod=00007ffb972e0000 'C:\WINDOWS\System32\crypt32.dll'
818.6a54: supR3HardenedWinVerifyCacheScheduleImports: Import todo: #0 'vboxrt.dll'.
818.6a54: supR3HardenedWinVerifyCacheScheduleImports: Import todo: #1 'vcruntime140.dll'.
818.6a54: supHardenedWinVerifyImageByHandle: -> 0 (\Device\HarddiskVolume2\Program Files\Oracle\VirtualBox\VBoxSharedFolders.dll) WinVerifyTrust
818.6a54: supR3HardenedWinVerifyCacheInsert: \Device\HarddiskVolume2\Program Files\Oracle\VirtualBox\VBoxSharedFolders.dll
818.6a54: supR3HardenedWinVerifyCacheProcessImportTodos: Processing 'vcruntime140.dll'...
818.6a54: supR3HardenedWinVerifyCacheProcessImportTodos: 'vcruntime140.dll' -> '\Device\HarddiskVolume2\Windows\System32\vcruntime140.dll' [rcNtRedir=0xc0150008]
818.6a54: supR3HardenedWinVerifyCacheProcessImportTodos: Processing 'vboxrt.dll'...
818.6a54: supR3HardenedWinVerifyCacheProcessImportTodos: 'vboxrt.dll' -> '\Device\HarddiskVolume2\Program Files\Oracle\VirtualBox\vboxrt.dll' [rcNtRedir=0xc0150008]
818.6a54: supR3HardenedMonitor_LdrLoadDll: pName=C:\Program Files\Oracle\VirtualBox\VBoxSharedFolders.DLL (rcNtResolve=0xc0150008) *pfFlags=0x0 pwszSearchPath=0000000000000001:<flags> [calling]
818.6a54: supR3HardenedScreenImage/NtCreateSection: cache hit (VINF_SUCCESS) on \Device\HarddiskVolume2\Program Files\Oracle\VirtualBox\VBoxSharedFolders.dll
818.6a54: supR3HardenedDllNotificationCallback: load   00007ffb78b70000 LB 0x00015000 C:\Program Files\Oracle\VirtualBox\VBoxSharedFolders.DLL [fFlags=0x0]
818.6a54: supR3HardenedScreenImage/LdrLoadDll: cache hit (VINF_SUCCESS) on \Device\HarddiskVolume2\Program Files\Oracle\VirtualBox\VBoxSharedFolders.dll
818.6a54: supR3HardenedMonitor_LdrLoadDll: returns rcNt=0x0 hMod=00007ffb78b70000 'C:\Program Files\Oracle\VirtualBox\VBoxSharedFolders.DLL'
818.6ab8: supR3HardenedMonitor_LdrLoadDll: returns rcNt=0x0 hMod=00007ffb95520000 'C:\WINDOWS\system32\rsaenh.dll'
818.6ab8: supR3HardenedMonitor_LdrLoadDll: returns rcNt=0x0 hMod=00007ffb972e0000 'C:\WINDOWS\System32\crypt32.dll'
818.6ab8: supR3HardenedWinVerifyCacheScheduleImports: Import todo: #0 'vboxrt.dll'.
818.6ab8: supR3HardenedWinVerifyCacheScheduleImports: Import todo: #2 'vcruntime140.dll'.
818.6ab8: supR3HardenedWinVerifyCacheScheduleImports: Import todo: #3 'vcruntime140_1.dll'.
818.6ab8: supR3HardenedWinVerifyCacheScheduleImports: Import todo: #4 'msvcp140.dll'.
818.6ab8: supHardenedWinVerifyImageByHandle: -> 0 (\Device\HarddiskVolume2\Program Files\Oracle\VirtualBox\VBoxGuestControlSvc.dll) WinVerifyTrust
818.6ab8: supR3HardenedWinVerifyCacheInsert: \Device\HarddiskVolume2\Program Files\Oracle\VirtualBox\VBoxGuestControlSvc.dll
818.6ab8: supR3HardenedWinVerifyCacheProcessImportTodos: Processing 'msvcp140.dll'...
818.6ab8: supR3HardenedWinVerifyCacheProcessImportTodos: 'msvcp140.dll' -> '\Device\HarddiskVolume2\Windows\System32\msvcp140.dll' [rcNtRedir=0xc0150008]
818.6ab8: supR3HardenedWinVerifyCacheProcessImportTodos: Processing 'vcruntime140_1.dll'...
818.6ab8: supR3HardenedWinVerifyCacheProcessImportTodos: 'vcruntime140_1.dll' -> '\Device\HarddiskVolume2\Windows\System32\vcruntime140_1.dll' [rcNtRedir=0xc0150008]
818.6ab8: supR3HardenedWinVerifyCacheProcessImportTodos: Processing 'vcruntime140.dll'...
818.6ab8: supR3HardenedWinVerifyCacheProcessImportTodos: 'vcruntime140.dll' -> '\Device\HarddiskVolume2\Windows\System32\vcruntime140.dll' [rcNtRedir=0xc0150008]
818.6ab8: supR3HardenedWinVerifyCacheProcessImportTodos: Processing 'vboxrt.dll'...
818.6ab8: supR3HardenedWinVerifyCacheProcessImportTodos: 'vboxrt.dll' -> '\Device\HarddiskVolume2\Program Files\Oracle\VirtualBox\vboxrt.dll' [rcNtRedir=0xc0150008]
818.6ab8: supR3HardenedMonitor_LdrLoadDll: pName=C:\Program Files\Oracle\VirtualBox\VBoxGuestControlSvc.DLL (rcNtResolve=0xc0150008) *pfFlags=0x0 pwszSearchPath=0000000000000001:<flags> [calling]
818.6ab8: supR3HardenedScreenImage/NtCreateSection: cache hit (VINF_SUCCESS) on \Device\HarddiskVolume2\Program Files\Oracle\VirtualBox\VBoxGuestControlSvc.dll
818.6ab8: supR3HardenedDllNotificationCallback: load   00007ffb89c20000 LB 0x0000c000 C:\Program Files\Oracle\VirtualBox\VBoxGuestControlSvc.DLL [fFlags=0x0]
818.6ab8: supR3HardenedScreenImage/LdrLoadDll: cache hit (VINF_SUCCESS) on \Device\HarddiskVolume2\Program Files\Oracle\VirtualBox\VBoxGuestControlSvc.dll
818.6ab8: supR3HardenedMonitor_LdrLoadDll: returns rcNt=0x0 hMod=00007ffb89c20000 'C:\Program Files\Oracle\VirtualBox\VBoxGuestControlSvc.DLL'
818.5678: supR3HardenedMonitor_LdrLoadDll: returns rcNt=0x0 hMod=00007ffb95520000 'C:\WINDOWS\system32\rsaenh.dll'
818.5678: supR3HardenedMonitor_LdrLoadDll: returns rcNt=0x0 hMod=00007ffb972e0000 'C:\WINDOWS\System32\crypt32.dll'
818.5678: supR3HardenedWinVerifyCacheScheduleImports: Import todo: #0 'vboxrt.dll'.
818.5678: supR3HardenedWinVerifyCacheScheduleImports: Import todo: #2 'vcruntime140.dll'.
818.5678: supR3HardenedWinVerifyCacheScheduleImports: Import todo: #3 'vcruntime140_1.dll'.
818.5678: supR3HardenedWinVerifyCacheScheduleImports: Import todo: #4 'msvcp140.dll'.
818.5678: supHardenedWinVerifyImageByHandle: -> 0 (\Device\HarddiskVolume2\Program Files\Oracle\VirtualBox\VBoxGuestPropSvc.dll) WinVerifyTrust
818.5678: supR3HardenedWinVerifyCacheInsert: \Device\HarddiskVolume2\Program Files\Oracle\VirtualBox\VBoxGuestPropSvc.dll
818.5678: supR3HardenedWinVerifyCacheProcessImportTodos: Processing 'msvcp140.dll'...
818.5678: supR3HardenedWinVerifyCacheProcessImportTodos: 'msvcp140.dll' -> '\Device\HarddiskVolume2\Windows\System32\msvcp140.dll' [rcNtRedir=0xc0150008]
818.5678: supR3HardenedWinVerifyCacheProcessImportTodos: Processing 'vcruntime140_1.dll'...
818.5678: supR3HardenedWinVerifyCacheProcessImportTodos: 'vcruntime140_1.dll' -> '\Device\HarddiskVolume2\Windows\System32\vcruntime140_1.dll' [rcNtRedir=0xc0150008]
818.5678: supR3HardenedWinVerifyCacheProcessImportTodos: Processing 'vcruntime140.dll'...
818.5678: supR3HardenedWinVerifyCacheProcessImportTodos: 'vcruntime140.dll' -> '\Device\HarddiskVolume2\Windows\System32\vcruntime140.dll' [rcNtRedir=0xc0150008]
818.5678: supR3HardenedWinVerifyCacheProcessImportTodos: Processing 'vboxrt.dll'...
818.5678: supR3HardenedWinVerifyCacheProcessImportTodos: 'vboxrt.dll' -> '\Device\HarddiskVolume2\Program Files\Oracle\VirtualBox\vboxrt.dll' [rcNtRedir=0xc0150008]
818.5678: supR3HardenedMonitor_LdrLoadDll: pName=C:\Program Files\Oracle\VirtualBox\VBoxGuestPropSvc.DLL (rcNtResolve=0xc0150008) *pfFlags=0x0 pwszSearchPath=0000000000000001:<flags> [calling]
818.5678: supR3HardenedScreenImage/NtCreateSection: cache hit (VINF_SUCCESS) on \Device\HarddiskVolume2\Program Files\Oracle\VirtualBox\VBoxGuestPropSvc.dll
818.5678: supR3HardenedDllNotificationCallback: load   00007ffb7bd00000 LB 0x0000d000 C:\Program Files\Oracle\VirtualBox\VBoxGuestPropSvc.DLL [fFlags=0x0]
818.5678: supR3HardenedScreenImage/LdrLoadDll: cache hit (VINF_SUCCESS) on \Device\HarddiskVolume2\Program Files\Oracle\VirtualBox\VBoxGuestPropSvc.dll
818.5678: supR3HardenedMonitor_LdrLoadDll: returns rcNt=0x0 hMod=00007ffb7bd00000 'C:\Program Files\Oracle\VirtualBox\VBoxGuestPropSvc.DLL'
818.5a4c: supR3HardenedMonitor_LdrLoadDll: returns rcNt=0x0 hMod=00007ffb95520000 'C:\WINDOWS\system32\rsaenh.dll'
818.5a4c: supR3HardenedMonitor_LdrLoadDll: returns rcNt=0x0 hMod=00007ffb972e0000 'C:\WINDOWS\System32\crypt32.dll'
818.5a4c: supR3HardenedWinVerifyCacheScheduleImports: Import todo: #15 'ws2_32.dll'.
818.5a4c: supR3HardenedWinVerifyCacheScheduleImports: Import todo: #23 'rpcrt4.dll'.
818.5a4c: supHardenedWinVerifyImageByHandle: -> 0 (\Device\HarddiskVolume2\Windows\System32\mswsock.dll) WinVerifyTrust
818.5a4c: supR3HardenedWinVerifyCacheInsert: \Device\HarddiskVolume2\Windows\System32\mswsock.dll
818.5a4c: supR3HardenedWinVerifyCacheProcessImportTodos: Processing 'rpcrt4.dll'...
818.5a4c: supR3HardenedWinVerifyCacheProcessImportTodos: 'rpcrt4.dll' -> '\Device\HarddiskVolume2\Windows\System32\rpcrt4.dll' [rcNtRedir=0xc0150008]
818.5a4c: supR3HardenedWinVerifyCacheProcessImportTodos: Processing 'ws2_32.dll'...
818.5a4c: supR3HardenedWinVerifyCacheProcessImportTodos: 'ws2_32.dll' -> '\Device\HarddiskVolume2\Windows\System32\ws2_32.dll' [rcNtRedir=0xc0150008]
818.5a4c: supR3HardenedScreenImage/Imports: cache hit (VINF_SUCCESS) on \Device\HarddiskVolume2\Windows\System32\ws2_32.dll
818.5a4c: supR3HardenedMonitor_LdrLoadDll: pName=C:\WINDOWS\system32\mswsock.dll (rcNtResolve=0xc0150008) *pfFlags=0x0 pwszSearchPath=0000000000000001:<flags> [calling]
818.5a4c: supR3HardenedScreenImage/NtCreateSection: cache hit (VINF_SUCCESS) on \Device\HarddiskVolume2\Windows\System32\mswsock.dll
818.5a4c: supR3HardenedDllNotificationCallback: load   00007ffb95b30000 LB 0x0006b000 C:\WINDOWS\system32\mswsock.dll [fFlags=0x0]
818.5a4c: supR3HardenedScreenImage/LdrLoadDll: cache hit (VINF_SUCCESS) on \Device\HarddiskVolume2\Windows\System32\mswsock.dll
818.5a4c: supR3HardenedMonitor_LdrLoadDll: returns rcNt=0x0 hMod=00007ffb95b30000 'C:\WINDOWS\system32\mswsock.dll'
818.5a4c: supR3HardenedMonitor_LdrLoadDll: returns rcNt=0x0 hMod=00007ffb95520000 'C:\WINDOWS\system32\rsaenh.dll'
818.5a4c: supR3HardenedMonitor_LdrLoadDll: returns rcNt=0x0 hMod=00007ffb972e0000 'C:\WINDOWS\System32\crypt32.dll'
818.5a4c: supR3HardenedWinVerifyCacheScheduleImports: Import todo: #0 'msvcp_win.dll'.
818.5a4c: supHardenedWinVerifyImageByHandle: -> 0 (\Device\HarddiskVolume2\Windows\System32\MMDevAPI.dll) WinVerifyTrust
818.5a4c: supR3HardenedWinVerifyCacheInsert: \Device\HarddiskVolume2\Windows\System32\MMDevAPI.dll
818.5a4c: supR3HardenedWinVerifyCacheProcessImportTodos: Processing 'msvcp_win.dll'...
818.5a4c: supR3HardenedWinVerifyCacheProcessImportTodos: 'msvcp_win.dll' -> '\Device\HarddiskVolume2\Windows\System32\msvcp_win.dll' [rcNtRedir=0xc0150008]
818.5a4c: supR3HardenedMonitor_LdrLoadDll: pName=C:\WINDOWS\System32\MMDevApi.dll (rcNtResolve=0xc0150008) *pfFlags=0x0 pwszSearchPath=0000000000002009:<flags> [calling]
818.5a4c: supR3HardenedScreenImage/NtCreateSection: cache hit (VINF_SUCCESS) on \Device\HarddiskVolume2\Windows\System32\MMDevAPI.dll
818.5a4c: supR3HardenedDllNotificationCallback: load   00007ffb8f6b0000 LB 0x00097000 C:\WINDOWS\System32\MMDevApi.dll [fFlags=0x0]
818.5a4c: supR3HardenedScreenImage/LdrLoadDll: cache hit (VINF_SUCCESS) on \Device\HarddiskVolume2\Windows\System32\MMDevAPI.dll
818.5a4c: supR3HardenedMonitor_LdrLoadDll: returns rcNt=0x0 hMod=00007ffb8f6b0000 'C:\WINDOWS\System32\MMDevApi.dll'
818.5a4c: supR3HardenedScreenImage/LdrLoadDll: cache hit (VINF_SUCCESS) on \Device\HarddiskVolume2\Windows\System32\MMDevAPI.dll
818.5a4c: supR3HardenedMonitor_LdrLoadDll: pName=C:\WINDOWS\System32\MMDEVAPI.DLL (Input=MMDEVAPI.DLL, rcNtResolve=0xc0150008) *pfFlags=0x0 pwszSearchPath=0000000000000001:<flags> [calling]
818.5a4c: supR3HardenedMonitor_LdrLoadDll: returns rcNt=0x0 hMod=00007ffb8f6b0000 'C:\WINDOWS\System32\MMDEVAPI.DLL'
818.5a4c: supR3HardenedIsApiSetDll: ApiSetQueryApiSetPresence(api-ms-win-core-sysinfo-l1-2-1) -> 0x0, fPresent=1
818.5a4c: supR3HardenedMonitor_LdrLoadDll: pName=api-ms-win-core-sysinfo-l1-2-1 (rcNtResolve=0x0) *pfFlags=0x0 pwszSearchPath=0000000000000801:<flags> [calling]
818.5a4c: supR3HardenedMonitor_LdrLoadDll: returns rcNt=0x0 hMod=00007ffb96b60000 'api-ms-win-core-sysinfo-l1-2-1'
818.18c4: supR3HardenedMonitor_LdrLoadDll: returns rcNt=0x0 hMod=00007ffb95520000 'C:\WINDOWS\system32\rsaenh.dll'
818.6fc8: supR3HardenedScreenImage/NtCreateSection: cache hit (VINF_SUCCESS) on \Device\HarddiskVolume2\Windows\System32\imageres.dll
818.6fc8: supR3HardenedMonitor_NtCreateSection: NtMapViewOfSection failed on 0000000000000e7c (hFile=0000000000000e80) with 0xc0000022 -> STATUS_TRUST_FAILURE
818.6fc8: supR3HardenedMonitor_NtCreateSection: NtMapViewOfSection failed on 0000000000001260 (hFile=0000000000001244) with 0xc0000022 -> STATUS_TRUST_FAILURE
818.6fc8: supR3HardenedMonitor_NtCreateSection: NtMapViewOfSection failed on 0000000000001244 (hFile=0000000000001260) with 0xc0000022 -> STATUS_TRUST_FAILURE
818.6fc8: supR3HardenedMonitor_NtCreateSection: NtMapViewOfSection failed on 0000000000001260 (hFile=0000000000001244) with 0xc0000022 -> STATUS_TRUST_FAILURE
818.6fc8: supR3HardenedMonitor_LdrLoadDll: returns rcNt=0x0 hMod=00007ffb992c0000 'C:\WINDOWS\system32\ole32.dll'
818.5678: supR3HardenedDllNotificationCallback: Unload 00007ffb7bd00000 LB 0x0000d000 C:\Program Files\Oracle\VirtualBox\VBoxGuestPropSvc.DLL [flags=0x0]
818.6ab8: supR3HardenedDllNotificationCallback: Unload 00007ffb89c20000 LB 0x0000c000 C:\Program Files\Oracle\VirtualBox\VBoxGuestControlSvc.DLL [flags=0x0]
818.6a54: supR3HardenedDllNotificationCallback: Unload 00007ffb78b70000 LB 0x00015000 C:\Program Files\Oracle\VirtualBox\VBoxSharedFolders.DLL [flags=0x0]
818.68a0: supR3HardenedDllNotificationCallback: Unload 00007ffb8fb00000 LB 0x0000d000 C:\Program Files\Oracle\VirtualBox\VBoxDragAndDropSvc.DLL [flags=0x0]
818.6480: supR3HardenedWinVerifyCacheScheduleImports: Import todo: #0 'msvcrt.dll'.
818.6480: supHardenedWinVerifyImageByHandle: -> 22900 (\Device\HarddiskVolume2\Windows\System32\edputil.dll)
818.6480: supR3HardenedWinVerifyCacheInsert: \Device\HarddiskVolume2\Windows\System32\edputil.dll
818.6480: supR3HardenedDllNotificationCallback: load   00007ffb71440000 LB 0x00029000 C:\WINDOWS\SYSTEM32\edputil.dll [fFlags=0x0]
818.6480: supR3HardenedScreenImage/LdrLoadDll: cache hit (22900) on \Device\HarddiskVolume2\Windows\System32\edputil.dll [avoiding WinVerifyTrust]
818.6480: supR3HardenedDllNotificationCallback: Unload 00007ffb67fe0000 LB 0x00022000 C:\Program Files\Oracle\VirtualBox\VBoxSharedClipboard.DLL [flags=0x0]
818.5a4c: supR3HardenedDllNotificationCallback: Unload 00007ffb79530000 LB 0x00013000 C:\Program Files\Oracle\VirtualBox\ExtensionPacks\Oracle_VirtualBox_Extension_Pack\win.amd64\VBoxUsbCardReaderR3.DLL [flags=0x0]
818.5a4c: supR3HardenedDllNotificationCallback: Unload 00007ffaa2cd0000 LB 0x00ae2000 C:\Program Files\Oracle\VirtualBox\VBoxDD.DLL [flags=0x0]
818.5a4c: supR3HardenedDllNotificationCallback: Unload 00007ffb26c20000 LB 0x00073000 C:\Program Files\Oracle\VirtualBox\VBoxDDU.dll [flags=0x0]
818.5a4c: supR3HardenedDllNotificationCallback: Unload 00007ffaa0870000 LB 0x00e5e000 C:\Program Files\Oracle\VirtualBox\VBoxDD2.dll [flags=0x0]
818.5a4c: supR3HardenedDllNotificationCallback: Unload 00007ffb94fd0000 LB 0x00034000 C:\WINDOWS\SYSTEM32\IPHLPAPI.DLL [flags=0x0]
818.6fc8: supR3HardenedDllNotificationCallback: Unload 00007ffb8fb10000 LB 0x00008000 C:\Program Files\Oracle\VirtualBox\ExtensionPacks\Oracle_VirtualBox_Extension_Pack\win.amd64\VBoxPuelMainVM.DLL [flags=0x0]
818.6fc8: supR3HardenedDllNotificationCallback: Unload 00007ffab2670000 LB 0x005b4000 C:\Program Files\Oracle\VirtualBox\VBoxVMM.DLL [flags=0x0]
818.6fc8: supR3HardenedDllNotificationCallback: Unload 00007ffb7aa20000 LB 0x00015000 C:\WINDOWS\system32\wbem\wbemsvc.dll [flags=0x0]
818.6fc8: supR3HardenedDllNotificationCallback: Unload 00007ffb69140000 LB 0x0005a000 C:\WINDOWS\system32\dataexchange.dll [flags=0x0]
818.6fc8: supR3HardenedDllNotificationCallback: Unload 00007ffb89610000 LB 0x00244000 C:\WINDOWS\system32\twinapi.appcore.dll [flags=0x0]
818.6fc8: supR3HardenedDllNotificationCallback: Unload 00007ffb7aef0000 LB 0x000f2000 C:\WINDOWS\system32\wbem\fastprox.dll [flags=0x0]
818.6fc8: supR3HardenedDllNotificationCallback: Unload 00007ffb24370000 LB 0x000e7000 C:\Program Files\Oracle\VirtualBox\VBoxProxyStub.dll [flags=0x0]
818.6fc8: supR3HardenedDllNotificationCallback: Unload 00007ffb7b5c0000 LB 0x00012000 C:\WINDOWS\system32\wbem\wbemprox.dll [flags=0x0]
818.6fc8: supR3HardenedDllNotificationCallback: Unload 00007ffb7ca10000 LB 0x0007a000 C:\WINDOWS\SYSTEM32\wbemcomn.dll [flags=0x0]
818.6fc8: supR3HardenedDllNotificationCallback: Unload 00007ffad2bb0000 LB 0x0041c000 C:\Program Files\Oracle\VirtualBox\VBoxC.dll [flags=0x0]
818.6fc8: Terminating the normal way: rcExit=0
6f8c.148c: supR3HardNtChildWaitFor[2]: Quitting: ExitCode=0x0 (rcNtWait=0x0, rcNt1=0x0, rcNt2=0x103, rcNt3=0x103, 44242 ms, the end);
680c.30e0: supR3HardNtChildWaitFor[1]: Quitting: ExitCode=0x0 (rcNtWait=0x0, rcNt1=0x0, rcNt2=0x103, rcNt3=0x103, 45161 ms, the end);
