00:00:03.281239 VirtualBox VM 7.2.4 r170995 win.amd64 (Oct 17 2025 12:31:09) release log
00:00:03.281240 Log opened 2026-01-02T10:46:10.179398100Z
00:00:03.281240 Build Type: release
00:00:03.281241 OS Product: Windows 11
00:00:03.281387 OS Release: 10.0.26200.7462
00:00:03.281390 OS Service Pack: 
00:00:03.324324 DMI Product Name: B550 GAMING X
00:00:03.327677 DMI Product Version: Default string
00:00:03.327682 Firmware type: UEFI
00:00:03.328044 Secure Boot: Disabled
00:00:03.328049 Host RAM: 32671MB (31.9GB) total, 22788MB (22.2GB) available
00:00:03.328051 Executable: C:\Program Files\Oracle\VirtualBox\VirtualBoxVM.exe
00:00:03.328051 Process ID: 2072
00:00:03.328052 Package type: WINDOWS_64BITS_GENERIC
00:00:03.328052 Windows Features:
00:00:03.328052   Core Isolation (Memory Integrity): Not supported
00:00:03.328385 Installed Extension Packs:
00:00:03.328398   Oracle VirtualBox Extension Pack (Version: 7.2.4 r170995; VRDE Module: VBoxVRDP; Crypto Module: VBoxPuelCrypto)
00:00:03.328794 Console: Machine state changed to 'Starting'
00:00:03.328914 GUI: Qt version: 6.8.0
00:00:03.328927 GUI: HID LEDs sync is enabled
00:00:03.332711 GUI: UIMediumEnumerator: Medium-enumeration finished!
00:00:03.350183 GUI: Cannot notify guest about VM window out-of-focus event
00:00:03.361195 SUP: seg #0: R   0x00000000 LB 0x00001000
00:00:03.361209 SUP: seg #1: R X 0x00001000 LB 0x001fd000
00:00:03.361213 SUP: seg #2: R   0x001fe000 LB 0x00054000
00:00:03.361217 SUP: seg #3: RW  0x00252000 LB 0x00013000
00:00:03.361221 SUP: seg #4: R   0x00265000 LB 0x00014000
00:00:03.361224 SUP: seg #5: RW  0x00279000 LB 0x00004000
00:00:03.361227 SUP: seg #6: R   0x0027d000 LB 0x00008000
00:00:03.361230 SUP: seg #7: R X 0x00285000 LB 0x00002000
00:00:03.361233 SUP: seg #8: R   0x00287000 LB 0x00007000
00:00:03.362398 SUP: Loaded VMMR0.r0 (C:\Program Files\Oracle\VirtualBox/VMMR0.r0) at 0xXXXXXXXXXXXXXXXX - ModuleInit at XXXXXXXXXXXXXXXX and ModuleTerm at XXXXXXXXXXXXXXXX using the native ring-0 loader
00:00:03.362412 SUP: VMMR0EntryEx located at XXXXXXXXXXXXXXXX and VMMR0EntryFast at XXXXXXXXXXXXXXXX
00:00:03.362416 SUP: windbg> .reload /f C:\Program Files\Oracle\VirtualBox/VMMR0.r0=0xXXXXXXXXXXXXXXXX
00:00:03.364063 Guest architecture: x86
00:00:03.364110 Guest OS type: 'Debian_64'
00:00:03.364450 fHMForced=true - No raw-mode support in this build!
00:00:03.364462 Using execution engine 1
00:00:03.377423 Shared Clipboard: Initialized OLE
00:00:03.377458 Shared Clipboard: Service loaded
00:00:03.377471 Shared Clipboard: Mode: Off
00:00:03.377515 Shared Clipboard: Service running in normal mode
00:00:03.384956 Drag and drop service loaded
00:00:03.384963 Drag and drop mode: Off
00:00:03.385445 Audio: Detected default audio driver type is 'HostAudioWas'
00:00:03.387869 ************************* CFGM dump *************************
00:00:03.387874 [/] (level 0)
00:00:03.387875   CpuExecutionCap   <integer> = 0x0000000000000064 (100)
00:00:03.387877   EnablePAE         <integer> = 0x0000000000000001 (1)
00:00:03.387878   HMEnabled         <integer> = 0x0000000000000001 (1)
00:00:03.387878   MemBalloonSize    <integer> = 0x0000000000000000 (0, 0 B)
00:00:03.387879   Name              <string>  = "Clonezilla" (cb=11)
00:00:03.387880   NumCPUs           <integer> = 0x0000000000000004 (4)
00:00:03.387880   PageFusionAllowed <integer> = 0x0000000000000000 (0)
00:00:03.387881   RamHoleSize       <integer> = 0x0000000020000000 (536 870 912, 512.0 MiB)
00:00:03.387881   RamSize           <integer> = 0x0000000200000000 (8 589 934 592, 8.0 GiB)
00:00:03.387882   TimerMillies      <integer> = 0x000000000000000a (10)
00:00:03.387882   UUID              <bytes>   = "59 37 87 f8 ac a3 32 40 b0 54 f3 a7 cb 63 d3 33" (cb=16)
00:00:03.387884 
00:00:03.387884 [/CPUM/] (level 1)
00:00:03.387885   Enable64bit        <integer> = 0x0000000000000001 (1)
00:00:03.387885   GuestCpuName       <string>  = "host" (cb=5)
00:00:03.387886   NestedHWVirt       <integer> = 0x0000000000000000 (0)
00:00:03.387886   PortableCpuIdLevel <integer> = 0x0000000000000000 (0)
00:00:03.387887   SpecCtrl           <integer> = 0x0000000000000000 (0)
00:00:03.387887 
00:00:03.387887 [/CPUM/IsaExts/] (level 2)
00:00:03.387887 
00:00:03.387888 [/DBGC/] (level 1)
00:00:03.387888   GlobalInitScript <string>  = "C:\Users\deadn1ntendogs\.VirtualBox/dbgc-init" (cb=46)
00:00:03.387888   HistoryFile      <string>  = "C:\Users\deadn1ntendogs\.VirtualBox/dbgc-history" (cb=49)
00:00:03.387889   LocalInitScript  <string>  = "C:\Users\deadn1ntendogs\VirtualBox VMs\Clonezilla/dbgc-init" (cb=60)
00:00:03.387889 
00:00:03.387889 [/DBGF/] (level 1)
00:00:03.387889   Path <string>  = "C:\Users\deadn1ntendogs\VirtualBox VMs\Clonezilla/debug/;C:\Users\deadn1ntendogs\VirtualBox VMs\Clonezilla/;cache*C:\Users\deadn1ntendogs\VirtualBox VMs\Clonezilla/dbgcache/;C:\Users\deadn1ntendogs\" (cb=199)
00:00:03.387890 
00:00:03.387890 [/Devices/] (level 1)
00:00:03.387890 
00:00:03.387890 [/Devices/3c501/] (level 2)
00:00:03.387891 
00:00:03.387891 [/Devices/8237A/] (level 2)
00:00:03.387891 
00:00:03.387891 [/Devices/8237A/0/] (level 3)
00:00:03.387892   Trusted <integer> = 0x0000000000000001 (1)
00:00:03.387892 
00:00:03.387892 [/Devices/GIMDev/] (level 2)
00:00:03.387893 
00:00:03.387893 [/Devices/GIMDev/0/] (level 3)
00:00:03.387893   Trusted <integer> = 0x0000000000000001 (1)
00:00:03.387894 
00:00:03.387894 [/Devices/VMMDev/] (level 2)
00:00:03.387894 
00:00:03.387894 [/Devices/VMMDev/0/] (level 3)
00:00:03.387895   PCIBusNo      <integer> = 0x0000000000000000 (0)
00:00:03.387895   PCIDeviceNo   <integer> = 0x0000000000000004 (4)
00:00:03.387895   PCIFunctionNo <integer> = 0x0000000000000000 (0)
00:00:03.387895   Trusted       <integer> = 0x0000000000000001 (1)
00:00:03.387896 
00:00:03.387896 [/Devices/VMMDev/0/Config/] (level 4)
00:00:03.387896   GuestCoreDumpDir <string>  = "C:\Users\deadn1ntendogs\VirtualBox VMs\Clonezilla\Snapshots" (cb=60)
00:00:03.387897 
00:00:03.387897 [/Devices/VMMDev/0/LUN#0/] (level 4)
00:00:03.387897   Driver <string>  = "HGCM" (cb=5)
00:00:03.387898 
00:00:03.387898 [/Devices/VMMDev/0/LUN#0/Config/] (level 5)
00:00:03.387898 
00:00:03.387898 [/Devices/VMMDev/0/LUN#999/] (level 4)
00:00:03.387899   Driver <string>  = "MainStatus" (cb=11)
00:00:03.387899 
00:00:03.387899 [/Devices/VMMDev/0/LUN#999/Config/] (level 5)
00:00:03.387900   First                <integer> = 0x0000000000000000 (0)
00:00:03.387900   HasMediumAttachments <integer> = 0x0000000000000000 (0)
00:00:03.387900   Last                 <integer> = 0x0000000000000000 (0)
00:00:03.387901   iLedSet              <integer> = 0x0000000000000004 (4)
00:00:03.387901 
00:00:03.387901 [/Devices/acpi/] (level 2)
00:00:03.387902 
00:00:03.387902 [/Devices/acpi/0/] (level 3)
00:00:03.387902   PCIBusNo      <integer> = 0x0000000000000000 (0)
00:00:03.387902   PCIDeviceNo   <integer> = 0x0000000000000007 (7)
00:00:03.387903   PCIFunctionNo <integer> = 0x0000000000000000 (0)
00:00:03.387903   Trusted       <integer> = 0x0000000000000001 (1)
00:00:03.387903 
00:00:03.387905 [/Devices/acpi/0/Config/] (level 4)
00:00:03.387906   CpuHotPlug          <integer> = 0x0000000000000000 (0)
00:00:03.387906   FdcEnabled          <integer> = 0x0000000000000000 (0)
00:00:03.387907   HostBusPciAddress   <integer> = 0x0000000000000000 (0)
00:00:03.387907   HpetEnabled         <integer> = 0x0000000000000000 (0)
00:00:03.387907   IOAPIC              <integer> = 0x0000000000000001 (1)
00:00:03.387907   IocPciAddress       <integer> = 0x0000000000010000 (65 536)
00:00:03.387908   NumCPUs             <integer> = 0x0000000000000004 (4)
00:00:03.387908   Parallel0IoPortBase <integer> = 0x0000000000000000 (0)
00:00:03.387909   Parallel0Irq        <integer> = 0x0000000000000000 (0)
00:00:03.387909   Parallel1IoPortBase <integer> = 0x0000000000000000 (0)
00:00:03.387909   Parallel1Irq        <integer> = 0x0000000000000000 (0)
00:00:03.387909   Serial0IoPortBase   <integer> = 0x0000000000000000 (0)
00:00:03.387910   Serial0Irq          <integer> = 0x0000000000000000 (0)
00:00:03.387910   Serial1IoPortBase   <integer> = 0x0000000000000000 (0)
00:00:03.387910   Serial1Irq          <integer> = 0x0000000000000000 (0)
00:00:03.387911   ShowCpu             <integer> = 0x0000000000000001 (1)
00:00:03.387911   ShowRtc             <integer> = 0x0000000000000000 (0)
00:00:03.387911   SmcEnabled          <integer> = 0x0000000000000000 (0)
00:00:03.387912   TpmMode             <string>  = "fifo2.0" (cb=8)
00:00:03.387912 
00:00:03.387912 [/Devices/acpi/0/LUN#0/] (level 4)
00:00:03.387913   Driver <string>  = "ACPIHost" (cb=9)
00:00:03.387913 
00:00:03.387913 [/Devices/acpi/0/LUN#0/Config/] (level 5)
00:00:03.387913 
00:00:03.387913 [/Devices/acpi/0/LUN#1/] (level 4)
00:00:03.387914   Driver <string>  = "ACPICpu" (cb=8)
00:00:03.387914 
00:00:03.387914 [/Devices/acpi/0/LUN#1/Config/] (level 5)
00:00:03.387915 
00:00:03.387915 [/Devices/acpi/0/LUN#2/] (level 4)
00:00:03.387915   Driver <string>  = "ACPICpu" (cb=8)
00:00:03.387915 
00:00:03.387915 [/Devices/acpi/0/LUN#2/Config/] (level 5)
00:00:03.387916 
00:00:03.387916 [/Devices/acpi/0/LUN#3/] (level 4)
00:00:03.387916   Driver <string>  = "ACPICpu" (cb=8)
00:00:03.387917 
00:00:03.387917 [/Devices/acpi/0/LUN#3/Config/] (level 5)
00:00:03.387917 
00:00:03.387917 [/Devices/apic/] (level 2)
00:00:03.387918 
00:00:03.387918 [/Devices/apic/0/] (level 3)
00:00:03.387918   Trusted <integer> = 0x0000000000000001 (1)
00:00:03.387919 
00:00:03.387919 [/Devices/apic/0/Config/] (level 4)
00:00:03.387919   IOAPIC  <integer> = 0x0000000000000001 (1)
00:00:03.387920   Mode    <integer> = 0x0000000000000002 (2)
00:00:03.387920   NumCPUs <integer> = 0x0000000000000004 (4)
00:00:03.387920 
00:00:03.387920 [/Devices/dp8390/] (level 2)
00:00:03.387921 
00:00:03.387921 [/Devices/e1000/] (level 2)
00:00:03.387921 
00:00:03.387921 [/Devices/e1000/0/] (level 3)
00:00:03.387922   PCIBusNo      <integer> = 0x0000000000000000 (0)
00:00:03.387922   PCIDeviceNo   <integer> = 0x0000000000000003 (3)
00:00:03.387922   PCIFunctionNo <integer> = 0x0000000000000000 (0)
00:00:03.387923   Trusted       <integer> = 0x0000000000000001 (1)
00:00:03.387923 
00:00:03.387923 [/Devices/e1000/0/Config/] (level 4)
00:00:03.387924   AdapterType    <integer> = 0x0000000000000000 (0)
00:00:03.387924   CableConnected <integer> = 0x0000000000000001 (1)
00:00:03.387925   LineSpeed      <integer> = 0x0000000000000000 (0)
00:00:03.387925   MAC            <bytes>   = "08 00 27 8d 62 e2" (cb=6)
00:00:03.387926 
00:00:03.387926 [/Devices/e1000/0/LUN#0/] (level 4)
00:00:03.387926   Driver <string>  = "NAT" (cb=4)
00:00:03.387927 
00:00:03.387927 [/Devices/e1000/0/LUN#0/Config/] (level 5)
00:00:03.387927   AliasMode          <integer> = 0x0000000000000000 (0)
00:00:03.387928   DNSProxy           <integer> = 0x0000000000000000 (0)
00:00:03.387928   EnableTFTP         <integer> = 0x0000000000000000 (0)
00:00:03.387928   ForwardBroadcast   <integer> = 0x0000000000000000 (0)
00:00:03.387929   LocalhostReachable <integer> = 0x0000000000000001 (1)
00:00:03.387930   Network            <string>  = "10.0.2.0/24" (cb=12)
00:00:03.387930   PassDomain         <integer> = 0x0000000000000001 (1)
00:00:03.387931   UseHostResolver    <integer> = 0x0000000000000000 (0)
00:00:03.387931 
00:00:03.387931 [/Devices/e1000/0/LUN#999/] (level 4)
00:00:03.387932   Driver <string>  = "MainStatus" (cb=11)
00:00:03.387932 
00:00:03.387932 [/Devices/e1000/0/LUN#999/Config/] (level 5)
00:00:03.387933   First                <integer> = 0x0000000000000000 (0)
00:00:03.387933   HasMediumAttachments <integer> = 0x0000000000000000 (0)
00:00:03.387934   Last                 <integer> = 0x0000000000000000 (0)
00:00:03.387934   iLedSet              <integer> = 0x0000000000000003 (3)
00:00:03.387934 
00:00:03.387934 [/Devices/efi/] (level 2)
00:00:03.387935 
00:00:03.387935 [/Devices/efi/0/] (level 3)
00:00:03.387935   Trusted <integer> = 0x0000000000000001 (1)
00:00:03.387936 
00:00:03.387936 [/Devices/efi/0/Config/] (level 4)
00:00:03.387937   64BitEntry      <integer> = 0x0000000000000001 (1)
00:00:03.387937   APIC            <integer> = 0x0000000000000001 (1)
00:00:03.387938   BootArgs        <string>  = "" (cb=1)
00:00:03.387938   DeviceProps     <string>  = "" (cb=1)
00:00:03.387938   DmiSystemSerial <string>  = "VirtualBox-<DmiSystemUuid>" (cb=27)
00:00:03.387939   EfiRom          <string>  = "VBoxEFI-amd64.fd" (cb=17)
00:00:03.387939   IOAPIC          <integer> = 0x0000000000000001 (1)
00:00:03.387940   McfgBase        <integer> = 0x0000000000000000 (0)
00:00:03.387940   McfgLength      <integer> = 0x0000000000000000 (0)
00:00:03.387940   NumCPUs         <integer> = 0x0000000000000004 (4)
00:00:03.387941   NvramFile       <string>  = "C:\Users\deadn1ntendogs\VirtualBox VMs\Clonezilla\Clonezilla.nvram" (cb=67)
00:00:03.387941   TpmPpiBase      <integer> = 0x00000000fed45000 (4 275 326 976)
00:00:03.387941   UUID            <bytes>   = "59 37 87 f8 ac a3 32 40 b0 54 f3 a7 cb 63 d3 33" (cb=16)
00:00:03.387942   UuidLe          <integer> = 0x0000000000000001 (1)
00:00:03.387943 
00:00:03.387943 [/Devices/efi/0/LUN#0/] (level 4)
00:00:03.387943   Driver <string>  = "NvramStore" (cb=11)
00:00:03.387944 
00:00:03.387944 [/Devices/hda/] (level 2)
00:00:03.387944 
00:00:03.387944 [/Devices/hda/0/] (level 3)
00:00:03.387945   PCIBusNo      <integer> = 0x0000000000000000 (0)
00:00:03.387945   PCIDeviceNo   <integer> = 0x0000000000000005 (5)
00:00:03.387945   PCIFunctionNo <integer> = 0x0000000000000000 (0)
00:00:03.387945   Trusted       <integer> = 0x0000000000000001 (1)
00:00:03.387946 
00:00:03.387946 [/Devices/hda/0/AudioConfig/] (level 4)
00:00:03.387946 
00:00:03.387946 [/Devices/hda/0/Config/] (level 4)
00:00:03.387947   DebugEnabled <integer> = 0x0000000000000000 (0)
00:00:03.387947 
00:00:03.387947 [/Devices/hda/0/LUN#0/] (level 4)
00:00:03.387948   Driver <string>  = "AUDIO" (cb=6)
00:00:03.387948 
00:00:03.387948 [/Devices/hda/0/LUN#0/AttachedDriver/] (level 5)
00:00:03.387948   Driver <string>  = "HostAudioWas" (cb=13)
00:00:03.387949 
00:00:03.387949 [/Devices/hda/0/LUN#0/AttachedDriver/Config/] (level 6)
00:00:03.387949   VmName <string>  = "Clonezilla" (cb=11)
00:00:03.387950   VmUuid <string>  = "f8873759-a3ac-4032-b054-f3a7cb63d333" (cb=37)
00:00:03.387950 
00:00:03.387950 [/Devices/hda/0/LUN#0/Config/] (level 5)
00:00:03.387951   DriverName    <string>  = "HostAudioWas" (cb=13)
00:00:03.387951   InputEnabled  <integer> = 0x0000000000000000 (0)
00:00:03.387951   OutputEnabled <integer> = 0x0000000000000001 (1)
00:00:03.387951 
00:00:03.387951 [/Devices/hda/0/LUN#1/] (level 4)
00:00:03.387952   Driver <string>  = "AUDIO" (cb=6)
00:00:03.387952 
00:00:03.387952 [/Devices/hda/0/LUN#2/] (level 4)
00:00:03.387953   Driver <string>  = "AUDIO" (cb=6)
00:00:03.387953 
00:00:03.387953 [/Devices/i8254/] (level 2)
00:00:03.387953 
00:00:03.387953 [/Devices/i8254/0/] (level 3)
00:00:03.387954 
00:00:03.387954 [/Devices/i8254/0/Config/] (level 4)
00:00:03.387954 
00:00:03.387955 [/Devices/i8259/] (level 2)
00:00:03.387956 
00:00:03.387956 [/Devices/i8259/0/] (level 3)
00:00:03.387957   Trusted <integer> = 0x0000000000000001 (1)
00:00:03.387957 
00:00:03.387957 [/Devices/i8259/0/Config/] (level 4)
00:00:03.387957 
00:00:03.387957 [/Devices/ioapic/] (level 2)
00:00:03.387958 
00:00:03.387958 [/Devices/ioapic/0/] (level 3)
00:00:03.387958   Trusted <integer> = 0x0000000000000001 (1)
00:00:03.387959 
00:00:03.387959 [/Devices/ioapic/0/Config/] (level 4)
00:00:03.387959   NumCPUs <integer> = 0x0000000000000004 (4)
00:00:03.387959 
00:00:03.387960 [/Devices/mc146818/] (level 2)
00:00:03.387960 
00:00:03.387960 [/Devices/mc146818/0/] (level 3)
00:00:03.387961 
00:00:03.387961 [/Devices/mc146818/0/Config/] (level 4)
00:00:03.387961   UseUTC <integer> = 0x0000000000000000 (0)
00:00:03.387961 
00:00:03.387962 [/Devices/parallel/] (level 2)
00:00:03.387962 
00:00:03.387962 [/Devices/pcarch/] (level 2)
00:00:03.387962 
00:00:03.387962 [/Devices/pcarch/0/] (level 3)
00:00:03.387963   Trusted <integer> = 0x0000000000000001 (1)
00:00:03.387964 
00:00:03.387964 [/Devices/pcarch/0/Config/] (level 4)
00:00:03.387964 
00:00:03.387964 [/Devices/pci/] (level 2)
00:00:03.387965 
00:00:03.387965 [/Devices/pci/0/] (level 3)
00:00:03.387965   Trusted <integer> = 0x0000000000000001 (1)
00:00:03.387965 
00:00:03.387965 [/Devices/pci/0/Config/] (level 4)
00:00:03.387966   IOAPIC <integer> = 0x0000000000000001 (1)
00:00:03.387966 
00:00:03.387966 [/Devices/pcibridge/] (level 2)
00:00:03.387967 
00:00:03.387967 [/Devices/pckbd/] (level 2)
00:00:03.387967 
00:00:03.387967 [/Devices/pckbd/0/] (level 3)
00:00:03.387968   Trusted <integer> = 0x0000000000000001 (1)
00:00:03.387968 
00:00:03.387968 [/Devices/pckbd/0/Config/] (level 4)
00:00:03.387968 
00:00:03.387969 [/Devices/pckbd/0/LUN#0/] (level 4)
00:00:03.387969   Driver <string>  = "KeyboardQueue" (cb=14)
00:00:03.387969 
00:00:03.387970 [/Devices/pckbd/0/LUN#0/AttachedDriver/] (level 5)
00:00:03.387970   Driver <string>  = "MainKeyboard" (cb=13)
00:00:03.387970 
00:00:03.387970 [/Devices/pckbd/0/LUN#0/Config/] (level 5)
00:00:03.387971   QueueSize <integer> = 0x0000000000000040 (64, 64 B)
00:00:03.387972 
00:00:03.387972 [/Devices/pckbd/0/LUN#1/] (level 4)
00:00:03.387972   Driver <string>  = "MouseQueue" (cb=11)
00:00:03.387973 
00:00:03.387973 [/Devices/pckbd/0/LUN#1/AttachedDriver/] (level 5)
00:00:03.387973   Driver <string>  = "MainMouse" (cb=10)
00:00:03.387974 
00:00:03.387974 [/Devices/pckbd/0/LUN#1/Config/] (level 5)
00:00:03.387974   QueueSize <integer> = 0x0000000000000080 (128, 128 B)
00:00:03.387975 
00:00:03.387975 [/Devices/pcnet/] (level 2)
00:00:03.387975 
00:00:03.387975 [/Devices/serial/] (level 2)
00:00:03.387976 
00:00:03.387976 [/Devices/tpm/] (level 2)
00:00:03.387976 
00:00:03.387976 [/Devices/tpm/0/] (level 3)
00:00:03.387977   Trusted <integer> = 0x0000000000000001 (1)
00:00:03.387977 
00:00:03.387977 [/Devices/tpm/0/Config/] (level 4)
00:00:03.387978   Crb      <integer> = 0x0000000000000000 (0)
00:00:03.387978   Irq      <integer> = 0x000000000000000a (10)
00:00:03.387978   MmioBase <integer> = 0x00000000fed40000 (4 275 306 496)
00:00:03.387979 
00:00:03.387979 [/Devices/tpm/0/LUN#0/] (level 4)
00:00:03.387979   Driver <string>  = "TpmEmuTpms" (cb=11)
00:00:03.387980 
00:00:03.387980 [/Devices/tpm/0/LUN#0/AttachedDriver/] (level 5)
00:00:03.387980   Driver <string>  = "NvramStore" (cb=11)
00:00:03.387980 
00:00:03.387981 [/Devices/tpm/0/LUN#0/Config/] (level 5)
00:00:03.387981   TpmVersion <integer> = 0x0000000000000002 (2)
00:00:03.387981 
00:00:03.387981 [/Devices/tpm-ppi/] (level 2)
00:00:03.387982 
00:00:03.387982 [/Devices/tpm-ppi/0/] (level 3)
00:00:03.387982   Trusted <integer> = 0x0000000000000001 (1)
00:00:03.387983 
00:00:03.387983 [/Devices/tpm-ppi/0/Config/] (level 4)
00:00:03.387983   MmioBase <integer> = 0x00000000fed45000 (4 275 326 976)
00:00:03.387984 
00:00:03.387984 [/Devices/usb-ehci/] (level 2)
00:00:03.387984 
00:00:03.387984 [/Devices/usb-ehci/0/] (level 3)
00:00:03.387986   PCIBusNo      <integer> = 0x0000000000000000 (0)
00:00:03.387986   PCIDeviceNo   <integer> = 0x000000000000000b (11)
00:00:03.387987   PCIFunctionNo <integer> = 0x0000000000000000 (0)
00:00:03.387987   Trusted       <integer> = 0x0000000000000001 (1)
00:00:03.387987 
00:00:03.387987 [/Devices/usb-ehci/0/Config/] (level 4)
00:00:03.387988 
00:00:03.387988 [/Devices/usb-ehci/0/LUN#0/] (level 4)
00:00:03.387988   Driver <string>  = "VUSBRootHub" (cb=12)
00:00:03.387989 
00:00:03.387989 [/Devices/usb-ehci/0/LUN#0/Config/] (level 5)
00:00:03.387989 
00:00:03.387989 [/Devices/usb-ehci/0/LUN#999/] (level 4)
00:00:03.387990   Driver <string>  = "MainStatus" (cb=11)
00:00:03.387990 
00:00:03.387990 [/Devices/usb-ehci/0/LUN#999/Config/] (level 5)
00:00:03.387990   First                <integer> = 0x0000000000000000 (0)
00:00:03.387991   HasMediumAttachments <integer> = 0x0000000000000000 (0)
00:00:03.387991   Last                 <integer> = 0x0000000000000000 (0)
00:00:03.387992   iLedSet              <integer> = 0x0000000000000002 (2)
00:00:03.387992 
00:00:03.387992 [/Devices/usb-ohci/] (level 2)
00:00:03.387992 
00:00:03.387992 [/Devices/usb-ohci/0/] (level 3)
00:00:03.387993   PCIBusNo      <integer> = 0x0000000000000000 (0)
00:00:03.387993   PCIDeviceNo   <integer> = 0x0000000000000006 (6)
00:00:03.387994   PCIFunctionNo <integer> = 0x0000000000000000 (0)
00:00:03.387994   Trusted       <integer> = 0x0000000000000001 (1)
00:00:03.387994 
00:00:03.387994 [/Devices/usb-ohci/0/Config/] (level 4)
00:00:03.387995 
00:00:03.387995 [/Devices/usb-ohci/0/LUN#0/] (level 4)
00:00:03.387995   Driver <string>  = "VUSBRootHub" (cb=12)
00:00:03.387996 
00:00:03.387996 [/Devices/usb-ohci/0/LUN#0/Config/] (level 5)
00:00:03.387996 
00:00:03.387996 [/Devices/usb-ohci/0/LUN#999/] (level 4)
00:00:03.387997   Driver <string>  = "MainStatus" (cb=11)
00:00:03.387997 
00:00:03.387997 [/Devices/usb-ohci/0/LUN#999/Config/] (level 5)
00:00:03.387998   First                <integer> = 0x0000000000000000 (0)
00:00:03.387998   HasMediumAttachments <integer> = 0x0000000000000000 (0)
00:00:03.387998   Last                 <integer> = 0x0000000000000000 (0)
00:00:03.387999   iLedSet              <integer> = 0x0000000000000001 (1)
00:00:03.387999 
00:00:03.387999 [/Devices/vga/] (level 2)
00:00:03.388000 
00:00:03.388000 [/Devices/vga/0/] (level 3)
00:00:03.388000   PCIBusNo      <integer> = 0x0000000000000000 (0)
00:00:03.388001   PCIDeviceNo   <integer> = 0x0000000000000002 (2)
00:00:03.388001   PCIFunctionNo <integer> = 0x0000000000000000 (0)
00:00:03.388001   Trusted       <integer> = 0x0000000000000001 (1)
00:00:03.388001 
00:00:03.388001 [/Devices/vga/0/Config/] (level 4)
00:00:03.388002   3DEnabled             <integer> = 0x0000000000000000 (0)
00:00:03.388003   CustomVideoModes      <integer> = 0x0000000000000000 (0)
00:00:03.388003   FadeIn                <integer> = 0x0000000000000001 (1)
00:00:03.388003   FadeOut               <integer> = 0x0000000000000001 (1)
00:00:03.388004   HeightReduction       <integer> = 0x0000000000000000 (0)
00:00:03.388004   LogoFile              <string>  = "" (cb=1)
00:00:03.388004   LogoTime              <integer> = 0x0000000000000000 (0)
00:00:03.388005   MonitorCount          <integer> = 0x0000000000000001 (1)
00:00:03.388005   ShowBootMenu          <integer> = 0x0000000000000002 (2)
00:00:03.388005   VMSVGA3dEnabled       <integer> = 0x0000000000000000 (0)
00:00:03.388006   VMSVGAEnabled         <integer> = 0x0000000000000001 (1)
00:00:03.388006   VRamSize              <integer> = 0x0000000008000000 (134 217 728, 128.0 MiB)
00:00:03.388007   VmSvga3               <integer> = 0x0000000000000000 (0)
00:00:03.388007   VmSvgaExposeLegacyVga <integer> = 0x0000000000000001 (1)
00:00:03.388007 
00:00:03.388007 [/Devices/vga/0/LUN#0/] (level 4)
00:00:03.388008   Driver <string>  = "MainDisplay" (cb=12)
00:00:03.388008 
00:00:03.388008 [/Devices/vga/0/LUN#0/Config/] (level 5)
00:00:03.388009 
00:00:03.388009 [/Devices/vga/0/LUN#999/] (level 4)
00:00:03.388011   Driver <string>  = "MainStatus" (cb=11)
00:00:03.388011 
00:00:03.388011 [/Devices/vga/0/LUN#999/Config/] (level 5)
00:00:03.388012   First                <integer> = 0x0000000000000000 (0)
00:00:03.388012   HasMediumAttachments <integer> = 0x0000000000000000 (0)
00:00:03.388012   Last                 <integer> = 0x0000000000000000 (0)
00:00:03.388013   iLedSet              <integer> = 0x0000000000000000 (0)
00:00:03.388013 
00:00:03.388013 [/Devices/virtio-net/] (level 2)
00:00:03.388014 
00:00:03.388014 [/EM/] (level 1)
00:00:03.388014   TripleFaultReset <integer> = 0x0000000000000000 (0)
00:00:03.388014 
00:00:03.388015 [/GCM/] (level 1)
00:00:03.388015 
00:00:03.388015 [/GIM/] (level 1)
00:00:03.388015   Provider <string>  = "KVM" (cb=4)
00:00:03.388015 
00:00:03.388016 [/HM/] (level 1)
00:00:03.388016   64bitEnabled        <integer> = 0x0000000000000001 (1)
00:00:03.388017   EnableLargePages    <integer> = 0x0000000000000001 (1)
00:00:03.388017   EnableNestedPaging  <integer> = 0x0000000000000001 (1)
00:00:03.388017   EnableUX            <integer> = 0x0000000000000001 (1)
00:00:03.388017   EnableVPID          <integer> = 0x0000000000000001 (1)
00:00:03.388018   Exclusive           <integer> = 0x0000000000000000 (0)
00:00:03.388018   HMForced            <integer> = 0x0000000000000001 (1)
00:00:03.388018   IBPBOnVMEntry       <integer> = 0x0000000000000000 (0)
00:00:03.388019   IBPBOnVMExit        <integer> = 0x0000000000000000 (0)
00:00:03.388019   L1DFlushOnSched     <integer> = 0x0000000000000001 (1)
00:00:03.388019   L1DFlushOnVMEntry   <integer> = 0x0000000000000000 (0)
00:00:03.388020   MDSClearOnSched     <integer> = 0x0000000000000001 (1)
00:00:03.388020   MDSClearOnVMEntry   <integer> = 0x0000000000000000 (0)
00:00:03.388020   SpecCtrlByHost      <integer> = 0x0000000000000000 (0)
00:00:03.388021   SvmVirtVmsaveVmload <integer> = 0x0000000000000001 (1)
00:00:03.388021   UseNEMInstead       <integer> = 0x0000000000000000 (0)
00:00:03.388021 
00:00:03.388021 [/MM/] (level 1)
00:00:03.388022   CanUseLargerHeap <integer> = 0x0000000000000000 (0)
00:00:03.388022 
00:00:03.388022 [/NEM/] (level 1)
00:00:03.388022   Allow64BitGuests  <integer> = 0x0000000000000001 (1)
00:00:03.388023   IBPBOnVMEntry     <integer> = 0x0000000000000000 (0)
00:00:03.388023   IBPBOnVMExit      <integer> = 0x0000000000000000 (0)
00:00:03.388023   L1DFlushOnSched   <integer> = 0x0000000000000001 (1)
00:00:03.388024   L1DFlushOnVMEntry <integer> = 0x0000000000000000 (0)
00:00:03.388024   MDSClearOnSched   <integer> = 0x0000000000000001 (1)
00:00:03.388024   MDSClearOnVMEntry <integer> = 0x0000000000000000 (0)
00:00:03.388024 
00:00:03.388024 [/PDM/] (level 1)
00:00:03.388025 
00:00:03.388025 [/PDM/AsyncCompletion/] (level 2)
00:00:03.388025 
00:00:03.388025 [/PDM/AsyncCompletion/File/] (level 3)
00:00:03.388026 
00:00:03.388026 [/PDM/AsyncCompletion/File/BwGroups/] (level 4)
00:00:03.388026 
00:00:03.388026 [/PDM/BlkCache/] (level 2)
00:00:03.388027   CacheSize <integer> = 0x0000000000500000 (5 242 880, 5.0 MiB)
00:00:03.388027 
00:00:03.388027 [/PDM/Devices/] (level 2)
00:00:03.388028 
00:00:03.388028 [/PDM/Drivers/] (level 2)
00:00:03.388028 
00:00:03.388028 [/PDM/Drivers/VBoxC/] (level 3)
00:00:03.388028   Path <string>  = "VBoxC" (cb=6)
00:00:03.388029 
00:00:03.388029 [/PDM/NetworkShaper/] (level 2)
00:00:03.388029 
00:00:03.388029 [/PDM/NetworkShaper/BwGroups/] (level 3)
00:00:03.388030 
00:00:03.388030 [/PDM/USB/] (level 2)
00:00:03.388030 
00:00:03.388030 [/PDM/USB/VBoxUsbCardReader/] (level 3)
00:00:03.388031   Path <string>  = "C:\Program Files\Oracle\VirtualBox\ExtensionPacks\Oracle_VirtualBox_Extension_Pack\win.amd64\VBoxUsbCardReaderR3.DLL" (cb=117)
00:00:03.388031 
00:00:03.388031 [/TM/] (level 1)
00:00:03.388032   UTCOffset <integer> = 0x0000000000000000 (0)
00:00:03.388032 
00:00:03.388032 [/USB/] (level 1)
00:00:03.388032 
00:00:03.388032 [/USB/HidMouse/] (level 2)
00:00:03.388033 
00:00:03.388033 [/USB/HidMouse/0/] (level 3)
00:00:03.388034 
00:00:03.388034 [/USB/HidMouse/0/Config/] (level 4)
00:00:03.388035   Mode <string>  = "absolute" (cb=9)
00:00:03.388035 
00:00:03.388035 [/USB/HidMouse/0/LUN#0/] (level 4)
00:00:03.388036   Driver <string>  = "MouseQueue" (cb=11)
00:00:03.388036 
00:00:03.388036 [/USB/HidMouse/0/LUN#0/AttachedDriver/] (level 5)
00:00:03.388037   Driver <string>  = "MainMouse" (cb=10)
00:00:03.388037 
00:00:03.388037 [/USB/HidMouse/0/LUN#0/Config/] (level 5)
00:00:03.388037   QueueSize <integer> = 0x0000000000000080 (128, 128 B)
00:00:03.388038 
00:00:03.388038 [/USB/USBProxy/] (level 2)
00:00:03.388038 
00:00:03.388038 [/USB/USBProxy/GlobalConfig/] (level 3)
00:00:03.388039 
00:00:03.388039 ********************* End of CFGM dump **********************
00:00:03.388179 HM: HMR3Init: AMD-V w/ nested paging
00:00:03.388250 CPUM: fXStateHostMask=0x7; host XCR0=0x7
00:00:03.388441 CPUM: Matched host CPU AMD 0x19/0x21/0x0 AMD_Unknown with CPU DB entry 'AMD Ryzen 7 1800X Eight-Core' (AMD 0x17/0x1/0x1 AMD_Zen_Ryzen)
00:00:03.390782 CPUM: MXCSR_MASK=0x2ffff (host: 0x2ffff)
00:00:03.390796 CPUM: Microcode revision 0x0A201030
00:00:03.390804 CPUM: Changing leaf 13[0]: EBX=0x340 -> 0x340, ECX=0x988 -> 0x340
00:00:03.390812 CPUM:
00:00:03.390812 CPUM: Unexpected CPUID sub-leaves for leaf 0x80000020; fSubLeafMask=0xffffffff
00:00:03.390816 CPUM: 80000020/00000000: 00000000 00000002 00000000 00000000; flags=0x0 mask=0xffffffff
00:00:03.390819 CPUM: 80000020/00000001: 0000000b 00000000 00000000 0000000f; flags=0x0 mask=0xffffffff
00:00:03.390822 CPUM: 80000020/00000002: 00000000 00000000 00000000 00000000; flags=0x0 mask=0xffffffff
00:00:03.390826 CPUM:
00:00:03.390834 CPUM: MSR fudge: 0x00000017 IA32_PLATFORM_ID
00:00:03.390864 CPUM: MSR fudge: 0x000001a0 IA32_MISC_ENABLE
00:00:03.390879 CPUM: MSR fudge: 0x000002ff IA32_MTRR_DEF_TYPE
00:00:03.390893 CPUM: MSR fudge: 0x0000002c P4_EBC_FREQUENCY_ID
00:00:03.390942 CPUM: SetGuestCpuIdFeature: Enabled SYSENTER/EXIT
00:00:03.390948 CPUM: SetGuestCpuIdFeature: Enabled SYSCALL/RET
00:00:03.390951 CPUM: SetGuestCpuIdFeature: Enabled PAE
00:00:03.390954 CPUM: SetGuestCpuIdFeature: Enabled LAHF/SAHF
00:00:03.390957 CPUM: SetGuestCpuIdFeature: Enabled NX
00:00:03.390960 CPUM: SetGuestCpuIdFeature: Enabled LONG MODE
00:00:03.390963 CPUM: Set SSBD not required flag for AMD to work around some buggy Linux kernels!
00:00:03.390966 CPUM: Enabled MTRR read-write support
00:00:03.390970 CPUM: Enabled fixed-range MTRRs and 16 (virtualized) variable-range MTRRs
00:00:03.392003 PGM: Host paging mode: AMD64+PGE+NX
00:00:03.392013 PGM: PGMPool: cMaxPages=4352 (u64MaxPages=4136)
00:00:03.392017 PGM: pgmR3PoolInit: cMaxPages=0x1100 cMaxUsers=0x2200 cMaxPhysExts=0x2000 fCacheEnable=true
00:00:03.398816 TM: GIP - u32Mode=3 (Invariant) u32UpdateHz=93 u32UpdateIntervalNS=10741500 enmUseTscDelta=2 (Practically Zero) fGetGipCpu=0x3b cCpus=12
00:00:03.398845 TM: GIP - u64CpuHz=3 693 063 222 (0xdc1fac36)  SUPGetCpuHzFromGip => 3 693 063 222
00:00:03.398851 TM: GIP - CPU: iCpuSet=0x0 idCpu=0x0 idApic=0x0 iGipCpu=0x1 i64TSCDelta=0 enmState=3 u64CpuHz=3693069605(*) cErrors=0
00:00:03.398855 TM: GIP - CPU: iCpuSet=0x1 idCpu=0x1 idApic=0x1 iGipCpu=0x4 i64TSCDelta=0 enmState=3 u64CpuHz=3693063225(*) cErrors=0
00:00:03.398858 TM: GIP - CPU: iCpuSet=0x2 idCpu=0x2 idApic=0x2 iGipCpu=0x7 i64TSCDelta=0 enmState=3 u64CpuHz=3693063257(*) cErrors=0
00:00:03.398861 TM: GIP - CPU: iCpuSet=0x3 idCpu=0x3 idApic=0x3 iGipCpu=0xa i64TSCDelta=0 enmState=3 u64CpuHz=3693063261(*) cErrors=0
00:00:03.398865 TM: GIP - CPU: iCpuSet=0x4 idCpu=0x4 idApic=0x4 iGipCpu=0x0 i64TSCDelta=0 enmState=3 u64CpuHz=3693063222(*) cErrors=0
00:00:03.398868 TM: GIP - CPU: iCpuSet=0x5 idCpu=0x5 idApic=0x5 iGipCpu=0x5 i64TSCDelta=0 enmState=3 u64CpuHz=3693063216(*) cErrors=0
00:00:03.398871 TM: GIP - CPU: iCpuSet=0x6 idCpu=0x6 idApic=0x6 iGipCpu=0x2 i64TSCDelta=0 enmState=3 u64CpuHz=3693062086(*) cErrors=0
00:00:03.398874 TM: GIP - CPU: iCpuSet=0x7 idCpu=0x7 idApic=0x7 iGipCpu=0x8 i64TSCDelta=0 enmState=3 u64CpuHz=3693063227(*) cErrors=0
00:00:03.398877 TM: GIP - CPU: iCpuSet=0x8 idCpu=0x8 idApic=0x8 iGipCpu=0x9 i64TSCDelta=0 enmState=3 u64CpuHz=3693063277(*) cErrors=0
00:00:03.398880 TM: GIP - CPU: iCpuSet=0x9 idCpu=0x9 idApic=0x9 iGipCpu=0xb i64TSCDelta=0 enmState=3 u64CpuHz=3693063274(*) cErrors=0
00:00:03.398883 TM: GIP - CPU: iCpuSet=0xa idCpu=0xa idApic=0xa iGipCpu=0x3 i64TSCDelta=0 enmState=3 u64CpuHz=3693063077(*) cErrors=0
00:00:03.398886 TM: GIP - CPU: iCpuSet=0xb idCpu=0xb idApic=0xb iGipCpu=0x6 i64TSCDelta=0 enmState=3 u64CpuHz=3693063284(*) cErrors=0
00:00:03.398901 TM:     cTSCTicksPerSecond=3 693 063 222 (0xdc1fac36) enmTSCMode=1 (VirtTSCEmulated) TSCMultiplier=1
00:00:03.398902 TM: cTSCTicksPerSecondHost=3 693 063 222 (0xdc1fac36)
00:00:03.398902 TM: TSCTiedToExecution=false TSCNotTiedToHalt=false
00:00:03.399655 EMR3Init: fIemExecutesAll=false fGuruOnTripleFault=true
00:00:03.400020 IEM: TargetCpu=CURRENT, Microarch=AMD_Unknown aidxTargetCpuEflFlavour={2,0}
00:00:03.401364 GIM: Using provider 'KVM' (Implementation version: 0)
00:00:03.401377 CPUM: SetGuestCpuIdFeature: Enabled Hypervisor Present bit
00:00:03.401428 GCM: Initialized - Fixer bits: 0x0
00:00:03.401480 AIOMgr: Default manager type is 'Async'
00:00:03.401484 AIOMgr: Default file backend is 'NonBuffered'
00:00:03.401518 BlkCache: Cache successfully initialized. Cache size is 5242880 bytes
00:00:03.401522 BlkCache: Cache commit interval is 10000 ms
00:00:03.401525 BlkCache: Cache commit threshold is 2621440 bytes
00:00:03.506272 ERROR [COM]: aRC=VBOX_E_IPRT_ERROR (0x80bb0005) aIID={6ac83d89-6ee7-4e33-8ae6-b257b2e81be8} aComponent={ConsoleWrap} aText={The VBoxGuestPropSvc service call failed with the error VERR_HGCM_SERVICE_NOT_FOUND}, preserve=false aResultDetail=-2900
00:00:03.679151 SUP: seg #0: R   0x00000000 LB 0x00001000
00:00:03.679162 SUP: seg #1: R X 0x00001000 LB 0x0002d000
00:00:03.679166 SUP: seg #2: R   0x0002e000 LB 0x00010000
00:00:03.679169 SUP: seg #3: RW  0x0003e000 LB 0x00002000
00:00:03.679172 SUP: seg #4: R   0x00040000 LB 0x00003000
00:00:03.679175 SUP: seg #5: RW  0x00043000 LB 0x00001000
00:00:03.679178 SUP: seg #6: R   0x00044000 LB 0x00001000
00:00:03.679181 SUP: seg #7: R X 0x00045000 LB 0x00001000
00:00:03.679184 SUP: seg #8: R   0x00046000 LB 0x00002000
00:00:03.679259 SUP: Loaded VBoxDDR0.r0 (C:\Program Files\Oracle\VirtualBox/VBoxDDR0.r0) at 0xXXXXXXXXXXXXXXXX - ModuleInit at XXXXXXXXXXXXXXXX and ModuleTerm at XXXXXXXXXXXXXXXX using the native ring-0 loader
00:00:03.679265 SUP: windbg> .reload /f C:\Program Files\Oracle\VirtualBox/VBoxDDR0.r0=0xXXXXXXXXXXXXXXXX
00:00:03.679730 NvramStore: Loading 'TpmEmuTpms/permall' from archive
00:00:03.679741 NvramStore: Loading 'efi/nvram' from archive
00:00:03.679836 EFI: boot args = 
00:00:03.679841 EFI: device props = 
00:00:03.679855 Found EFI FW Volume, 540672 bytes (132 4096-byte blocks)
00:00:03.682225 EFI: Registered 528KB flash at 00000000ffc00000
00:00:03.682517 PDM: VirtualBox APIC backend registered
00:00:03.682550 CPUM: SetGuestCpuIdFeature: Enabled xAPIC
00:00:03.684049 IOAPIC: Version=2.0 ChipType=ICH9
00:00:03.684102 PIT: mode=3 count=0x10000 (65536) - 18.20 Hz (ch=0)
00:00:03.684251 VMMDev: cbDefaultBudget: 1 073 741 824 (40000000)
00:00:03.692970 Shared Folders service loaded
00:00:03.699885 Guest Control service loaded
00:00:03.719236 VGA: Using the 386+ BIOS image.
00:00:03.720383 E1000#0: Chip=82540EM LinkUpDelay=5000ms EthernetCRC=on GSO=enabled Itr=disabled ItrRx=enabled TID=disabled R0=enabled RC=disabled
00:00:03.743307 WasAPI: Failed to get audio input device '{Default}': ERROR_NOT_FOUND/0x80070490
00:00:03.744249 WasAPI: Output device is: {Default} (iface 00000268d969e9e0)
00:00:03.747285 Audio: Found 2 devices for driver 'WasAPI'
00:00:03.747296 Audio: Device 'SA270 (NVIDIA High Definition Audio)':
00:00:03.747296 Audio:   ID              = {0.0.0.00000000}.{bce1977e-972f-4a8e-909d-0681cf66b840}
00:00:03.747296 Audio:   Usage           = output
00:00:03.747297 Audio:   Flags           = DEFAULT_OUT
00:00:03.747297 Audio:   Input channels  = 0
00:00:03.747297 Audio:   Output channels = 2
00:00:03.747301 Audio: Device 'SA270 (NVIDIA High Definition Audio)':
00:00:03.747301 Audio:   ID              = {0.0.0.00000000}.{bce1977e-972f-4a8e-909d-0681cf66b840}
00:00:03.747301 Audio:   Usage           = output
00:00:03.747302 Audio:   Flags           = NONE
00:00:03.747302 Audio:   Input channels  = 0
00:00:03.747302 Audio:   Output channels = 2
00:00:03.747398 Audio Mixer: Setting master volume of 'HDA Mixer' -- channel volumes: ff ff ff ff ff ff ff ff ff ff ff ff
00:00:03.747406 Audio Mixer: Setting sink 'HDA Mixer/PCM Output' -- channel volumes: ff ff ff ff ff ff ff ff ff ff ff ff
00:00:03.747411 Audio Mixer: Setting sink 'HDA Mixer/Line In' -- channel volumes: ff ff ff ff ff ff ff ff ff ff ff ff
00:00:03.747420 Audio Mixer: MUTING sink 'HDA Mixer/PCM Output' -- channel volumes: 00 00 00 00 00 00 00 00 00 00 00 00
00:00:03.747423 Audio Mixer: MUTING sink 'HDA Mixer/Line In' -- channel volumes: 00 00 00 00 00 00 00 00 00 00 00 00
00:00:03.747442 HDA: Codec reset
00:00:03.747448 HDA: Reset
00:00:03.748159 VUSB: Attached 'HidMouse' to port 1 on RootHub#1 (FullSpeed)
00:00:03.748171 PGM: The CPU physical address width is 48 bits
00:00:03.748175 PGM: PGMR3InitFinalize: 4 MB PSE mask 0000ffffffffffff -> VINF_SUCCESS
00:00:03.748183 TM: TMR3InitFinalize: fTSCModeSwitchAllowed=true
00:00:03.749540 CPUM: Mapped 1.0MiB (1048576 bytes) of RAM using fixed-range MTRRs
00:00:03.749564 CPUM: Mapped 8.0GiB (8589934592 bytes) of RAM using 4 variable-range MTRRs
00:00:03.751378 VMM: Thread-context hooks unavailable
00:00:03.751385 VMM: RTThreadPreemptIsPending() can be trusted
00:00:03.751388 VMM: Kernel preemption is possible
00:00:03.754474 HM: fWorldSwitcher=0x0 (fIbpbOnVmExit=false fIbpbOnVmEntry=false fL1dFlushOnVmEntry=false); fL1dFlushOnSched=false fMdsClearOnVmEntry=false
00:00:03.754490 HM: Using AMD-V implementation 2.0
00:00:03.754490 HM: Max resume loops                  = 8192
00:00:03.754491 HM: AMD HWCR MSR                      = 0x189000011
00:00:03.754491 HM: AMD-V revision                    = 0x1
00:00:03.754491 HM: AMD-V max ASID                    = 32768
00:00:03.754492 HM: AMD-V features                    = 0x101bbcff
00:00:03.754492 HM:   NESTED_PAGING
00:00:03.754492 HM:   LBR_VIRT
00:00:03.754493 HM:   SVM_LOCK
00:00:03.754493 HM:   NRIP_SAVE
00:00:03.754493 HM:   TSC_RATE_MSR
00:00:03.754493 HM:   VMCB_CLEAN
00:00:03.754493 HM:   FLUSH_BY_ASID
00:00:03.754493 HM:   DECODE_ASSISTS
00:00:03.754494 HM:   PAUSE_FILTER
00:00:03.754494 HM:   PAUSE_FILTER_THRESHOLD
00:00:03.754494 HM:   AVIC
00:00:03.754494 HM:   VIRT_VMSAVE_VMLOAD
00:00:03.754494 HM:   VGIF
00:00:03.754494 HM:   GMET
00:00:03.754495 HM:   SSSCHECK
00:00:03.754495 HM:   SPEC_CTRL
00:00:03.754495 HM:   NST_VIRT_VMCB_ADDR_CHK
00:00:03.754495 HM:   Reserved bit 11
00:00:03.754504 HM: Enabled SVM
00:00:03.754504 HM:   Enabled nested paging
00:00:03.754504 HM:   Enabled large page support
00:00:03.754507 HM: Disabled TPR patching
00:00:03.754507 HM: Guest support: 32-bit and 64-bit
00:00:03.754509 HM: VT-x/AMD-V init method: Local
00:00:03.754509 HM: VT-x/AMD-V enable method: VirtualBox
00:00:03.754510 EM: Exit history optimizations: enabled=true enabled-r0=true enabled-r0-no-preemption=false
00:00:03.754519 APIC: fPostedIntrsEnabled=false fVirtApicRegsEnabled=false fSupportsTscDeadline=false
00:00:03.754524 TMR3UtcNow: nsNow=1 767 350 770 652 912 300 nsPrev=0 -> cNsDelta=1 767 350 770 652 912 300 (offLag=0 offVirtualSync=0 offVirtualSyncGivenUp=0, NowAgain=1 767 350 770 652 912 300)
00:00:03.754572 VMM: fUsePeriodicPreemptionTimers=true
00:00:03.754622 CPUM: Logical host processors: 12 present, 12 max, 12 online, online mask: 0000000000000fff
00:00:03.754623 CPUM: Physical host cores: 6
00:00:03.754623 ************************ CPUID dump *************************
00:00:03.754766          Raw Standard CPUID Leaves
00:00:03.754766      Leaf/sub-leaf  eax      ebx      ecx      edx
00:00:03.754767 Gst: 00000000/0000  00000010 68747541 444d4163 69746e65
00:00:03.754768 Hst:                00000010 68747541 444d4163 69746e65
00:00:03.754769 Gst: 00000001/0000  00a20f10 00040800 f6d83203 178bfbff
00:00:03.754769 Hst:                00a20f10 0a0c0800 7ef8320b 178bfbff
00:00:03.754769 Gst: 00000002/0000  00000000 00000000 00000000 00000000
00:00:03.754770 Hst:                00000000 00000000 00000000 00000000
00:00:03.754770 Gst: 00000003/0000  00000000 00000000 00000000 00000000
00:00:03.754770 Hst:                00000000 00000000 00000000 00000000
00:00:03.754771 Gst: 00000004/0000  00000000 00000000 00000000 00000000
00:00:03.754771 Hst:                00000000 00000000 00000000 00000000
00:00:03.754771 Gst: 00000005/0000  00000000 00000000 00000000 00000000
00:00:03.754772 Hst:                00000040 00000040 00000003 00000011
00:00:03.754772 Gst: 00000006/0000  00000004 00000000 00000000 00000000
00:00:03.754772 Hst:                00000004 00000000 00000001 00000000
00:00:03.754773 Gst: 00000007/0000  00000000 208c0529 00000000 00000000
00:00:03.754773 Hst:                00000000 219c97a9 0040068c 00000010
00:00:03.754773 Gst: 00000007/0001  00000000 00000000 00000000 00000000
00:00:03.754774 Hst:                00000000 00000000 00000000 00000000
00:00:03.754774 Gst: 00000007/0002  00000000 00000000 00000000 00000000
00:00:03.754774 Hst:                00000000 00000000 00000000 00000000
00:00:03.754775 Gst: 00000008/0000  00000000 00000000 00000000 00000000
00:00:03.754775 Hst:                00000000 00000000 00000000 00000000
00:00:03.754775 Gst: 00000009/0000  00000000 00000000 00000000 00000000
00:00:03.754775 Hst:                00000000 00000000 00000000 00000000
00:00:03.754776 Gst: 0000000a/0000  00000000 00000000 00000000 00000000
00:00:03.754776 Hst:                00000000 00000000 00000000 00000000
00:00:03.754776 Gst: 0000000b/0000  00000000 00000001 00000100 00000000
00:00:03.754777 Hst:                00000001 00000002 00000100 0000000a
00:00:03.754777 Gst: 0000000b/0001  00000002 00000004 00000201 00000000
00:00:03.754777 Hst:                00000004 0000000c 00000201 0000000a
00:00:03.754778 Gst: 0000000b/0002  00000000 00000000 00000002 00000000
00:00:03.754778 Hst:                00000000 00000000 00000002 0000000a
00:00:03.754778 Gst: 0000000c/0000  00000000 00000000 00000000 00000000
00:00:03.754779 Hst:                00000000 00000000 00000000 00000000
00:00:03.754779 Gst: 0000000d/0000  00000007 00000340 00000340 00000000
00:00:03.754779 Hst:                00000207 00000340 00000988 00000000
00:00:03.754780 Gst: 0000000d/0001  00000000 00000350 00000000 00000000
00:00:03.754780 Hst:                0000000f 00000350 00001800 00000000
00:00:03.754780 Gst: 0000000d/0002  00000100 00000240 00000000 00000000
00:00:03.754781 Hst:                00000100 00000240 00000000 00000000
00:00:03.754781 Gst: 0000000d/0003  00000000 00000000 00000000 00000000
00:00:03.754781 Hst:                00000000 00000000 00000000 00000000
00:00:03.754781 Gst: 0000000d/0004  00000000 00000000 00000000 00000000
00:00:03.754782 Hst:                00000000 00000000 00000000 00000000
00:00:03.754782 Gst: 0000000d/0005  00000000 00000000 00000000 00000000
00:00:03.754782 Hst:                00000000 00000000 00000000 00000000
00:00:03.754783 Gst: 0000000d/0006  00000000 00000000 00000000 00000000
00:00:03.754783 Hst:                00000000 00000000 00000000 00000000
00:00:03.754783 Gst: 0000000d/0007  00000000 00000000 00000000 00000000
00:00:03.754784 Hst:                00000000 00000000 00000000 00000000
00:00:03.754784 Gst: 0000000d/0008  00000000 00000000 00000000 00000000
00:00:03.754784 Hst:                00000000 00000000 00000000 00000000
00:00:03.754785 Gst: 0000000d/0009  00000000 00000000 00000000 00000000
00:00:03.754785 Hst:                00000008 00000980 00000000 00000000
00:00:03.754785 Gst: 0000000d/000a  00000000 00000000 00000000 00000000
00:00:03.754785 Hst:                00000000 00000000 00000000 00000000
00:00:03.754786 Gst: 0000000d/000b  00000000 00000000 00000000 00000000
00:00:03.754786 Hst:                00000010 00000000 00000001 00000000
00:00:03.754786 Gst: 0000000d/000c  00000000 00000000 00000000 00000000
00:00:03.754787 Hst:                00000018 00000000 00000001 00000000
00:00:03.754787 Gst: 0000000d/000d  00000000 00000000 00000000 00000000
00:00:03.754787 Hst:                00000000 00000000 00000000 00000000
00:00:03.754788 Gst: 0000000e/0000  00000000 00000000 00000000 00000000
00:00:03.754788 Hst:                00000000 00000000 00000000 00000000
00:00:03.754788 Gst: 0000000f/0000  00000000 00000000 00000000 00000000
00:00:03.754789 Hst:                00000000 000000ff 00000000 00000002
00:00:03.754789 Hst: 00000010/0000  00000000 00000002 00000000 00000000
00:00:03.754789                                Name: AuthenticAMD
00:00:03.754790                            Supports: 0x00000000-0x00000010
00:00:03.754791                              Family: 15 	Extended: 10 	Effective: 25
00:00:03.754791                               Model:  1 	Extended: 2 	Effective: 33
00:00:03.754792                            Stepping: 0
00:00:03.754793                                Type: 0 (primary)
00:00:03.754793                             APIC ID: 0x00
00:00:03.754794                        Logical CPUs: 4
00:00:03.754794                        CLFLUSH Size: 8
00:00:03.754794                            Brand ID: 0x00
00:00:03.754795 Features
00:00:03.754795   Mnemonic - Description                                  = Guest (Host)
00:00:03.754796   FPU - x87 FPU on Chip                                   = 1 (1)
00:00:03.754797   VME - Virtual 8086 Mode Enhancements                    = 1 (1)
00:00:03.754797   DE - Debugging extensions                               = 1 (1)
00:00:03.754798   PSE - Page Size Extension                               = 1 (1)
00:00:03.754800   TSC - Time Stamp Counter                                = 1 (1)
00:00:03.754800   MSR - Model Specific Registers                          = 1 (1)
00:00:03.754801   PAE - Physical Address Extension                        = 1 (1)
00:00:03.754801   MCE - Machine Check Exception                           = 1 (1)
00:00:03.754802   CX8 - CMPXCHG8B instruction                             = 1 (1)
00:00:03.754802   APIC - APIC On-Chip                                     = 1 (1)
00:00:03.754803   SEP - SYSENTER and SYSEXIT Present                      = 1 (1)
00:00:03.754803   MTRR - Memory Type Range Registers                      = 1 (1)
00:00:03.754804   PGE - PTE Global Bit                                    = 1 (1)
00:00:03.754804   MCA - Machine Check Architecture                        = 1 (1)
00:00:03.754805   CMOV - Conditional Move instructions                    = 1 (1)
00:00:03.754805   PAT - Page Attribute Table                              = 1 (1)
00:00:03.754806   PSE-36 - 36-bit Page Size Extension                     = 1 (1)
00:00:03.754806   PSN - Processor Serial Number                           = 0 (0)
00:00:03.754807   CLFSH - CLFLUSH instruction                             = 1 (1)
00:00:03.754807   DS - Debug Store                                        = 0 (0)
00:00:03.754808   ACPI - Thermal Mon. & Soft. Clock Ctrl.                 = 0 (0)
00:00:03.754809   MMX - Intel MMX Technology                              = 1 (1)
00:00:03.754809   FXSR - FXSAVE and FXRSTOR instructions                  = 1 (1)
00:00:03.754809   SSE - SSE support                                       = 1 (1)
00:00:03.754810   SSE2 - SSE2 support                                     = 1 (1)
00:00:03.754811   SS - Self Snoop                                         = 0 (0)
00:00:03.754811   HTT - Hyper-Threading Technology                        = 1 (1)
00:00:03.754812   TM - Therm. Monitor                                     = 0 (0)
00:00:03.754812   PBE - Pending Break Enabled                             = 0 (0)
00:00:03.754813   SSE3 - SSE3 support                                     = 1 (1)
00:00:03.754813   PCLMUL - PCLMULQDQ support (for AES-GCM)                = 1 (1)
00:00:03.754814   DTES64 - DS Area 64-bit Layout                          = 0 (0)
00:00:03.754814   MONITOR - MONITOR/MWAIT instructions                    = 0 (1)
00:00:03.754815   CPL-DS - CPL Qualified Debug Store                      = 0 (0)
00:00:03.754815   VMX - Virtual Machine Extensions                        = 0 (0)
00:00:03.754816   SMX - Safer Mode Extensions                             = 0 (0)
00:00:03.754816   EST - Enhanced SpeedStep Technology                     = 0 (0)
00:00:03.754817   TM2 - Terminal Monitor 2                                = 0 (0)
00:00:03.754817   SSSE3 - Supplemental Streaming SIMD Extensions 3        = 1 (1)
00:00:03.754818   CNTX-ID - L1 Context ID                                 = 0 (0)
00:00:03.754818   SDBG - Silicon Debug interface                          = 0 (0)
00:00:03.754819   FMA - Fused Multiply Add extensions                     = 1 (1)
00:00:03.754819   CX16 - CMPXCHG16B instruction                           = 1 (1)
00:00:03.754820   TPRUPDATE - xTPR Update Control                         = 0 (0)
00:00:03.754820   PDCM - Perf/Debug Capability MSR                        = 0 (0)
00:00:03.754821   PCID - Process Context Identifiers                      = 0 (0)
00:00:03.754821   DCA - Direct Cache Access                               = 0 (0)
00:00:03.754822   SSE4_1 - SSE4_1 support                                 = 1 (1)
00:00:03.754822   SSE4_2 - SSE4_2 support                                 = 1 (1)
00:00:03.754823   X2APIC - x2APIC support                                 = 0 (1)
00:00:03.754823   MOVBE - MOVBE instruction                               = 1 (1)
00:00:03.754824   POPCNT - POPCNT instruction                             = 1 (1)
00:00:03.754824   TSCDEADL - Time Stamp Counter Deadline                  = 0 (0)
00:00:03.754825   AES - AES instructions                                  = 1 (1)
00:00:03.754825   XSAVE - XSAVE instruction                               = 1 (1)
00:00:03.754826   OSXSAVE - OSXSAVE instruction                           = 0 (1)
00:00:03.754826   AVX - AVX support                                       = 1 (1)
00:00:03.754827   F16C - 16-bit floating point conversion instructions    = 1 (1)
00:00:03.754827   RDRAND - RDRAND instruction                             = 1 (1)
00:00:03.754828   HVP - Hypervisor Present (we're a guest)                = 1 (0)
00:00:03.754828 Structured Extended Feature Flags Enumeration (leaf 7):
00:00:03.754828 Sub-leaf 0
00:00:03.754829   Mnemonic - Description                                  = Guest (Host)
00:00:03.754829   FSGSBASE - RDFSBASE/RDGSBASE/WRFSBASE/WRGSBASE instr.   = 1 (1)
00:00:03.754830   TSCADJUST - Supports MSR_IA32_TSC_ADJUST                = 0 (0)
00:00:03.754830   SGX - Supports Software Guard Extensions                = 0 (0)
00:00:03.754830   BMI1 - Advanced Bit Manipulation extension 1            = 1 (1)
00:00:03.754831   HLE - Hardware Lock Elision                             = 0 (0)
00:00:03.754831   AVX2 - Advanced Vector Extensions 2                     = 1 (1)
00:00:03.754832   FDP_EXCPTN_ONLY - FPU DP only updated on exceptions     = 0 (0)
00:00:03.754832   SMEP - Supervisor Mode Execution Prevention             = 0 (1)
00:00:03.754833   BMI2 - Advanced Bit Manipulation extension 2            = 1 (1)
00:00:03.754834   ERMS - Enhanced REP MOVSB/STOSB instructions            = 0 (1)
00:00:03.754834   INVPCID - INVPCID instruction                           = 1 (1)
00:00:03.754835   RTM - Restricted Transactional Memory                   = 0 (0)
00:00:03.754835   PQM - Platform Quality of Service Monitoring            = 0 (1)
00:00:03.754836   DEPFPU_CS_DS - Deprecates FPU CS, FPU DS values if set  = 0 (0)
00:00:03.754836   MPE - Intel Memory Protection Extensions                = 0 (0)
00:00:03.754836   PQE - Platform Quality of Service Enforcement           = 0 (1)
00:00:03.754837   AVX512F - AVX512 Foundation instructions                = 0 (0)
00:00:03.754837   RDSEED - RDSEED instruction                             = 1 (1)
00:00:03.754838   ADX - ADCX/ADOX instructions                            = 1 (1)
00:00:03.754838   SMAP - Supervisor Mode Access Prevention                = 0 (1)
00:00:03.754839   CLFLUSHOPT - CLFLUSHOPT (Cache Line Flush) instruction  = 1 (1)
00:00:03.754839   CLWB - CLWB instruction                                 = 0 (1)
00:00:03.754840   INTEL_PT - Intel Processor Trace                        = 0 (0)
00:00:03.754840   AVX512PF - AVX512 Prefetch instructions                 = 0 (0)
00:00:03.754841   AVX512ER - AVX512 Exponential & Reciprocal instructions = 0 (0)
00:00:03.754841   AVX512CD - AVX512 Conflict Detection instructions       = 0 (0)
00:00:03.754841   SHA - Secure Hash Algorithm extensions                  = 1 (1)
00:00:03.754842   PREFETCHWT1 - PREFETCHWT1 instruction                   = 0 (0)
00:00:03.754842   UMIP - User mode insturction prevention                 = 0 (1)
00:00:03.754843   PKU - Protection Key for Usermode pages                 = 0 (1)
00:00:03.754843   OSPKE - CR4.PKU mirror                                  = 0 (0)
00:00:03.754844    7 - Reserved                                           = 0 (1)
00:00:03.754844    9 - Reserved                                           = 0 (1)
00:00:03.754845   10 - Reserved                                           = 0 (1)
00:00:03.754846   MAWAU - Value used by BNDLDX & BNDSTX                   = 0x0 (0x0)
00:00:03.754846   RDPID - Read processor ID support                       = 0 (1)
00:00:03.754847   SGX_LC - Supports SGX Launch Configuration              = 0 (0)
00:00:03.754847    4 - Reserved                                           = 0 (1)
00:00:03.754848   MCU_OPT_CTRL - Supports IA32_MCU_OPT_CTRL               = 0 (0)
00:00:03.754848   MD_CLEAR - Supports MDS related buffer clearing         = 0 (0)
00:00:03.754849   TSX_FORCE_ABORT - Supports IA32_TSX_FORCE_ABORT         = 0 (0)
00:00:03.754849   CET_IBT - Supports indirect branch tracking w/ CET      = 0 (0)
00:00:03.754849   IBRS_IBPB - IA32_SPEC_CTRL.IBRS and IA32_PRED_CMD.IBPB  = 0 (0)
00:00:03.754850   STIBP - Supports IA32_SPEC_CTRL.STIBP                   = 0 (0)
00:00:03.754850   FLUSH_CMD - Supports IA32_FLUSH_CMD                     = 0 (0)
00:00:03.754850   ARCHCAP - Supports IA32_ARCH_CAP                        = 0 (0)
00:00:03.754851   CORECAP - Supports IA32_CORE_CAP                        = 0 (0)
00:00:03.754851   SSBD - Supports IA32_SPEC_CTRL.SSBD                     = 0 (0)
00:00:03.754852  Sub-leaf 2
00:00:03.754852   Mnemonic - Description                                  = Guest (Host)
00:00:03.754852   PSFD - Supports IA32_SPEC_CTRL[7] (PSFD)                = 0 (0)
00:00:03.754853   IPRED_CTRL - Supports IA32_SPEC_CTRL[4:3] (IPRED_DIS)   = 0 (0)
00:00:03.754853   RRSBA_CTRL - Supports IA32_SPEC_CTRL[6:5] (RRSBA_DIS)   = 0 (0)
00:00:03.754854   DDPD_U - Supports IA32_SPEC_CTRL[8] (DDPD_U)            = 0 (0)
00:00:03.754854   BHI_CTRL - Supports IA32_SPEC_CTRL[10] (BHI_DIS_S)      = 0 (0)
00:00:03.754854   MCDT_NO - No MXCSR Config Dependent Timing issues       = 0 (0)
00:00:03.754855   UC_LOCK_DIS - Supports UC-lock disable and causing #AC  = 0 (0)
00:00:03.754855   MONITOR_MITG_NO - No MONITOR/UMONITOR power issues      = 0 (0)
00:00:03.754856 Processor Extended State Enumeration (leaf 0xd):
00:00:03.754856    XSAVE area cur/max size by XCR0, Guest: 0x340/0x340
00:00:03.754857    XSAVE area cur/max size by XCR0,  Host: 0x340/0x988
00:00:03.754857                    Valid XCR0 bits, Guest: 0x00000000`00000007 ( x87 SSE YMM_Hi128 )
00:00:03.754858                    Valid XCR0 bits,  Host: 0x00000000`00000207 ( x87 SSE YMM_Hi128 9 )
00:00:03.754859                     XSAVE features, Guest
00:00:03.754859                     XSAVE features,  Host XSAVEOPT XSAVEC XGETBC1 XSAVES
00:00:03.754860       XSAVE area cur size XCR0|XSS, Guest: 0x350
00:00:03.754860       XSAVE area cur size XCR0|XSS,  Host: 0x350
00:00:03.754861                Valid IA32_XSS bits, Guest: 0x00000000`00000000
00:00:03.754861                Valid IA32_XSS bits,  Host: 0x00001800`00000000 ( 43 44 )
00:00:03.754862   State #2, Guest: off=0x0240, cb=0x0100 IA32_XSS-bit -- YMM_Hi128
00:00:03.754863   State #2,  Host:  off=0x0240, cb=0x0100 IA32_XSS-bit -- YMM_Hi128
00:00:03.754864   State #9,  Host:  off=0x0980, cb=0x0008 IA32_XSS-bit -- 9
00:00:03.754864   State #11,  Host:  off=0x0000, cb=0x0010 XCR0-bit -- 11
00:00:03.754865   State #12,  Host:  off=0x0000, cb=0x0018 XCR0-bit -- 12
00:00:03.754868          Raw Hypervisor CPUID Leaves
00:00:03.754868      Leaf/sub-leaf  eax      ebx      ecx      edx
00:00:03.754868 Gst: 40000000/0000  40000001 4b4d564b 564b4d56 0000004d
00:00:03.754869 Gst: 40000001/0000  01000089 00000000 00000000 00000000
00:00:03.754869          Raw Extended CPUID Leaves
00:00:03.754869      Leaf/sub-leaf  eax      ebx      ecx      edx
00:00:03.754870 Gst: 80000000/0000  80000021 68747541 444d4163 69746e65
00:00:03.754870 Hst:                80000023 68747541 444d4163 69746e65
00:00:03.754870 Gst: 80000001/0000  00a20f10 20000000 000001f3 2bd3fb7f
00:00:03.754871 Hst:                00a20f10 20000000 75c237ff 2fd3fbff
00:00:03.754871 Gst: 80000002/0000  20444d41 657a7952 2035206e 30303635
00:00:03.754871 Hst:                20444d41 657a7952 2035206e 30303635
00:00:03.754872 Gst: 80000003/0000  2d362058 65726f43 6f725020 73736563
00:00:03.754872 Hst:                2d362058 65726f43 6f725020 73736563
00:00:03.754872 Gst: 80000004/0000  2020726f 20202020 20202020 00202020
00:00:03.754873 Hst:                2020726f 20202020 20202020 00202020
00:00:03.754873 Gst: 80000005/0000  ff40ff40 ff40ff40 20080140 20080140
00:00:03.754874 Hst:                ff40ff40 ff40ff40 20080140 20080140
00:00:03.754874 Gst: 80000006/0000  48002200 68004200 02006140 01009140
00:00:03.754874 Hst:                48002200 68004200 02006140 01009140
00:00:03.754875 Gst: 80000007/0000  00000000 00000000 00000000 00000100
00:00:03.754875 Hst:                00000000 0000003b 00000000 00006799
00:00:03.754875 Gst: 80000008/0000  00003030 04000000 00000003 00000000
00:00:03.754876 Hst:                00003030 111ef657 0000400b 00010000
00:00:03.754876 Gst: 80000009/0000  00000000 00000000 00000000 00000000
00:00:03.754876 Hst:                00000000 00000000 00000000 00000000
00:00:03.754877 Gst: 8000000a/0000  00000000 00000000 00000000 00000000
00:00:03.754877 Hst:                00000001 00008000 00000000 101bbcff
00:00:03.754877 Gst: 8000000b/0000  00000000 00000000 00000000 00000000
00:00:03.754878 Hst:                00000000 00000000 00000000 00000000
00:00:03.754878 Gst: 8000000c/0000  00000000 00000000 00000000 00000000
00:00:03.754878 Hst:                00000000 00000000 00000000 00000000
00:00:03.754879 Gst: 8000000d/0000  00000000 00000000 00000000 00000000
00:00:03.754879 Hst:                00000000 00000000 00000000 00000000
00:00:03.754879 Gst: 8000000e/0000  00000000 00000000 00000000 00000000
00:00:03.754880 Hst:                00000000 00000000 00000000 00000000
00:00:03.754880 Gst: 8000000f/0000  00000000 00000000 00000000 00000000
00:00:03.754880 Hst:                00000000 00000000 00000000 00000000
00:00:03.754880 Gst: 80000010/0000  00000000 00000000 00000000 00000000
00:00:03.754881 Hst:                00000000 00000000 00000000 00000000
00:00:03.754881 Gst: 80000011/0000  00000000 00000000 00000000 00000000
00:00:03.754881 Hst:                00000000 00000000 00000000 00000000
00:00:03.754882 Gst: 80000012/0000  00000000 00000000 00000000 00000000
00:00:03.754882 Hst:                00000000 00000000 00000000 00000000
00:00:03.754882 Gst: 80000013/0000  00000000 00000000 00000000 00000000
00:00:03.754883 Hst:                00000000 00000000 00000000 00000000
00:00:03.754883 Gst: 80000014/0000  00000000 00000000 00000000 00000000
00:00:03.754883 Hst:                00000000 00000000 00000000 00000000
00:00:03.754884 Gst: 80000015/0000  00000000 00000000 00000000 00000000
00:00:03.754884 Hst:                00000000 00000000 00000000 00000000
00:00:03.754884 Gst: 80000016/0000  00000000 00000000 00000000 00000000
00:00:03.754885 Hst:                00000000 00000000 00000000 00000000
00:00:03.754885 Gst: 80000017/0000  00000000 00000000 00000000 00000000
00:00:03.754885 Hst:                00000000 00000000 00000000 00000000
00:00:03.754885 Gst: 80000018/0000  00000000 00000000 00000000 00000000
00:00:03.754886 Hst:                00000000 00000000 00000000 00000000
00:00:03.754886 Gst: 80000019/0000  f040f040 f0400000 00000000 00000000
00:00:03.754886 Hst:                f040f040 f0400000 00000000 00000000
00:00:03.754887 Gst: 8000001a/0000  00000002 00000000 00000000 00000000
00:00:03.754887 Hst:                00000006 00000000 00000000 00000000
00:00:03.754887 Gst: 8000001b/0000  00000000 00000000 00000000 00000000
00:00:03.754888 Hst:                000003ff 00000000 00000000 00000000
00:00:03.754888 Gst: 8000001c/0000  00000000 00000000 00000000 00000000
00:00:03.754888 Hst:                00000000 00000000 00000000 00000000
00:00:03.754889 Gst: 8000001d/0000  00004121 01c0003f 0000003f 00000000
00:00:03.754889 Hst:                00004121 01c0003f 0000003f 00000000
00:00:03.754889 Gst: 8000001d/0001  00004122 01c0003f 0000003f 00000000
00:00:03.754890 Hst:                00004122 01c0003f 0000003f 00000000
00:00:03.754890 Gst: 8000001d/0002  00004143 01c0003f 000003ff 00000002
00:00:03.754890 Hst:                00004143 01c0003f 000003ff 00000002
00:00:03.754891 Gst: 8000001d/0003  0000c163 03c0003f 00007fff 00000001
00:00:03.754891 Hst:                0002c163 03c0003f 00007fff 00000001
00:00:03.754891 Gst: 8000001d/0004  00000000 00000000 00000000 00000000
00:00:03.754892 Hst:                00000000 00000000 00000000 00000000
00:00:03.754892 Gst: 8000001e/0000  00000000 00000300 00000000 00000000
00:00:03.754892 Hst:                0000000a 00000105 00000000 00000000
00:00:03.754893 Gst: 8000001f/0000  0001780f 00000173 000001fd 00000001
00:00:03.754893 Hst:                0001780f 00000173 000001fd 00000001
00:00:03.754894 Gst: 80000020/0000  00000000 00000000 00000000 00000000
00:00:03.754894 Hst:                00000000 00000002 00000000 00000000
00:00:03.754894 Gst: 80000021/0000  00000000 00000000 00000000 00000000
00:00:03.754894 Hst:                0000004d 00000000 00000000 00000000
00:00:03.754895 Hst: 80000022/0000  00000000 00000000 00000000 00000000
00:00:03.754895 Hst: 80000023/0000  00000000 00000000 00000000 00000000
00:00:03.754896 Ext Name:                        AuthenticAMD
00:00:03.754896 Ext Supports:                    0x80000000-0x80000021
00:00:03.754896 Family:                          15  	Extended: 10 	Effective: 25
00:00:03.754897 Model:                           1  	Extended: 2 	Effective: 33
00:00:03.754897 Stepping:                        0
00:00:03.754897 Brand ID:                        0x000
00:00:03.754897 Ext Features
00:00:03.754897   Mnemonic - Description                                  = Guest (Host)
00:00:03.754898   FPU - x87 FPU on Chip                                   = 1 (1)
00:00:03.754899   VME - Virtual 8086 Mode Enhancements                    = 1 (1)
00:00:03.754899   DE - Debugging extensions                               = 1 (1)
00:00:03.754900   PSE - Page Size Extension                               = 1 (1)
00:00:03.754900   TSC - Time Stamp Counter                                = 1 (1)
00:00:03.754902   MSR - K86 Model Specific Registers                      = 1 (1)
00:00:03.754902   PAE - Physical Address Extension                        = 1 (1)
00:00:03.754903   MCE - Machine Check Exception                           = 0 (1)
00:00:03.754903   CX8 - CMPXCHG8B instruction                             = 1 (1)
00:00:03.754904   APIC - APIC On-Chip                                     = 1 (1)
00:00:03.754904   SEP - SYSCALL/SYSRET                                    = 1 (1)
00:00:03.754905   MTRR - Memory Type Range Registers                      = 1 (1)
00:00:03.754906   PGE - PTE Global Bit                                    = 1 (1)
00:00:03.754906   MCA - Machine Check Architecture                        = 1 (1)
00:00:03.754907   CMOV - Conditional Move instructions                    = 1 (1)
00:00:03.754907   PAT - Page Attribute Table                              = 1 (1)
00:00:03.754907   PSE-36 - 36-bit Page Size Extension                     = 1 (1)
00:00:03.754908   NX - No-Execute/Execute-Disable                         = 1 (1)
00:00:03.754911   AXMMX - AMD Extensions to MMX instructions              = 1 (1)
00:00:03.754911   MMX - Intel MMX Technology                              = 1 (1)
00:00:03.754912   FXSR - FXSAVE and FXRSTOR Instructions                  = 1 (1)
00:00:03.754912   FFXSR - AMD fast FXSAVE and FXRSTOR instructions        = 1 (1)
00:00:03.754913   Page1GB - 1 GB large page                               = 0 (1)
00:00:03.754913   RDTSCP - RDTSCP instruction                             = 1 (1)
00:00:03.754914   LM - AMD64 Long Mode                                    = 1 (1)
00:00:03.754914   3DNOWEXT - AMD Extensions to 3DNow                      = 0 (0)
00:00:03.754915   3DNOW - AMD 3DNow                                       = 0 (0)
00:00:03.754915   LahfSahf - LAHF/SAHF support in 64-bit mode             = 1 (1)
00:00:03.754916   CmpLegacy - Core multi-processing legacy mode           = 1 (1)
00:00:03.754916   SVM - AMD Secure Virtual Machine extensions             = 0 (1)
00:00:03.754917   EXTAPIC - AMD Extended APIC registers                   = 0 (1)
00:00:03.754917   CR8L - AMD LOCK MOV CR0 means MOV CR8                   = 1 (1)
00:00:03.754918   ABM - AMD Advanced Bit Manipulation                     = 1 (1)
00:00:03.754918   SSE4A - SSE4A instructions                              = 1 (1)
00:00:03.754919   MISALIGNSSE - AMD Misaligned SSE mode                   = 1 (1)
00:00:03.754919   3DNOWPRF - AMD PREFETCH and PREFETCHW instructions      = 1 (1)
00:00:03.754919   OSVW - AMD OS Visible Workaround                        = 0 (1)
00:00:03.754920   IBS - Instruct Based Sampling                           = 0 (1)
00:00:03.754920   XOP - Extended Operation support                        = 0 (0)
00:00:03.754921   SKINIT - SKINIT, STGI, and DEV support                  = 0 (1)
00:00:03.754921   WDT - AMD Watchdog Timer support                        = 0 (1)
00:00:03.754922   LWP - Lightweight Profiling support                     = 0 (0)
00:00:03.754922   FMA4 - Four operand FMA instruction support             = 0 (0)
00:00:03.754923   TCE - Translation Cache Extension support               = 0 (1)
00:00:03.754923   NodeId - NodeId in MSR C001_100C                        = 0 (0)
00:00:03.754923   TBM - Trailing Bit Manipulation instructions            = 0 (0)
00:00:03.754924   TOPOEXT - Topology Extensions                           = 0 (1)
00:00:03.754924   PRFEXTCORE - Performance Counter Extensions support     = 0 (1)
00:00:03.754925   PRFEXTNB - NB Performance Counter Extensions support    = 0 (1)
00:00:03.754925   DATABPEXT - Data-access Breakpoint Extension            = 0 (1)
00:00:03.754925   PERFTSC - Performance Time Stamp Counter                = 0 (0)
00:00:03.754926   PCX_L2I - L2I/L3 Performance Counter Extensions         = 0 (1)
00:00:03.754926   MONITORX - MWAITX and MONITORX instructions             = 0 (1)
00:00:03.754927   AddrMaskExt - BP Addressing masking extended to bit 31  = 0 (1)
00:00:03.754927 SVM Feature Identification (leaf A)
00:00:03.754927   Mnemonic - Description                                  = Guest (Host)
00:00:03.754928   NP - Nested Paging                                      = 0 (1)
00:00:03.754928   LbrVirt - Last Branch Record Virtualization             = 0 (1)
00:00:03.754929   SVML - SVM Lock                                         = 0 (1)
00:00:03.754929   NRIPS - NextRIP Save                                    = 0 (1)
00:00:03.754930   TscRateMsr - MSR based TSC rate control                 = 0 (1)
00:00:03.754930   VmcbClean - VMCB clean bits                             = 0 (1)
00:00:03.754934   FlushByASID - Flush by ASID                             = 0 (1)
00:00:03.754934   DecodeAssists - Decode Assists                          = 0 (1)
00:00:03.754935   PauseFilter - Pause intercept filter                    = 0 (1)
00:00:03.754935   11 - Reserved                                           = 0 (1)
00:00:03.754936   PauseFilterThreshold - Pause filter threshold           = 0 (1)
00:00:03.754936   AVIC - Advanced Virtual Interrupt Controller            = 0 (1)
00:00:03.754937   VMSAVEVirt - VMSAVE and VMLOAD Virtualization           = 0 (1)
00:00:03.754937   VGIF - Virtual Global-Interrupt Flag                    = 0 (1)
00:00:03.754937   GMET - Guest Mode Execute Trap Extension                = 0 (1)
00:00:03.754938   x2AVIC - AVIC support for x2APIC mode                   = 0 (0)
00:00:03.754938   SSSCheck - SVM supervisor shadow stack restrictions     = 0 (1)
00:00:03.754939   SpecCtrl - SPEC_CTRL virtualization                     = 0 (1)
00:00:03.754939   ROGPT - Read-Only Guest Page Table feature support      = 0 (0)
00:00:03.754940   HOST_MCE_OVERRIDE - Guest #MC can be intercepted        = 0 (0)
00:00:03.754940   TlbiCtl - INVLPGB/TLBSYNC enable and intercept          = 0 (0)
00:00:03.754940   VNMI - NMI Virtualization                               = 0 (0)
00:00:03.754941   IbsVirt - IBS Virtualization                            = 0 (0)
00:00:03.754941   ExtLvtAvicAccessChg - Extended LVT AVIC access changes  = 0 (0)
00:00:03.754942   NestedVirtVmcbAddrChk - Guest VMCB address check        = 0 (1)
00:00:03.754942   BusLockThreshold - Bus Lock Threshold                   = 0 (0)
00:00:03.754943 Full Name:                       "AMD Ryzen 5 5600X 6-Core Processor             "
00:00:03.754943 TLB 2/4M Instr/Uni:              fully  64 entries
00:00:03.754943 TLB 2/4M Data:                   fully  64 entries
00:00:03.754944 TLB 4K Instr/Uni:                fully  64 entries
00:00:03.754944 TLB 4K Data:                     fully  64 entries
00:00:03.754944 L1 Instr Cache Line Size:        64 bytes
00:00:03.754944 L1 Instr Cache Lines Per Tag:    1
00:00:03.754944 L1 Instr Cache Associativity:    8 way
00:00:03.754945 L1 Instr Cache Size:             32 KB
00:00:03.754945 L1 Data Cache Line Size:         64 bytes
00:00:03.754945 L1 Data Cache Lines Per Tag:     1
00:00:03.754945 L1 Data Cache Associativity:     8 way
00:00:03.754945 L1 Data Cache Size:              32 KB
00:00:03.754946 L2 TLB 2/4M Instr/Uni:           2 way   512 entries
00:00:03.754946 L2 TLB 2/4M Data:                4 way  2048 entries
00:00:03.754946 L2 TLB 4K Instr/Uni:             4 way   512 entries
00:00:03.754946 L2 TLB 4K Data:                  8 way  2048 entries
00:00:03.754947 L2 Cache Line Size:              64 bytes
00:00:03.754947 L2 Cache Lines Per Tag:          1
00:00:03.754947 L2 Cache Associativity:          8 way 
00:00:03.754947 L2 Cache Size:                   512 KB
00:00:03.754947 L3 Cache Line Size:              64 bytes
00:00:03.754947 L3 Cache Lines Per Tag:          1
00:00:03.754948 L3 Cache Associativity:          tpoext
00:00:03.754948 L3 Cache Size:                   32768 KB
00:00:03.754950 APM Features EDX
00:00:03.754950   Mnemonic - Description                                  = Guest (Host)
00:00:03.754950   TS - Temperature Sensor                                 = 0 (1)
00:00:03.754951   FID - Frequency ID control                              = 0 (0)
00:00:03.754952   VID - Voltage ID control                                = 0 (0)
00:00:03.754952   TTP - Thermal Trip                                      = 0 (1)
00:00:03.754953   TM - Hardware Thermal Control (HTC)                     = 0 (1)
00:00:03.754953   100MHzSteps - 100 MHz Multiplier control                = 0 (0)
00:00:03.754954   HwPstate - Hardware P-state control                     = 0 (1)
00:00:03.754954   TscInvariant - Invariant Time Stamp Counter             = 1 (1)
00:00:03.754954   CPB - Core Performance Boost                            = 0 (1)
00:00:03.754956   EffFreqRO - Read-only Effective Frequency Interface     = 0 (1)
00:00:03.754956   ProcFdbkIf - Processor Feedback Interface               = 0 (0)
00:00:03.754957   ProcPwrRep - Core power reporting interface support     = 0 (0)
00:00:03.754958   ConnectedStandby - Connected Standby                    = 0 (1)
00:00:03.754958   RAPL - Running average power limit                      = 0 (1)
00:00:03.754959 Ext Features ext IDs EBX
00:00:03.754959   Mnemonic - Description                                  = Guest (Host)
00:00:03.754959   CLZERO - Clear zero instruction (cacheline)             = 0 (1)
00:00:03.754960   IRPerf - Instructions retired count support             = 0 (1)
00:00:03.754960   XSaveErPtr - Save/restore error pointers (FXSAVE/RSTOR) = 0 (1)
00:00:03.754960   INVLPGB - INVLPGB and TLBSYNC instructions              = 0 (0)
00:00:03.754961   RDPRU - RDPRU instruction                               = 0 (1)
00:00:03.754961   BE - Bandwidth Enforcement extension                    = 0 (1)
00:00:03.754962   MCOMMIT - MCOMMIT instruction                           = 0 (0)
00:00:03.754962   WBNOINVD - WBNOINVD instruction                         = 0 (1)
00:00:03.754963   10 - Reserved                                           = 0 (1)
00:00:03.754963   IBPB - Supports the IBPB command in IA32_PRED_CMD       = 0 (1)
00:00:03.754964   INT_WBINVD - WBINVD/WBNOINVD interruptible              = 0 (1)
00:00:03.754964   IBRS - Indirect Branch Restricted Speculation           = 0 (1)
00:00:03.754965   STIBP - Single Thread Indirect Branch Prediction        = 0 (1)
00:00:03.754965   IbrsAlwaysOn - Processor prefers that IBRS be left on   = 0 (0)
00:00:03.754965   StibpAlwaysOn - Processor prefers that STIBP be left on = 0 (1)
00:00:03.754966   IbrsPreferred - IBRS preferred over software solution   = 0 (1)
00:00:03.754966   IbrsSameMode - IBRS limits same mode speculation        = 0 (1)
00:00:03.754966   EferLmsleUnsupported - EFER.LMSLE is unsupported        = 0 (1)
00:00:03.754967   INVLPGBnestedPages - INVLPGB for nested translation     = 0 (0)
00:00:03.754967   PPIN - Protected processor inventory number             = 0 (0)
00:00:03.754967   SSBD - Speculative Store Bypass Disable                 = 0 (1)
00:00:03.754968   SsbdVirtSpecCtrl - Use VIRT_SPEC_CTL for SSBD           = 0 (0)
00:00:03.754968   SsbdNotRequired - SSBD not needed on this processor     = 1 (0)
00:00:03.754969   CPPC - Collaborative Processor Performance Control      = 0 (0)
00:00:03.754969   PSFD - Predictive Store Forward Disable                 = 0 (1)
00:00:03.754969   BTC_NO - Unaffected by branch type confusion            = 0 (0)
00:00:03.754970   IBPB_RET - Clears RA predictor when PRED_CMD.IBPB set   = 0 (0)
00:00:03.754970 Physical Address Width:          48 bits
00:00:03.754970 Virtual Address Width:           48 bits
00:00:03.754971 Guest Physical Address Width:    48 bits (0)
00:00:03.754971 Physical Core Count:             4
00:00:03.754971 APIC ID size:                    4 (0x4)
00:00:03.754971 Performance TSC size:            40 bits
00:00:03.754971 Max page count for INVLPGB:      0x3030
00:00:03.754972 Max ECX for RDPRU:               0x0
00:00:03.754973 ********************* End of CPUID dump *********************
00:00:03.754506 HM: fUsePauseFilter=false fUseLbrVirt=false fUseVGif=true fUseVirtVmsaveVmload=true
00:00:03.755124 VMEmt: Halt method global1 (5)
00:00:03.755155 VMEmt: HaltedGlobal1 config: cNsSpinBlockThresholdCfg=50000
00:00:03.755186 Changing the VM state from 'CREATING' to 'CREATED'
00:00:03.755566 NAT: DNS settings changed, triggering update
00:00:03.755574 NAT DNS Update: Stored 1678026946 as nameserver #0
00:00:03.755577 NAT DNS Update: Stored 1678289090 as nameserver #1
00:00:03.755580 NAT DNS Update: Stored 2 total nameservers
00:00:03.807196 Changing the VM state from 'CREATED' to 'POWERING_ON'
00:00:03.807561 Changing the VM state from 'POWERING_ON' to 'RUNNING'
00:00:03.807573 Console: Machine state changed to 'Running'
00:00:03.807939 EFI: debug point SEC_PREMEM
00:00:03.821797 GUI: UIMachineViewNormal::resendSizeHint: Restoring guest size-hint for screen 0 to 800x600
00:00:03.824649 GUI: UIMachineLogicNormal::sltCheckForRequestedVisualStateType: Requested-state=1, Machine-state=6
00:00:03.869417 EFI: VBoxDbg> loadimage64 'SecMain.efi' 0xfffcc094 LB 0x0
00:00:03.869918 EFI: VBoxDbg> loadimage64 'PeiCore.efi' 0x2020120 LB 0x0
00:00:03.870451 EFI: VBoxDbg> loadimage64 'PcdPeim.efi' 0x2028760 LB 0x2800
00:00:03.871156 EFI: VBoxDbg> loadimage64 'ReportStatusCodeRouterPei.efi' 0x202b020 LB 0xa40
00:00:03.871835 EFI: VBoxDbg> loadimage64 'StatusCodeHandlerPei.efi' 0x202bb20 LB 0x800
00:00:03.872359 EFI: VBoxDbg> loadimage64 'TdTcg2Pei.efi' 0x202c420 LB 0x2060
00:00:03.872899 EFI: VBoxDbg> loadimage64 'PlatformPei.efi' 0x202e520 LB 0x10160
00:00:03.875314 EFI: debug point SEC_POSTMEM
00:00:03.875962 EFI: VBoxDbg> loadimage64 'PeiCore.efi' 0xdf165000 LB 0x8460
00:00:03.876494 EFI: VBoxDbg> loadimage64 'PcdPeim.efi' 0xdf162000 LB 0x2800
00:00:03.877010 EFI: VBoxDbg> loadimage64 'DxeIpl.efi' 0xdf15f000 LB 0x2460
00:00:03.877451 EFI: VBoxDbg> loadimage64 'S3Resume2Pei.efi' 0xdf15c000 LB 0x2420
00:00:03.878124 EFI: VBoxDbg> loadimage64 'CpuMpPei.efi' 0xdf14d000 LB 0xe940
00:00:03.909842 EFI: VBoxDbg> loadimage64 'TpmMmioSevDecryptPei.efi' 0xdf11b000 LB 0x17e0
00:00:03.910397 EFI: VBoxDbg> loadimage64 'Tcg2ConfigPei.efi' 0xdf119000 LB 0x1b20
00:00:03.911002 EFI: VBoxDbg> loadimage64 'TcgPei.efi' 0xdf115000 LB 0x3120
00:00:03.911509 EFI: VBoxDbg> loadimage64 'Tcg2Pei.efi' 0xdf109000 LB 0xb2e0
00:00:04.090858 EFI: VBoxDbg> loadimage64 'Tcg2PlatformPei.efi' 0xdf105000 LB 0x2580
00:00:04.091409 EFI: VBoxDbg> loadimage64 'DxeCore.efi' 0xdf0df000 LB 0x25ec0
00:00:04.118956 EFI: debug point DXE_CORE
00:00:04.119583 EFI: VBoxDbg> loadimage64 'DxeCore.efi' 0xdf0df000 LB 0x0
00:00:04.119641 EFI: debug point DXE_CORE_LATE
00:00:04.120857 EFI: VBoxDbg> loadimage64 'DevicePathDxe.efi' 0xde185000 LB 0xa540
00:00:04.121359 EFI: VBoxDbg> loadimage64 'PcdDxe.efi' 0xde196000 LB 0x2f40
00:00:04.121998 EFI: VBoxDbg> loadimage64 'FvbServicesRuntimeDxe.efi' 0xde8ea000 LB 0x2660
00:00:04.123650 EFI: VBoxDbg> loadimage64 'ReportStatusCodeRouterRuntimeDxe.efi' 0xde8e8000 LB 0x14e0
00:00:04.124183 EFI: VBoxDbg> loadimage64 'RuntimeDxe.efi' 0xde8e6000 LB 0x1420
00:00:04.124960 EFI: VBoxDbg> loadimage64 'SecurityStubDxe.efi' 0xddfb5000 LB 0xe7f80
00:00:04.125476 EFI: VBoxDbg> loadimage64 'EbcDxe.efi' 0xde17b000 LB 0x4260
00:00:04.126077 EFI: VBoxDbg> loadimage64 'CpuIo2Dxe.efi' 0xde181000 LB 0x1400
00:00:04.126777 EFI: VBoxDbg> loadimage64 'IncompatiblePciDeviceSupportDxe.efi' 0xde183000 LB 0x820
00:00:04.127319 EFI: VBoxDbg> loadimage64 'PciHotPlugInitDxe.efi' 0xde175000 LB 0x2c20
00:00:04.127988 EFI: VBoxDbg> loadimage64 'ResetSystemRuntimeDxe.efi' 0xde8e4000 LB 0x1720
00:00:04.128549 EFI: VBoxDbg> loadimage64 'Metronome.efi' 0xde179000 LB 0xce0
00:00:04.129160 EFI: VBoxDbg> loadimage64 'HiiDatabase.efi' 0xde13b000 LB 0x1c160
00:00:04.129763 EFI: VBoxDbg> loadimage64 'AcpiTableDxe.efi' 0xde169000 LB 0x5100
00:00:04.130218 EFI: VBoxDbg> loadimage64 'TdxDxe.efi' 0xde166000 LB 0x2100
00:00:04.130686 EFI: VBoxDbg> loadimage64 'DpcDxe.efi' 0xde173000 LB 0xb20
00:00:04.131168 EFI: VBoxDbg> loadimage64 'IoMmuDxe.efi' 0xde15e000 LB 0x36c0
00:00:04.131734 EFI: VBoxDbg> loadimage64 'EmuVariableFvbRuntimeDxe.efi' 0xde8e3000 LB 0xf20
00:00:04.132295 EFI: VBoxDbg> unload 'EmuVariableFvbRuntimeDxe.efi' # 0xde8e3000 LB 0xf20
00:00:04.133054 EFI: VBoxDbg> loadimage64 'VariableRuntimeDxe.efi' 0xde7f6000 LB 0xed1a0
00:00:04.139675 EFI: VBoxDbg> loadimage64 'TcgDxe.efi' 0xde136000 LB 0x41e0
00:00:04.140170 EFI: VBoxDbg> unload 'TcgDxe.efi' # 0xde136000 LB 0x41e0
00:00:04.140727 EFI: VBoxDbg> loadimage64 'RngDxe.efi' 0xde164000 LB 0x1ae0
00:00:04.141481 EFI: VBoxDbg> loadimage64 'StatusCodeHandlerRuntimeDxe.efi' 0xde7f5000 LB 0xbc0
00:00:04.141963 EFI: VBoxDbg> loadimage64 'CpuDxe.efi' 0xde108000 LB 0x18fe0
00:00:04.152926 EFI: debug point DXE_AP
00:00:04.152968 EFI: debug point DXE_AP
00:00:04.152999 EFI: debug point DXE_AP
00:00:04.153789 EFI: VBoxDbg> loadimage64 'SetupBrowser.efi' 0xde0c9000 LB 0x14980
00:00:04.154345 EFI: VBoxDbg> loadimage64 'SmbiosDxe.efi' 0xde138000 LB 0x2f60
00:00:04.154967 EFI: VBoxDbg> loadimage64 'AcpiPlatform.efi' 0xde159000 LB 0x760
00:00:04.155590 EFI: VBoxDbg> unload 'AcpiPlatform.efi' # 0xde159000 LB 0x760
00:00:04.156096 EFI: VBoxDbg> loadimage64 'LogoDxe.efi' 0xde0bd000 LB 0xb860
00:00:04.156790 EFI: VBoxDbg> loadimage64 'FaultTolerantWriteDxe.efi' 0xde125000 LB 0x3180
00:00:04.157621 EFI: VBoxDbg> loadimage64 'TdTcg2Dxe.efi' 0xde0b1000 LB 0x5a80
00:00:04.158128 EFI: VBoxDbg> unload 'TdTcg2Dxe.efi' # 0xde0b1000 LB 0x5a80
00:00:04.158654 EFI: VBoxDbg> loadimage64 'Tcg2Dxe.efi' 0xde09f000 LB 0xee00
00:00:04.165991 EFI: VBoxDbg> loadimage64 'LocalApicTimerDxe.efi' 0xde121000 LB 0x1420
00:00:04.166788 EFI: VBoxDbg> loadimage64 'PciHostBridgeDxe.efi' 0xde0b1000 LB 0x5de0
00:00:04.177270 EFI: debug point DXE_AP
00:00:04.177290 EFI: debug point DXE_AP
00:00:04.177311 EFI: debug point DXE_AP
00:00:04.183932 EFI: VBoxDbg> loadimage64 'PcRtc.efi' 0xde7f2000 LB 0x2a80
00:00:04.184810 EFI: VBoxDbg> loadimage64 'SecureBootConfigDxe.efi' 0xdd66e000 LB 0xc8e00
00:00:04.185517 EFI: VBoxDbg> loadimage64 'MonotonicCounterRuntimeDxe.efi' 0xde7f1000 LB 0x840
00:00:04.186589 EFI: VBoxDbg> loadimage64 'CapsuleRuntimeDxe.efi' 0xde7f0000 LB 0x920
00:00:04.187296 EFI: VBoxDbg> loadimage64 'DriverHealthManagerDxe.efi' 0xdda97000 LB 0x4380
00:00:04.187852 EFI: VBoxDbg> loadimage64 'BdsDxe.efi' 0xdda65000 LB 0x18560
00:00:04.188462 EFI: VBoxDbg> loadimage64 'RamDiskDxe.efi' 0xdda85000 LB 0x8760
00:00:04.189004 EFI: VBoxDbg> loadimage64 'DisplayEngine.efi' 0xdda43000 LB 0x10ea0
00:00:04.189895 EFI: VBoxDbg> loadimage64 'SmbiosPlatformDxe.efi' 0xdda91000 LB 0x1700
00:00:04.190485 EFI: VBoxDbg> unload 'SmbiosPlatformDxe.efi' # 0xdda91000 LB 0x1700
00:00:04.191043 EFI: VBoxDbg> loadimage64 'PlatformDxe.efi' 0xdda80000 LB 0x4300
00:00:04.191649 EFI: VBoxDbg> loadimage64 'Tcg2PlatformDxe.efi' 0xdda90000 LB 0x1540
00:00:04.192220 EFI: VBoxDbg> loadimage64 'Tcg2ConfigDxe.efi' 0xdda39000 LB 0x95a0
00:00:04.193126 EFI: VBoxDbg> loadimage64 'TcgMor.efi' 0xdda8e000 LB 0xb00
00:00:04.194394 EFI: VBoxDbg> loadimage64 'WatchdogTimer.efi' 0xdda64000 LB 0x820
00:00:04.194986 EFI: VBoxDbg> loadimage64 'QemuKernelLoaderFsDxe.efi' 0xdda5c000 LB 0x3580
00:00:04.195569 EFI: VBoxDbg> unload 'QemuKernelLoaderFsDxe.efi' # 0xdda5c000 LB 0x3580
00:00:04.196166 EFI: VBoxDbg> loadimage64 'PciBusDxe.efi' 0xdda2d000 LB 0xb940
00:00:04.196747 EFI: VBoxDbg> loadimage64 'VirtioPciDeviceDxe.efi' 0xdda5f000 LB 0x11e0
00:00:04.197233 EFI: VBoxDbg> loadimage64 'Virtio10.efi' 0xdda59000 LB 0x2820
00:00:04.197748 EFI: VBoxDbg> loadimage64 'VirtioScsiDxe.efi' 0xdda56000 LB 0x2060
00:00:04.198243 EFI: VBoxDbg> loadimage64 'MptScsiDxe.efi' 0xdda54000 LB 0x1900
00:00:04.198848 EFI: VBoxDbg> loadimage64 'ConPlatformDxe.efi' 0xdda2b000 LB 0x1d80
00:00:04.199462 EFI: VBoxDbg> loadimage64 'ConSplitterDxe.efi' 0xdda1d000 LB 0x60a0
00:00:04.200173 EFI: VBoxDbg> loadimage64 'GraphicsConsoleDxe.efi' 0xdda18000 LB 0x4140
00:00:04.200770 EFI: VBoxDbg> loadimage64 'TerminalDxe.efi' 0xdda0a000 LB 0x53a0
00:00:04.201328 EFI: VBoxDbg> loadimage64 'DiskIoDxe.efi' 0xdda13000 LB 0x21c0
00:00:04.201915 EFI: VBoxDbg> loadimage64 'PartitionDxe.efi' 0xdd7fa000 LB 0x5480
00:00:04.202533 EFI: VBoxDbg> loadimage64 'EnglishDxe.efi' 0xdda26000 LB 0xd60
00:00:04.203078 EFI: VBoxDbg> loadimage64 'ScsiBus.efi' 0xdda07000 LB 0x2140
00:00:04.203631 EFI: VBoxDbg> loadimage64 'ScsiDisk.efi' 0xdd7e6000 LB 0x9100
00:00:04.204230 EFI: VBoxDbg> loadimage64 'SataController.efi' 0xdda05000 LB 0x1680
00:00:04.204847 EFI: VBoxDbg> loadimage64 'AtaAtapiPassThruDxe.efi' 0xdd7de000 LB 0x7e00
00:00:04.205405 EFI: VBoxDbg> loadimage64 'AtaBusDxe.efi' 0xdd7f6000 LB 0x3d40
00:00:04.206015 EFI: VBoxDbg> loadimage64 'NvmExpressDxe.efi' 0xdd7ce000 LB 0x7aa0
00:00:04.206529 EFI: VBoxDbg> loadimage64 'SioBusDxe.efi' 0xdda02000 LB 0x15c0
00:00:04.207127 EFI: VBoxDbg> loadimage64 'PciSioSerialDxe.efi' 0xdd7d9000 LB 0x5000
00:00:04.207713 EFI: VBoxDbg> loadimage64 'Ps2KeyboardDxe.efi' 0xdd7ca000 LB 0x3b80
00:00:04.208229 EFI: VBoxDbg> loadimage64 'VBoxVgaDxe.efi' 0xdd7c6000 LB 0x3840
00:00:04.208726 EFI: VBoxDbg> loadimage64 'VBoxHfs.efi' 0xdd7b8000 LB 0x6500
00:00:04.209268 EFI: VBoxDbg> loadimage64 'VBoxSysTables.efi' 0xdda00000 LB 0xac0
00:00:04.236573 EFI: VBoxDbg> loadimage64 'VBoxAppleSim.efi' 0xdd7f0000 LB 0x2ae0
00:00:04.237297 EFI: VBoxDbg> loadimage64 'VBoxApfsJmpStartDxe.efi' 0xdd7d7000 LB 0x1180
00:00:04.238025 EFI: VBoxDbg> loadimage64 'BootGraphicsResourceTableDxe.efi' 0xdd7f3000 LB 0xf40
00:00:04.238516 EFI: VBoxDbg> loadimage64 'Fat.efi' 0xdd7a8000 LB 0x7660
00:00:04.239047 EFI: VBoxDbg> loadimage64 'UdfDxe.efi' 0xdd7b3000 LB 0x4200
00:00:04.239571 EFI: VBoxDbg> loadimage64 'VirtioFsDxe.efi' 0xdd7a1000 LB 0x6180
00:00:04.240130 EFI: VBoxDbg> loadimage64 'Hash2DxeCrypto.efi' 0xdd7c0000 LB 0x2ba0
00:00:04.240633 EFI: VBoxDbg> loadimage64 'SnpDxe.efi' 0xdd795000 LB 0x57a0
00:00:04.241179 EFI: VBoxDbg> loadimage64 'VlanConfigDxe.efi' 0xdd78f000 LB 0x55a0
00:00:04.241661 EFI: VBoxDbg> loadimage64 'MnpDxe.efi' 0xdd77f000 LB 0x7380
00:00:04.242145 EFI: VBoxDbg> loadimage64 'ArpDxe.efi' 0xdd78b000 LB 0x35c0
00:00:04.242640 EFI: VBoxDbg> loadimage64 'Dhcp4Dxe.efi' 0xdd76d000 LB 0x87a0
00:00:04.243136 EFI: VBoxDbg> loadimage64 'Ip4Dxe.efi' 0xdd747000 LB 0x12680
00:00:04.243634 EFI: VBoxDbg> loadimage64 'Udp4Dxe.efi' 0xdd765000 LB 0x7660
00:00:04.244148 EFI: VBoxDbg> loadimage64 'Mtftp4Dxe.efi' 0xdd75d000 LB 0x7c20
00:00:04.244649 EFI: VBoxDbg> loadimage64 'Dhcp6Dxe.efi' 0xdd73e000 LB 0x8940
00:00:04.245138 EFI: VBoxDbg> loadimage64 'Ip6Dxe.efi' 0xdd63a000 LB 0x194e0
00:00:04.245638 EFI: VBoxDbg> loadimage64 'Udp6Dxe.efi' 0xdd666000 LB 0x7340
00:00:04.246163 EFI: VBoxDbg> loadimage64 'Mtftp6Dxe.efi' 0xdd65e000 LB 0x7ea0
00:00:04.246709 EFI: VBoxDbg> loadimage64 'UefiPxeBcDxe.efi' 0xdd618000 LB 0x109e0
00:00:04.247327 EFI: VBoxDbg> loadimage64 'IScsiDxe.efi' 0xdd5dc000 LB 0x1d100
00:00:04.247832 EFI: VBoxDbg> unload 'IScsiDxe.efi' # 0xdd5dc000 LB 0x1d100
00:00:04.248419 EFI: VBoxDbg> loadimage64 'VirtioNetDxe.efi' 0xdd739000 LB 0x4300
00:00:04.248922 EFI: VBoxDbg> loadimage64 'E1kNetDxe.efi' 0xdd788000 LB 0x2e60
00:00:04.249449 EFI: VBoxDbg> loadimage64 'UhciDxe.efi' 0xdd659000 LB 0x4580
00:00:04.249975 EFI: VBoxDbg> loadimage64 'EhciDxe.efi' 0xdd654000 LB 0x4f00
00:00:04.250502 EFI: VBoxDbg> loadimage64 'XhciDxe.efi' 0xdd631000 LB 0x8660
00:00:04.251054 EFI: VBoxDbg> loadimage64 'UsbBusDxe.efi' 0xdd62b000 LB 0x5260
00:00:04.251591 EFI: VBoxDbg> loadimage64 'UsbKbDxe.efi' 0xdd613000 LB 0x4020
00:00:04.252211 EFI: VBoxDbg> loadimage64 'UsbMassStorageDxe.efi' 0xdd60e000 LB 0x4380
00:00:04.252711 EFI: VBoxDbg> loadimage64 'TcpDxe.efi' 0xdd5f4000 LB 0xce80
00:00:04.336367 Display::i_handleDisplayResize: uScreenId=0 pvVRAM=00000268e1bb0000 w=1024 h=768 bpp=32 cbLine=0x1000 flags=0x0 origin=0,0
00:00:04.413334 PS2K: Selected scan set 2
00:00:04.413936 EHCI: Hardware reset
00:00:04.413968 EHCI: USB Operational
00:00:04.492940 EFI: Boot failure
00:00:04.492957 VM: Raising runtime error 'VMBootFail' (fFlags=0x0)
00:00:04.492963 Console: VM runtime error: fatal=false, errorID=VMBootFail message="The VM failed to boot. This is possibly caused by not having an operating system installed or a misconfigured boot order. Maybe picking a guest OS install DVD will resolve the situation"
00:00:05.458721 ERROR [COM]: aRC=E_FAIL (0x80004005) aIID={6ac83d89-6ee7-4e33-8ae6-b257b2e81be8} aComponent={ConsoleWrap} aText={Failed to create a proxy device for the USB device. (Error: VERR_PDM_NO_USB_PORTS)}, preserve=false aResultDetail=-2861
00:00:07.148936 EFI: VBoxDbg> loadimage64 'UiApp.efi' 0xdd3f7000 LB 0x1f300
00:00:07.175357 Display::i_handleDisplayResize: uScreenId=0 pvVRAM=00000268e1bb0000 w=1280 h=800 bpp=32 cbLine=0x1400 flags=0x0 origin=0,0
00:00:09.448845 NAT: Link up
00:00:14.485723 Wakeup socket read erorr: 10040
00:00:41.787087 Changing the VM state from 'RUNNING' to 'SUSPENDING'
00:00:41.787244 PDMR3Suspend: 122 036 ns run time
00:00:41.787255 Changing the VM state from 'SUSPENDING' to 'SUSPENDED'
00:00:41.787262 Console: Machine state changed to 'Paused'
00:00:42.845226 GUI: Request for close-action to power VM off.
00:00:42.845374 GUI: Powering VM off..
00:00:42.846892 Console: Machine state changed to 'Stopping'
00:00:42.847308 Console::powerDown(): A request to power off the VM has been issued (mMachineState=Stopping, InUninit=0)
00:00:42.847499 Changing the VM state from 'SUSPENDED' to 'POWERING_OFF'
00:00:42.847513 ****************** Guest state at power off for VCpu 3 ******************
00:00:42.847516 Guest CPUM (VCPU 3) state: 
00:00:42.847533 rax=0000000000000000 rbx=00000000de1010f8 rcx=00000000de1010f8 rdx=00000000178bfbff
00:00:42.847538 rsi=00000000de10000c rdi=0000000000000000 r8 =0000000000000000 r9 =0000000000000000
00:00:42.847538 r10=0000000000000000 r11=0000000000000000 r12=0000000000000000 r13=0000000000000003
00:00:42.847539 r14=00000000de1010f8 r15=0000000000000003
00:00:42.847539 rip=00000000de1082e1 rsp=00000000de0fff38 rbp=0000000000000001 iopl=0  iopl=0 nv up di pl zr na po nc
00:00:42.847540 cs={0038 base=0000000000000000 limit=ffffffff flags=0000a09b}
00:00:42.847541 ds={0030 base=0000000000000000 limit=ffffffff flags=0000c093}
00:00:42.847541 es={0030 base=0000000000000000 limit=ffffffff flags=0000c093}
00:00:42.847541 fs={0030 base=0000000000000000 limit=ffffffff flags=0000c093}
00:00:42.847541 gs={0030 base=0000000000000000 limit=ffffffff flags=0000c093}
00:00:42.847542 ss={0030 base=0000000000000000 limit=ffffffff flags=0000c093}
00:00:42.847542 cr0=0000000080010033 cr2=0000000000000000 cr3=00000000dea01000 cr4=0000000000000660
00:00:42.847542 dr0=0000000000000000 dr1=0000000000000000 dr2=0000000000000000 dr3=0000000000000000
00:00:42.847543 dr4=0000000000000000 dr5=0000000000000000 dr6=00000000ffff0ff0 dr7=0000000000000400
00:00:42.847543 gdtr=00000000de96c018:0047  idtr=00000000de1000f8:0fff  eflags=00000046
00:00:42.847544 ldtr={0000 base=00000000 limit=0000ffff flags=00000082}
00:00:42.847544 tr  ={0000 base=00000000 limit=0000ffff flags=0000008b}
00:00:42.847545 SysEnter={cs=0000 eip=0000000000000000 esp=0000000000000000}
00:00:42.847545 xcr=0000000000000001 xcr1=0000000000000000 xss=0000000000000000 (fXStateMask=0000000000000000)
00:00:42.847547 FCW=037f FSW=0000 FTW=0000 FOP=0000 MXCSR=00001f80 MXCSR_MASK=0002ffff
00:00:42.847548 FPUIP=00000000 CS=0000 Rsrvd1=0000  FPUDP=00000000 DS=0000 Rsvrd2=0000
00:00:42.847549 ST(0)=FPR0={0000'00000000'00000000} t0 +0.0000000000000000000000 * 2 ^ -16383 (*)
00:00:42.847550 ST(1)=FPR1={0000'00000000'00000000} t0 +0.0000000000000000000000 * 2 ^ -16383 (*)
00:00:42.847551 ST(2)=FPR2={0000'00000000'00000000} t0 +0.0000000000000000000000 * 2 ^ -16383 (*)
00:00:42.847551 ST(3)=FPR3={0000'00000000'00000000} t0 +0.0000000000000000000000 * 2 ^ -16383 (*)
00:00:42.847552 ST(4)=FPR4={0000'00000000'00000000} t0 +0.0000000000000000000000 * 2 ^ -16383 (*)
00:00:42.847553 ST(5)=FPR5={0000'00000000'00000000} t0 +0.0000000000000000000000 * 2 ^ -16383 (*)
00:00:42.847553 ST(6)=FPR6={0000'00000000'00000000} t0 +0.0000000000000000000000 * 2 ^ -16383 (*)
00:00:42.847554 ST(7)=FPR7={0000'00000000'00000000} t0 +0.0000000000000000000000 * 2 ^ -16383 (*)
00:00:42.847554 XMM0 =00000000'00000000'00000000'00000000  XMM1 =00000000'00000000'00000000'00000000
00:00:42.847555 XMM2 =00000000'00000000'00000000'00000000  XMM3 =00000000'00000000'00000000'00000000
00:00:42.847556 XMM4 =00000000'00000000'00000000'00000000  XMM5 =00000000'00000000'00000000'00000000
00:00:42.847556 XMM6 =00000000'00000000'00000000'00000000  XMM7 =00000000'00000000'00000000'00000000
00:00:42.847557 XMM8 =00000000'00000000'00000000'00000000  XMM9 =00000000'00000000'00000000'00000000
00:00:42.847558 XMM10=00000000'00000000'00000000'00000000  XMM11=00000000'00000000'00000000'00000000
00:00:42.847559 XMM12=00000000'00000000'00000000'00000000  XMM13=00000000'00000000'00000000'00000000
00:00:42.847559 XMM14=00000000'00000000'00000000'00000000  XMM15=00000000'00000000'00000000'00000000
00:00:42.847560 EFER         =0000000000000d00
00:00:42.847560 PAT          =0007040600070406
00:00:42.847561 STAR         =0000000000000000
00:00:42.847561 CSTAR        =0000000000000000
00:00:42.847561 LSTAR        =0000000000000000
00:00:42.847561 SFMASK       =0000000000000000
00:00:42.847561 KERNELGSBASE =0000000000000000
00:00:42.847562 MTRR_CAP          =0000000000000510
00:00:42.847562 MTRR_DEF_TYPE     =0000000000000c06
00:00:42.847562 MTRR_FIX64K_00000 =0606060606060606
00:00:42.847562 MTRR_FIX16K_80000 =0606060606060606
00:00:42.847562 MTRR_FIX16K_A0000 =0000000000000000
00:00:42.847563 MTRR_FIX4K_C0000  =0505050505050505
00:00:42.847563 MTRR_FIX4K_C8000  =0505050505050505
00:00:42.847563 MTRR_FIX4K_D0000  =0505050505050505
00:00:42.847563 MTRR_FIX4K_D8000  =0505050505050505
00:00:42.847563 MTRR_FIX4K_E0000  =0505050505050505
00:00:42.847564 MTRR_FIX4K_E8000  =0505050505050505
00:00:42.847564 MTRR_FIX4K_F0000  =0505050505050505
00:00:42.847564 MTRR_FIX4K_F8000  =0505050505050505
00:00:42.847564 MTRR_PHYSBASE[ 0] =000000e000000000 First=000000e000000000 917504 MB [UC]
00:00:42.847565 MTRR_PHYSMASK[ 0] =0000ffe000000800 Last =000000ffffffffff 1048575 MB [131072 MB]
00:00:42.847566 MTRR_PHYSBASE[ 1] =00000000e0000000 First=00000000e0000000   3584 MB [UC]
00:00:42.847567 MTRR_PHYSMASK[ 1] =0000ffffe0000800 Last =00000000ffffffff   4095 MB [512 MB]
00:00:42.847567 MTRR_PHYSBASE[ 2] =0000000000000000
00:00:42.847567 MTRR_PHYSMASK[ 2] =0000000000000000
00:00:42.847568 MTRR_PHYSBASE[ 3] =0000000000000000
00:00:42.847568 MTRR_PHYSMASK[ 3] =0000000000000000
00:00:42.847568 MTRR_PHYSBASE[ 4] =0000000000000000
00:00:42.847568 MTRR_PHYSMASK[ 4] =0000000000000000
00:00:42.847568 MTRR_PHYSBASE[ 5] =0000000000000000
00:00:42.847569 MTRR_PHYSMASK[ 5] =0000000000000000
00:00:42.847569 MTRR_PHYSBASE[ 6] =0000000000000000
00:00:42.847569 MTRR_PHYSMASK[ 6] =0000000000000000
00:00:42.847569 MTRR_PHYSBASE[ 7] =0000000000000000
00:00:42.847569 MTRR_PHYSMASK[ 7] =0000000000000000
00:00:42.847570 MTRR_PHYSBASE[ 8] =0000000000000000
00:00:42.847570 MTRR_PHYSMASK[ 8] =0000000000000000
00:00:42.847570 MTRR_PHYSBASE[ 9] =0000000000000000
00:00:42.847570 MTRR_PHYSMASK[ 9] =0000000000000000
00:00:42.847570 MTRR_PHYSBASE[10] =0000000000000000
00:00:42.847571 MTRR_PHYSMASK[10] =0000000000000000
00:00:42.847571 MTRR_PHYSBASE[11] =0000000000000000
00:00:42.847571 MTRR_PHYSMASK[11] =0000000000000000
00:00:42.847571 MTRR_PHYSBASE[12] =0000000000000000
00:00:42.847571 MTRR_PHYSMASK[12] =0000000000000000
00:00:42.847572 MTRR_PHYSBASE[13] =0000000000000000
00:00:42.847572 MTRR_PHYSMASK[13] =0000000000000000
00:00:42.847572 MTRR_PHYSBASE[14] =0000000000000000
00:00:42.847572 MTRR_PHYSMASK[14] =0000000000000000
00:00:42.847572 MTRR_PHYSBASE[15] =0000000000000000
00:00:42.847573 MTRR_PHYSMASK[15] =0000000000000000
00:00:42.847574 ***
00:00:42.847576 VCPU[3] hardware virtualization state:
00:00:42.847576 fSavedInhibit                = 0x0
00:00:42.847576 In nested-guest hwvirt mode  = false
00:00:42.847578 Hwvirt state disabled.
00:00:42.847579 ***
00:00:42.847582 Guest paging mode (VCPU #3):  AMD64+NX (changed 3 times), A20 enabled (changed 0 times)
00:00:42.847583 Guest SLAT mode (VCPU #3): Direct
00:00:42.847584 Shadow paging mode (VCPU #3): Nested-AMD64
00:00:42.847584 Host paging mode:             AMD64+G+NX
00:00:42.847585 ***
00:00:42.847586 ************** End of Guest state at power off for VCpu 3 ***************
00:00:42.847600 ****************** Guest state at power off for VCpu 2 ******************
00:00:42.847603 Guest CPUM (VCPU 2) state: 
00:00:42.847604 rax=0000000000000000 rbx=00000000de1010f8 rcx=00000000de1010f8 rdx=00000000178bfbff
00:00:42.847606 rsi=00000000de100008 rdi=0000000000000000 r8 =0000000000000000 r9 =0000000000000000
00:00:42.847606 r10=0000000000000000 r11=0000000000000000 r12=0000000000000000 r13=0000000000000002
00:00:42.847607 r14=00000000de1010f8 r15=0000000000000002
00:00:42.847607 rip=00000000de1082e1 rsp=00000000de0f7f38 rbp=0000000000000001 iopl=0  iopl=0 nv up di pl zr na po nc
00:00:42.847608 cs={0038 base=0000000000000000 limit=ffffffff flags=0000a09b}
00:00:42.847608 ds={0030 base=0000000000000000 limit=ffffffff flags=0000c093}
00:00:42.847609 es={0030 base=0000000000000000 limit=ffffffff flags=0000c093}
00:00:42.847609 fs={0030 base=0000000000000000 limit=ffffffff flags=0000c093}
00:00:42.847609 gs={0030 base=0000000000000000 limit=ffffffff flags=0000c093}
00:00:42.847610 ss={0030 base=0000000000000000 limit=ffffffff flags=0000c093}
00:00:42.847610 cr0=0000000080010033 cr2=0000000000000000 cr3=00000000dea01000 cr4=0000000000000660
00:00:42.847610 dr0=0000000000000000 dr1=0000000000000000 dr2=0000000000000000 dr3=0000000000000000
00:00:42.847611 dr4=0000000000000000 dr5=0000000000000000 dr6=00000000ffff0ff0 dr7=0000000000000400
00:00:42.847611 gdtr=00000000de96c018:0047  idtr=00000000de1000f8:0fff  eflags=00000046
00:00:42.847612 ldtr={0000 base=00000000 limit=0000ffff flags=00000082}
00:00:42.847612 tr  ={0000 base=00000000 limit=0000ffff flags=0000008b}
00:00:42.847613 SysEnter={cs=0000 eip=0000000000000000 esp=0000000000000000}
00:00:42.847613 xcr=0000000000000001 xcr1=0000000000000000 xss=0000000000000000 (fXStateMask=0000000000000000)
00:00:42.847614 FCW=037f FSW=0000 FTW=0000 FOP=0000 MXCSR=00001f80 MXCSR_MASK=0002ffff
00:00:42.847614 FPUIP=00000000 CS=0000 Rsrvd1=0000  FPUDP=00000000 DS=0000 Rsvrd2=0000
00:00:42.847615 ST(0)=FPR0={0000'00000000'00000000} t0 +0.0000000000000000000000 * 2 ^ -16383 (*)
00:00:42.847616 ST(1)=FPR1={0000'00000000'00000000} t0 +0.0000000000000000000000 * 2 ^ -16383 (*)
00:00:42.847617 ST(2)=FPR2={0000'00000000'00000000} t0 +0.0000000000000000000000 * 2 ^ -16383 (*)
00:00:42.847618 ST(3)=FPR3={0000'00000000'00000000} t0 +0.0000000000000000000000 * 2 ^ -16383 (*)
00:00:42.847618 ST(4)=FPR4={0000'00000000'00000000} t0 +0.0000000000000000000000 * 2 ^ -16383 (*)
00:00:42.847619 ST(5)=FPR5={0000'00000000'00000000} t0 +0.0000000000000000000000 * 2 ^ -16383 (*)
00:00:42.847620 ST(6)=FPR6={0000'00000000'00000000} t0 +0.0000000000000000000000 * 2 ^ -16383 (*)
00:00:42.847620 ST(7)=FPR7={0000'00000000'00000000} t0 +0.0000000000000000000000 * 2 ^ -16383 (*)
00:00:42.847621 XMM0 =00000000'00000000'00000000'00000000  XMM1 =00000000'00000000'00000000'00000000
00:00:42.847622 XMM2 =00000000'00000000'00000000'00000000  XMM3 =00000000'00000000'00000000'00000000
00:00:42.847622 XMM4 =00000000'00000000'00000000'00000000  XMM5 =00000000'00000000'00000000'00000000
00:00:42.847623 XMM6 =00000000'00000000'00000000'00000000  XMM7 =00000000'00000000'00000000'00000000
00:00:42.847624 XMM8 =00000000'00000000'00000000'00000000  XMM9 =00000000'00000000'00000000'00000000
00:00:42.847625 XMM10=00000000'00000000'00000000'00000000  XMM11=00000000'00000000'00000000'00000000
00:00:42.847625 XMM12=00000000'00000000'00000000'00000000  XMM13=00000000'00000000'00000000'00000000
00:00:42.847626 XMM14=00000000'00000000'00000000'00000000  XMM15=00000000'00000000'00000000'00000000
00:00:42.847627 EFER         =0000000000000d00
00:00:42.847627 PAT          =0007040600070406
00:00:42.847627 STAR         =0000000000000000
00:00:42.847628 CSTAR        =0000000000000000
00:00:42.847628 LSTAR        =0000000000000000
00:00:42.847628 SFMASK       =0000000000000000
00:00:42.847628 KERNELGSBASE =0000000000000000
00:00:42.847628 MTRR_CAP          =0000000000000510
00:00:42.847629 MTRR_DEF_TYPE     =0000000000000c06
00:00:42.847629 MTRR_FIX64K_00000 =0606060606060606
00:00:42.847629 MTRR_FIX16K_80000 =0606060606060606
00:00:42.847629 MTRR_FIX16K_A0000 =0000000000000000
00:00:42.847629 MTRR_FIX4K_C0000  =0505050505050505
00:00:42.847630 MTRR_FIX4K_C8000  =0505050505050505
00:00:42.847630 MTRR_FIX4K_D0000  =0505050505050505
00:00:42.847630 MTRR_FIX4K_D8000  =0505050505050505
00:00:42.847630 MTRR_FIX4K_E0000  =0505050505050505
00:00:42.847630 MTRR_FIX4K_E8000  =0505050505050505
00:00:42.847631 MTRR_FIX4K_F0000  =0505050505050505
00:00:42.847631 MTRR_FIX4K_F8000  =0505050505050505
00:00:42.847631 MTRR_PHYSBASE[ 0] =000000e000000000 First=000000e000000000 917504 MB [UC]
00:00:42.847632 MTRR_PHYSMASK[ 0] =0000ffe000000800 Last =000000ffffffffff 1048575 MB [131072 MB]
00:00:42.847633 MTRR_PHYSBASE[ 1] =00000000e0000000 First=00000000e0000000   3584 MB [UC]
00:00:42.847634 MTRR_PHYSMASK[ 1] =0000ffffe0000800 Last =00000000ffffffff   4095 MB [512 MB]
00:00:42.847634 MTRR_PHYSBASE[ 2] =0000000000000000
00:00:42.847635 MTRR_PHYSMASK[ 2] =0000000000000000
00:00:42.847635 MTRR_PHYSBASE[ 3] =0000000000000000
00:00:42.847635 MTRR_PHYSMASK[ 3] =0000000000000000
00:00:42.847635 MTRR_PHYSBASE[ 4] =0000000000000000
00:00:42.847635 MTRR_PHYSMASK[ 4] =0000000000000000
00:00:42.847636 MTRR_PHYSBASE[ 5] =0000000000000000
00:00:42.847636 MTRR_PHYSMASK[ 5] =0000000000000000
00:00:42.847636 MTRR_PHYSBASE[ 6] =0000000000000000
00:00:42.847636 MTRR_PHYSMASK[ 6] =0000000000000000
00:00:42.847636 MTRR_PHYSBASE[ 7] =0000000000000000
00:00:42.847637 MTRR_PHYSMASK[ 7] =0000000000000000
00:00:42.847637 MTRR_PHYSBASE[ 8] =0000000000000000
00:00:42.847637 MTRR_PHYSMASK[ 8] =0000000000000000
00:00:42.847637 MTRR_PHYSBASE[ 9] =0000000000000000
00:00:42.847637 MTRR_PHYSMASK[ 9] =0000000000000000
00:00:42.847638 MTRR_PHYSBASE[10] =0000000000000000
00:00:42.847638 MTRR_PHYSMASK[10] =0000000000000000
00:00:42.847638 MTRR_PHYSBASE[11] =0000000000000000
00:00:42.847638 MTRR_PHYSMASK[11] =0000000000000000
00:00:42.847638 MTRR_PHYSBASE[12] =0000000000000000
00:00:42.847639 MTRR_PHYSMASK[12] =0000000000000000
00:00:42.847639 MTRR_PHYSBASE[13] =0000000000000000
00:00:42.847639 MTRR_PHYSMASK[13] =0000000000000000
00:00:42.847639 MTRR_PHYSBASE[14] =0000000000000000
00:00:42.847639 MTRR_PHYSMASK[14] =0000000000000000
00:00:42.847640 MTRR_PHYSBASE[15] =0000000000000000
00:00:42.847640 MTRR_PHYSMASK[15] =0000000000000000
00:00:42.847641 ***
00:00:42.847642 VCPU[2] hardware virtualization state:
00:00:42.847642 fSavedInhibit                = 0x0
00:00:42.847643 In nested-guest hwvirt mode  = false
00:00:42.847643 Hwvirt state disabled.
00:00:42.847643 ***
00:00:42.847645 Guest paging mode (VCPU #2):  AMD64+NX (changed 3 times), A20 enabled (changed 0 times)
00:00:42.847646 Guest SLAT mode (VCPU #2): Direct
00:00:42.847646 Shadow paging mode (VCPU #2): Nested-AMD64
00:00:42.847646 Host paging mode:             AMD64+G+NX
00:00:42.847647 ***
00:00:42.847647 ************** End of Guest state at power off for VCpu 2 ***************
00:00:42.847667 ****************** Guest state at power off for VCpu 1 ******************
00:00:42.847670 Guest CPUM (VCPU 1) state: 
00:00:42.847671 rax=0000000000000000 rbx=00000000de1010f8 rcx=00000000de1010f8 rdx=00000000178bfbff
00:00:42.847672 rsi=00000000de100004 rdi=0000000000000000 r8 =0000000000000000 r9 =0000000000000000
00:00:42.847673 r10=0000000000000000 r11=0000000000000000 r12=0000000000000000 r13=0000000000000001
00:00:42.847673 r14=00000000de1010f8 r15=0000000000000001
00:00:42.847673 rip=00000000de1082e1 rsp=00000000de0eff38 rbp=0000000000000001 iopl=0  iopl=0 nv up di pl zr na po nc
00:00:42.847674 cs={0038 base=0000000000000000 limit=ffffffff flags=0000a09b}
00:00:42.847675 ds={0030 base=0000000000000000 limit=ffffffff flags=0000c093}
00:00:42.847675 es={0030 base=0000000000000000 limit=ffffffff flags=0000c093}
00:00:42.847675 fs={0030 base=0000000000000000 limit=ffffffff flags=0000c093}
00:00:42.847675 gs={0030 base=0000000000000000 limit=ffffffff flags=0000c093}
00:00:42.847676 ss={0030 base=0000000000000000 limit=ffffffff flags=0000c093}
00:00:42.847676 cr0=0000000080010033 cr2=0000000000000000 cr3=00000000dea01000 cr4=0000000000000660
00:00:42.847676 dr0=0000000000000000 dr1=0000000000000000 dr2=0000000000000000 dr3=0000000000000000
00:00:42.847677 dr4=0000000000000000 dr5=0000000000000000 dr6=00000000ffff0ff0 dr7=0000000000000400
00:00:42.847677 gdtr=00000000de96c018:0047  idtr=00000000de1000f8:0fff  eflags=00000046
00:00:42.847678 ldtr={0000 base=00000000 limit=0000ffff flags=00000082}
00:00:42.847678 tr  ={0000 base=00000000 limit=0000ffff flags=0000008b}
00:00:42.847679 SysEnter={cs=0000 eip=0000000000000000 esp=0000000000000000}
00:00:42.847679 xcr=0000000000000001 xcr1=0000000000000000 xss=0000000000000000 (fXStateMask=0000000000000000)
00:00:42.847680 FCW=037f FSW=0000 FTW=0000 FOP=0000 MXCSR=00001f80 MXCSR_MASK=0002ffff
00:00:42.847681 FPUIP=00000000 CS=0000 Rsrvd1=0000  FPUDP=00000000 DS=0000 Rsvrd2=0000
00:00:42.847681 ST(0)=FPR0={0000'00000000'00000000} t0 +0.0000000000000000000000 * 2 ^ -16383 (*)
00:00:42.847682 ST(1)=FPR1={0000'00000000'00000000} t0 +0.0000000000000000000000 * 2 ^ -16383 (*)
00:00:42.847683 ST(2)=FPR2={0000'00000000'00000000} t0 +0.0000000000000000000000 * 2 ^ -16383 (*)
00:00:42.847684 ST(3)=FPR3={0000'00000000'00000000} t0 +0.0000000000000000000000 * 2 ^ -16383 (*)
00:00:42.847685 ST(4)=FPR4={0000'00000000'00000000} t0 +0.0000000000000000000000 * 2 ^ -16383 (*)
00:00:42.847685 ST(5)=FPR5={0000'00000000'00000000} t0 +0.0000000000000000000000 * 2 ^ -16383 (*)
00:00:42.847686 ST(6)=FPR6={0000'00000000'00000000} t0 +0.0000000000000000000000 * 2 ^ -16383 (*)
00:00:42.847686 ST(7)=FPR7={0000'00000000'00000000} t0 +0.0000000000000000000000 * 2 ^ -16383 (*)
00:00:42.847687 XMM0 =00000000'00000000'00000000'00000000  XMM1 =00000000'00000000'00000000'00000000
00:00:42.847688 XMM2 =00000000'00000000'00000000'00000000  XMM3 =00000000'00000000'00000000'00000000
00:00:42.847688 XMM4 =00000000'00000000'00000000'00000000  XMM5 =00000000'00000000'00000000'00000000
00:00:42.847689 XMM6 =00000000'00000000'00000000'00000000  XMM7 =00000000'00000000'00000000'00000000
00:00:42.847690 XMM8 =00000000'00000000'00000000'00000000  XMM9 =00000000'00000000'00000000'00000000
00:00:42.847691 XMM10=00000000'00000000'00000000'00000000  XMM11=00000000'00000000'00000000'00000000
00:00:42.847691 XMM12=00000000'00000000'00000000'00000000  XMM13=00000000'00000000'00000000'00000000
00:00:42.847692 XMM14=00000000'00000000'00000000'00000000  XMM15=00000000'00000000'00000000'00000000
00:00:42.847693 EFER         =0000000000000d00
00:00:42.847693 PAT          =0007040600070406
00:00:42.847693 STAR         =0000000000000000
00:00:42.847694 CSTAR        =0000000000000000
00:00:42.847694 LSTAR        =0000000000000000
00:00:42.847694 SFMASK       =0000000000000000
00:00:42.847694 KERNELGSBASE =0000000000000000
00:00:42.847695 MTRR_CAP          =0000000000000510
00:00:42.847695 MTRR_DEF_TYPE     =0000000000000c06
00:00:42.847695 MTRR_FIX64K_00000 =0606060606060606
00:00:42.847696 MTRR_FIX16K_80000 =0606060606060606
00:00:42.847696 MTRR_FIX16K_A0000 =0000000000000000
00:00:42.847696 MTRR_FIX4K_C0000  =0505050505050505
00:00:42.847696 MTRR_FIX4K_C8000  =0505050505050505
00:00:42.847696 MTRR_FIX4K_D0000  =0505050505050505
00:00:42.847697 MTRR_FIX4K_D8000  =0505050505050505
00:00:42.847697 MTRR_FIX4K_E0000  =0505050505050505
00:00:42.847697 MTRR_FIX4K_E8000  =0505050505050505
00:00:42.847697 MTRR_FIX4K_F0000  =0505050505050505
00:00:42.847697 MTRR_FIX4K_F8000  =0505050505050505
00:00:42.847698 MTRR_PHYSBASE[ 0] =000000e000000000 First=000000e000000000 917504 MB [UC]
00:00:42.847698 MTRR_PHYSMASK[ 0] =0000ffe000000800 Last =000000ffffffffff 1048575 MB [131072 MB]
00:00:42.847699 MTRR_PHYSBASE[ 1] =00000000e0000000 First=00000000e0000000   3584 MB [UC]
00:00:42.847700 MTRR_PHYSMASK[ 1] =0000ffffe0000800 Last =00000000ffffffff   4095 MB [512 MB]
00:00:42.847700 MTRR_PHYSBASE[ 2] =0000000000000000
00:00:42.847701 MTRR_PHYSMASK[ 2] =0000000000000000
00:00:42.847701 MTRR_PHYSBASE[ 3] =0000000000000000
00:00:42.847701 MTRR_PHYSMASK[ 3] =0000000000000000
00:00:42.847701 MTRR_PHYSBASE[ 4] =0000000000000000
00:00:42.847701 MTRR_PHYSMASK[ 4] =0000000000000000
00:00:42.847702 MTRR_PHYSBASE[ 5] =0000000000000000
00:00:42.847702 MTRR_PHYSMASK[ 5] =0000000000000000
00:00:42.847702 MTRR_PHYSBASE[ 6] =0000000000000000
00:00:42.847702 MTRR_PHYSMASK[ 6] =0000000000000000
00:00:42.847702 MTRR_PHYSBASE[ 7] =0000000000000000
00:00:42.847703 MTRR_PHYSMASK[ 7] =0000000000000000
00:00:42.847703 MTRR_PHYSBASE[ 8] =0000000000000000
00:00:42.847703 MTRR_PHYSMASK[ 8] =0000000000000000
00:00:42.847703 MTRR_PHYSBASE[ 9] =0000000000000000
00:00:42.847703 MTRR_PHYSMASK[ 9] =0000000000000000
00:00:42.847704 MTRR_PHYSBASE[10] =0000000000000000
00:00:42.847704 MTRR_PHYSMASK[10] =0000000000000000
00:00:42.847704 MTRR_PHYSBASE[11] =0000000000000000
00:00:42.847704 MTRR_PHYSMASK[11] =0000000000000000
00:00:42.847704 MTRR_PHYSBASE[12] =0000000000000000
00:00:42.847705 MTRR_PHYSMASK[12] =0000000000000000
00:00:42.847705 MTRR_PHYSBASE[13] =0000000000000000
00:00:42.847705 MTRR_PHYSMASK[13] =0000000000000000
00:00:42.847705 MTRR_PHYSBASE[14] =0000000000000000
00:00:42.847705 MTRR_PHYSMASK[14] =0000000000000000
00:00:42.847706 MTRR_PHYSBASE[15] =0000000000000000
00:00:42.847706 MTRR_PHYSMASK[15] =0000000000000000
00:00:42.847707 ***
00:00:42.847708 VCPU[1] hardware virtualization state:
00:00:42.847708 fSavedInhibit                = 0x0
00:00:42.847708 In nested-guest hwvirt mode  = false
00:00:42.847709 Hwvirt state disabled.
00:00:42.847709 ***
00:00:42.847711 Guest paging mode (VCPU #1):  AMD64+NX (changed 3 times), A20 enabled (changed 0 times)
00:00:42.847711 Guest SLAT mode (VCPU #1): Direct
00:00:42.847712 Shadow paging mode (VCPU #1): Nested-AMD64
00:00:42.847712 Host paging mode:             AMD64+G+NX
00:00:42.847713 ***
00:00:42.847713 ************** End of Guest state at power off for VCpu 1 ***************
00:00:42.847732 ****************** Guest state at power off for VCpu 0 ******************
00:00:42.847735 Guest CPUM (VCPU 0) state: 
00:00:42.847736 rax=0000000000000000 rbx=0000000000000010 rcx=00000000de15d718 rdx=0000000000000000
00:00:42.847737 rsi=00000000de15d718 rdi=00000000df102f60 r8 =0000000000000000 r9 =00000000de6eb198
00:00:42.847738 r10=00000000df0fa618 r11=00000000df0fa618 r12=0000000000000000 r13=0000000000000007
00:00:42.847738 r14=0000000000000000 r15=00000000dd419c18
00:00:42.847738 rip=00000000de1082e1 rsp=00000000df0de6b8 rbp=0000000000000004 iopl=0  iopl=0 nv up ei pl nz na pe nc
00:00:42.847739 cs={0038 base=0000000000000000 limit=ffffffff flags=0000a09b}
00:00:42.847740 ds={0030 base=0000000000000000 limit=ffffffff flags=0000c093}
00:00:42.847740 es={0030 base=0000000000000000 limit=ffffffff flags=0000c093}
00:00:42.847740 fs={0030 base=0000000000000000 limit=ffffffff flags=0000c093}
00:00:42.847741 gs={0030 base=0000000000000000 limit=ffffffff flags=0000c093}
00:00:42.847741 ss={0030 base=0000000000000000 limit=ffffffff flags=0000c093}
00:00:42.847741 cr0=0000000080010033 cr2=0000000000000000 cr3=00000000dea01000 cr4=0000000000000668
00:00:42.847742 dr0=0000000000000000 dr1=0000000000000000 dr2=0000000000000000 dr3=0000000000000000
00:00:42.847742 dr4=0000000000000000 dr5=0000000000000000 dr6=00000000ffff0ff0 dr7=0000000000000400
00:00:42.847743 gdtr=00000000de96c018:0047  idtr=00000000de162018:0fff  eflags=00000202
00:00:42.847743 ldtr={0000 base=00000000 limit=0000ffff flags=00000082}
00:00:42.847744 tr  ={0000 base=00000000 limit=0000ffff flags=0000008b}
00:00:42.847744 SysEnter={cs=0000 eip=0000000000000000 esp=0000000000000000}
00:00:42.847744 xcr=0000000000000001 xcr1=0000000000000000 xss=0000000000000000 (fXStateMask=0000000000000000)
00:00:42.847745 FCW=037f FSW=0000 FTW=0000 FOP=0000 MXCSR=00001f80 MXCSR_MASK=0002ffff
00:00:42.847746 FPUIP=00000000 CS=0000 Rsrvd1=0000  FPUDP=00000000 DS=0000 Rsvrd2=0000
00:00:42.847746 ST(0)=FPR0={0000'00000000'00000000} t0 +0.0000000000000000000000 * 2 ^ -16383 (*)
00:00:42.847747 ST(1)=FPR1={0000'00000000'00000000} t0 +0.0000000000000000000000 * 2 ^ -16383 (*)
00:00:42.847748 ST(2)=FPR2={0000'00000000'00000000} t0 +0.0000000000000000000000 * 2 ^ -16383 (*)
00:00:42.847749 ST(3)=FPR3={0000'00000000'00000000} t0 +0.0000000000000000000000 * 2 ^ -16383 (*)
00:00:42.847750 ST(4)=FPR4={0000'00000000'00000000} t0 +0.0000000000000000000000 * 2 ^ -16383 (*)
00:00:42.847750 ST(5)=FPR5={0000'00000000'00000000} t0 +0.0000000000000000000000 * 2 ^ -16383 (*)
00:00:42.847751 ST(6)=FPR6={0000'00000000'00000000} t0 +0.0000000000000000000000 * 2 ^ -16383 (*)
00:00:42.847751 ST(7)=FPR7={0000'00000000'00000000} t0 +0.0000000000000000000000 * 2 ^ -16383 (*)
00:00:42.847752 XMM0 =00000000'dd666aec'00000000'dd6668c8  XMM1 =00000000'00000000'00000000'00000000
00:00:42.847753 XMM2 =00000000'00000000'00000000'00000000  XMM3 =00000000'00000000'00000000'00000000
00:00:42.847753 XMM4 =00000000'00000000'00000000'00000000  XMM5 =00000000'00000000'00000000'00000000
00:00:42.847754 XMM6 =00000000'00000000'00000000'00000000  XMM7 =00000000'00000000'00000000'00000000
00:00:42.847755 XMM8 =00000000'00000000'00000000'00000000  XMM9 =00000000'00000000'00000000'00000000
00:00:42.847756 XMM10=00000000'00000000'00000000'00000000  XMM11=00000000'00000000'00000000'00000000
00:00:42.847756 XMM12=00000000'00000000'00000000'00000000  XMM13=00000000'00000000'00000000'00000000
00:00:42.847757 XMM14=00000000'00000000'00000000'00000000  XMM15=00000000'00000000'00000000'00000000
00:00:42.847758 EFER         =0000000000000d00
00:00:42.847758 PAT          =0007040600070406
00:00:42.847758 STAR         =0000000000000000
00:00:42.847759 CSTAR        =0000000000000000
00:00:42.847759 LSTAR        =0000000000000000
00:00:42.847759 SFMASK       =0000000000000000
00:00:42.847759 KERNELGSBASE =0000000000000000
00:00:42.847759 MTRR_CAP          =0000000000000510
00:00:42.847760 MTRR_DEF_TYPE     =0000000000000c06
00:00:42.847760 MTRR_FIX64K_00000 =0606060606060606
00:00:42.847760 MTRR_FIX16K_80000 =0606060606060606
00:00:42.847760 MTRR_FIX16K_A0000 =0000000000000000
00:00:42.847760 MTRR_FIX4K_C0000  =0505050505050505
00:00:42.847761 MTRR_FIX4K_C8000  =0505050505050505
00:00:42.847761 MTRR_FIX4K_D0000  =0505050505050505
00:00:42.847761 MTRR_FIX4K_D8000  =0505050505050505
00:00:42.847761 MTRR_FIX4K_E0000  =0505050505050505
00:00:42.847761 MTRR_FIX4K_E8000  =0505050505050505
00:00:42.847762 MTRR_FIX4K_F0000  =0505050505050505
00:00:42.847762 MTRR_FIX4K_F8000  =0505050505050505
00:00:42.847762 MTRR_PHYSBASE[ 0] =000000e000000000 First=000000e000000000 917504 MB [UC]
00:00:42.847763 MTRR_PHYSMASK[ 0] =0000ffe000000800 Last =000000ffffffffff 1048575 MB [131072 MB]
00:00:42.847764 MTRR_PHYSBASE[ 1] =00000000e0000000 First=00000000e0000000   3584 MB [UC]
00:00:42.847764 MTRR_PHYSMASK[ 1] =0000ffffe0000800 Last =00000000ffffffff   4095 MB [512 MB]
00:00:42.847765 MTRR_PHYSBASE[ 2] =0000000000000000
00:00:42.847765 MTRR_PHYSMASK[ 2] =0000000000000000
00:00:42.847765 MTRR_PHYSBASE[ 3] =0000000000000000
00:00:42.847766 MTRR_PHYSMASK[ 3] =0000000000000000
00:00:42.847766 MTRR_PHYSBASE[ 4] =0000000000000000
00:00:42.847766 MTRR_PHYSMASK[ 4] =0000000000000000
00:00:42.847766 MTRR_PHYSBASE[ 5] =0000000000000000
00:00:42.847766 MTRR_PHYSMASK[ 5] =0000000000000000
00:00:42.847767 MTRR_PHYSBASE[ 6] =0000000000000000
00:00:42.847767 MTRR_PHYSMASK[ 6] =0000000000000000
00:00:42.847767 MTRR_PHYSBASE[ 7] =0000000000000000
00:00:42.847767 MTRR_PHYSMASK[ 7] =0000000000000000
00:00:42.847767 MTRR_PHYSBASE[ 8] =0000000000000000
00:00:42.847768 MTRR_PHYSMASK[ 8] =0000000000000000
00:00:42.847768 MTRR_PHYSBASE[ 9] =0000000000000000
00:00:42.847768 MTRR_PHYSMASK[ 9] =0000000000000000
00:00:42.847768 MTRR_PHYSBASE[10] =0000000000000000
00:00:42.847768 MTRR_PHYSMASK[10] =0000000000000000
00:00:42.847769 MTRR_PHYSBASE[11] =0000000000000000
00:00:42.847769 MTRR_PHYSMASK[11] =0000000000000000
00:00:42.847769 MTRR_PHYSBASE[12] =0000000000000000
00:00:42.847769 MTRR_PHYSMASK[12] =0000000000000000
00:00:42.847769 MTRR_PHYSBASE[13] =0000000000000000
00:00:42.847770 MTRR_PHYSMASK[13] =0000000000000000
00:00:42.847770 MTRR_PHYSBASE[14] =0000000000000000
00:00:42.847770 MTRR_PHYSMASK[14] =0000000000000000
00:00:42.847770 MTRR_PHYSBASE[15] =0000000000000000
00:00:42.847770 MTRR_PHYSMASK[15] =0000000000000000
00:00:42.847771 ***
00:00:42.847772 VCPU[0] hardware virtualization state:
00:00:42.847773 fSavedInhibit                = 0x0
00:00:42.847773 In nested-guest hwvirt mode  = false
00:00:42.847773 Hwvirt state disabled.
00:00:42.847774 ***
00:00:42.847775 Guest paging mode (VCPU #0):  AMD64+NX (changed 4 times), A20 enabled (changed 0 times)
00:00:42.847776 Guest SLAT mode (VCPU #0): Direct
00:00:42.847776 Shadow paging mode (VCPU #0): Nested-AMD64
00:00:42.847777 Host paging mode:             AMD64+G+NX
00:00:42.847777 ***
00:00:42.847778 Active Timers (pVM=00000268dccb0000)
00:00:42.847779 pTimerR3         offNext  offPrev  offSched Clock               Time             Expire HzHint State                     Description
00:00:42.847781 00000268dcfc0180 00000007 ffffffff ffffffff Real            64604375           64603333      0 2-ACTIVE                  VGA Refresh
00:00:42.847783 00000268dcfc0380 ffffffff 00000003 ffffffff Real            64604375           64604313      0 2-ACTIVE                  CPU Load Timer
00:00:42.847785 00000268e14c0280 00000001 ffffffff ffffffff VrSy         37979325039        37980914899     18 2-ACTIVE                  i8254 PIT
00:00:42.847786 00000268e14c0080 00000007 00000005 ffffffff VrSy         37979325039        37987812898    100 2-ACTIVE                  APIC Timer 0
00:00:42.847787 00000268e14c0380 00000002 00000001 ffffffff VrSy         37979325039        37990000000      0 2-ACTIVE                  MC146818 RTC Second
00:00:42.847788 00000268e14c0100 00000003 00000007 ffffffff VrSy         37979325039        43318652385      0 2-ACTIVE                  APIC Timer 1
00:00:42.847789 00000268e14c0180 00000004 00000002 ffffffff VrSy         37979325039        43318656153      0 2-ACTIVE                  APIC Timer 2
00:00:42.847790 00000268e14c0200 00000011 00000003 ffffffff VrSy         37979325039        43318659626      0 2-ACTIVE                  APIC Timer 3
00:00:42.847791 00000268e14c0880 ffffffff 00000004 ffffffff VrSy         37979325039       599932015941      0 2-ACTIVE                  ACPI PM
00:00:42.847793 ***
00:00:42.847794 Guest GDT (GCAddr=00000000de96c018 limit=47):
00:00:42.847803 0008 - 0000ffff 00cf9200 - base=00000000 limit=ffffffff dpl=0 DataRW Present Page 32-bit 
00:00:42.847805 0010 - 0000ffff 00cf9f00 - base=00000000 limit=ffffffff dpl=0 CodeConfER Accessed Present Page 32-bit 
00:00:42.847805 0018 - 0000ffff 00cf9300 - base=00000000 limit=ffffffff dpl=0 DataRW Accessed Present Page 32-bit 
00:00:42.847806 0020 - 0000ffff 00cf9a00 - base=00000000 limit=ffffffff dpl=0 CodeER Present Page 32-bit 
00:00:42.847806 0028 - 0000ffff 008f9a00 - base=00000000 limit=ffffffff dpl=0 CodeER Present Page 16-bit 
00:00:42.847807 0030 - 0000ffff 00cf9300 - base=00000000 limit=ffffffff dpl=0 DataRW Accessed Present Page 32-bit 
00:00:42.847807 0038 - 0000ffff 00af9b00 - base=00000000 limit=ffffffff dpl=0 CodeER Accessed Present Page 16-bit 
00:00:42.847808 ************** End of Guest state at power off ***************
00:00:42.848091 PDMR3PowerOff: 231 134 ns run time
00:00:42.848103 Changing the VM state from 'POWERING_OFF' to 'OFF'
00:00:42.851270 Changing the VM state from 'OFF' to 'DESTROYING'
00:00:42.851340 ************************* Statistics *************************
00:00:42.851351 /CPUM/MSR-Totals/Reads                          9226 times
00:00:42.851356 /CPUM/MSR-Totals/ReadsRaisingGP                    0 times
00:00:42.851359 /CPUM/MSR-Totals/ReadsUnknown                      0 times
00:00:42.851363 /CPUM/MSR-Totals/Writes                          438 times
00:00:42.851366 /CPUM/MSR-Totals/WritesRaisingGP                   0 times
00:00:42.851369 /CPUM/MSR-Totals/WritesToIgnoredBits               0 times
00:00:42.851372 /CPUM/MSR-Totals/WritesUnknown                     0 times
00:00:42.851376 /Devices/8237A/DmaRun                              0 ticks/call (           0 ticks,       0 calls, max         0, min      -1)
00:00:42.851379 /Devices/VMMDev/BalloonChunks                      0 count
00:00:42.851383 /Devices/VMMDev/FastIrqAckR3                       0 count
00:00:42.851386 /Devices/VMMDev/FastIrqAckRZ                       0 count
00:00:42.851389 /Devices/VMMDev/HGCM-Kernel/BudgetAvailable 1073741824 bytes
00:00:42.851393 /Devices/VMMDev/HGCM-Kernel/BudgetConfig   1073741824 bytes
00:00:42.851396 /Devices/VMMDev/HGCM-Kernel/BudgetOverruns         0 bytes
00:00:42.851399 /Devices/VMMDev/HGCM-Kernel/MessageHeapUsage         0 bytes/call (           0 bytes,       0 calls, max         0, min      -1)
00:00:42.851402 /Devices/VMMDev/HGCM-Root/BudgetAvailable  1073741824 bytes
00:00:42.851405 /Devices/VMMDev/HGCM-Root/BudgetConfig     1073741824 bytes
00:00:42.851408 /Devices/VMMDev/HGCM-Root/BudgetOverruns           0 bytes
00:00:42.851411 /Devices/VMMDev/HGCM-Root/MessageHeapUsage         0 bytes/call (           0 bytes,       0 calls, max         0, min      -1)
00:00:42.851414 /Devices/VMMDev/HGCM-User/BudgetAvailable  1073741824 bytes
00:00:42.851417 /Devices/VMMDev/HGCM-User/BudgetConfig     1073741824 bytes
00:00:42.851420 /Devices/VMMDev/HGCM-User/BudgetOverruns           0 bytes
00:00:42.851423 /Devices/VMMDev/HGCM-User/MessageHeapUsage         0 bytes/call (           0 bytes,       0 calls, max         0, min      -1)
00:00:42.851426 /Devices/VMMDev/LargeReqBufAllocs                  0 count
00:00:42.851460 /Devices/VMMDev/SlowIrqAck                         0 count
00:00:42.851465 /Devices/apic/0                                 3762 times
00:00:42.851471 /Devices/apic/0/Vectors/20                      3762 times
00:00:42.851485 /Devices/apic/1                                    0 times
00:00:42.851499 /Devices/apic/2                                    0 times
00:00:42.851515 /Devices/apic/3                                    0 times
00:00:42.851534 /Devices/e1000#0/ReceiveBytes                      0 bytes
00:00:42.851538 /Devices/e1000#0/TransmitBytes                    86 bytes
00:00:42.851541 /Devices/e1000#0/iStatIntLost                      0 ns
00:00:42.851544 /Devices/e1000#0/iStatIntLostOne                   0 ns
00:00:42.851547 /Devices/e1000#0/u64ArmedAt                        0 ns
00:00:42.851550 /Devices/e1000#0/uStatDescCtx                      0 ns
00:00:42.851553 /Devices/e1000#0/uStatDescDat                      0 ns
00:00:42.851556 /Devices/e1000#0/uStatDescLeg                      1 ns
00:00:42.851559 /Devices/e1000#0/uStatInt                          0 ns
00:00:42.851563 /Devices/e1000#0/uStatIntEarly                     0 ns
00:00:42.851566 /Devices/e1000#0/uStatIntICS                       0 ns
00:00:42.851569 /Devices/e1000#0/uStatIntIMS                       0 ns
00:00:42.851572 /Devices/e1000#0/uStatIntLate                      0 ns
00:00:42.851575 /Devices/e1000#0/uStatIntLower                     0 ns
00:00:42.851578 /Devices/e1000#0/uStatIntMasked                    4 ns
00:00:42.851581 /Devices/e1000#0/uStatIntRDTR                      0 ns
00:00:42.851584 /Devices/e1000#0/uStatIntRXDMT0                    0 ns
00:00:42.851588 /Devices/e1000#0/uStatIntRx                        0 ns
00:00:42.851591 /Devices/e1000#0/uStatIntSkip                      0 ns
00:00:42.851596 /Devices/e1000#0/uStatIntTXQE                      0 ns
00:00:42.851602 /Devices/e1000#0/uStatIntTry                       4 ns
00:00:42.851607 /Devices/e1000#0/uStatIntTx                        1 ns
00:00:42.851610 /Devices/e1000#0/uStatMaxTxDelay                   0 ns
00:00:42.851613 /Devices/e1000#0/uStatNoIntICR                     0 ns
00:00:42.851617 /Devices/e1000#0/uStatRAD                          0 ns
00:00:42.851620 /Devices/e1000#0/uStatRID                          0 ns
00:00:42.851625 /Devices/e1000#0/uStatRxFrm                        0 ns
00:00:42.851629 /Devices/e1000#0/uStatTAD                          0 ns
00:00:42.851634 /Devices/e1000#0/uStatTID                          0 ns
00:00:42.851639 /Devices/e1000#0/uStatTx1514                       1 ns
00:00:42.851644 /Devices/e1000#0/uStatTx16384                      0 ns
00:00:42.851649 /Devices/e1000#0/uStatTx2962                       0 ns
00:00:42.851654 /Devices/e1000#0/uStatTx32768                      0 ns
00:00:42.851660 /Devices/e1000#0/uStatTx4410                       0 ns
00:00:42.851664 /Devices/e1000#0/uStatTx5858                       0 ns
00:00:42.851668 /Devices/e1000#0/uStatTx7306                       0 ns
00:00:42.851672 /Devices/e1000#0/uStatTx8754                       0 ns
00:00:42.851677 /Devices/e1000#0/uStatTxDelayExp                   0 ns
00:00:42.851681 /Devices/e1000#0/uStatTxDelayed                    0 ns
00:00:42.851685 /Devices/e1000#0/uStatTxFrm                        1 ns
00:00:42.851689 /Devices/e1000#0/uStatTxIDE                        0 ns
00:00:42.851693 /Devices/e1000#0/uStatTxLarge                      0 ns
00:00:42.851697 /Devices/e1000#0/uStatTxNoRS                       0 ns
00:00:42.851702 /Devices/hda/Codec/LookupsR0                       0 times
00:00:42.851732 /Devices/mc146818/Irq                              0 times
00:00:42.851738 /Devices/mc146818/IrqClear                         0 times
00:00:42.851742 /Devices/mc146818/PiActive                         0 ticks/call (           0 ticks,       0 calls, max         0, min      -1)
00:00:42.851747 /Devices/mc146818/PieFlip                          0 times
00:00:42.851777 /Devices/mc146818/TimerCB                          0 times
00:00:42.851784 /Devices/vga/HgmsiMdaCgaAccesses                   0 times
00:00:42.851788 /Devices/vga/VMSVGA/Cmd/3dActivateSurface          0 times
00:00:42.851792 /Devices/vga/VMSVGA/Cmd/3dBeginQuery               0 times
00:00:42.851796 /Devices/vga/VMSVGA/Cmd/3dBlitSurfaceToScreenProf         0 ticks/call (           0 ticks,       0 calls, max         0, min      -1)
00:00:42.851801 /Devices/vga/VMSVGA/Cmd/3dClear                    0 times
00:00:42.851805 /Devices/vga/VMSVGA/Cmd/3dContextDefine            0 times
00:00:42.851810 /Devices/vga/VMSVGA/Cmd/3dContextDestroy           0 times
00:00:42.851814 /Devices/vga/VMSVGA/Cmd/3dDeactivateSurface         0 times
00:00:42.851818 /Devices/vga/VMSVGA/Cmd/3dDrawPrimitives           0 times
00:00:42.851823 /Devices/vga/VMSVGA/Cmd/3dEndQuery                 0 times
00:00:42.851828 /Devices/vga/VMSVGA/Cmd/3dGenerateMipmaps          0 times
00:00:42.851831 /Devices/vga/VMSVGA/Cmd/3dPresent                  0 times
00:00:42.851834 /Devices/vga/VMSVGA/Cmd/3dPresentReadBack          0 times
00:00:42.851837 /Devices/vga/VMSVGA/Cmd/3dSetClipPlane             0 times
00:00:42.851840 /Devices/vga/VMSVGA/Cmd/3dSetLightData             0 times
00:00:42.851843 /Devices/vga/VMSVGA/Cmd/3dSetLightEnable           0 times
00:00:42.851846 /Devices/vga/VMSVGA/Cmd/3dSetMaterial              0 times
00:00:42.851849 /Devices/vga/VMSVGA/Cmd/3dSetRenderState           0 times
00:00:42.851852 /Devices/vga/VMSVGA/Cmd/3dSetRenderTarget          0 times
00:00:42.851854 /Devices/vga/VMSVGA/Cmd/3dSetScissorRect           0 times
00:00:42.851857 /Devices/vga/VMSVGA/Cmd/3dSetShader                0 times
00:00:42.851861 /Devices/vga/VMSVGA/Cmd/3dSetShaderConst           0 times
00:00:42.851864 /Devices/vga/VMSVGA/Cmd/3dSetTextureState          0 times
00:00:42.851866 /Devices/vga/VMSVGA/Cmd/3dSetTransform             0 times
00:00:42.851869 /Devices/vga/VMSVGA/Cmd/3dSetViewPort              0 times
00:00:42.851872 /Devices/vga/VMSVGA/Cmd/3dSetZRange                0 times
00:00:42.851876 /Devices/vga/VMSVGA/Cmd/3dShaderDefine             0 times
00:00:42.851878 /Devices/vga/VMSVGA/Cmd/3dShaderDestroy            0 times
00:00:42.851881 /Devices/vga/VMSVGA/Cmd/3dSurfaceCopy              0 times
00:00:42.851884 /Devices/vga/VMSVGA/Cmd/3dSurfaceDefine            0 times
00:00:42.851887 /Devices/vga/VMSVGA/Cmd/3dSurfaceDefineV2          0 times
00:00:42.851890 /Devices/vga/VMSVGA/Cmd/3dSurfaceDestroy           0 times
00:00:42.851893 /Devices/vga/VMSVGA/Cmd/3dSurfaceDma               0 times
00:00:42.851896 /Devices/vga/VMSVGA/Cmd/3dSurfaceScreen            0 times
00:00:42.851899 /Devices/vga/VMSVGA/Cmd/3dSurfaceStretchBlt         0 times
00:00:42.851902 /Devices/vga/VMSVGA/Cmd/3dWaitForQuery             0 times
00:00:42.851908 /Devices/vga/VMSVGA/Cmd/AnnotationCopy             0 times
00:00:42.851914 /Devices/vga/VMSVGA/Cmd/AnnotationFill             0 times
00:00:42.851920 /Devices/vga/VMSVGA/Cmd/BlitGmrFbToScreen          0 times
00:00:42.851924 /Devices/vga/VMSVGA/Cmd/BlitScreentoGmrFb          0 times
00:00:42.851929 /Devices/vga/VMSVGA/Cmd/DefineAlphaCursor          0 times
00:00:42.851934 /Devices/vga/VMSVGA/Cmd/DefineCursor               0 times
00:00:42.851937 /Devices/vga/VMSVGA/Cmd/DefineGmr2                 0 times
00:00:42.851941 /Devices/vga/VMSVGA/Cmd/DefineGmr2/Free            0 times
00:00:42.851943 /Devices/vga/VMSVGA/Cmd/DefineGmr2/Modify          0 times
00:00:42.851946 /Devices/vga/VMSVGA/Cmd/DefineGmrFb                0 times
00:00:42.851949 /Devices/vga/VMSVGA/Cmd/DefineScreen               0 times
00:00:42.851952 /Devices/vga/VMSVGA/Cmd/DestroyScreen              0 times
00:00:42.851955 /Devices/vga/VMSVGA/Cmd/DisplayCursor              0 times
00:00:42.851958 /Devices/vga/VMSVGA/Cmd/Escape                     0 times
00:00:42.851961 /Devices/vga/VMSVGA/Cmd/Fence                      0 times
00:00:42.851964 /Devices/vga/VMSVGA/Cmd/InvalidCmd                 0 times
00:00:42.851986 /Devices/vga/VMSVGA/Cmd/MoveCursor                 0 times
00:00:42.851991 /Devices/vga/VMSVGA/Cmd/RectCopy                   0 times
00:00:42.851994 /Devices/vga/VMSVGA/Cmd/RectFill                   0 times
00:00:42.851997 /Devices/vga/VMSVGA/Cmd/RectRopCopy                0 times
00:00:42.852000 /Devices/vga/VMSVGA/Cmd/RemapGmr2                  0 times
00:00:42.852003 /Devices/vga/VMSVGA/Cmd/RemapGmr2/Modify           0 times
00:00:42.852006 /Devices/vga/VMSVGA/Cmd/Update                     0 times
00:00:42.852009 /Devices/vga/VMSVGA/Cmd/UpdateVerbose              0 times
00:00:42.852012 /Devices/vga/VMSVGA/EmtDelayOnBusyFifo             0 ticks/call (           0 ticks,       0 calls, max         0, min      -1)
00:00:42.852015 /Devices/vga/VMSVGA/FifoCommands                   0 times
00:00:42.852018 /Devices/vga/VMSVGA/FifoCursorFetchAgain           0 times
00:00:42.852021 /Devices/vga/VMSVGA/FifoCursorNoChange             0 times
00:00:42.852035 /Devices/vga/VMSVGA/FifoCursorPosition             0 times
00:00:42.852038 /Devices/vga/VMSVGA/FifoCursorVisiblity            0 times
00:00:42.852041 /Devices/vga/VMSVGA/FifoErrors                     0 times
00:00:42.852044 /Devices/vga/VMSVGA/FifoExtendedSleep      35065284469 ticks/call (140261137877 ticks,       4 calls, max 55396415429, min    6771)
00:00:42.852047 /Devices/vga/VMSVGA/FifoStalls                     0 ticks/call (           0 ticks,       0 calls, max         0, min      -1)
00:00:42.852051 /Devices/vga/VMSVGA/FifoTodoTimeout                0 times
00:00:42.852055 /Devices/vga/VMSVGA/FifoTodoWoken                  0 times
00:00:42.852058 /Devices/vga/VMSVGA/FifoUnknownCommands            0 times
00:00:42.852061 /Devices/vga/VMSVGA/FifoWatchdogWakeUps            0 times
00:00:42.852065 /Devices/vga/VMSVGA/Reg/BitsPerPixelRead           0 times
00:00:42.852068 /Devices/vga/VMSVGA/Reg/BitsPerPixelWrite          0 times
00:00:42.852071 /Devices/vga/VMSVGA/Reg/BlueMaskRead               0 times
00:00:42.852075 /Devices/vga/VMSVGA/Reg/BusyRead                   0 times
00:00:42.852078 /Devices/vga/VMSVGA/Reg/BusyWrite                  0 times
00:00:42.852081 /Devices/vga/VMSVGA/Reg/BytesPerLineRead           0 times
00:00:42.852085 /Devices/vga/VMSVGA/Reg/CapabilitesRead            0 times
00:00:42.852088 /Devices/vga/VMSVGA/Reg/CmdPrependHighRead         0 times
00:00:42.852091 /Devices/vga/VMSVGA/Reg/CmdPrependHighWrite         0 times
00:00:42.852094 /Devices/vga/VMSVGA/Reg/CmdPrependLowRead          0 times
00:00:42.852098 /Devices/vga/VMSVGA/Reg/CmdPrependLowWrite         0 times
00:00:42.852101 /Devices/vga/VMSVGA/Reg/CommandHighRead            0 times
00:00:42.852104 /Devices/vga/VMSVGA/Reg/CommandHighWrite           0 times
00:00:42.852107 /Devices/vga/VMSVGA/Reg/CommandLowRead             0 times
00:00:42.852110 /Devices/vga/VMSVGA/Reg/CommandLowWrite            0 times
00:00:42.852113 /Devices/vga/VMSVGA/Reg/ConfigDoneRead             0 times
00:00:42.852116 /Devices/vga/VMSVGA/Reg/ConfigDoneWrite            0 times
00:00:42.852119 /Devices/vga/VMSVGA/Reg/CursorIdRead               0 times
00:00:42.852122 /Devices/vga/VMSVGA/Reg/CursorIdWrite              0 times
00:00:42.852125 /Devices/vga/VMSVGA/Reg/CursorOnRead               0 times
00:00:42.852128 /Devices/vga/VMSVGA/Reg/CursorOnWrite              0 times
00:00:42.852131 /Devices/vga/VMSVGA/Reg/CursorXRead                0 times
00:00:42.852135 /Devices/vga/VMSVGA/Reg/CursorXWrite               0 times
00:00:42.852137 /Devices/vga/VMSVGA/Reg/CursorYRead                0 times
00:00:42.852140 /Devices/vga/VMSVGA/Reg/CursorYWrite               0 times
00:00:42.852143 /Devices/vga/VMSVGA/Reg/DepthRead                  0 times
00:00:42.852146 /Devices/vga/VMSVGA/Reg/DepthWrite                 0 times
00:00:42.852149 /Devices/vga/VMSVGA/Reg/DevCapRead                 0 times
00:00:42.852152 /Devices/vga/VMSVGA/Reg/DevCapWrite                0 times
00:00:42.852155 /Devices/vga/VMSVGA/Reg/DisplayHeightRead          0 times
00:00:42.852177 /Devices/vga/VMSVGA/Reg/DisplayHeightWrite         0 times
00:00:42.852182 /Devices/vga/VMSVGA/Reg/DisplayIdRead              0 times
00:00:42.852186 /Devices/vga/VMSVGA/Reg/DisplayIdWrite             0 times
00:00:42.852189 /Devices/vga/VMSVGA/Reg/DisplayIsPrimaryRead         0 times
00:00:42.852192 /Devices/vga/VMSVGA/Reg/DisplayIsPrimaryWrite         0 times
00:00:42.852195 /Devices/vga/VMSVGA/Reg/DisplayPositionXRead         0 times
00:00:42.852198 /Devices/vga/VMSVGA/Reg/DisplayPositionXWrite         0 times
00:00:42.852201 /Devices/vga/VMSVGA/Reg/DisplayPositionYRead         0 times
00:00:42.852204 /Devices/vga/VMSVGA/Reg/DisplayPositionYWrite         0 times
00:00:42.852208 /Devices/vga/VMSVGA/Reg/DisplayWidthRead           0 times
00:00:42.852212 /Devices/vga/VMSVGA/Reg/DisplayWidthWrite          0 times
00:00:42.852216 /Devices/vga/VMSVGA/Reg/EnableRead                 0 times
00:00:42.852220 /Devices/vga/VMSVGA/Reg/EnableWrite                0 times
00:00:42.852223 /Devices/vga/VMSVGA/Reg/FbOffsetRead               0 times
00:00:42.852226 /Devices/vga/VMSVGA/Reg/FbSizeRead                 0 times
00:00:42.852229 /Devices/vga/VMSVGA/Reg/FbStartRead                0 times
00:00:42.852232 /Devices/vga/VMSVGA/Reg/GBMemSizeRead              0 times
00:00:42.852235 /Devices/vga/VMSVGA/Reg/GmrDescriptorWrite         0 times
00:00:42.852239 /Devices/vga/VMSVGA/Reg/GmrDescriptorWrite/Errors         0 times
00:00:42.852242 /Devices/vga/VMSVGA/Reg/GmrDescriptorWrite/Free         0 times
00:00:42.852245 /Devices/vga/VMSVGA/Reg/GmrIdRead                  0 times
00:00:42.852248 /Devices/vga/VMSVGA/Reg/GmrIdWrite                 0 times
00:00:42.852252 /Devices/vga/VMSVGA/Reg/GmrMaxDescriptorLengthRead         0 times
00:00:42.852255 /Devices/vga/VMSVGA/Reg/GmrMaxIdsRead              0 times
00:00:42.852258 /Devices/vga/VMSVGA/Reg/GmrsMaxPagesRead           0 times
00:00:42.852262 /Devices/vga/VMSVGA/Reg/GreenMaskRead              0 times
00:00:42.852266 /Devices/vga/VMSVGA/Reg/GuestIdRead                0 times
00:00:42.852270 /Devices/vga/VMSVGA/Reg/GuestIdWrite               0 times
00:00:42.852273 /Devices/vga/VMSVGA/Reg/HeightRead                 0 times
00:00:42.852276 /Devices/vga/VMSVGA/Reg/HeightWrite                0 times
00:00:42.852279 /Devices/vga/VMSVGA/Reg/HostBitsPerPixelRead         0 times
00:00:42.852282 /Devices/vga/VMSVGA/Reg/IdRead                     0 times
00:00:42.852285 /Devices/vga/VMSVGA/Reg/IdWrite                    0 times
00:00:42.852288 /Devices/vga/VMSVGA/Reg/IrqMaskRead                0 times
00:00:42.852291 /Devices/vga/VMSVGA/Reg/IrqMaskWrite               0 times
00:00:42.852294 /Devices/vga/VMSVGA/Reg/MaxHeightRead              0 times
00:00:42.852298 /Devices/vga/VMSVGA/Reg/MaxPrimBBMemRead           0 times
00:00:42.852301 /Devices/vga/VMSVGA/Reg/MaxWidthRead               0 times
00:00:42.852304 /Devices/vga/VMSVGA/Reg/MemRegsRead                0 times
00:00:42.852306 /Devices/vga/VMSVGA/Reg/MemSizeRead                0 times
00:00:42.852309 /Devices/vga/VMSVGA/Reg/MemStartRead               0 times
00:00:42.852312 /Devices/vga/VMSVGA/Reg/MemorySizeRead             0 times
00:00:42.852316 /Devices/vga/VMSVGA/Reg/MobMaxSizeRead             0 times
00:00:42.852320 /Devices/vga/VMSVGA/Reg/NumDisplaysRead            0 times
00:00:42.852322 /Devices/vga/VMSVGA/Reg/NumDisplaysWrite           0 times
00:00:42.852325 /Devices/vga/VMSVGA/Reg/NumGuestDisplaysRead         0 times
00:00:42.852329 /Devices/vga/VMSVGA/Reg/NumGuestDisplaysWrite         0 times
00:00:42.852332 /Devices/vga/VMSVGA/Reg/PaletteRead                0 times
00:00:42.852334 /Devices/vga/VMSVGA/Reg/PaletteWrite               0 times
00:00:42.852337 /Devices/vga/VMSVGA/Reg/PitchLockRead              0 times
00:00:42.852340 /Devices/vga/VMSVGA/Reg/PitchLockWrite             0 times
00:00:42.852343 /Devices/vga/VMSVGA/Reg/PseudoColorWrite           0 times
00:00:42.852346 /Devices/vga/VMSVGA/Reg/PsuedoColorRead            0 times
00:00:42.852349 /Devices/vga/VMSVGA/Reg/ReadOnlyWrite              0 times
00:00:42.852373 /Devices/vga/VMSVGA/Reg/RedMaskRead                0 times
00:00:42.852378 /Devices/vga/VMSVGA/Reg/ScratchRead                0 times
00:00:42.852381 /Devices/vga/VMSVGA/Reg/ScratchSizeRead            0 times
00:00:42.852384 /Devices/vga/VMSVGA/Reg/ScratchWrite               0 times
00:00:42.852387 /Devices/vga/VMSVGA/Reg/ScrnTgtMaxHeightRead         0 times
00:00:42.852390 /Devices/vga/VMSVGA/Reg/ScrnTgtMaxWidthRead         0 times
00:00:42.852393 /Devices/vga/VMSVGA/Reg/SyncRead                   0 times
00:00:42.852396 /Devices/vga/VMSVGA/Reg/SyncWrite                  0 times
00:00:42.852399 /Devices/vga/VMSVGA/Reg/TopRead                    0 times
00:00:42.852402 /Devices/vga/VMSVGA/Reg/TopWrite                   0 times
00:00:42.852405 /Devices/vga/VMSVGA/Reg/TracesRead                 0 times
00:00:42.852408 /Devices/vga/VMSVGA/Reg/TracesWrite                0 times
00:00:42.852411 /Devices/vga/VMSVGA/Reg/UnknownRead                0 times
00:00:42.852414 /Devices/vga/VMSVGA/Reg/UnknownWrite               0 times
00:00:42.852417 /Devices/vga/VMSVGA/Reg/VramSizeRead               0 times
00:00:42.852420 /Devices/vga/VMSVGA/Reg/WidthRead                  0 times
00:00:42.852423 /Devices/vga/VMSVGA/Reg/WidthWrite                 0 times
00:00:42.852426 /Devices/vga/VMSVGA/Reg/WriteOnlyRead              0 times
00:00:42.852429 /Drivers/AUDIO-0/TotalStreamsCreated               0 count
00:00:42.852432 /Drivers/AUDIO-1/TotalStreamsCreated               0 count
00:00:42.852435 /Drivers/AUDIO-2/TotalStreamsCreated               0 count
00:00:42.852443 /EM/CPU0/ExitHashing/Used                          0 times
00:00:42.852446 /EM/CPU0/ExitOpt/Exec                              0 ticks/call (           0 ticks,       0 calls, max         0, min      -1)
00:00:42.852450 /EM/CPU0/ExitOpt/ExecInstructions                  0 times
00:00:42.852453 /EM/CPU0/ExitOpt/ExecSavedExit                     0 times
00:00:42.852456 /EM/CPU0/ExitOpt/Probe                             0 ticks/call (           0 ticks,       0 calls, max         0, min      -1)
00:00:42.852459 /EM/CPU0/ExitOpt/ProbeInstructions                 0 times
00:00:42.852462 /EM/CPU0/ExitOpt/ProbedExecWithMax                 0 times
00:00:42.852465 /EM/CPU0/ExitOpt/ProbedNormal                      0 times
00:00:42.852468 /EM/CPU0/ExitOpt/ProbedToRing3                     0 times
00:00:42.852475 /EM/CPU1/ExitHashing/Used                          0 times
00:00:42.852478 /EM/CPU1/ExitOpt/Exec                              0 ticks/call (           0 ticks,       0 calls, max         0, min      -1)
00:00:42.852482 /EM/CPU1/ExitOpt/ExecInstructions                  0 times
00:00:42.852485 /EM/CPU1/ExitOpt/ExecSavedExit                     0 times
00:00:42.852488 /EM/CPU1/ExitOpt/Probe                             0 ticks/call (           0 ticks,       0 calls, max         0, min      -1)
00:00:42.852491 /EM/CPU1/ExitOpt/ProbeInstructions                 0 times
00:00:42.852494 /EM/CPU1/ExitOpt/ProbedExecWithMax                 0 times
00:00:42.852497 /EM/CPU1/ExitOpt/ProbedNormal                      0 times
00:00:42.852500 /EM/CPU1/ExitOpt/ProbedToRing3                     0 times
00:00:42.852507 /EM/CPU2/ExitHashing/Used                          0 times
00:00:42.852511 /EM/CPU2/ExitOpt/Exec                              0 ticks/call (           0 ticks,       0 calls, max         0, min      -1)
00:00:42.852514 /EM/CPU2/ExitOpt/ExecInstructions                  0 times
00:00:42.852517 /EM/CPU2/ExitOpt/ExecSavedExit                     0 times
00:00:42.852520 /EM/CPU2/ExitOpt/Probe                             0 ticks/call (           0 ticks,       0 calls, max         0, min      -1)
00:00:42.852523 /EM/CPU2/ExitOpt/ProbeInstructions                 0 times
00:00:42.852533 /EM/CPU2/ExitOpt/ProbedExecWithMax                 0 times
00:00:42.852536 /EM/CPU2/ExitOpt/ProbedNormal                      0 times
00:00:42.852539 /EM/CPU2/ExitOpt/ProbedToRing3                     0 times
00:00:42.852548 /EM/CPU3/ExitHashing/Used                          0 times
00:00:42.852552 /EM/CPU3/ExitOpt/Exec                              0 ticks/call (           0 ticks,       0 calls, max         0, min      -1)
00:00:42.852555 /EM/CPU3/ExitOpt/ExecInstructions                  0 times
00:00:42.852558 /EM/CPU3/ExitOpt/ExecSavedExit                     0 times
00:00:42.852561 /EM/CPU3/ExitOpt/Probe                             0 ticks/call (           0 ticks,       0 calls, max         0, min      -1)
00:00:42.852565 /EM/CPU3/ExitOpt/ProbeInstructions                 0 times
00:00:42.852567 /EM/CPU3/ExitOpt/ProbedExecWithMax                 0 times
00:00:42.852570 /EM/CPU3/ExitOpt/ProbedNormal                      0 times
00:00:42.852573 /EM/CPU3/ExitOpt/ProbedToRing3                     0 times
00:00:42.852577 /GMM/ChunkTlbHits                                 79 times
00:00:42.852582 /GMM/ChunkTlbMisses                                9 times
00:00:42.852591 /GMM/VM/Allocated/cBasePages                   20239 pages
00:00:42.852596 /GMM/VM/Allocated/cFixedPages                      0 pages
00:00:42.852600 /GMM/VM/Allocated/cShadowPages                     0 pages
00:00:42.852603 /GMM/VM/Reserved/cBasePages                  2098979 pages
00:00:42.852606 /GMM/VM/Reserved/cFixedPages                   34308 pages
00:00:42.852609 /GMM/VM/Reserved/cShadowPages                      1 pages
00:00:42.852613 /GMM/VM/cBalloonedPages                            0 pages
00:00:42.852616 /GMM/VM/cMaxBalloonedPages                         0 pages
00:00:42.852619 /GMM/VM/cPrivatePages                          20239 pages
00:00:42.852622 /GMM/VM/cReqActuallyBalloonedPages                 0 pages
00:00:42.852625 /GMM/VM/cReqBalloonedPages                         0 pages
00:00:42.852628 /GMM/VM/cReqDeflatePages                           0 pages
00:00:42.852631 /GMM/VM/cShareableModules                          0 count
00:00:42.852634 /GMM/VM/cSharedPages                               0 pages
00:00:42.852637 /GMM/VM/enmPolicy                                  1 
00:00:42.852641 /GMM/VM/enmPriority                                2 
00:00:42.852644 /GMM/VM/fBallooningEnabled                 false    
00:00:42.852647 /GMM/VM/fMayAllocate                       true     
00:00:42.852650 /GMM/VM/fSharedPagingEnabled               false    
00:00:42.852653 /GMM/cAllocatedPages                           20239 pages
00:00:42.852656 /GMM/cBalloonedPages                               0 pages
00:00:42.852659 /GMM/cChunks                                      40 count
00:00:42.852663 /GMM/cDuplicatePages                               0 pages
00:00:42.852666 /GMM/cFreedChunks                                  0 count
00:00:42.852669 /GMM/cLeftBehindSharedPages                        0 pages
00:00:42.852672 /GMM/cMaxPages                             4294967295 pages
00:00:42.852675 /GMM/cOverCommittedPages                           0 pages
00:00:42.852678 /GMM/cReservedPages                          2133288 pages
00:00:42.852681 /GMM/cShareableModules                             0 count
00:00:42.852684 /GMM/cSharedPages                                  0 pages
00:00:42.852687 /GMM/idFreeGeneration                      4611686018427387775 
00:00:42.852793 /GVMM/EMTs                                         4 count
00:00:42.852798 /GVMM/HostCPUs                                    12 count
00:00:42.852801 /GVMM/HostCpus/0                                   0 
00:00:42.852804 /GVMM/HostCpus/0/CurTimerHz                    16384 Hz
00:00:42.852807 /GVMM/HostCpus/0/DesiredHz                         0 Hz
00:00:42.852810 /GVMM/HostCpus/0/PPTChanges                        0 times
00:00:42.852813 /GVMM/HostCpus/0/PPTStarts                         5 times
00:00:42.852816 /GVMM/HostCpus/0/idxCpuSet                         0 
00:00:42.852819 /GVMM/HostCpus/1                                   1 
00:00:42.852822 /GVMM/HostCpus/1/CurTimerHz                        0 Hz
00:00:42.852825 /GVMM/HostCpus/1/DesiredHz                         0 Hz
00:00:42.852830 /GVMM/HostCpus/1/PPTChanges                        0 times
00:00:42.852834 /GVMM/HostCpus/1/PPTStarts                         2 times
00:00:42.852837 /GVMM/HostCpus/1/idxCpuSet                         1 
00:00:42.852840 /GVMM/HostCpus/10                                 10 
00:00:42.852843 /GVMM/HostCpus/10/CurTimerHz                   16384 Hz
00:00:42.852846 /GVMM/HostCpus/10/DesiredHz                        0 Hz
00:00:42.852848 /GVMM/HostCpus/10/PPTChanges                       0 times
00:00:42.852851 /GVMM/HostCpus/10/PPTStarts                        1 times
00:00:42.852854 /GVMM/HostCpus/10/idxCpuSet                       10 
00:00:42.852857 /GVMM/HostCpus/11                                 11 
00:00:42.852860 /GVMM/HostCpus/11/CurTimerHz                       0 Hz
00:00:42.852863 /GVMM/HostCpus/11/DesiredHz                        0 Hz
00:00:42.852866 /GVMM/HostCpus/11/PPTChanges                       0 times
00:00:42.852869 /GVMM/HostCpus/11/PPTStarts                        1 times
00:00:42.852872 /GVMM/HostCpus/11/idxCpuSet                       11 
00:00:42.852875 /GVMM/HostCpus/2                                   2 
00:00:42.852878 /GVMM/HostCpus/2/CurTimerHz                    16384 Hz
00:00:42.852881 /GVMM/HostCpus/2/DesiredHz                         0 Hz
00:00:42.852884 /GVMM/HostCpus/2/PPTChanges                        0 times
00:00:42.852887 /GVMM/HostCpus/2/PPTStarts                         1 times
00:00:42.852890 /GVMM/HostCpus/2/idxCpuSet                         2 
00:00:42.852893 /GVMM/HostCpus/3                                   3 
00:00:42.852896 /GVMM/HostCpus/3/CurTimerHz                        0 Hz
00:00:42.852899 /GVMM/HostCpus/3/DesiredHz                         0 Hz
00:00:42.852902 /GVMM/HostCpus/3/PPTChanges                        0 times
00:00:42.852905 /GVMM/HostCpus/3/PPTStarts                         3 times
00:00:42.852908 /GVMM/HostCpus/3/idxCpuSet                         3 
00:00:42.852911 /GVMM/HostCpus/4                                   4 
00:00:42.852914 /GVMM/HostCpus/4/CurTimerHz                    16384 Hz
00:00:42.852917 /GVMM/HostCpus/4/DesiredHz                         0 Hz
00:00:42.852920 /GVMM/HostCpus/4/PPTChanges                        0 times
00:00:42.852923 /GVMM/HostCpus/4/PPTStarts                         1 times
00:00:42.852926 /GVMM/HostCpus/4/idxCpuSet                         4 
00:00:42.852929 /GVMM/HostCpus/5                                   5 
00:00:42.852932 /GVMM/HostCpus/5/CurTimerHz                        0 Hz
00:00:42.852935 /GVMM/HostCpus/5/DesiredHz                         0 Hz
00:00:42.852938 /GVMM/HostCpus/5/PPTChanges                        0 times
00:00:42.852941 /GVMM/HostCpus/5/PPTStarts                         2 times
00:00:42.852944 /GVMM/HostCpus/5/idxCpuSet                         5 
00:00:42.852947 /GVMM/HostCpus/6                                   6 
00:00:42.852950 /GVMM/HostCpus/6/CurTimerHz                        0 Hz
00:00:42.852953 /GVMM/HostCpus/6/DesiredHz                         0 Hz
00:00:42.852955 /GVMM/HostCpus/6/PPTChanges                        0 times
00:00:42.852958 /GVMM/HostCpus/6/PPTStarts                         4 times
00:00:42.852961 /GVMM/HostCpus/6/idxCpuSet                         6 
00:00:42.852964 /GVMM/HostCpus/7                                   7 
00:00:42.852967 /GVMM/HostCpus/7/CurTimerHz                        0 Hz
00:00:42.852970 /GVMM/HostCpus/7/DesiredHz                         0 Hz
00:00:42.852973 /GVMM/HostCpus/7/PPTChanges                        0 times
00:00:42.852976 /GVMM/HostCpus/7/PPTStarts                         0 times
00:00:42.852979 /GVMM/HostCpus/7/idxCpuSet                         7 
00:00:42.852982 /GVMM/HostCpus/8                                   8 
00:00:42.852985 /GVMM/HostCpus/8/CurTimerHz                    16384 Hz
00:00:42.852988 /GVMM/HostCpus/8/DesiredHz                         0 Hz
00:00:42.852991 /GVMM/HostCpus/8/PPTChanges                        0 times
00:00:42.852994 /GVMM/HostCpus/8/PPTStarts                         4 times
00:00:42.852997 /GVMM/HostCpus/8/idxCpuSet                         8 
00:00:42.853001 /GVMM/HostCpus/9                                   9 
00:00:42.853004 /GVMM/HostCpus/9/CurTimerHz                        0 Hz
00:00:42.853007 /GVMM/HostCpus/9/DesiredHz                         0 Hz
00:00:42.853010 /GVMM/HostCpus/9/PPTChanges                        0 times
00:00:42.853013 /GVMM/HostCpus/9/PPTStarts                         3 times
00:00:42.853016 /GVMM/HostCpus/9/idxCpuSet                         9 
00:00:42.853019 /GVMM/Sum/HaltBlocking                          9960 calls
00:00:42.853033 /GVMM/Sum/HaltCalls                             9960 calls
00:00:42.853039 /GVMM/Sum/HaltNotBlocking                          0 calls
00:00:42.853043 /GVMM/Sum/HaltTimeouts                          5843 calls
00:00:42.853048 /GVMM/Sum/HaltWakeUps                              0 calls
00:00:42.853053 /GVMM/Sum/PokeCalls                               19 calls
00:00:42.853058 /GVMM/Sum/PokeNotBusy                              2 calls
00:00:42.853062 /GVMM/Sum/PollCalls                                0 calls
00:00:42.853066 /GVMM/Sum/PollHalts                                0 calls
00:00:42.853070 /GVMM/Sum/PollWakeUps                              0 calls
00:00:42.853074 /GVMM/Sum/WakeUpCalls                           4118 calls
00:00:42.853078 /GVMM/Sum/WakeUpNotHalted                          4 calls
00:00:42.853082 /GVMM/Sum/WakeUpWakeUps                            0 calls
00:00:42.853086 /GVMM/VCpus/0/Start                                0 ticks/call (           0 ticks,       0 calls, max         0, min       0)
00:00:42.853091 /GVMM/VCpus/0/Stop                                 0 ticks/call (           0 ticks,       0 calls, max         0, min       0)
00:00:42.853097 /GVMM/VCpus/0/cWakeUpTimerCanceled                 0 times
00:00:42.853100 /GVMM/VCpus/0/cWakeUpTimerHits                     0 times
00:00:42.853103 /GVMM/VCpus/0/cWakeUpTimerMisses                   0 times
00:00:42.853106 /GVMM/VCpus/0/cWakeUpTimerSameCpu                  0 times
00:00:42.853109 /GVMM/VCpus/1/Start                                0 ticks/call (           0 ticks,       0 calls, max         0, min       0)
00:00:42.853112 /GVMM/VCpus/1/Stop                                 0 ticks/call (           0 ticks,       0 calls, max         0, min       0)
00:00:42.853116 /GVMM/VCpus/1/cWakeUpTimerCanceled                 0 times
00:00:42.853119 /GVMM/VCpus/1/cWakeUpTimerHits                     0 times
00:00:42.853122 /GVMM/VCpus/1/cWakeUpTimerMisses                   0 times
00:00:42.853125 /GVMM/VCpus/1/cWakeUpTimerSameCpu                  0 times
00:00:42.853128 /GVMM/VCpus/2/Start                                0 ticks/call (           0 ticks,       0 calls, max         0, min       0)
00:00:42.853131 /GVMM/VCpus/2/Stop                                 0 ticks/call (           0 ticks,       0 calls, max         0, min       0)
00:00:42.853134 /GVMM/VCpus/2/cWakeUpTimerCanceled                 0 times
00:00:42.853137 /GVMM/VCpus/2/cWakeUpTimerHits                     0 times
00:00:42.853140 /GVMM/VCpus/2/cWakeUpTimerMisses                   0 times
00:00:42.853143 /GVMM/VCpus/2/cWakeUpTimerSameCpu                  0 times
00:00:42.853146 /GVMM/VCpus/3/Start                                0 ticks/call (           0 ticks,       0 calls, max         0, min       0)
00:00:42.853150 /GVMM/VCpus/3/Stop                                 0 ticks/call (           0 ticks,       0 calls, max         0, min       0)
00:00:42.853153 /GVMM/VCpus/3/cWakeUpTimerCanceled                 0 times
00:00:42.853156 /GVMM/VCpus/3/cWakeUpTimerHits                     0 times
00:00:42.853159 /GVMM/VCpus/3/cWakeUpTimerMisses                   0 times
00:00:42.853162 /GVMM/VCpus/3/cWakeUpTimerSameCpu                  0 times
00:00:42.853165 /GVMM/VM/HaltBlocking                           9960 calls
00:00:42.853168 /GVMM/VM/HaltCalls                              9960 calls
00:00:42.853171 /GVMM/VM/HaltNotBlocking                           0 calls
00:00:42.853176 /GVMM/VM/HaltTimeouts                           5843 calls
00:00:42.853181 /GVMM/VM/HaltWakeUps                               0 calls
00:00:42.853185 /GVMM/VM/PokeCalls                                19 calls
00:00:42.853188 /GVMM/VM/PokeNotBusy                               2 calls
00:00:42.853191 /GVMM/VM/PollCalls                                 0 calls
00:00:42.853194 /GVMM/VM/PollHalts                                 0 calls
00:00:42.853198 /GVMM/VM/PollWakeUps                               0 calls
00:00:42.853201 /GVMM/VM/WakeUpCalls                            4118 calls
00:00:42.853204 /GVMM/VM/WakeUpNotHalted                           4 calls
00:00:42.853207 /GVMM/VM/WakeUpWakeUps                             0 calls
00:00:42.853210 /GVMM/VMs                                          1 count
00:00:42.853213 /HGCM/FailedPageListLocking                        0 count
00:00:42.853216 /HGCM/LargeCmdAllocs                               0 count
00:00:42.853219 /HGCM/MsgArrival                                   0 ticks/call (           0 ticks,       0 calls, max         0, min      -1)
00:00:42.853223 /HGCM/MsgCompletion                                0 ticks/call (           0 ticks,       0 calls, max         0, min      -1)
00:00:42.853226 /HGCM/MsgTotal                                     0 ticks/call (           0 ticks,       0 calls, max         0, min      -1)
00:00:42.853230 /HM/CPU0/Exit/HostNmiInGC                          0 times
00:00:42.853234 /HM/CPU0/Exit/HostNmiInGCIpi                       0 times
00:00:42.853238 /HM/CPU0/Exit/PreemptTimer                         0 times
00:00:42.853247 /HM/CPU0/Exit/Trap/Gst/#AC                         0 times
00:00:42.853252 /HM/CPU0/ImportGuestStateFallback                  0 times
00:00:42.853255 /HM/CPU0/ReadToTransientFallback                   0 times
00:00:42.853258 /HM/CPU0/Switch/Preempting                        71 times
00:00:42.853261 /HM/CPU1/Exit/HostNmiInGC                          0 times
00:00:42.853264 /HM/CPU1/Exit/HostNmiInGCIpi                       0 times
00:00:42.853267 /HM/CPU1/Exit/PreemptTimer                         0 times
00:00:42.853270 /HM/CPU1/Exit/Trap/Gst/#AC                         0 times
00:00:42.853274 /HM/CPU1/ImportGuestStateFallback                  0 times
00:00:42.853276 /HM/CPU1/ReadToTransientFallback                   0 times
00:00:42.853280 /HM/CPU1/Switch/Preempting                         0 times
00:00:42.853283 /HM/CPU2/Exit/HostNmiInGC                          0 times
00:00:42.853286 /HM/CPU2/Exit/HostNmiInGCIpi                       0 times
00:00:42.853289 /HM/CPU2/Exit/PreemptTimer                         0 times
00:00:42.853292 /HM/CPU2/Exit/Trap/Gst/#AC                         0 times
00:00:42.853295 /HM/CPU2/ImportGuestStateFallback                  0 times
00:00:42.853298 /HM/CPU2/ReadToTransientFallback                   0 times
00:00:42.853301 /HM/CPU2/Switch/Preempting                         0 times
00:00:42.853304 /HM/CPU3/Exit/HostNmiInGC                          0 times
00:00:42.853307 /HM/CPU3/Exit/HostNmiInGCIpi                       0 times
00:00:42.853310 /HM/CPU3/Exit/PreemptTimer                         0 times
00:00:42.853313 /HM/CPU3/Exit/Trap/Gst/#AC                         0 times
00:00:42.853316 /HM/CPU3/ImportGuestStateFallback                  0 times
00:00:42.853319 /HM/CPU3/ReadToTransientFallback                   0 times
00:00:42.853322 /HM/CPU3/Switch/Preempting                         0 times
00:00:42.853342 /IEM/CPU0/Tlb/Code/InvlPg                          0 
00:00:42.853345 /IEM/CPU0/Tlb/Code/InvlPg/LargeGlobal              0 
00:00:42.853349 /IEM/CPU0/Tlb/Code/InvlPg/LargeNonGlobal           0 
00:00:42.853352 /IEM/CPU0/Tlb/Code/LargePageGlobalCurLoads         0 count
00:00:42.853354 /IEM/CPU0/Tlb/Code/LargePageGlobalFirstTag ffffffffffffffff count
00:00:42.853357 /IEM/CPU0/Tlb/Code/LargePageGlobalLastTag          0 count
00:00:42.853360 /IEM/CPU0/Tlb/Code/LargePageNonGlobalCurLoads         0 count
00:00:42.853365 /IEM/CPU0/Tlb/Code/LargePageNonGlobalFirstTag ffffffffffffffff count
00:00:42.853369 /IEM/CPU0/Tlb/Code/LargePageNonGlobalLastTag         0 count
00:00:42.853372 /IEM/CPU0/Tlb/Code/Misses                          0 count
00:00:42.853375 /IEM/CPU0/Tlb/Code/Misses/GlobalLoads              0 count
00:00:42.853378 /IEM/CPU0/Tlb/Code/PhysicalRevision        fffffffffffce000 
00:00:42.853382 /IEM/CPU0/Tlb/Code/PhysicalRevisionFlushes         0 
00:00:42.853387 /IEM/CPU0/Tlb/Code/PhysicalRevisionRollovers         0 
00:00:42.853390 /IEM/CPU0/Tlb/Code/RevisionGlobal          fffff38000000000 
00:00:42.853393 /IEM/CPU0/Tlb/Code/RevisionGlobalFlushes           0 
00:00:42.853396 /IEM/CPU0/Tlb/Code/RevisionNonGlobal       fffff38000000000 
00:00:42.853399 /IEM/CPU0/Tlb/Code/RevisionNonGlobalFlushes         0 
00:00:42.853402 /IEM/CPU0/Tlb/Code/RevisionRollovers               0 
00:00:42.853404 /IEM/CPU0/Tlb/Code/SlowReads                       0 count
00:00:42.853407 /IEM/CPU0/Tlb/Data/InvlPg                          0 
00:00:42.853410 /IEM/CPU0/Tlb/Data/InvlPg/LargeGlobal              0 
00:00:42.853413 /IEM/CPU0/Tlb/Data/InvlPg/LargeNonGlobal           0 
00:00:42.853416 /IEM/CPU0/Tlb/Data/LargePageGlobalCurLoads         0 count
00:00:42.853419 /IEM/CPU0/Tlb/Data/LargePageGlobalFirstTag ffffffffffffffff count
00:00:42.853422 /IEM/CPU0/Tlb/Data/LargePageGlobalLastTag          0 count
00:00:42.853425 /IEM/CPU0/Tlb/Data/LargePageNonGlobalCurLoads         0 count
00:00:42.853428 /IEM/CPU0/Tlb/Data/LargePageNonGlobalFirstTag ffffffffffffffff count
00:00:42.853431 /IEM/CPU0/Tlb/Data/LargePageNonGlobalLastTag         0 count
00:00:42.853435 /IEM/CPU0/Tlb/Data/Misses                          0 count
00:00:42.853438 /IEM/CPU0/Tlb/Data/Misses/Core                     0 count
00:00:42.853441 /IEM/CPU0/Tlb/Data/Misses/Core/GlobalLoads         0 count
00:00:42.853444 /IEM/CPU0/Tlb/Data/Misses/Safe                     0 count
00:00:42.853447 /IEM/CPU0/Tlb/Data/Misses/Safe/Reads               0 count
00:00:42.853450 /IEM/CPU0/Tlb/Data/Misses/Safe/SubPartHits         0 count
00:00:42.853453 /IEM/CPU0/Tlb/Data/Misses/Safe/SubPartMisses         0 count
00:00:42.853455 /IEM/CPU0/Tlb/Data/Misses/Safe/SubPartMisses/GlobalLoads         0 count
00:00:42.853458 /IEM/CPU0/Tlb/Data/Misses/Safe/Writes              0 count
00:00:42.853461 /IEM/CPU0/Tlb/Data/PhysicalRevision        fffffffffffce000 
00:00:42.853464 /IEM/CPU0/Tlb/Data/PhysicalRevisionFlushes         0 
00:00:42.853467 /IEM/CPU0/Tlb/Data/PhysicalRevisionRollovers         0 
00:00:42.853470 /IEM/CPU0/Tlb/Data/RevisionGlobal          fffff38000000000 
00:00:42.853474 /IEM/CPU0/Tlb/Data/RevisionGlobalFlushes           0 
00:00:42.853477 /IEM/CPU0/Tlb/Data/RevisionNonGlobal       fffff38000000000 
00:00:42.853480 /IEM/CPU0/Tlb/Data/RevisionNonGlobalFlushes         0 
00:00:42.853483 /IEM/CPU0/Tlb/Data/RevisionRollovers               0 
00:00:42.853486 /IEM/CPU0/cInstructions                        40833 count
00:00:42.853493 /IEM/CPU0/cLongJumps                             105 bytes
00:00:42.853499 /IEM/CPU0/cMisalignedAtomics                       0 bytes
00:00:42.853504 /IEM/CPU0/cPendingCommit                           0 bytes
00:00:42.853507 /IEM/CPU0/cPotentialExits                      90152 count
00:00:42.853510 /IEM/CPU0/cRetAspectNotImplemented                 0 count
00:00:42.853513 /IEM/CPU0/cRetErrStatuses                          0 count
00:00:42.853516 /IEM/CPU0/cRetInfStatuses                       3821 count
00:00:42.853519 /IEM/CPU0/cRetInstrNotImplemented                  0 count
00:00:42.853540 /IEM/CPU1/Tlb/Code/InvlPg                          0 
00:00:42.853544 /IEM/CPU1/Tlb/Code/InvlPg/LargeGlobal              0 
00:00:42.853547 /IEM/CPU1/Tlb/Code/InvlPg/LargeNonGlobal           0 
00:00:42.853550 /IEM/CPU1/Tlb/Code/LargePageGlobalCurLoads         0 count
00:00:42.853552 /IEM/CPU1/Tlb/Code/LargePageGlobalFirstTag ffffffffffffffff count
00:00:42.853555 /IEM/CPU1/Tlb/Code/LargePageGlobalLastTag          0 count
00:00:42.853560 /IEM/CPU1/Tlb/Code/LargePageNonGlobalCurLoads         0 count
00:00:42.853563 /IEM/CPU1/Tlb/Code/LargePageNonGlobalFirstTag ffffffffffffffff count
00:00:42.853566 /IEM/CPU1/Tlb/Code/LargePageNonGlobalLastTag         0 count
00:00:42.853569 /IEM/CPU1/Tlb/Code/Misses                          0 count
00:00:42.853572 /IEM/CPU1/Tlb/Code/Misses/GlobalLoads              0 count
00:00:42.853575 /IEM/CPU1/Tlb/Code/PhysicalRevision        fffffffffffce000 
00:00:42.853578 /IEM/CPU1/Tlb/Code/PhysicalRevisionFlushes         0 
00:00:42.853581 /IEM/CPU1/Tlb/Code/PhysicalRevisionRollovers         0 
00:00:42.853585 /IEM/CPU1/Tlb/Code/RevisionGlobal          fffff38000000000 
00:00:42.853588 /IEM/CPU1/Tlb/Code/RevisionGlobalFlushes           0 
00:00:42.853590 /IEM/CPU1/Tlb/Code/RevisionNonGlobal       fffff38000000000 
00:00:42.853593 /IEM/CPU1/Tlb/Code/RevisionNonGlobalFlushes         0 
00:00:42.853596 /IEM/CPU1/Tlb/Code/RevisionRollovers               0 
00:00:42.853599 /IEM/CPU1/Tlb/Code/SlowReads                       0 count
00:00:42.853602 /IEM/CPU1/Tlb/Data/InvlPg                          0 
00:00:42.853605 /IEM/CPU1/Tlb/Data/InvlPg/LargeGlobal              0 
00:00:42.853608 /IEM/CPU1/Tlb/Data/InvlPg/LargeNonGlobal           0 
00:00:42.853613 /IEM/CPU1/Tlb/Data/LargePageGlobalCurLoads         0 count
00:00:42.853620 /IEM/CPU1/Tlb/Data/LargePageGlobalFirstTag ffffffffffffffff count
00:00:42.853628 /IEM/CPU1/Tlb/Data/LargePageGlobalLastTag          0 count
00:00:42.853633 /IEM/CPU1/Tlb/Data/LargePageNonGlobalCurLoads         0 count
00:00:42.853638 /IEM/CPU1/Tlb/Data/LargePageNonGlobalFirstTag ffffffffffffffff count
00:00:42.853643 /IEM/CPU1/Tlb/Data/LargePageNonGlobalLastTag         0 count
00:00:42.853648 /IEM/CPU1/Tlb/Data/Misses                          0 count
00:00:42.853653 /IEM/CPU1/Tlb/Data/Misses/Core                     0 count
00:00:42.853657 /IEM/CPU1/Tlb/Data/Misses/Core/GlobalLoads         0 count
00:00:42.853660 /IEM/CPU1/Tlb/Data/Misses/Safe                     0 count
00:00:42.853663 /IEM/CPU1/Tlb/Data/Misses/Safe/Reads               0 count
00:00:42.853666 /IEM/CPU1/Tlb/Data/Misses/Safe/SubPartHits         0 count
00:00:42.853669 /IEM/CPU1/Tlb/Data/Misses/Safe/SubPartMisses         0 count
00:00:42.853672 /IEM/CPU1/Tlb/Data/Misses/Safe/SubPartMisses/GlobalLoads         0 count
00:00:42.853675 /IEM/CPU1/Tlb/Data/Misses/Safe/Writes              0 count
00:00:42.853678 /IEM/CPU1/Tlb/Data/PhysicalRevision        fffffffffffce000 
00:00:42.853681 /IEM/CPU1/Tlb/Data/PhysicalRevisionFlushes         0 
00:00:42.853684 /IEM/CPU1/Tlb/Data/PhysicalRevisionRollovers         0 
00:00:42.853687 /IEM/CPU1/Tlb/Data/RevisionGlobal          fffff38000000000 
00:00:42.853690 /IEM/CPU1/Tlb/Data/RevisionGlobalFlushes           0 
00:00:42.853693 /IEM/CPU1/Tlb/Data/RevisionNonGlobal       fffff38000000000 
00:00:42.853696 /IEM/CPU1/Tlb/Data/RevisionNonGlobalFlushes         0 
00:00:42.853698 /IEM/CPU1/Tlb/Data/RevisionRollovers               0 
00:00:42.853702 /IEM/CPU1/cInstructions                          101 count
00:00:42.853705 /IEM/CPU1/cLongJumps                               0 bytes
00:00:42.853708 /IEM/CPU1/cMisalignedAtomics                       0 bytes
00:00:42.853711 /IEM/CPU1/cPendingCommit                           0 bytes
00:00:42.853714 /IEM/CPU1/cPotentialExits                        630 count
00:00:42.853717 /IEM/CPU1/cRetAspectNotImplemented                 0 count
00:00:42.853722 /IEM/CPU1/cRetErrStatuses                          0 count
00:00:42.853727 /IEM/CPU1/cRetInfStatuses                          5 count
00:00:42.853732 /IEM/CPU1/cRetInstrNotImplemented                  0 count
00:00:42.853752 /IEM/CPU2/Tlb/Code/InvlPg                          0 
00:00:42.853759 /IEM/CPU2/Tlb/Code/InvlPg/LargeGlobal              0 
00:00:42.853762 /IEM/CPU2/Tlb/Code/InvlPg/LargeNonGlobal           0 
00:00:42.853765 /IEM/CPU2/Tlb/Code/LargePageGlobalCurLoads         0 count
00:00:42.853768 /IEM/CPU2/Tlb/Code/LargePageGlobalFirstTag ffffffffffffffff count
00:00:42.853774 /IEM/CPU2/Tlb/Code/LargePageGlobalLastTag          0 count
00:00:42.853778 /IEM/CPU2/Tlb/Code/LargePageNonGlobalCurLoads         0 count
00:00:42.853781 /IEM/CPU2/Tlb/Code/LargePageNonGlobalFirstTag ffffffffffffffff count
00:00:42.853784 /IEM/CPU2/Tlb/Code/LargePageNonGlobalLastTag         0 count
00:00:42.853787 /IEM/CPU2/Tlb/Code/Misses                          0 count
00:00:42.853790 /IEM/CPU2/Tlb/Code/Misses/GlobalLoads              0 count
00:00:42.853793 /IEM/CPU2/Tlb/Code/PhysicalRevision        fffffffffffce000 
00:00:42.853796 /IEM/CPU2/Tlb/Code/PhysicalRevisionFlushes         0 
00:00:42.853799 /IEM/CPU2/Tlb/Code/PhysicalRevisionRollovers         0 
00:00:42.853802 /IEM/CPU2/Tlb/Code/RevisionGlobal          fffff38000000000 
00:00:42.853805 /IEM/CPU2/Tlb/Code/RevisionGlobalFlushes           0 
00:00:42.853808 /IEM/CPU2/Tlb/Code/RevisionNonGlobal       fffff38000000000 
00:00:42.853811 /IEM/CPU2/Tlb/Code/RevisionNonGlobalFlushes         0 
00:00:42.853814 /IEM/CPU2/Tlb/Code/RevisionRollovers               0 
00:00:42.853817 /IEM/CPU2/Tlb/Code/SlowReads                       0 count
00:00:42.853820 /IEM/CPU2/Tlb/Data/InvlPg                          0 
00:00:42.853823 /IEM/CPU2/Tlb/Data/InvlPg/LargeGlobal              0 
00:00:42.853826 /IEM/CPU2/Tlb/Data/InvlPg/LargeNonGlobal           0 
00:00:42.853829 /IEM/CPU2/Tlb/Data/LargePageGlobalCurLoads         0 count
00:00:42.853834 /IEM/CPU2/Tlb/Data/LargePageGlobalFirstTag ffffffffffffffff count
00:00:42.853840 /IEM/CPU2/Tlb/Data/LargePageGlobalLastTag          0 count
00:00:42.853844 /IEM/CPU2/Tlb/Data/LargePageNonGlobalCurLoads         0 count
00:00:42.853847 /IEM/CPU2/Tlb/Data/LargePageNonGlobalFirstTag ffffffffffffffff count
00:00:42.853850 /IEM/CPU2/Tlb/Data/LargePageNonGlobalLastTag         0 count
00:00:42.853853 /IEM/CPU2/Tlb/Data/Misses                          0 count
00:00:42.853856 /IEM/CPU2/Tlb/Data/Misses/Core                     0 count
00:00:42.853859 /IEM/CPU2/Tlb/Data/Misses/Core/GlobalLoads         0 count
00:00:42.853863 /IEM/CPU2/Tlb/Data/Misses/Safe                     0 count
00:00:42.853866 /IEM/CPU2/Tlb/Data/Misses/Safe/Reads               0 count
00:00:42.853868 /IEM/CPU2/Tlb/Data/Misses/Safe/SubPartHits         0 count
00:00:42.853871 /IEM/CPU2/Tlb/Data/Misses/Safe/SubPartMisses         0 count
00:00:42.853874 /IEM/CPU2/Tlb/Data/Misses/Safe/SubPartMisses/GlobalLoads         0 count
00:00:42.853877 /IEM/CPU2/Tlb/Data/Misses/Safe/Writes              0 count
00:00:42.853880 /IEM/CPU2/Tlb/Data/PhysicalRevision        fffffffffffce000 
00:00:42.853883 /IEM/CPU2/Tlb/Data/PhysicalRevisionFlushes         0 
00:00:42.853886 /IEM/CPU2/Tlb/Data/PhysicalRevisionRollovers         0 
00:00:42.853889 /IEM/CPU2/Tlb/Data/RevisionGlobal          fffff38000000000 
00:00:42.853892 /IEM/CPU2/Tlb/Data/RevisionGlobalFlushes           0 
00:00:42.853895 /IEM/CPU2/Tlb/Data/RevisionNonGlobal       fffff38000000000 
00:00:42.853898 /IEM/CPU2/Tlb/Data/RevisionNonGlobalFlushes         0 
00:00:42.853900 /IEM/CPU2/Tlb/Data/RevisionRollovers               0 
00:00:42.853903 /IEM/CPU2/cInstructions                          101 count
00:00:42.853906 /IEM/CPU2/cLongJumps                               0 bytes
00:00:42.853909 /IEM/CPU2/cMisalignedAtomics                       0 bytes
00:00:42.853912 /IEM/CPU2/cPendingCommit                           0 bytes
00:00:42.853915 /IEM/CPU2/cPotentialExits                        630 count
00:00:42.853918 /IEM/CPU2/cRetAspectNotImplemented                 0 count
00:00:42.853921 /IEM/CPU2/cRetErrStatuses                          0 count
00:00:42.853924 /IEM/CPU2/cRetInfStatuses                          5 count
00:00:42.853928 /IEM/CPU2/cRetInstrNotImplemented                  0 count
00:00:42.853944 /IEM/CPU3/Tlb/Code/InvlPg                          0 
00:00:42.853947 /IEM/CPU3/Tlb/Code/InvlPg/LargeGlobal              0 
00:00:42.853950 /IEM/CPU3/Tlb/Code/InvlPg/LargeNonGlobal           0 
00:00:42.853953 /IEM/CPU3/Tlb/Code/LargePageGlobalCurLoads         0 count
00:00:42.853957 /IEM/CPU3/Tlb/Code/LargePageGlobalFirstTag ffffffffffffffff count
00:00:42.853961 /IEM/CPU3/Tlb/Code/LargePageGlobalLastTag          0 count
00:00:42.853964 /IEM/CPU3/Tlb/Code/LargePageNonGlobalCurLoads         0 count
00:00:42.853966 /IEM/CPU3/Tlb/Code/LargePageNonGlobalFirstTag ffffffffffffffff count
00:00:42.853969 /IEM/CPU3/Tlb/Code/LargePageNonGlobalLastTag         0 count
00:00:42.853972 /IEM/CPU3/Tlb/Code/Misses                          0 count
00:00:42.853975 /IEM/CPU3/Tlb/Code/Misses/GlobalLoads              0 count
00:00:42.853978 /IEM/CPU3/Tlb/Code/PhysicalRevision        fffffffffffce000 
00:00:42.853981 /IEM/CPU3/Tlb/Code/PhysicalRevisionFlushes         0 
00:00:42.853984 /IEM/CPU3/Tlb/Code/PhysicalRevisionRollovers         0 
00:00:42.853987 /IEM/CPU3/Tlb/Code/RevisionGlobal          fffff38000000000 
00:00:42.853990 /IEM/CPU3/Tlb/Code/RevisionGlobalFlushes           0 
00:00:42.853993 /IEM/CPU3/Tlb/Code/RevisionNonGlobal       fffff38000000000 
00:00:42.853996 /IEM/CPU3/Tlb/Code/RevisionNonGlobalFlushes         0 
00:00:42.853999 /IEM/CPU3/Tlb/Code/RevisionRollovers               0 
00:00:42.854002 /IEM/CPU3/Tlb/Code/SlowReads                       0 count
00:00:42.854005 /IEM/CPU3/Tlb/Data/InvlPg                          0 
00:00:42.854008 /IEM/CPU3/Tlb/Data/InvlPg/LargeGlobal              0 
00:00:42.854011 /IEM/CPU3/Tlb/Data/InvlPg/LargeNonGlobal           0 
00:00:42.854014 /IEM/CPU3/Tlb/Data/LargePageGlobalCurLoads         0 count
00:00:42.854017 /IEM/CPU3/Tlb/Data/LargePageGlobalFirstTag ffffffffffffffff count
00:00:42.854020 /IEM/CPU3/Tlb/Data/LargePageGlobalLastTag          0 count
00:00:42.854022 /IEM/CPU3/Tlb/Data/LargePageNonGlobalCurLoads         0 count
00:00:42.854039 /IEM/CPU3/Tlb/Data/LargePageNonGlobalFirstTag ffffffffffffffff count
00:00:42.854044 /IEM/CPU3/Tlb/Data/LargePageNonGlobalLastTag         0 count
00:00:42.854048 /IEM/CPU3/Tlb/Data/Misses                          0 count
00:00:42.854051 /IEM/CPU3/Tlb/Data/Misses/Core                     0 count
00:00:42.854054 /IEM/CPU3/Tlb/Data/Misses/Core/GlobalLoads         0 count
00:00:42.854057 /IEM/CPU3/Tlb/Data/Misses/Safe                     0 count
00:00:42.854060 /IEM/CPU3/Tlb/Data/Misses/Safe/Reads               0 count
00:00:42.854063 /IEM/CPU3/Tlb/Data/Misses/Safe/SubPartHits         0 count
00:00:42.854065 /IEM/CPU3/Tlb/Data/Misses/Safe/SubPartMisses         0 count
00:00:42.854068 /IEM/CPU3/Tlb/Data/Misses/Safe/SubPartMisses/GlobalLoads         0 count
00:00:42.854072 /IEM/CPU3/Tlb/Data/Misses/Safe/Writes              0 count
00:00:42.854076 /IEM/CPU3/Tlb/Data/PhysicalRevision        fffffffffffce000 
00:00:42.854081 /IEM/CPU3/Tlb/Data/PhysicalRevisionFlushes         0 
00:00:42.854086 /IEM/CPU3/Tlb/Data/PhysicalRevisionRollovers         0 
00:00:42.854089 /IEM/CPU3/Tlb/Data/RevisionGlobal          fffff38000000000 
00:00:42.854092 /IEM/CPU3/Tlb/Data/RevisionGlobalFlushes           0 
00:00:42.854095 /IEM/CPU3/Tlb/Data/RevisionNonGlobal       fffff38000000000 
00:00:42.854098 /IEM/CPU3/Tlb/Data/RevisionNonGlobalFlushes         0 
00:00:42.854101 /IEM/CPU3/Tlb/Data/RevisionRollovers               0 
00:00:42.854104 /IEM/CPU3/cInstructions                          101 count
00:00:42.854107 /IEM/CPU3/cLongJumps                               0 bytes
00:00:42.854110 /IEM/CPU3/cMisalignedAtomics                       0 bytes
00:00:42.854113 /IEM/CPU3/cPendingCommit                           0 bytes
00:00:42.854116 /IEM/CPU3/cPotentialExits                        630 count
00:00:42.854120 /IEM/CPU3/cRetAspectNotImplemented                 0 count
00:00:42.854124 /IEM/CPU3/cRetErrStatuses                          0 count
00:00:42.854129 /IEM/CPU3/cRetInfStatuses                          5 count
00:00:42.854133 /IEM/CPU3/cRetInstrNotImplemented                  0 count
00:00:42.854138 /IOM/MmioMappingsStale                             0 ticks/call
00:00:42.854143 /IOM/MmioTooDeepRecursion                          0 times
00:00:42.854149 /PDM/BlkCache/cbCached                             0 bytes
00:00:42.854152 /PDM/BlkCache/cbCachedFru                          0 bytes
00:00:42.854156 /PDM/BlkCache/cbCachedMruIn                        0 bytes
00:00:42.854159 /PDM/BlkCache/cbCachedMruOut                       0 bytes
00:00:42.854162 /PDM/BlkCache/cbMax                          5242880 bytes
00:00:42.854165 /PDM/CritSects/00-AbortedEnters                    0 times
00:00:42.854169 /PDM/CritSects/00-EntersWhileAborting              0 times
00:00:42.854174 /PDM/CritSects/00-Non-interruptible-Waits-VINF_SUCCESS         0 times
00:00:42.854178 /PDM/CritSects/00-QueuedLeaves                     0 times
00:00:42.854181 /PDM/CritSects/00-VERR_INTERRUPTED                 0 times
00:00:42.854184 /PDM/CritSects/00-VERR_TIMEOUT                     0 times
00:00:42.854187 /PDM/CritSects/8237A#0Auto/ContentionR3            0 times
00:00:42.854191 /PDM/CritSects/8237A#0Auto/ContentionR3Wait         0 ticks/time (           0 ticks,       0 times, max         0, min      -1)
00:00:42.854196 /PDM/CritSects/8237A#0Auto/ContentionRZLock         0 times
00:00:42.854201 /PDM/CritSects/8237A#0Auto/ContentionRZLockBusy         0 times
00:00:42.854204 /PDM/CritSects/8237A#0Auto/ContentionRZUnlock         0 times
00:00:42.854207 /PDM/CritSects/8237A#0Auto/ContentionRZWait         0 ticks/time (           0 ticks,       0 times, max         0, min      -1)
00:00:42.854211 /PDM/CritSects/E1000#0/ContentionR3                0 times
00:00:42.854214 /PDM/CritSects/E1000#0/ContentionR3Wait            0 ticks/time (           0 ticks,       0 times, max         0, min      -1)
00:00:42.854218 /PDM/CritSects/E1000#0/ContentionRZLock            0 times
00:00:42.854223 /PDM/CritSects/E1000#0/ContentionRZLockBusy         0 times
00:00:42.854228 /PDM/CritSects/E1000#0/ContentionRZUnlock          0 times
00:00:42.854233 /PDM/CritSects/E1000#0/ContentionRZWait            0 ticks/time (           0 ticks,       0 times, max         0, min      -1)
00:00:42.854242 /PDM/CritSects/E1000#0RX/ContentionR3              0 times
00:00:42.854248 /PDM/CritSects/E1000#0RX/ContentionR3Wait          0 ticks/time (           0 ticks,       0 times, max         0, min      -1)
00:00:42.854252 /PDM/CritSects/E1000#0RX/ContentionRZLock          0 times
00:00:42.854256 /PDM/CritSects/E1000#0RX/ContentionRZLockBusy         0 times
00:00:42.854258 /PDM/CritSects/E1000#0RX/ContentionRZUnlock         0 times
00:00:42.854261 /PDM/CritSects/E1000#0RX/ContentionRZWait          0 ticks/time (           0 ticks,       0 times, max         0, min      -1)
00:00:42.854265 /PDM/CritSects/E1000#0TX/ContentionR3              0 times
00:00:42.854268 /PDM/CritSects/E1000#0TX/ContentionR3Wait          0 ticks/time (           0 ticks,       0 times, max         0, min      -1)
00:00:42.854271 /PDM/CritSects/E1000#0TX/ContentionRZLock          0 times
00:00:42.854274 /PDM/CritSects/E1000#0TX/ContentionRZLockBusy         0 times
00:00:42.854277 /PDM/CritSects/E1000#0TX/ContentionRZUnlock         0 times
00:00:42.854280 /PDM/CritSects/E1000#0TX/ContentionRZWait          0 ticks/time (           0 ticks,       0 times, max         0, min      -1)
00:00:42.854283 /PDM/CritSects/EHCI#0Irq/ContentionR3              0 times
00:00:42.854286 /PDM/CritSects/EHCI#0Irq/ContentionR3Wait          0 ticks/time (           0 ticks,       0 times, max         0, min      -1)
00:00:42.854289 /PDM/CritSects/EHCI#0Irq/ContentionRZLock          0 times
00:00:42.854292 /PDM/CritSects/EHCI#0Irq/ContentionRZLockBusy         0 times
00:00:42.854296 /PDM/CritSects/EHCI#0Irq/ContentionRZUnlock         0 times
00:00:42.854301 /PDM/CritSects/EHCI#0Irq/ContentionRZWait          0 ticks/time (           0 ticks,       0 times, max         0, min      -1)
00:00:42.854307 /PDM/CritSects/GIMDev#0Auto/ContentionR3           0 times
00:00:42.854311 /PDM/CritSects/GIMDev#0Auto/ContentionR3Wait         0 ticks/time (           0 ticks,       0 times, max         0, min      -1)
00:00:42.854315 /PDM/CritSects/GIMDev#0Auto/ContentionRZLock         0 times
00:00:42.854322 /PDM/CritSects/GIMDev#0Auto/ContentionRZLockBusy         0 times
00:00:42.854328 /PDM/CritSects/GIMDev#0Auto/ContentionRZUnlock         0 times
00:00:42.854332 /PDM/CritSects/GIMDev#0Auto/ContentionRZWait         0 ticks/time (           0 ticks,       0 times, max         0, min      -1)
00:00:42.854337 /PDM/CritSects/HDA/ContentionR3                    0 times
00:00:42.854342 /PDM/CritSects/HDA/ContentionR3Wait                0 ticks/time (           0 ticks,       0 times, max         0, min      -1)
00:00:42.854348 /PDM/CritSects/HDA/ContentionRZLock                0 times
00:00:42.854351 /PDM/CritSects/HDA/ContentionRZLockBusy            0 times
00:00:42.854354 /PDM/CritSects/HDA/ContentionRZUnlock              0 times
00:00:42.854357 /PDM/CritSects/HDA/ContentionRZWait                0 ticks/time (           0 ticks,       0 times, max         0, min      -1)
00:00:42.854361 /PDM/CritSects/NOP/ContentionR3                    0 times
00:00:42.854364 /PDM/CritSects/NOP/ContentionR3Wait                0 ticks/time (           0 ticks,       0 times, max         0, min      -1)
00:00:42.854367 /PDM/CritSects/NOP/ContentionRZLock                0 times
00:00:42.854370 /PDM/CritSects/NOP/ContentionRZLockBusy            0 times
00:00:42.854373 /PDM/CritSects/NOP/ContentionRZUnlock              0 times
00:00:42.854377 /PDM/CritSects/NOP/ContentionRZWait                0 ticks/time (           0 ticks,       0 times, max         0, min      -1)
00:00:42.854387 /PDM/CritSects/OHCI#0Irq/ContentionR3              0 times
00:00:42.854390 /PDM/CritSects/OHCI#0Irq/ContentionR3Wait          0 ticks/time (           0 ticks,       0 times, max         0, min      -1)
00:00:42.854394 /PDM/CritSects/OHCI#0Irq/ContentionRZLock          0 times
00:00:42.854397 /PDM/CritSects/OHCI#0Irq/ContentionRZLockBusy         0 times
00:00:42.854399 /PDM/CritSects/OHCI#0Irq/ContentionRZUnlock         0 times
00:00:42.854402 /PDM/CritSects/OHCI#0Irq/ContentionRZWait          0 ticks/time (           0 ticks,       0 times, max         0, min      -1)
00:00:42.854406 /PDM/CritSects/PDM/ContentionR3                    0 times
00:00:42.854409 /PDM/CritSects/PDM/ContentionR3Wait                0 ticks/time (           0 ticks,       0 times, max         0, min      -1)
00:00:42.854412 /PDM/CritSects/PDM/ContentionRZLock                0 times
00:00:42.854415 /PDM/CritSects/PDM/ContentionRZLockBusy            0 times
00:00:42.854418 /PDM/CritSects/PDM/ContentionRZUnlock              0 times
00:00:42.854421 /PDM/CritSects/PDM/ContentionRZWait                0 ticks/time (           0 ticks,       0 times, max         0, min      -1)
00:00:42.854425 /PDM/CritSects/PGM/ContentionR3                    6 times
00:00:42.854428 /PDM/CritSects/PGM/ContentionR3Wait            13856 ticks/time (       83139 ticks,       6 times, max     26529, min    5735)
00:00:42.854431 /PDM/CritSects/PGM/ContentionRZLock               26 times
00:00:42.854434 /PDM/CritSects/PGM/ContentionRZLockBusy            0 times
00:00:42.854437 /PDM/CritSects/PGM/ContentionRZUnlock              0 times
00:00:42.854440 /PDM/CritSects/PGM/ContentionRZWait           149309 ticks/time (     3882043 ticks,      26 times, max    195804, min   82103)
00:00:42.854443 /PDM/CritSects/TM VirtualSync Lock/ContentionR3         0 times
00:00:42.854446 /PDM/CritSects/TM VirtualSync Lock/ContentionR3Wait         0 ticks/time (           0 ticks,       0 times, max         0, min      -1)
00:00:42.854450 /PDM/CritSects/TM VirtualSync Lock/ContentionRZLock         0 times
00:00:42.854452 /PDM/CritSects/TM VirtualSync Lock/ContentionRZLockBusy         0 times
00:00:42.854455 /PDM/CritSects/TM VirtualSync Lock/ContentionRZUnlock         0 times
00:00:42.854458 /PDM/CritSects/TM VirtualSync Lock/ContentionRZWait         0 ticks/time (           0 ticks,       0 times, max         0, min      -1)
00:00:42.854461 /PDM/CritSects/TM real queue timer lock/ContentionR3         0 times
00:00:42.854464 /PDM/CritSects/TM real queue timer lock/ContentionR3Wait         0 ticks/time (           0 ticks,       0 times, max         0, min      -1)
00:00:42.854470 /PDM/CritSects/TM real queue timer lock/ContentionRZLock         0 times
00:00:42.854474 /PDM/CritSects/TM real queue timer lock/ContentionRZLockBusy         0 times
00:00:42.854477 /PDM/CritSects/TM real queue timer lock/ContentionRZUnlock         0 times
00:00:42.854480 /PDM/CritSects/TM real queue timer lock/ContentionRZWait         0 ticks/time (           0 ticks,       0 times, max         0, min      -1)
00:00:42.854483 /PDM/CritSects/TM tsc queue timer lock/ContentionR3         0 times
00:00:42.854486 /PDM/CritSects/TM tsc queue timer lock/ContentionR3Wait         0 ticks/time (           0 ticks,       0 times, max         0, min      -1)
00:00:42.854489 /PDM/CritSects/TM tsc queue timer lock/ContentionRZLock         0 times
00:00:42.854492 /PDM/CritSects/TM tsc queue timer lock/ContentionRZLockBusy         0 times
00:00:42.854495 /PDM/CritSects/TM tsc queue timer lock/ContentionRZUnlock         0 times
00:00:42.854498 /PDM/CritSects/TM tsc queue timer lock/ContentionRZWait         0 ticks/time (           0 ticks,       0 times, max         0, min      -1)
00:00:42.854501 /PDM/CritSects/TM virtual queue timer lock/ContentionR3         0 times
00:00:42.854504 /PDM/CritSects/TM virtual queue timer lock/ContentionR3Wait         0 ticks/time (           0 ticks,       0 times, max         0, min      -1)
00:00:42.854507 /PDM/CritSects/TM virtual queue timer lock/ContentionRZLock         0 times
00:00:42.854510 /PDM/CritSects/TM virtual queue timer lock/ContentionRZLockBusy         0 times
00:00:42.854513 /PDM/CritSects/TM virtual queue timer lock/ContentionRZUnlock         0 times
00:00:42.854516 /PDM/CritSects/TM virtual queue timer lock/ContentionRZWait         0 ticks/time (           0 ticks,       0 times, max         0, min      -1)
00:00:42.854519 /PDM/CritSects/TM virtual_sync queue timer lock/ContentionR3         0 times
00:00:42.854529 /PDM/CritSects/TM virtual_sync queue timer lock/ContentionR3Wait         0 ticks/time (           0 ticks,       0 times, max         0, min      -1)
00:00:42.854532 /PDM/CritSects/TM virtual_sync queue timer lock/ContentionRZLock         0 times
00:00:42.854535 /PDM/CritSects/TM virtual_sync queue timer lock/ContentionRZLockBusy         0 times
00:00:42.854538 /PDM/CritSects/TM virtual_sync queue timer lock/ContentionRZUnlock         0 times
00:00:42.854541 /PDM/CritSects/TM virtual_sync queue timer lock/ContentionRZWait         0 ticks/time (           0 ticks,       0 times, max         0, min      -1)
00:00:42.854544 /PDM/CritSects/VGA#0/ContentionR3                  2 times
00:00:42.854547 /PDM/CritSects/VGA#0/ContentionR3Wait        1834681 ticks/time (     3669363 ticks,       2 times, max   2596733, min 1072630)
00:00:42.854551 /PDM/CritSects/VGA#0/ContentionRZLock              1 times
00:00:42.854554 /PDM/CritSects/VGA#0/ContentionRZLockBusy          0 times
00:00:42.854557 /PDM/CritSects/VGA#0/ContentionRZUnlock            0 times
00:00:42.854560 /PDM/CritSects/VGA#0/ContentionRZWait          58108 ticks/time (       58108 ticks,       1 times, max     58108, min   58108)
00:00:42.854563 /PDM/CritSects/VGA#0_IRQ/ContentionR3              0 times
00:00:42.854566 /PDM/CritSects/VGA#0_IRQ/ContentionR3Wait          0 ticks/time (           0 ticks,       0 times, max         0, min      -1)
00:00:42.854569 /PDM/CritSects/VGA#0_IRQ/ContentionRZLock          0 times
00:00:42.854572 /PDM/CritSects/VGA#0_IRQ/ContentionRZLockBusy         0 times
00:00:42.854575 /PDM/CritSects/VGA#0_IRQ/ContentionRZUnlock         0 times
00:00:42.854578 /PDM/CritSects/VGA#0_IRQ/ContentionRZWait          0 ticks/time (           0 ticks,       0 times, max         0, min      -1)
00:00:42.854581 /PDM/CritSects/VMMDev#0/ContentionR3               0 times
00:00:42.854584 /PDM/CritSects/VMMDev#0/ContentionR3Wait           0 ticks/time (           0 ticks,       0 times, max         0, min      -1)
00:00:42.854587 /PDM/CritSects/VMMDev#0/ContentionRZLock           0 times
00:00:42.854591 /PDM/CritSects/VMMDev#0/ContentionRZLockBusy         0 times
00:00:42.854595 /PDM/CritSects/VMMDev#0/ContentionRZUnlock         0 times
00:00:42.854598 /PDM/CritSects/VMMDev#0/ContentionRZWait           0 ticks/time (           0 ticks,       0 times, max         0, min      -1)
00:00:42.854601 /PDM/CritSects/acpi#0/ContentionR3                 0 times
00:00:42.854604 /PDM/CritSects/acpi#0/ContentionR3Wait             0 ticks/time (           0 ticks,       0 times, max         0, min      -1)
00:00:42.854607 /PDM/CritSects/acpi#0/ContentionRZLock             0 times
00:00:42.854610 /PDM/CritSects/acpi#0/ContentionRZLockBusy         0 times
00:00:42.854613 /PDM/CritSects/acpi#0/ContentionRZUnlock           0 times
00:00:42.854616 /PDM/CritSects/acpi#0/ContentionRZWait             0 ticks/time (           0 ticks,       0 times, max         0, min      -1)
00:00:42.854619 /PDM/CritSects/efi#0Auto/ContentionR3              3 times
00:00:42.854622 /PDM/CritSects/efi#0Auto/ContentionR3Wait     105869 ticks/time (      317608 ticks,       3 times, max    133866, min   70374)
00:00:42.854626 /PDM/CritSects/efi#0Auto/ContentionRZLock          0 times
00:00:42.854629 /PDM/CritSects/efi#0Auto/ContentionRZLockBusy         0 times
00:00:42.854631 /PDM/CritSects/efi#0Auto/ContentionRZUnlock         0 times
00:00:42.854634 /PDM/CritSects/efi#0Auto/ContentionRZWait          0 ticks/time (           0 ticks,       0 times, max         0, min      -1)
00:00:42.854638 /PDM/CritSects/mc146818#0Auto/ContentionR3         0 times
00:00:42.854641 /PDM/CritSects/mc146818#0Auto/ContentionR3Wait         0 ticks/time (           0 ticks,       0 times, max         0, min      -1)
00:00:42.854644 /PDM/CritSects/mc146818#0Auto/ContentionRZLock         0 times
00:00:42.854647 /PDM/CritSects/mc146818#0Auto/ContentionRZLockBusy         0 times
00:00:42.854650 /PDM/CritSects/mc146818#0Auto/ContentionRZUnlock         0 times
00:00:42.854653 /PDM/CritSects/mc146818#0Auto/ContentionRZWait         0 ticks/time (           0 ticks,       0 times, max         0, min      -1)
00:00:42.854656 /PDM/CritSects/pcarch#0Auto/ContentionR3           0 times
00:00:42.854659 /PDM/CritSects/pcarch#0Auto/ContentionR3Wait         0 ticks/time (           0 ticks,       0 times, max         0, min      -1)
00:00:42.854662 /PDM/CritSects/pcarch#0Auto/ContentionRZLock         0 times
00:00:42.854665 /PDM/CritSects/pcarch#0Auto/ContentionRZLockBusy         0 times
00:00:42.854668 /PDM/CritSects/pcarch#0Auto/ContentionRZUnlock         0 times
00:00:42.854670 /PDM/CritSects/pcarch#0Auto/ContentionRZWait         0 ticks/time (           0 ticks,       0 times, max         0, min      -1)
00:00:42.854674 /PDM/CritSects/pckbd#0Auto/ContentionR3            0 times
00:00:42.854677 /PDM/CritSects/pckbd#0Auto/ContentionR3Wait         0 ticks/time (           0 ticks,       0 times, max         0, min      -1)
00:00:42.854680 /PDM/CritSects/pckbd#0Auto/ContentionRZLock         0 times
00:00:42.854683 /PDM/CritSects/pckbd#0Auto/ContentionRZLockBusy         0 times
00:00:42.854686 /PDM/CritSects/pckbd#0Auto/ContentionRZUnlock         0 times
00:00:42.854688 /PDM/CritSects/pckbd#0Auto/ContentionRZWait         0 ticks/time (           0 ticks,       0 times, max         0, min      -1)
00:00:42.854692 /PDM/CritSects/pit#0/ContentionR3                  0 times
00:00:42.854695 /PDM/CritSects/pit#0/ContentionR3Wait              0 ticks/time (           0 ticks,       0 times, max         0, min      -1)
00:00:42.854698 /PDM/CritSects/pit#0/ContentionRZLock              0 times
00:00:42.854701 /PDM/CritSects/pit#0/ContentionRZLockBusy          0 times
00:00:42.854704 /PDM/CritSects/pit#0/ContentionRZUnlock            0 times
00:00:42.854706 /PDM/CritSects/pit#0/ContentionRZWait              0 ticks/time (           0 ticks,       0 times, max         0, min      -1)
00:00:42.854710 /PDM/CritSects/tpm#0Auto/ContentionR3              0 times
00:00:42.854713 /PDM/CritSects/tpm#0Auto/ContentionR3Wait          0 ticks/time (           0 ticks,       0 times, max         0, min      -1)
00:00:42.854717 /PDM/CritSects/tpm#0Auto/ContentionRZLock          2 times
00:00:42.854720 /PDM/CritSects/tpm#0Auto/ContentionRZLockBusy         0 times
00:00:42.854723 /PDM/CritSects/tpm#0Auto/ContentionRZUnlock         0 times
00:00:42.854726 /PDM/CritSects/tpm#0Auto/ContentionRZWait   14053044 ticks/time (    28106088 ticks,       2 times, max  25133323, min 2972765)
00:00:42.854729 /PDM/CritSects/tpm-ppi#0Auto/ContentionR3          0 times
00:00:42.854732 /PDM/CritSects/tpm-ppi#0Auto/ContentionR3Wait         0 ticks/time (           0 ticks,       0 times, max         0, min      -1)
00:00:42.854735 /PDM/CritSects/tpm-ppi#0Auto/ContentionRZLock         0 times
00:00:42.854738 /PDM/CritSects/tpm-ppi#0Auto/ContentionRZLockBusy         0 times
00:00:42.854741 /PDM/CritSects/tpm-ppi#0Auto/ContentionRZUnlock         0 times
00:00:42.854744 /PDM/CritSects/tpm-ppi#0Auto/ContentionRZWait         0 ticks/time (           0 ticks,       0 times, max         0, min      -1)
00:00:42.854747 /PDM/CritSects/usb-ehci#0Auto/ContentionR3         0 times
00:00:42.854750 /PDM/CritSects/usb-ehci#0Auto/ContentionR3Wait         0 ticks/time (           0 ticks,       0 times, max         0, min      -1)
00:00:42.854753 /PDM/CritSects/usb-ehci#0Auto/ContentionRZLock         0 times
00:00:42.854756 /PDM/CritSects/usb-ehci#0Auto/ContentionRZLockBusy         0 times
00:00:42.854759 /PDM/CritSects/usb-ehci#0Auto/ContentionRZUnlock         0 times
00:00:42.854762 /PDM/CritSects/usb-ehci#0Auto/ContentionRZWait         0 ticks/time (           0 ticks,       0 times, max         0, min      -1)
00:00:42.854765 /PDM/CritSects/usb-ohci#0Auto/ContentionR3         0 times
00:00:42.854768 /PDM/CritSects/usb-ohci#0Auto/ContentionR3Wait         0 ticks/time (           0 ticks,       0 times, max         0, min      -1)
00:00:42.854771 /PDM/CritSects/usb-ohci#0Auto/ContentionRZLock         0 times
00:00:42.854774 /PDM/CritSects/usb-ohci#0Auto/ContentionRZLockBusy         0 times
00:00:42.854776 /PDM/CritSects/usb-ohci#0Auto/ContentionRZUnlock         0 times
00:00:42.854779 /PDM/CritSects/usb-ohci#0Auto/ContentionRZWait         0 ticks/time (           0 ticks,       0 times, max         0, min      -1)
00:00:42.854784 /PDM/CritSectsRw/00-EnterSharedWhileAborting         0 times
00:00:42.854788 /PDM/CritSectsRw/00-Excl-Non-interruptible-Waits-VINF_SUCCESS         0 times
00:00:42.854791 /PDM/CritSectsRw/00-Excl-VERR_INTERRUPTED          0 times
00:00:42.854794 /PDM/CritSectsRw/00-Excl-VERR_TIMEOUT              0 times
00:00:42.854797 /PDM/CritSectsRw/00-Shared-Non-interruptible-Waits-VINF_SUCCESS         0 times
00:00:42.854800 /PDM/CritSectsRw/00-Shared-VERR_INTERRUPTED         0 times
00:00:42.854803 /PDM/CritSectsRw/00-Shared-VERR_TIMEOUT            0 times
00:00:42.854806 /PDM/CritSectsRw/IOM Lock/ContentionR3EnterExcl         0 times
00:00:42.854809 /PDM/CritSectsRw/IOM Lock/ContentionR3EnterShared         0 times
00:00:42.854812 /PDM/CritSectsRw/IOM Lock/ContentionR3LeaveExcl         0 times
00:00:42.854815 /PDM/CritSectsRw/IOM Lock/ContentionRZEnterExcl         0 times
00:00:42.854818 /PDM/CritSectsRw/IOM Lock/ContentionRZEnterShared         0 times
00:00:42.854821 /PDM/CritSectsRw/IOM Lock/ContentionRZLeaveExcl         0 times
00:00:42.854824 /PDM/CritSectsRw/IOM Lock/ContentionRZLeaveShared         0 times
00:00:42.854827 /PDM/CritSectsRw/IOM Lock/R3EnterExcl             96 times
00:00:42.854831 /PDM/CritSectsRw/IOM Lock/R3EnterShared        33480 times
00:00:42.854836 /PDM/CritSectsRw/IOM Lock/RZEnterExcl              0 times
00:00:42.854839 /PDM/CritSectsRw/IOM Lock/RZEnterShared       324127 times
00:00:42.854842 /PDM/CritSectsRw/TM real queue alloc lock/ContentionR3EnterExcl         0 times
00:00:42.854845 /PDM/CritSectsRw/TM real queue alloc lock/ContentionR3EnterShared         0 times
00:00:42.854848 /PDM/CritSectsRw/TM real queue alloc lock/ContentionR3LeaveExcl         0 times
00:00:42.854851 /PDM/CritSectsRw/TM real queue alloc lock/ContentionRZEnterExcl         0 times
00:00:42.854855 /PDM/CritSectsRw/TM real queue alloc lock/ContentionRZEnterShared         0 times
00:00:42.854859 /PDM/CritSectsRw/TM real queue alloc lock/ContentionRZLeaveExcl         0 times
00:00:42.854861 /PDM/CritSectsRw/TM real queue alloc lock/ContentionRZLeaveShared         0 times
00:00:42.854864 /PDM/CritSectsRw/TM real queue alloc lock/R3EnterExcl         8 times
00:00:42.854867 /PDM/CritSectsRw/TM real queue alloc lock/R3EnterShared         1 times
00:00:42.854870 /PDM/CritSectsRw/TM real queue alloc lock/RZEnterExcl         0 times
00:00:42.854873 /PDM/CritSectsRw/TM real queue alloc lock/RZEnterShared         0 times
00:00:42.854876 /PDM/CritSectsRw/TM tsc queue alloc lock/ContentionR3EnterExcl         0 times
00:00:42.854879 /PDM/CritSectsRw/TM tsc queue alloc lock/ContentionR3EnterShared         0 times
00:00:42.854882 /PDM/CritSectsRw/TM tsc queue alloc lock/ContentionR3LeaveExcl         0 times
00:00:42.854885 /PDM/CritSectsRw/TM tsc queue alloc lock/ContentionRZEnterExcl         0 times
00:00:42.854887 /PDM/CritSectsRw/TM tsc queue alloc lock/ContentionRZEnterShared         0 times
00:00:42.854890 /PDM/CritSectsRw/TM tsc queue alloc lock/ContentionRZLeaveExcl         0 times
00:00:42.854893 /PDM/CritSectsRw/TM tsc queue alloc lock/ContentionRZLeaveShared         0 times
00:00:42.854896 /PDM/CritSectsRw/TM tsc queue alloc lock/R3EnterExcl         0 times
00:00:42.854899 /PDM/CritSectsRw/TM tsc queue alloc lock/R3EnterShared         1 times
00:00:42.854902 /PDM/CritSectsRw/TM tsc queue alloc lock/RZEnterExcl         0 times
00:00:42.854905 /PDM/CritSectsRw/TM tsc queue alloc lock/RZEnterShared         0 times
00:00:42.854908 /PDM/CritSectsRw/TM virtual queue alloc lock/ContentionR3EnterExcl         0 times
00:00:42.854911 /PDM/CritSectsRw/TM virtual queue alloc lock/ContentionR3EnterShared         0 times
00:00:42.854914 /PDM/CritSectsRw/TM virtual queue alloc lock/ContentionR3LeaveExcl         0 times
00:00:42.854917 /PDM/CritSectsRw/TM virtual queue alloc lock/ContentionRZEnterExcl         0 times
00:00:42.854920 /PDM/CritSectsRw/TM virtual queue alloc lock/ContentionRZEnterShared         0 times
00:00:42.854922 /PDM/CritSectsRw/TM virtual queue alloc lock/ContentionRZLeaveExcl         0 times
00:00:42.854925 /PDM/CritSectsRw/TM virtual queue alloc lock/ContentionRZLeaveShared         0 times
00:00:42.854928 /PDM/CritSectsRw/TM virtual queue alloc lock/R3EnterExcl        10 times
00:00:42.854931 /PDM/CritSectsRw/TM virtual queue alloc lock/R3EnterShared         1 times
00:00:42.854934 /PDM/CritSectsRw/TM virtual queue alloc lock/RZEnterExcl         0 times
00:00:42.854937 /PDM/CritSectsRw/TM virtual queue alloc lock/RZEnterShared         0 times
00:00:42.854940 /PDM/CritSectsRw/TM virtual_sync queue alloc lock/ContentionR3EnterExcl         0 times
00:00:42.854943 /PDM/CritSectsRw/TM virtual_sync queue alloc lock/ContentionR3EnterShared         0 times
00:00:42.854946 /PDM/CritSectsRw/TM virtual_sync queue alloc lock/ContentionR3LeaveExcl         0 times
00:00:42.854949 /PDM/CritSectsRw/TM virtual_sync queue alloc lock/ContentionRZEnterExcl         0 times
00:00:42.854952 /PDM/CritSectsRw/TM virtual_sync queue alloc lock/ContentionRZEnterShared         0 times
00:00:42.854954 /PDM/CritSectsRw/TM virtual_sync queue alloc lock/ContentionRZLeaveExcl         0 times
00:00:42.854957 /PDM/CritSectsRw/TM virtual_sync queue alloc lock/ContentionRZLeaveShared         0 times
00:00:42.854960 /PDM/CritSectsRw/TM virtual_sync queue alloc lock/R3EnterExcl        17 times
00:00:42.854963 /PDM/CritSectsRw/TM virtual_sync queue alloc lock/R3EnterShared         1 times
00:00:42.854966 /PDM/CritSectsRw/TM virtual_sync queue alloc lock/RZEnterExcl         0 times
00:00:42.854969 /PDM/CritSectsRw/TM virtual_sync queue alloc lock/RZEnterShared         0 times
00:00:42.854972 /PDM/Queue/DevHlp/AllocFailures                    0 times
00:00:42.854975 /PDM/Queue/DevHlp/Flush                            0 calls
00:00:42.854979 /PDM/Queue/DevHlp/FlushLeftovers                   0 times
00:00:42.854982 /PDM/Queue/DevHlp/Insert                           0 calls
00:00:42.854985 /PDM/Queue/DevHlp/cItems                          32 count
00:00:42.854988 /PDM/Queue/DevHlp/cbItem                          56 bytes
00:00:42.854991 /PDM/Queue/DevHlp/rcOkay                           0 
00:00:42.854994 /PDM/Queue/Keyboard/AllocFailures                  0 times
00:00:42.854997 /PDM/Queue/Keyboard/Flush                          0 calls
00:00:42.855000 /PDM/Queue/Keyboard/FlushLeftovers                 0 times
00:00:42.855003 /PDM/Queue/Keyboard/Insert                        39 calls
00:00:42.855006 /PDM/Queue/Keyboard/cItems                        64 count
00:00:42.855009 /PDM/Queue/Keyboard/cbItem                        16 bytes
00:00:42.855012 /PDM/Queue/Keyboard/rcOkay                         0 
00:00:42.855015 /PDM/Queue/Mouse/AllocFailures                     0 times
00:00:42.855018 /PDM/Queue/Mouse/Flush                             0 calls
00:00:42.855022 /PDM/Queue/Mouse/FlushLeftovers                    0 times
00:00:42.855032 /PDM/Queue/Mouse/Insert                            0 calls
00:00:42.855035 /PDM/Queue/Mouse/cItems                          128 count
00:00:42.855038 /PDM/Queue/Mouse/cbItem                           32 bytes
00:00:42.855041 /PDM/Queue/Mouse/rcOkay                            0 
00:00:42.855044 /PDM/Queue/Mouse_1/AllocFailures                   0 times
00:00:42.855047 /PDM/Queue/Mouse_1/Flush                           0 calls
00:00:42.855050 /PDM/Queue/Mouse_1/FlushLeftovers                  0 times
00:00:42.855053 /PDM/Queue/Mouse_1/Insert                          0 calls
00:00:42.855056 /PDM/Queue/Mouse_1/cItems                        128 count
00:00:42.855059 /PDM/Queue/Mouse_1/cbItem                         32 bytes
00:00:42.855062 /PDM/Queue/Mouse_1/rcOkay                          0 
00:00:42.855065 /PDM/Tasks/000-E1000-Xmit-retriggered              0 times
00:00:42.855068 /PDM/Tasks/000-E1000-Xmit-runs                     2 times
00:00:42.855071 /PDM/Tasks/001-HDA CORB DMA-retriggered            0 times
00:00:42.855075 /PDM/Tasks/001-HDA CORB DMA-runs                   0 times
00:00:42.855078 /PDM/Tasks/002-TPMCmdWrk-retriggered               0 times
00:00:42.855081 /PDM/Tasks/002-TPMCmdWrk-runs                     93 times
00:00:42.855084 /PGM/CPU0/R3/Page/MapTlbMisses                    12 times
00:00:42.855087 /PGM/CPU0/R3/RamRange/TlbLocking                   2 times
00:00:42.855090 /PGM/CPU0/R3/RamRange/TlbMisses                    2 times
00:00:42.855093 /PGM/CPU0/RZ/Page/MapTlbMisses                     0 times
00:00:42.855096 /PGM/CPU0/RZ/RamRange/TlbLocking                   3 times
00:00:42.855099 /PGM/CPU0/RZ/RamRange/TlbMisses                    3 times
00:00:42.855102 /PGM/CPU0/cA20Changes                              0 times
00:00:42.855105 /PGM/CPU0/cGuestModeChanges                        4 times
00:00:42.855108 /PGM/CPU1/R3/Page/MapTlbMisses                     0 times
00:00:42.855111 /PGM/CPU1/R3/RamRange/TlbLocking                   0 times
00:00:42.855114 /PGM/CPU1/R3/RamRange/TlbMisses                    0 times
00:00:42.855117 /PGM/CPU1/RZ/Page/MapTlbMisses                     0 times
00:00:42.855120 /PGM/CPU1/RZ/RamRange/TlbLocking                   2 times
00:00:42.855123 /PGM/CPU1/RZ/RamRange/TlbMisses                    2 times
00:00:42.855126 /PGM/CPU1/cA20Changes                              0 times
00:00:42.855129 /PGM/CPU1/cGuestModeChanges                        3 times
00:00:42.855132 /PGM/CPU2/R3/Page/MapTlbMisses                     0 times
00:00:42.855135 /PGM/CPU2/R3/RamRange/TlbLocking                   0 times
00:00:42.855138 /PGM/CPU2/R3/RamRange/TlbMisses                    0 times
00:00:42.855141 /PGM/CPU2/RZ/Page/MapTlbMisses                     0 times
00:00:42.855144 /PGM/CPU2/RZ/RamRange/TlbLocking                   2 times
00:00:42.855147 /PGM/CPU2/RZ/RamRange/TlbMisses                    2 times
00:00:42.855150 /PGM/CPU2/cA20Changes                              0 times
00:00:42.855154 /PGM/CPU2/cGuestModeChanges                        3 times
00:00:42.855158 /PGM/CPU3/R3/Page/MapTlbMisses                     0 times
00:00:42.855161 /PGM/CPU3/R3/RamRange/TlbLocking                   0 times
00:00:42.855164 /PGM/CPU3/R3/RamRange/TlbMisses                    0 times
00:00:42.855167 /PGM/CPU3/RZ/Page/MapTlbMisses                     0 times
00:00:42.855170 /PGM/CPU3/RZ/RamRange/TlbLocking                   2 times
00:00:42.855173 /PGM/CPU3/RZ/RamRange/TlbMisses                    2 times
00:00:42.855176 /PGM/CPU3/cA20Changes                              0 times
00:00:42.855179 /PGM/CPU3/cGuestModeChanges                        3 times
00:00:42.855182 /PGM/ChunkR3Map/Mapped                            13 count
00:00:42.855185 /PGM/ChunkR3Map/Unmapped                           0 count
00:00:42.855188 /PGM/ChunkR3Map/c                                 13 count
00:00:42.855192 /PGM/ChunkR3Map/cMax                       4294967295 count
00:00:42.855195 /PGM/LargePage/Alloc                           41080 ns/call (     1396745 ns,      34 calls, max     60761, min   33859)
00:00:42.855198 /PGM/LargePage/AllocFailed                         0 times
00:00:42.855201 /PGM/LargePage/Overflow                            0 times
00:00:42.855204 /PGM/LargePage/Recheck                             0 times
00:00:42.855207 /PGM/LargePage/Refused                             2 times
00:00:42.855210 /PGM/LargePage/Reused                              0 times
00:00:42.855213 /PGM/LargePage/TlbFlush                            0 times
00:00:42.855216 /PGM/LargePage/ZeroEvict                           0 times
00:00:42.855221 /PGM/Mmio2QueryAndResetDirtyBitmap                 0 ticks/call (           0 ticks,       0 calls, max         0, min      -1)
00:00:42.855224 /PGM/Page/cAllPages                          2133369 count
00:00:42.855227 /PGM/Page/cBalloonedPages                          0 count
00:00:42.855231 /PGM/Page/cHandyPages                            108 count
00:00:42.855234 /PGM/Page/cLargePages                             34 count
00:00:42.855237 /PGM/Page/cLargePagesDisabled                      0 count
00:00:42.855240 /PGM/Page/cMonitoredPages                          0 count
00:00:42.855243 /PGM/Page/cPrivatePages                        54439 count
00:00:42.855246 /PGM/Page/cPureMmioPages                         210 count
00:00:42.855249 /PGM/Page/cReadLockedPages                         0 count
00:00:42.855252 /PGM/Page/cReusedSharedPages                       0 count
00:00:42.855255 /PGM/Page/cSharedPages                             0 count
00:00:42.855258 /PGM/Page/cWriteLockedPages                        0 count
00:00:42.855262 /PGM/Page/cWrittenToPages                          0 count
00:00:42.855265 /PGM/Page/cZeroPages                         2078720 count
00:00:42.855268 /PGM/PhysHandlerTree/ErrorsAllocatorR3             0 times
00:00:42.855271 /PGM/PhysHandlerTree/ErrorsTree                    0 times
00:00:42.855274 /PGM/PhysHandlerTree/Inserts                      26 times
00:00:42.855277 /PGM/PhysHandlerTree/MaxHandlers                6144 times
00:00:42.855280 /PGM/PhysHandlerTree/RebalancingOperations        14 times
00:00:42.855283 /PGM/PhysHandlerTree/Removals                      5 times
00:00:42.855286 /PGM/Pool/Grow                               4835049 ticks/call (     4835049 ticks,       1 calls, max   4835049, min 4835049)
00:00:42.855290 /PGM/ShMod/Check                                   0 ticks/call (           0 ticks,       0 calls, max         0, min      -1)
00:00:42.855293 /PROF/CPU0/EM/Capped                               0 ticks/call (           0 ticks,       0 calls, max         0, min      -1)
00:00:42.855297 /PROF/CPU0/EM/ForcedActions                      236 times
00:00:42.855300 /PROF/CPU0/EM/HMExec                         2806265 ticks/call (138694064411 ticks,   49423 calls, max 3706376802, min    6401)
00:00:42.855303 /PROF/CPU0/EM/HMExecuteCalled                    100 times
00:00:42.855307 /PROF/CPU0/EM/Halted                              79 times
00:00:42.855311 /PROF/CPU0/EM/NEMExec                              0 ticks/call (           0 ticks,       0 calls, max         0, min      -1)
00:00:42.855314 /PROF/CPU0/EM/NEMExecuteCalled                     0 times
00:00:42.855317 /PROF/CPU0/EM/REMTotal                             0 times
00:00:42.855320 /PROF/CPU0/EM/RecordedExits                   424497 times
00:00:42.855323 /PROF/CPU0/EM/Total                        140261520688 ticks/call (140261520688 ticks,       1 calls, max 140261520688, min 140261520688)
00:00:42.855327 /PROF/CPU0/VM/Halt/Block                     4875113 ns/call (   365633476 ns,      75 calls, max  10026521, min   18045)
00:00:42.855331 /PROF/CPU0/VM/Halt/BlockInsomnia             4875113 ns/call (   365633476 ns,      75 calls, max  10026521, min   18045)
00:00:42.855334 /PROF/CPU0/VM/Halt/BlockOnTime                     0 ns/call (           0 ns,       0 calls, max         0, min      -1)
00:00:42.855337 /PROF/CPU0/VM/Halt/BlockOverslept                  0 ns/call (           0 ns,       0 calls, max         0, min      -1)
00:00:42.855341 /PROF/CPU0/VM/Halt/R0HaltBlock               9844668 ns/call ( 36543407820 ns,    3712 calls, max  10979852, min    1211)
00:00:42.855344 /PROF/CPU0/VM/Halt/R0HaltBlockInsomnia       9844668 ns/call ( 36543407820 ns,    3712 calls, max  10979852, min    1211)
00:00:42.855348 /PROF/CPU0/VM/Halt/R0HaltBlockOnTime               0 ns/call (           0 ns,       0 calls, max         0, min      -1)
00:00:42.855351 /PROF/CPU0/VM/Halt/R0HaltBlockOverslept            0 ns/call (           0 ns,       0 calls, max         0, min      -1)
00:00:42.855354 /PROF/CPU0/VM/Halt/R0HaltExec                   3633 times
00:00:42.855357 /PROF/CPU0/VM/Halt/R0HaltExec/FromBlock         3633 times
00:00:42.855360 /PROF/CPU0/VM/Halt/R0HaltExec/FromSpin             0 times
00:00:42.855363 /PROF/CPU0/VM/Halt/R0HaltHistoryCounter         3712 times
00:00:42.855366 /PROF/CPU0/VM/Halt/R0HaltHistorySucceeded        129 times
00:00:42.855369 /PROF/CPU0/VM/Halt/R0HaltHistoryToRing3            2 times
00:00:42.855372 /PROF/CPU0/VM/Halt/R0HaltToR3                     79 times
00:00:42.855375 /PROF/CPU0/VM/Halt/R0HaltToR3/FromSpin             0 times
00:00:42.855378 /PROF/CPU0/VM/Halt/R0HaltToR3/Other                0 times
00:00:42.855380 /PROF/CPU0/VM/Halt/R0HaltToR3/PendingFF            0 times
00:00:42.855383 /PROF/CPU0/VM/Halt/R0HaltToR3/PostWaitNoInt         1 times
00:00:42.855387 /PROF/CPU0/VM/Halt/R0HaltToR3/PostWaitPendingFF        78 times
00:00:42.855389 /PROF/CPU0/VM/Halt/R0HaltToR3/SmallDelta           0 times
00:00:42.855392 /PROF/CPU0/VM/Halt/Timers                        234 ns/call (       35653 ns,     152 calls, max       670, min      40)
00:00:42.855396 /PROF/CPU0/VM/Halt/Yield                           0 ns/call (           0 ns,       0 calls, max         0, min      -1)
00:00:42.855399 /PROF/CPU1/EM/Capped                               0 ticks/call (           0 ticks,       0 calls, max         0, min      -1)
00:00:42.855405 /PROF/CPU1/EM/ForcedActions                       20 times
00:00:42.855410 /PROF/CPU1/EM/HMExec                          383852 ticks/call (     3838528 ticks,      10 calls, max    671846, min   45547)
00:00:42.855414 /PROF/CPU1/EM/HMExecuteCalled                      5 times
00:00:42.855417 /PROF/CPU1/EM/Halted                              21 times
00:00:42.855420 /PROF/CPU1/EM/NEMExec                              0 ticks/call (           0 ticks,       0 calls, max         0, min      -1)
00:00:42.855423 /PROF/CPU1/EM/NEMExecuteCalled                     0 times
00:00:42.855427 /PROF/CPU1/EM/REMTotal                             0 times
00:00:42.855430 /PROF/CPU1/EM/RecordedExits                     1100 times
00:00:42.855433 /PROF/CPU1/EM/Total                        140261523130 ticks/call (140261523130 ticks,       1 calls, max 140261523130, min 140261523130)
00:00:42.855437 /PROF/CPU1/VM/Halt/Block                   263651732 ns/call ( 37965849502 ns,     144 calls, max 500093374, min    9934)
00:00:42.855441 /PROF/CPU1/VM/Halt/BlockInsomnia           225520152 ns/call ( 27964498963 ns,     124 calls, max 499940089, min    9934)
00:00:42.855445 /PROF/CPU1/VM/Halt/BlockOnTime             500001453 ns/call (  2000005814 ns,       4 calls, max 500046355, min 499958432)
00:00:42.855449 /PROF/CPU1/VM/Halt/BlockOverslept              84381 ns/call (     1350102 ns,      16 calls, max     93564, min   68206)
00:00:42.855452 /PROF/CPU1/VM/Halt/R0HaltBlock                     0 ns/call (           0 ns,       0 calls, max         0, min      -1)
00:00:42.855456 /PROF/CPU1/VM/Halt/R0HaltBlockInsomnia             0 ns/call (           0 ns,       0 calls, max         0, min      -1)
00:00:42.855459 /PROF/CPU1/VM/Halt/R0HaltBlockOnTime               0 ns/call (           0 ns,       0 calls, max         0, min      -1)
00:00:42.855462 /PROF/CPU1/VM/Halt/R0HaltBlockOverslept            0 ns/call (           0 ns,       0 calls, max         0, min      -1)
00:00:42.855465 /PROF/CPU1/VM/Halt/R0HaltExec                      0 times
00:00:42.855468 /PROF/CPU1/VM/Halt/R0HaltExec/FromBlock            0 times
00:00:42.855471 /PROF/CPU1/VM/Halt/R0HaltExec/FromSpin             0 times
00:00:42.855474 /PROF/CPU1/VM/Halt/R0HaltHistoryCounter            5 times
00:00:42.855477 /PROF/CPU1/VM/Halt/R0HaltHistorySucceeded          0 times
00:00:42.855480 /PROF/CPU1/VM/Halt/R0HaltHistoryToRing3            5 times
00:00:42.855483 /PROF/CPU1/VM/Halt/R0HaltToR3                      5 times
00:00:42.855486 /PROF/CPU1/VM/Halt/R0HaltToR3/FromSpin             0 times
00:00:42.855488 /PROF/CPU1/VM/Halt/R0HaltToR3/Other                5 times
00:00:42.855491 /PROF/CPU1/VM/Halt/R0HaltToR3/PendingFF            0 times
00:00:42.855494 /PROF/CPU1/VM/Halt/R0HaltToR3/PostWaitNoInt         0 times
00:00:42.855497 /PROF/CPU1/VM/Halt/R0HaltToR3/PostWaitPendingFF         0 times
00:00:42.855500 /PROF/CPU1/VM/Halt/R0HaltToR3/SmallDelta           0 times
00:00:42.855503 /PROF/CPU1/VM/Halt/Timers                        273 ns/call (       45137 ns,     165 calls, max      2982, min       1)
00:00:42.855506 /PROF/CPU1/VM/Halt/Yield                           0 ns/call (           0 ns,       0 calls, max         0, min      -1)
00:00:42.855510 /PROF/CPU2/EM/Capped                               0 ticks/call (           0 ticks,       0 calls, max         0, min      -1)
00:00:42.855513 /PROF/CPU2/EM/ForcedActions                       19 times
00:00:42.855516 /PROF/CPU2/EM/HMExec                          397328 ticks/call (     3973282 ticks,      10 calls, max    687682, min   23532)
00:00:42.855520 /PROF/CPU2/EM/HMExecuteCalled                      5 times
00:00:42.855531 /PROF/CPU2/EM/Halted                              18 times
00:00:42.855534 /PROF/CPU2/EM/NEMExec                              0 ticks/call (           0 ticks,       0 calls, max         0, min      -1)
00:00:42.855537 /PROF/CPU2/EM/NEMExecuteCalled                     0 times
00:00:42.855540 /PROF/CPU2/EM/REMTotal                             0 times
00:00:42.855543 /PROF/CPU2/EM/RecordedExits                     1100 times
00:00:42.855546 /PROF/CPU2/EM/Total                        140261521965 ticks/call (140261521965 ticks,       1 calls, max 140261521965, min 140261521965)
00:00:42.855550 /PROF/CPU2/VM/Halt/Block                   261837888 ns/call ( 37966493778 ns,     145 calls, max 500113742, min    4284)
00:00:42.855553 /PROF/CPU2/VM/Halt/BlockInsomnia           221491159 ns/call ( 27464903793 ns,     124 calls, max 499937813, min    4284)
00:00:42.855557 /PROF/CPU2/VM/Halt/BlockOnTime             500014027 ns/call (  1500042082 ns,       3 calls, max 500048221, min 499956165)
00:00:42.855560 /PROF/CPU2/VM/Halt/BlockOverslept              86407 ns/call (     1555339 ns,      18 calls, max    114393, min   74737)
00:00:42.855563 /PROF/CPU2/VM/Halt/R0HaltBlock                     0 ns/call (           0 ns,       0 calls, max         0, min      -1)
00:00:42.855568 /PROF/CPU2/VM/Halt/R0HaltBlockInsomnia             0 ns/call (           0 ns,       0 calls, max         0, min      -1)
00:00:42.855571 /PROF/CPU2/VM/Halt/R0HaltBlockOnTime               0 ns/call (           0 ns,       0 calls, max         0, min      -1)
00:00:42.855574 /PROF/CPU2/VM/Halt/R0HaltBlockOverslept            0 ns/call (           0 ns,       0 calls, max         0, min      -1)
00:00:42.855578 /PROF/CPU2/VM/Halt/R0HaltExec                      0 times
00:00:42.855581 /PROF/CPU2/VM/Halt/R0HaltExec/FromBlock            0 times
00:00:42.855584 /PROF/CPU2/VM/Halt/R0HaltExec/FromSpin             0 times
00:00:42.855587 /PROF/CPU2/VM/Halt/R0HaltHistoryCounter            5 times
00:00:42.855589 /PROF/CPU2/VM/Halt/R0HaltHistorySucceeded          0 times
00:00:42.855592 /PROF/CPU2/VM/Halt/R0HaltHistoryToRing3            5 times
00:00:42.855595 /PROF/CPU2/VM/Halt/R0HaltToR3                      5 times
00:00:42.855598 /PROF/CPU2/VM/Halt/R0HaltToR3/FromSpin             0 times
00:00:42.855601 /PROF/CPU2/VM/Halt/R0HaltToR3/Other                5 times
00:00:42.855604 /PROF/CPU2/VM/Halt/R0HaltToR3/PendingFF            0 times
00:00:42.855607 /PROF/CPU2/VM/Halt/R0HaltToR3/PostWaitNoInt         0 times
00:00:42.855610 /PROF/CPU2/VM/Halt/R0HaltToR3/PostWaitPendingFF         0 times
00:00:42.855613 /PROF/CPU2/VM/Halt/R0HaltToR3/SmallDelta           0 times
00:00:42.855616 /PROF/CPU2/VM/Halt/Timers                        264 ns/call (       43120 ns,     163 calls, max       850, min       1)
00:00:42.855619 /PROF/CPU2/VM/Halt/Yield                           0 ns/call (           0 ns,       0 calls, max         0, min      -1)
00:00:42.855623 /PROF/CPU3/EM/Capped                               0 ticks/call (           0 ticks,       0 calls, max         0, min      -1)
00:00:42.855626 /PROF/CPU3/EM/ForcedActions                      103 times
00:00:42.855629 /PROF/CPU3/EM/HMExec                          463671 ticks/call (     4173045 ticks,       9 calls, max    913974, min   47286)
00:00:42.855632 /PROF/CPU3/EM/HMExecuteCalled                      5 times
00:00:42.855635 /PROF/CPU3/EM/Halted                             103 times
00:00:42.855638 /PROF/CPU3/EM/NEMExec                              0 ticks/call (           0 ticks,       0 calls, max         0, min      -1)
00:00:42.855642 /PROF/CPU3/EM/NEMExecuteCalled                     0 times
00:00:42.855645 /PROF/CPU3/EM/REMTotal                             0 times
00:00:42.855648 /PROF/CPU3/EM/RecordedExits                     1099 times
00:00:42.855651 /PROF/CPU3/EM/Total                        140261520411 ticks/call (140261520411 ticks,       1 calls, max 140261520411, min 140261520411)
00:00:42.855655 /PROF/CPU3/VM/Halt/Block                     6479094 ns/call ( 37915663773 ns,    5852 calls, max  27506158, min    2592)
00:00:42.855658 /PROF/CPU3/VM/Halt/BlockInsomnia             3674618 ns/call (   547518182 ns,     149 calls, max  15570105, min    2592)
00:00:42.855661 /PROF/CPU3/VM/Halt/BlockOnTime               9095088 ns/call ( 19199731149 ns,    2111 calls, max  27506158, min  452537)
00:00:42.855665 /PROF/CPU3/VM/Halt/BlockOverslept             295780 ns/call (  1062444889 ns,    3592 calls, max    503965, min   50053)
00:00:42.855668 /PROF/CPU3/VM/Halt/R0HaltBlock                     0 ns/call (           0 ns,       0 calls, max         0, min      -1)
00:00:42.855671 /PROF/CPU3/VM/Halt/R0HaltBlockInsomnia             0 ns/call (           0 ns,       0 calls, max         0, min      -1)
00:00:42.855674 /PROF/CPU3/VM/Halt/R0HaltBlockOnTime               0 ns/call (           0 ns,       0 calls, max         0, min      -1)
00:00:42.855678 /PROF/CPU3/VM/Halt/R0HaltBlockOverslept            0 ns/call (           0 ns,       0 calls, max         0, min      -1)
00:00:42.855681 /PROF/CPU3/VM/Halt/R0HaltExec                      0 times
00:00:42.855684 /PROF/CPU3/VM/Halt/R0HaltExec/FromBlock            0 times
00:00:42.855687 /PROF/CPU3/VM/Halt/R0HaltExec/FromSpin             0 times
00:00:42.855690 /PROF/CPU3/VM/Halt/R0HaltHistoryCounter            5 times
00:00:42.855694 /PROF/CPU3/VM/Halt/R0HaltHistorySucceeded          0 times
00:00:42.855697 /PROF/CPU3/VM/Halt/R0HaltHistoryToRing3            5 times
00:00:42.855700 /PROF/CPU3/VM/Halt/R0HaltToR3                      5 times
00:00:42.855703 /PROF/CPU3/VM/Halt/R0HaltToR3/FromSpin             0 times
00:00:42.855706 /PROF/CPU3/VM/Halt/R0HaltToR3/Other                5 times
00:00:42.855709 /PROF/CPU3/VM/Halt/R0HaltToR3/PendingFF            0 times
00:00:42.855712 /PROF/CPU3/VM/Halt/R0HaltToR3/PostWaitNoInt         0 times
00:00:42.855714 /PROF/CPU3/VM/Halt/R0HaltToR3/PostWaitPendingFF         0 times
00:00:42.855717 /PROF/CPU3/VM/Halt/R0HaltToR3/SmallDelta           0 times
00:00:42.855720 /PROF/CPU3/VM/Halt/Timers                       2584 ns/call (    46048941 ns,   17818 calls, max    710952, min       2)
00:00:42.855724 /PROF/CPU3/VM/Halt/Yield                           0 ns/call (           0 ns,       0 calls, max         0, min      -1)
00:00:42.855727 /Public/NetAdapter/0/BytesReceived                 0 bytes
00:00:42.855730 /Public/NetAdapter/0/BytesTransmitted             86 bytes
00:00:42.855733 /Public/NetAdapter/0/e1000                         0 
00:00:42.855736 /SELM/LoadHidSel/GstReadErrors                     0 times
00:00:42.855739 /SELM/LoadHidSel/NoGoodGuest                       0 times
00:00:42.855742 /TM/CPU/00/cNsExecuting                    659125334 ns
00:00:42.855745 /TM/CPU/00/cNsHalted                       365758327 ns
00:00:42.855749 /TM/CPU/00/cNsOther                        36954841845 ns
00:00:42.855752 /TM/CPU/00/cNsTotal                        37979725506 ns
00:00:42.855755 /TM/CPU/00/cPeriodsExecuting                  424497 count
00:00:42.855758 /TM/CPU/00/cPeriodsHalted                         77 count
00:00:42.855761 /TM/CPU/00/pctExecuting                            0 %
00:00:42.855764 /TM/CPU/00/pctHalted                               0 %
00:00:42.855767 /TM/CPU/00/pctOther                               99 %
00:00:42.855770 /TM/CPU/01/cNsExecuting                       480682 ns
00:00:42.855773 /TM/CPU/01/cNsHalted                       37966009712 ns
00:00:42.855777 /TM/CPU/01/cNsOther                         13235703 ns
00:00:42.855780 /TM/CPU/01/cNsTotal                        37979726097 ns
00:00:42.855783 /TM/CPU/01/cPeriodsExecuting                    1100 count
00:00:42.855786 /TM/CPU/01/cPeriodsHalted                         21 count
00:00:42.855789 /TM/CPU/01/pctExecuting                            0 %
00:00:42.855792 /TM/CPU/01/pctHalted                               0 %
00:00:42.855795 /TM/CPU/01/pctOther                              100 %
00:00:42.855798 /TM/CPU/02/cNsExecuting                       500713 ns
00:00:42.855801 /TM/CPU/02/cNsHalted                       37966654890 ns
00:00:42.855805 /TM/CPU/02/cNsOther                         12570559 ns
00:00:42.855808 /TM/CPU/02/cNsTotal                        37979726162 ns
00:00:42.855811 /TM/CPU/02/cPeriodsExecuting                    1100 count
00:00:42.855814 /TM/CPU/02/cPeriodsHalted                         18 count
00:00:42.855817 /TM/CPU/02/pctExecuting                            0 %
00:00:42.855820 /TM/CPU/02/pctHalted                               0 %
00:00:42.855823 /TM/CPU/02/pctOther                              100 %
00:00:42.855827 /TM/CPU/03/cNsExecuting                       539225 ns
00:00:42.855830 /TM/CPU/03/cNsHalted                       37966110714 ns
00:00:42.855833 /TM/CPU/03/cNsOther                         13075403 ns
00:00:42.855836 /TM/CPU/03/cNsTotal                        37979725342 ns
00:00:42.855839 /TM/CPU/03/cPeriodsExecuting                    1099 count
00:00:42.855842 /TM/CPU/03/cPeriodsHalted                        103 count
00:00:42.855845 /TM/CPU/03/pctExecuting                            0 %
00:00:42.855848 /TM/CPU/03/pctHalted                               0 %
00:00:42.855851 /TM/CPU/03/pctOther                              100 %
00:00:42.855855 /TM/CPU/pctExecuting                               0 %
00:00:42.855859 /TM/CPU/pctHalted                                  0 %
00:00:42.855862 /TM/CPU/pctOther                                  99 %
00:00:42.855866 /TM/MaxHzHint                                      0 Hz
00:00:42.855869 /TM/MaxHzHint/real                                 0 Hz
00:00:42.855872 /TM/MaxHzHint/tsc                                  0 Hz
00:00:42.855875 /TM/MaxHzHint/virtual                              0 Hz
00:00:42.855878 /TM/MaxHzHint/virtual_sync                         0 Hz
00:00:42.855881 /TM/PIT/Handler                                    0 ticks/call (           0 ticks,       0 calls, max         0, min      -1)
00:00:42.855885 /TM/PIT/Irq                                        0 times
00:00:42.855888 /TM/R3/1nsSteps                                 1297 times
00:00:42.855891 /TM/TSC/offCPU0                                    0 ticks
00:00:42.855894 /TM/TSC/offCPU1                                    0 ticks
00:00:42.855898 /TM/TSC/offCPU2                                    0 ticks
00:00:42.855901 /TM/TSC/offCPU3                                    0 ticks
00:00:42.855904 /TM/VirtualSync/CurrentOffset                 403254 ns
00:00:42.855907 /TRPM/ForwardRaw/IRQ/20                           99 times
00:00:42.855923 /VMM/EmtHashCollisions/Emt00                       0 times
00:00:42.855926 /VMM/EmtHashCollisions/Emt01                       0 times
00:00:42.855929 /VMM/EmtHashCollisions/Emt02                       0 times
00:00:42.855933 /VMM/EmtHashCollisions/Emt03                       0 times
00:00:42.855936 /VMM/LogFlush/00-Flushes                           0 times
00:00:42.855939 /VMM/LogFlush/00-NoWakups                          0 times
00:00:42.855942 /VMM/LogFlush/CPU0/Rel/cbBuf                    4096 bytes
00:00:42.855946 /VMM/LogFlush/CPU1/Rel/cbBuf                    4096 bytes
00:00:42.855950 /VMM/LogFlush/CPU2/Rel/cbBuf                    4096 bytes
00:00:42.855954 /VMM/LogFlush/CPU3/Rel/cbBuf                    4096 bytes
00:00:42.855957 /VUSB/0/cUrbsInPool                                0 count
00:00:42.855960 /VUSB/1/cUrbsInPool                                0 count
00:00:42.855963 ********************* End of statistics **********************
00:00:42.856070 VUSB: Detached 'HidMouse' from port 1 on RootHub#1
00:00:42.856493 E1000#0: Interrupt attempts: 4
00:00:42.856503 E1000#0: Interrupts raised : 0
00:00:42.856507 E1000#0: Interrupts lowered: 0
00:00:42.856510 E1000#0: ICR outside ISR   : 0
00:00:42.856513 E1000#0: IMS raised ints   : 0
00:00:42.856516 E1000#0: Interrupts skipped: 0
00:00:42.856519 E1000#0: Masked interrupts : 4
00:00:42.856522 E1000#0: Early interrupts  : 0
00:00:42.856526 E1000#0: Late interrupts   : 0
00:00:42.856531 E1000#0: Lost interrupts   : 0
00:00:42.856534 E1000#0: Interrupts by RX  : 0
00:00:42.856537 E1000#0: Interrupts by TX  : 1
00:00:42.856540 E1000#0: Interrupts by ICS : 0
00:00:42.856542 E1000#0: Interrupts by RDTR: 0
00:00:42.856545 E1000#0: Interrupts by RDMT: 0
00:00:42.856548 E1000#0: Interrupts by TXQE: 0
00:00:42.856551 E1000#0: TX int delay asked: 0
00:00:42.856554 E1000#0: TX delayed:         0
00:00:42.856556 E1000#0: TX delay expired:   0
00:00:42.856559 E1000#0: TX no report asked: 0
00:00:42.856562 E1000#0: TX abs timer expd : 0
00:00:42.856565 E1000#0: TX int timer expd : 0
00:00:42.856567 E1000#0: RX abs timer expd : 0
00:00:42.856570 E1000#0: RX int timer expd : 0
00:00:42.856573 E1000#0: TX CTX descriptors: 0
00:00:42.856576 E1000#0: TX DAT descriptors: 0
00:00:42.856578 E1000#0: TX LEG descriptors: 1
00:00:42.856581 E1000#0: Received frames   : 0
00:00:42.856584 E1000#0: Transmitted frames: 1
00:00:42.856586 E1000#0: TX frames up to 1514: 1
00:00:42.856589 E1000#0: TX frames up to 2962: 0
00:00:42.856592 E1000#0: TX frames up to 4410: 0
00:00:42.856594 E1000#0: TX frames up to 5858: 0
00:00:42.856597 E1000#0: TX frames up to 7306: 0
00:00:42.856600 E1000#0: TX frames up to 8754: 0
00:00:42.856602 E1000#0: TX frames up to 16384: 0
00:00:42.856607 E1000#0: TX frames up to 32768: 0
00:00:42.856611 E1000#0: Larger TX frames    : 0
00:00:42.856614 E1000#0: Max TX Delay        : 0
00:00:42.858609 GIM: KVM: Resetting MSRs
00:00:42.861488 vmmR3LogFlusher: Terminating (VERR_OBJECT_DESTROYED)
00:00:42.861586 Changing the VM state from 'DESTROYING' to 'TERMINATED'
00:00:42.861599 Console: Machine state changed to 'PoweredOff'
00:00:42.897924 GUI: Request for async QApp quit.
00:00:42.899337 GUI: Cannot notify guest about VM window out-of-focus event
00:00:42.910352 GUI: UICommon: Handling aboutToQuit request..
00:00:43.878467 GUI: UICommon: aboutToQuit request handled!
