00:00:04.184064 VirtualBox VM 7.2.4 r170995 win.amd64 (Oct 17 2025 12:31:09) release log
00:00:04.184065 Log opened 2026-05-06T21:28:24.222329400Z
00:00:04.184066 Build Type: release
00:00:04.184067 OS Product: Windows 11
00:00:04.194823 OS Release: 10.0.26200.8246
00:00:04.194823 OS Service Pack: 
00:00:04.262194 DMI Product Name: B550 GAMING X
00:00:04.265956 DMI Product Version: Default string
00:00:04.265961 Firmware type: UEFI
00:00:04.266329 Secure Boot: Enabled
00:00:04.266336 Host RAM: 32671MB (31.9GB) total, 16251MB (15.8GB) available
00:00:04.266338 Executable: C:\Program Files\Oracle\VirtualBox\VirtualBoxVM.exe
00:00:04.266338 Process ID: 19760
00:00:04.266338 Package type: WINDOWS_64BITS_GENERIC
00:00:04.266339 Windows Features:
00:00:04.266339   Core Isolation (Memory Integrity): Not supported
00:00:04.267067 Installed Extension Packs:
00:00:04.267081   Oracle VirtualBox Extension Pack (Version: 7.2.4 r170995; VRDE Module: VBoxVRDP; Crypto Module: VBoxPuelCrypto)
00:00:04.267569 Console: Machine state changed to 'Restoring'
00:00:04.267700 GUI: Qt version: 6.8.0
00:00:04.267711 GUI: HID LEDs sync is enabled
00:00:04.272676 GUI: UIMediumEnumerator: Medium-enumeration finished!
00:00:04.318922 SUP: seg #0: R   0x00000000 LB 0x00001000
00:00:04.318938 SUP: seg #1: R X 0x00001000 LB 0x001fd000
00:00:04.318944 SUP: seg #2: R   0x001fe000 LB 0x00054000
00:00:04.318947 SUP: seg #3: RW  0x00252000 LB 0x00013000
00:00:04.318950 SUP: seg #4: R   0x00265000 LB 0x00014000
00:00:04.318953 SUP: seg #5: RW  0x00279000 LB 0x00004000
00:00:04.318956 SUP: seg #6: R   0x0027d000 LB 0x00008000
00:00:04.318958 SUP: seg #7: R X 0x00285000 LB 0x00002000
00:00:04.318961 SUP: seg #8: R   0x00287000 LB 0x00007000
00:00:04.322070 SUP: Loaded VMMR0.r0 (C:\Program Files\Oracle\VirtualBox/VMMR0.r0) at 0xXXXXXXXXXXXXXXXX - ModuleInit at XXXXXXXXXXXXXXXX and ModuleTerm at XXXXXXXXXXXXXXXX using the native ring-0 loader
00:00:04.322090 SUP: VMMR0EntryEx located at XXXXXXXXXXXXXXXX and VMMR0EntryFast at XXXXXXXXXXXXXXXX
00:00:04.322094 SUP: windbg> .reload /f C:\Program Files\Oracle\VirtualBox/VMMR0.r0=0xXXXXXXXXXXXXXXXX
00:00:04.324253 Guest architecture: x86
00:00:04.324306 Guest OS type: 'Ubuntu_64'
00:00:04.324768 fHMForced=true - No raw-mode support in this build!
00:00:04.324781 Using execution engine 1
00:00:04.327987 File system of 'C:\Users\deadn1ntendogs\VirtualBox VMs\Kali\Snapshots' (snapshots) is ntfs
00:00:04.327996 File system of 'C:\Users\deadn1ntendogs\Documents\64bit\Kali Linux 2025.2 (64bit).vdi' is ntfs
00:00:04.478117 Shared Clipboard: Initialized OLE
00:00:04.478155 Shared Clipboard: Service loaded
00:00:04.478163 Shared Clipboard: Mode: Off
00:00:04.478210 Shared Clipboard: Service running in normal mode
00:00:04.486444 Drag and drop service loaded
00:00:04.486455 Drag and drop mode: Off
00:00:04.487010 Audio: Detected default audio driver type is 'HostAudioWas'
00:00:04.488970 ERROR [COM]: aRC=VBOX_E_IPRT_ERROR (0x80bb0005) aIID={6ac83d89-6ee7-4e33-8ae6-b257b2e81be8} aComponent={ConsoleWrap} aText={The VBoxGuestPropSvc service call failed with the error VERR_HGCM_SERVICE_NOT_FOUND}, preserve=false aResultDetail=-2900
00:00:04.489443 GUI: Cannot notify guest about VM window out-of-focus event
00:00:04.489468 ************************* CFGM dump *************************
00:00:04.489476 [/] (level 0)
00:00:04.489478   CpuExecutionCap   <integer> = 0x0000000000000064 (100)
00:00:04.489480   EnablePAE         <integer> = 0x0000000000000001 (1)
00:00:04.489481   HMEnabled         <integer> = 0x0000000000000001 (1)
00:00:04.489481   MemBalloonSize    <integer> = 0x0000000000000000 (0, 0 B)
00:00:04.489482   Name              <string>  = "Kali" (cb=5)
00:00:04.489483   NumCPUs           <integer> = 0x0000000000000001 (1)
00:00:04.489484   PageFusionAllowed <integer> = 0x0000000000000000 (0)
00:00:04.489485   RamHoleSize       <integer> = 0x0000000020000000 (536 870 912, 512.0 MiB)
00:00:04.489486   RamSize           <integer> = 0x0000000080000000 (2 147 483 648, 2.0 GiB)
00:00:04.489487   TimerMillies      <integer> = 0x000000000000000a (10)
00:00:04.489488   UUID              <bytes>   = "60 7e fa e9 a7 64 0f 48 be 04 a7 e2 4b 38 44 44" (cb=16)
00:00:04.489490 
00:00:04.489490 [/CPUM/] (level 1)
00:00:04.489491   Enable64bit        <integer> = 0x0000000000000001 (1)
00:00:04.489492   GuestCpuName       <string>  = "host" (cb=5)
00:00:04.489493   NestedHWVirt       <integer> = 0x0000000000000000 (0)
00:00:04.489494   PortableCpuIdLevel <integer> = 0x0000000000000000 (0)
00:00:04.489494   SpecCtrl           <integer> = 0x0000000000000000 (0)
00:00:04.489495 
00:00:04.489495 [/CPUM/IsaExts/] (level 2)
00:00:04.489496 
00:00:04.489496 [/DBGC/] (level 1)
00:00:04.489497   GlobalInitScript <string>  = "C:\Users\deadn1ntendogs\.VirtualBox/dbgc-init" (cb=46)
00:00:04.489498   HistoryFile      <string>  = "C:\Users\deadn1ntendogs\.VirtualBox/dbgc-history" (cb=49)
00:00:04.489498   LocalInitScript  <string>  = "C:\Users\deadn1ntendogs\VirtualBox VMs\Kali/dbgc-init" (cb=54)
00:00:04.489499 
00:00:04.489499 [/DBGF/] (level 1)
00:00:04.489500   Path <string>  = "C:\Users\deadn1ntendogs\VirtualBox VMs\Kali/debug/;C:\Users\deadn1ntendogs\VirtualBox VMs\Kali/;cache*C:\Users\deadn1ntendogs\VirtualBox VMs\Kali/dbgcache/;C:\Users\deadn1ntendogs\" (cb=181)
00:00:04.489501 
00:00:04.489501 [/Devices/] (level 1)
00:00:04.489501 
00:00:04.489502 [/Devices/3c501/] (level 2)
00:00:04.489502 
00:00:04.489503 [/Devices/8237A/] (level 2)
00:00:04.489503 
00:00:04.489503 [/Devices/8237A/0/] (level 3)
00:00:04.489505   Trusted <integer> = 0x0000000000000001 (1)
00:00:04.489505 
00:00:04.489506 [/Devices/GIMDev/] (level 2)
00:00:04.489506 
00:00:04.489506 [/Devices/GIMDev/0/] (level 3)
00:00:04.489507   Trusted <integer> = 0x0000000000000001 (1)
00:00:04.489508 
00:00:04.489508 [/Devices/VMMDev/] (level 2)
00:00:04.489509 
00:00:04.489509 [/Devices/VMMDev/0/] (level 3)
00:00:04.489510   PCIBusNo      <integer> = 0x0000000000000000 (0)
00:00:04.489510   PCIDeviceNo   <integer> = 0x0000000000000004 (4)
00:00:04.489511   PCIFunctionNo <integer> = 0x0000000000000000 (0)
00:00:04.489511   Trusted       <integer> = 0x0000000000000001 (1)
00:00:04.489512 
00:00:04.489512 [/Devices/VMMDev/0/Config/] (level 4)
00:00:04.489513   GuestCoreDumpDir <string>  = "C:\Users\deadn1ntendogs\VirtualBox VMs\Kali\Snapshots" (cb=54)
00:00:04.489514 
00:00:04.489514 [/Devices/VMMDev/0/LUN#0/] (level 4)
00:00:04.489515   Driver <string>  = "HGCM" (cb=5)
00:00:04.489515 
00:00:04.489515 [/Devices/VMMDev/0/LUN#0/Config/] (level 5)
00:00:04.489516 
00:00:04.489517 [/Devices/VMMDev/0/LUN#999/] (level 4)
00:00:04.489518   Driver <string>  = "MainStatus" (cb=11)
00:00:04.489518 
00:00:04.489518 [/Devices/VMMDev/0/LUN#999/Config/] (level 5)
00:00:04.489519   First                <integer> = 0x0000000000000000 (0)
00:00:04.489520   HasMediumAttachments <integer> = 0x0000000000000000 (0)
00:00:04.489521   Last                 <integer> = 0x0000000000000000 (0)
00:00:04.489522   iLedSet              <integer> = 0x0000000000000005 (5)
00:00:04.489522 
00:00:04.489523 [/Devices/acpi/] (level 2)
00:00:04.489523 
00:00:04.489524 [/Devices/acpi/0/] (level 3)
00:00:04.489525   PCIBusNo      <integer> = 0x0000000000000000 (0)
00:00:04.489525   PCIDeviceNo   <integer> = 0x0000000000000007 (7)
00:00:04.489526   PCIFunctionNo <integer> = 0x0000000000000000 (0)
00:00:04.489526   Trusted       <integer> = 0x0000000000000001 (1)
00:00:04.489527 
00:00:04.489527 [/Devices/acpi/0/Config/] (level 4)
00:00:04.489528   CpuHotPlug          <integer> = 0x0000000000000000 (0)
00:00:04.489529   FdcEnabled          <integer> = 0x0000000000000000 (0)
00:00:04.489530   HostBusPciAddress   <integer> = 0x0000000000000000 (0)
00:00:04.489530   HpetEnabled         <integer> = 0x0000000000000000 (0)
00:00:04.489531   IOAPIC              <integer> = 0x0000000000000001 (1)
00:00:04.489532   IocPciAddress       <integer> = 0x0000000000010000 (65 536)
00:00:04.489533   NumCPUs             <integer> = 0x0000000000000001 (1)
00:00:04.489533   Parallel0IoPortBase <integer> = 0x0000000000000000 (0)
00:00:04.489534   Parallel0Irq        <integer> = 0x0000000000000000 (0)
00:00:04.489534   Parallel1IoPortBase <integer> = 0x0000000000000000 (0)
00:00:04.489535   Parallel1Irq        <integer> = 0x0000000000000000 (0)
00:00:04.489535   Serial0IoPortBase   <integer> = 0x0000000000000000 (0)
00:00:04.489536   Serial0Irq          <integer> = 0x0000000000000000 (0)
00:00:04.489537   Serial1IoPortBase   <integer> = 0x0000000000000000 (0)
00:00:04.489537   Serial1Irq          <integer> = 0x0000000000000000 (0)
00:00:04.489538   ShowCpu             <integer> = 0x0000000000000001 (1)
00:00:04.489538   ShowRtc             <integer> = 0x0000000000000000 (0)
00:00:04.489539   SmcEnabled          <integer> = 0x0000000000000000 (0)
00:00:04.489540 
00:00:04.489540 [/Devices/acpi/0/LUN#0/] (level 4)
00:00:04.489541   Driver <string>  = "ACPIHost" (cb=9)
00:00:04.489542 
00:00:04.489542 [/Devices/acpi/0/LUN#0/Config/] (level 5)
00:00:04.489543 
00:00:04.489543 [/Devices/apic/] (level 2)
00:00:04.489544 
00:00:04.489544 [/Devices/apic/0/] (level 3)
00:00:04.489545   Trusted <integer> = 0x0000000000000001 (1)
00:00:04.489545 
00:00:04.489546 [/Devices/apic/0/Config/] (level 4)
00:00:04.489547   IOAPIC  <integer> = 0x0000000000000001 (1)
00:00:04.489547   Mode    <integer> = 0x0000000000000003 (3)
00:00:04.489548   NumCPUs <integer> = 0x0000000000000001 (1)
00:00:04.489549 
00:00:04.489549 [/Devices/dp8390/] (level 2)
00:00:04.489549 
00:00:04.489550 [/Devices/e1000/] (level 2)
00:00:04.489550 
00:00:04.489550 [/Devices/e1000/0/] (level 3)
00:00:04.489551   PCIBusNo      <integer> = 0x0000000000000000 (0)
00:00:04.489552   PCIDeviceNo   <integer> = 0x0000000000000003 (3)
00:00:04.489553   PCIFunctionNo <integer> = 0x0000000000000000 (0)
00:00:04.489553   Trusted       <integer> = 0x0000000000000001 (1)
00:00:04.489554 
00:00:04.489554 [/Devices/e1000/0/Config/] (level 4)
00:00:04.489555   AdapterType    <integer> = 0x0000000000000000 (0)
00:00:04.489555   CableConnected <integer> = 0x0000000000000001 (1)
00:00:04.489556   LineSpeed      <integer> = 0x0000000000000000 (0)
00:00:04.489557   MAC            <bytes>   = "08 00 27 b7 b2 5c" (cb=6)
00:00:04.489558 
00:00:04.489558 [/Devices/e1000/0/LUN#0/] (level 4)
00:00:04.489559   Driver <string>  = "IntNet" (cb=7)
00:00:04.489559 
00:00:04.489560 [/Devices/e1000/0/LUN#0/Config/] (level 5)
00:00:04.489561   IfPolicyPromisc      <string>  = "deny" (cb=5)
00:00:04.489561   IgnoreConnectFailure <integer> = 0x0000000000000001 (1)
00:00:04.489562   Network              <string>  = "HostInterfaceNetworking-Intel(R) Wi-Fi 6 AX200 160MHz" (cb=54)
00:00:04.489563   SharedMacOnWire      <integer> = 0x0000000000000001 (1)
00:00:04.489563   Trunk                <string>  = "\DEVICE\{9B4118CD-553F-4CF1-A51E-8EDA75580030}" (cb=47)
00:00:04.489564   TrunkType            <integer> = 0x0000000000000003 (3)
00:00:04.489565 
00:00:04.489565 [/Devices/e1000/0/LUN#999/] (level 4)
00:00:04.489566   Driver <string>  = "MainStatus" (cb=11)
00:00:04.489567 
00:00:04.489567 [/Devices/e1000/0/LUN#999/Config/] (level 5)
00:00:04.489568   First                <integer> = 0x0000000000000000 (0)
00:00:04.489569   HasMediumAttachments <integer> = 0x0000000000000000 (0)
00:00:04.489570   Last                 <integer> = 0x0000000000000000 (0)
00:00:04.489570   iLedSet              <integer> = 0x0000000000000004 (4)
00:00:04.489571 
00:00:04.489571 [/Devices/i8254/] (level 2)
00:00:04.489572 
00:00:04.489572 [/Devices/i8254/0/] (level 3)
00:00:04.489573 
00:00:04.489573 [/Devices/i8254/0/Config/] (level 4)
00:00:04.489574 
00:00:04.489574 [/Devices/i8259/] (level 2)
00:00:04.489575 
00:00:04.489575 [/Devices/i8259/0/] (level 3)
00:00:04.489576   Trusted <integer> = 0x0000000000000001 (1)
00:00:04.489576 
00:00:04.489576 [/Devices/i8259/0/Config/] (level 4)
00:00:04.489577 
00:00:04.489578 [/Devices/ichac97/] (level 2)
00:00:04.489578 
00:00:04.489578 [/Devices/ichac97/0/] (level 3)
00:00:04.489579   PCIBusNo      <integer> = 0x0000000000000000 (0)
00:00:04.489580   PCIDeviceNo   <integer> = 0x0000000000000005 (5)
00:00:04.489580   PCIFunctionNo <integer> = 0x0000000000000000 (0)
00:00:04.489581   Trusted       <integer> = 0x0000000000000001 (1)
00:00:04.489582 
00:00:04.489582 [/Devices/ichac97/0/AudioConfig/] (level 4)
00:00:04.489583 
00:00:04.489583 [/Devices/ichac97/0/Config/] (level 4)
00:00:04.489584   Codec        <string>  = "AD1980" (cb=7)
00:00:04.489584   DebugEnabled <integer> = 0x0000000000000000 (0)
00:00:04.489585 
00:00:04.489585 [/Devices/ichac97/0/LUN#0/] (level 4)
00:00:04.489586   Driver <string>  = "AUDIO" (cb=6)
00:00:04.489586 
00:00:04.489586 [/Devices/ichac97/0/LUN#0/AttachedDriver/] (level 5)
00:00:04.489587   Driver <string>  = "HostAudioWas" (cb=13)
00:00:04.489588 
00:00:04.489588 [/Devices/ichac97/0/LUN#0/AttachedDriver/Config/] (level 6)
00:00:04.489589   VmName <string>  = "Kali" (cb=5)
00:00:04.489590   VmUuid <string>  = "e9fa7e60-64a7-480f-be04-a7e24b384444" (cb=37)
00:00:04.489590 
00:00:04.489591 [/Devices/ichac97/0/LUN#0/Config/] (level 5)
00:00:04.489591   DriverName    <string>  = "HostAudioWas" (cb=13)
00:00:04.489592   InputEnabled  <integer> = 0x0000000000000000 (0)
00:00:04.489593   OutputEnabled <integer> = 0x0000000000000001 (1)
00:00:04.489593 
00:00:04.489593 [/Devices/ichac97/0/LUN#1/] (level 4)
00:00:04.489594   Driver <string>  = "AUDIO" (cb=6)
00:00:04.489595 
00:00:04.489595 [/Devices/ichac97/0/LUN#2/] (level 4)
00:00:04.489596   Driver <string>  = "AUDIO" (cb=6)
00:00:04.489596 
00:00:04.489596 [/Devices/ioapic/] (level 2)
00:00:04.489597 
00:00:04.489597 [/Devices/ioapic/0/] (level 3)
00:00:04.489598   Trusted <integer> = 0x0000000000000001 (1)
00:00:04.489599 
00:00:04.489599 [/Devices/ioapic/0/Config/] (level 4)
00:00:04.489600   NumCPUs <integer> = 0x0000000000000001 (1)
00:00:04.489601 
00:00:04.489601 [/Devices/mc146818/] (level 2)
00:00:04.489602 
00:00:04.489602 [/Devices/mc146818/0/] (level 3)
00:00:04.489603 
00:00:04.489603 [/Devices/mc146818/0/Config/] (level 4)
00:00:04.489604   UseUTC <integer> = 0x0000000000000001 (1)
00:00:04.489604 
00:00:04.489605 [/Devices/parallel/] (level 2)
00:00:04.489605 
00:00:04.489606 [/Devices/pcarch/] (level 2)
00:00:04.489606 
00:00:04.489606 [/Devices/pcarch/0/] (level 3)
00:00:04.489607   Trusted <integer> = 0x0000000000000001 (1)
00:00:04.489608 
00:00:04.489608 [/Devices/pcarch/0/Config/] (level 4)
00:00:04.489609 
00:00:04.489609 [/Devices/pcbios/] (level 2)
00:00:04.489610 
00:00:04.489610 [/Devices/pcbios/0/] (level 3)
00:00:04.489611   Trusted <integer> = 0x0000000000000001 (1)
00:00:04.489612 
00:00:04.489612 [/Devices/pcbios/0/Config/] (level 4)
00:00:04.489613   APIC            <integer> = 0x0000000000000001 (1)
00:00:04.489614   BootDevice0     <string>  = "FLOPPY" (cb=7)
00:00:04.489615   BootDevice1     <string>  = "DVD" (cb=4)
00:00:04.489615   BootDevice2     <string>  = "IDE" (cb=4)
00:00:04.489616   BootDevice3     <string>  = "NONE" (cb=5)
00:00:04.489617   DmiSystemSerial <string>  = "VirtualBox-<DmiSystemUuid>" (cb=27)
00:00:04.489617   FloppyDevice    <string>  = "i82078" (cb=7)
00:00:04.489618   HardDiskDevice  <string>  = "piix3ide" (cb=9)
00:00:04.489619   IOAPIC          <integer> = 0x0000000000000001 (1)
00:00:04.489619   LanBootRom      <string>  = "C:\Program Files\Oracle\VirtualBox\ExtensionPacks\Oracle_VirtualBox_Extension_Pack\PXE-Intel.rom" (cb=97)
00:00:04.489620   McfgBase        <integer> = 0x0000000000000000 (0)
00:00:04.489621   McfgLength      <integer> = 0x0000000000000000 (0)
00:00:04.489621   NumCPUs         <integer> = 0x0000000000000001 (1)
00:00:04.489622   PXEDebug        <integer> = 0x0000000000000000 (0)
00:00:04.489622   UUID            <bytes>   = "60 7e fa e9 a7 64 0f 48 be 04 a7 e2 4b 38 44 44" (cb=16)
00:00:04.489624   UuidLe          <integer> = 0x0000000000000001 (1)
00:00:04.489625 
00:00:04.489625 [/Devices/pcbios/0/Config/NetBoot/] (level 5)
00:00:04.489626 
00:00:04.489626 [/Devices/pcbios/0/Config/NetBoot/0/] (level 6)
00:00:04.489628   NIC           <integer> = 0x0000000000000000 (0)
00:00:04.489628   PCIBusNo      <integer> = 0x0000000000000000 (0)
00:00:04.489629   PCIDeviceNo   <integer> = 0x0000000000000003 (3)
00:00:04.489629   PCIFunctionNo <integer> = 0x0000000000000000 (0)
00:00:04.489630 
00:00:04.489630 [/Devices/pci/] (level 2)
00:00:04.489631 
00:00:04.489631 [/Devices/pci/0/] (level 3)
00:00:04.489632   Trusted <integer> = 0x0000000000000001 (1)
00:00:04.489633 
00:00:04.489633 [/Devices/pci/0/Config/] (level 4)
00:00:04.489634   IOAPIC <integer> = 0x0000000000000001 (1)
00:00:04.489634 
00:00:04.489635 [/Devices/pcibridge/] (level 2)
00:00:04.489635 
00:00:04.489636 [/Devices/pckbd/] (level 2)
00:00:04.489636 
00:00:04.489636 [/Devices/pckbd/0/] (level 3)
00:00:04.489637   Trusted <integer> = 0x0000000000000001 (1)
00:00:04.489638 
00:00:04.489638 [/Devices/pckbd/0/Config/] (level 4)
00:00:04.489639 
00:00:04.489639 [/Devices/pckbd/0/LUN#0/] (level 4)
00:00:04.489640   Driver <string>  = "KeyboardQueue" (cb=14)
00:00:04.489641 
00:00:04.489641 [/Devices/pckbd/0/LUN#0/AttachedDriver/] (level 5)
00:00:04.489642   Driver <string>  = "MainKeyboard" (cb=13)
00:00:04.489642 
00:00:04.489642 [/Devices/pckbd/0/LUN#0/Config/] (level 5)
00:00:04.489654   QueueSize <integer> = 0x0000000000000040 (64, 64 B)
00:00:04.489655 
00:00:04.489655 [/Devices/pckbd/0/LUN#1/] (level 4)
00:00:04.489656   Driver <string>  = "MouseQueue" (cb=11)
00:00:04.489657 
00:00:04.489657 [/Devices/pckbd/0/LUN#1/AttachedDriver/] (level 5)
00:00:04.489658   Driver <string>  = "MainMouse" (cb=10)
00:00:04.489658 
00:00:04.489659 [/Devices/pckbd/0/LUN#1/Config/] (level 5)
00:00:04.489660   QueueSize <integer> = 0x0000000000000080 (128, 128 B)
00:00:04.489660 
00:00:04.489661 [/Devices/pcnet/] (level 2)
00:00:04.489661 
00:00:04.489662 [/Devices/piix3ide/] (level 2)
00:00:04.489662 
00:00:04.489662 [/Devices/piix3ide/0/] (level 3)
00:00:04.489664   PCIBusNo      <integer> = 0x0000000000000000 (0)
00:00:04.489665   PCIDeviceNo   <integer> = 0x0000000000000001 (1)
00:00:04.489665   PCIFunctionNo <integer> = 0x0000000000000001 (1)
00:00:04.489666   Trusted       <integer> = 0x0000000000000001 (1)
00:00:04.489666 
00:00:04.489667 [/Devices/piix3ide/0/Config/] (level 4)
00:00:04.489668   Type <string>  = "PIIX4" (cb=6)
00:00:04.489668 
00:00:04.489668 [/Devices/piix3ide/0/LUN#0/] (level 4)
00:00:04.489669   Driver <string>  = "VD" (cb=3)
00:00:04.489670 
00:00:04.489670 [/Devices/piix3ide/0/LUN#0/Config/] (level 5)
00:00:04.489671   Format    <string>  = "VDI" (cb=4)
00:00:04.489671   Mountable <integer> = 0x0000000000000000 (0)
00:00:04.489672   Path      <string>  = "C:\Users\deadn1ntendogs\Documents\64bit\Kali Linux 2025.2 (64bit).vdi" (cb=70)
00:00:04.489673   Type      <string>  = "HardDisk" (cb=9)
00:00:04.489673 
00:00:04.489673 [/Devices/piix3ide/0/LUN#0/Config/Plugins/] (level 6)
00:00:04.489675 
00:00:04.489675 [/Devices/piix3ide/0/LUN#0/Config/Plugins/VDPluginCrypt/] (level 7)
00:00:04.489676   Path <string>  = "C:\Program Files\Oracle\VirtualBox\ExtensionPacks\Oracle_VirtualBox_Extension_Pack\win.amd64\VDPluginCrypt.DLL" (cb=111)
00:00:04.489677 
00:00:04.489677 [/Devices/piix3ide/0/LUN#0/Config/VDConfig/] (level 6)
00:00:04.489678   AllocationBlockSize <string>  = "1048576" (cb=8)
00:00:04.489678 
00:00:04.489679 [/Devices/piix3ide/0/LUN#999/] (level 4)
00:00:04.489679   Driver <string>  = "MainStatus" (cb=11)
00:00:04.489680 
00:00:04.489680 [/Devices/piix3ide/0/LUN#999/Config/] (level 5)
00:00:04.489681   DeviceInstance       <string>  = "piix3ide/0" (cb=11)
00:00:04.489682   First                <integer> = 0x0000000000000000 (0)
00:00:04.489683   HasMediumAttachments <integer> = 0x0000000000000001 (1)
00:00:04.489683   Last                 <integer> = 0x0000000000000003 (3)
00:00:04.489684   iLedSet              <integer> = 0x0000000000000003 (3)
00:00:04.489685 
00:00:04.489685 [/Devices/serial/] (level 2)
00:00:04.489686 
00:00:04.489686 [/Devices/usb-ehci/] (level 2)
00:00:04.489686 
00:00:04.489687 [/Devices/usb-ehci/0/] (level 3)
00:00:04.489687   PCIBusNo      <integer> = 0x0000000000000000 (0)
00:00:04.489688   PCIDeviceNo   <integer> = 0x000000000000000b (11)
00:00:04.489689   PCIFunctionNo <integer> = 0x0000000000000000 (0)
00:00:04.489689   Trusted       <integer> = 0x0000000000000001 (1)
00:00:04.489690 
00:00:04.489690 [/Devices/usb-ehci/0/Config/] (level 4)
00:00:04.489691 
00:00:04.489691 [/Devices/usb-ehci/0/LUN#0/] (level 4)
00:00:04.489692   Driver <string>  = "VUSBRootHub" (cb=12)
00:00:04.489693 
00:00:04.489693 [/Devices/usb-ehci/0/LUN#0/Config/] (level 5)
00:00:04.489694 
00:00:04.489694 [/Devices/usb-ehci/0/LUN#999/] (level 4)
00:00:04.489695   Driver <string>  = "MainStatus" (cb=11)
00:00:04.489696 
00:00:04.489696 [/Devices/usb-ehci/0/LUN#999/Config/] (level 5)
00:00:04.489697   First                <integer> = 0x0000000000000000 (0)
00:00:04.489698   HasMediumAttachments <integer> = 0x0000000000000000 (0)
00:00:04.489699   Last                 <integer> = 0x0000000000000000 (0)
00:00:04.489700   iLedSet              <integer> = 0x0000000000000002 (2)
00:00:04.489700 
00:00:04.489700 [/Devices/usb-ohci/] (level 2)
00:00:04.489701 
00:00:04.489701 [/Devices/usb-ohci/0/] (level 3)
00:00:04.489702   PCIBusNo      <integer> = 0x0000000000000000 (0)
00:00:04.489703   PCIDeviceNo   <integer> = 0x0000000000000006 (6)
00:00:04.489703   PCIFunctionNo <integer> = 0x0000000000000000 (0)
00:00:04.489704   Trusted       <integer> = 0x0000000000000001 (1)
00:00:04.489704 
00:00:04.489704 [/Devices/usb-ohci/0/Config/] (level 4)
00:00:04.489705 
00:00:04.489705 [/Devices/usb-ohci/0/LUN#0/] (level 4)
00:00:04.489706   Driver <string>  = "VUSBRootHub" (cb=12)
00:00:04.489706 
00:00:04.489707 [/Devices/usb-ohci/0/LUN#0/Config/] (level 5)
00:00:04.489707 
00:00:04.489708 [/Devices/usb-ohci/0/LUN#999/] (level 4)
00:00:04.489708   Driver <string>  = "MainStatus" (cb=11)
00:00:04.489709 
00:00:04.489709 [/Devices/usb-ohci/0/LUN#999/Config/] (level 5)
00:00:04.489710   First                <integer> = 0x0000000000000000 (0)
00:00:04.489711   HasMediumAttachments <integer> = 0x0000000000000000 (0)
00:00:04.489711   Last                 <integer> = 0x0000000000000000 (0)
00:00:04.489712   iLedSet              <integer> = 0x0000000000000001 (1)
00:00:04.489712 
00:00:04.489712 [/Devices/vga/] (level 2)
00:00:04.489713 
00:00:04.489713 [/Devices/vga/0/] (level 3)
00:00:04.489714   PCIBusNo      <integer> = 0x0000000000000000 (0)
00:00:04.489714   PCIDeviceNo   <integer> = 0x0000000000000002 (2)
00:00:04.489715   PCIFunctionNo <integer> = 0x0000000000000000 (0)
00:00:04.489715   Trusted       <integer> = 0x0000000000000001 (1)
00:00:04.489716 
00:00:04.489716 [/Devices/vga/0/Config/] (level 4)
00:00:04.489717   3DEnabled             <integer> = 0x0000000000000000 (0)
00:00:04.489718   CustomVideoModes      <integer> = 0x0000000000000000 (0)
00:00:04.489718   FadeIn                <integer> = 0x0000000000000001 (1)
00:00:04.489719   FadeOut               <integer> = 0x0000000000000001 (1)
00:00:04.489719   HeightReduction       <integer> = 0x0000000000000000 (0)
00:00:04.489720   LogoFile              <string>  = "" (cb=1)
00:00:04.489720   LogoTime              <integer> = 0x0000000000000000 (0)
00:00:04.489721   MonitorCount          <integer> = 0x0000000000000001 (1)
00:00:04.489721   ShowBootMenu          <integer> = 0x0000000000000002 (2)
00:00:04.489722   VMSVGA3dEnabled       <integer> = 0x0000000000000000 (0)
00:00:04.489722   VMSVGAEnabled         <integer> = 0x0000000000000001 (1)
00:00:04.489723   VMSVGAPciBarLayout    <integer> = 0x0000000000000001 (1)
00:00:04.489723   VMSVGAPciId           <integer> = 0x0000000000000001 (1)
00:00:04.489724   VRamSize              <integer> = 0x0000000001000000 (16 777 216, 16.0 MiB)
00:00:04.489725   VmSvga3               <integer> = 0x0000000000000000 (0)
00:00:04.489725   VmSvgaExposeLegacyVga <integer> = 0x0000000000000001 (1)
00:00:04.489726 
00:00:04.489726 [/Devices/vga/0/LUN#0/] (level 4)
00:00:04.489727   Driver <string>  = "MainDisplay" (cb=12)
00:00:04.489727 
00:00:04.489727 [/Devices/vga/0/LUN#0/Config/] (level 5)
00:00:04.489728 
00:00:04.489728 [/Devices/vga/0/LUN#999/] (level 4)
00:00:04.489729   Driver <string>  = "MainStatus" (cb=11)
00:00:04.489730 
00:00:04.489730 [/Devices/vga/0/LUN#999/Config/] (level 5)
00:00:04.489731   First                <integer> = 0x0000000000000000 (0)
00:00:04.489731   HasMediumAttachments <integer> = 0x0000000000000000 (0)
00:00:04.489732   Last                 <integer> = 0x0000000000000000 (0)
00:00:04.489733   iLedSet              <integer> = 0x0000000000000000 (0)
00:00:04.489733 
00:00:04.489733 [/Devices/virtio-net/] (level 2)
00:00:04.489734 
00:00:04.489734 [/EM/] (level 1)
00:00:04.489735   TripleFaultReset <integer> = 0x0000000000000000 (0)
00:00:04.489735 
00:00:04.489735 [/GCM/] (level 1)
00:00:04.489736   MesaVmsvgaDrv <integer> = 0x0000000000000001 (1)
00:00:04.489736 
00:00:04.489737 [/GIM/] (level 1)
00:00:04.489737   Provider <string>  = "KVM" (cb=4)
00:00:04.489738 
00:00:04.489738 [/HM/] (level 1)
00:00:04.489739   64bitEnabled            <integer> = 0x0000000000000001 (1)
00:00:04.489740   EnableLargePages        <integer> = 0x0000000000000001 (1)
00:00:04.489740   EnableNestedPaging      <integer> = 0x0000000000000001 (1)
00:00:04.489741   EnableUX                <integer> = 0x0000000000000001 (1)
00:00:04.489742   EnableVPID              <integer> = 0x0000000000000001 (1)
00:00:04.489742   Exclusive               <integer> = 0x0000000000000000 (0)
00:00:04.489743   HMForced                <integer> = 0x0000000000000001 (1)
00:00:04.489744   IBPBOnVMEntry           <integer> = 0x0000000000000000 (0)
00:00:04.489744   IBPBOnVMExit            <integer> = 0x0000000000000000 (0)
00:00:04.489745   L1DFlushOnSched         <integer> = 0x0000000000000001 (1)
00:00:04.489746   L1DFlushOnVMEntry       <integer> = 0x0000000000000000 (0)
00:00:04.489746   LovelyMesaDrvWorkaround <integer> = 0x0000000000000001 (1)
00:00:04.489747   MDSClearOnSched         <integer> = 0x0000000000000001 (1)
00:00:04.489747   MDSClearOnVMEntry       <integer> = 0x0000000000000000 (0)
00:00:04.489748   SpecCtrlByHost          <integer> = 0x0000000000000000 (0)
00:00:04.489749   SvmVirtVmsaveVmload     <integer> = 0x0000000000000000 (0)
00:00:04.489749   UseNEMInstead           <integer> = 0x0000000000000000 (0)
00:00:04.489750 
00:00:04.489750 [/MM/] (level 1)
00:00:04.489751   CanUseLargerHeap <integer> = 0x0000000000000000 (0)
00:00:04.489751 
00:00:04.489751 [/NEM/] (level 1)
00:00:04.489752   Allow64BitGuests        <integer> = 0x0000000000000001 (1)
00:00:04.489753   IBPBOnVMEntry           <integer> = 0x0000000000000000 (0)
00:00:04.489753   IBPBOnVMExit            <integer> = 0x0000000000000000 (0)
00:00:04.489754   L1DFlushOnSched         <integer> = 0x0000000000000001 (1)
00:00:04.489754   L1DFlushOnVMEntry       <integer> = 0x0000000000000000 (0)
00:00:04.489755   LovelyMesaDrvWorkaround <integer> = 0x0000000000000001 (1)
00:00:04.489755   MDSClearOnSched         <integer> = 0x0000000000000001 (1)
00:00:04.489756   MDSClearOnVMEntry       <integer> = 0x0000000000000000 (0)
00:00:04.489756 
00:00:04.489756 [/PDM/] (level 1)
00:00:04.489757 
00:00:04.489757 [/PDM/AsyncCompletion/] (level 2)
00:00:04.489757 
00:00:04.489758 [/PDM/AsyncCompletion/File/] (level 3)
00:00:04.489758 
00:00:04.489758 [/PDM/AsyncCompletion/File/BwGroups/] (level 4)
00:00:04.489759 
00:00:04.489759 [/PDM/BlkCache/] (level 2)
00:00:04.489760   CacheSize <integer> = 0x0000000000500000 (5 242 880, 5.0 MiB)
00:00:04.489760 
00:00:04.489761 [/PDM/Devices/] (level 2)
00:00:04.489761 
00:00:04.489761 [/PDM/Drivers/] (level 2)
00:00:04.489762 
00:00:04.489762 [/PDM/Drivers/VBoxC/] (level 3)
00:00:04.489763   Path <string>  = "VBoxC" (cb=6)
00:00:04.489763 
00:00:04.489763 [/PDM/NetworkShaper/] (level 2)
00:00:04.489764 
00:00:04.489764 [/PDM/NetworkShaper/BwGroups/] (level 3)
00:00:04.489764 
00:00:04.489765 [/PDM/USB/] (level 2)
00:00:04.489765 
00:00:04.489765 [/PDM/USB/VBoxUsbCardReader/] (level 3)
00:00:04.489766   Path <string>  = "C:\Program Files\Oracle\VirtualBox\ExtensionPacks\Oracle_VirtualBox_Extension_Pack\win.amd64\VBoxUsbCardReaderR3.DLL" (cb=117)
00:00:04.489766 
00:00:04.489767 [/TM/] (level 1)
00:00:04.489767   UTCOffset <integer> = 0x0000000000000000 (0)
00:00:04.489767 
00:00:04.489768 [/USB/] (level 1)
00:00:04.489768 
00:00:04.489768 [/USB/HidMouse/] (level 2)
00:00:04.489769 
00:00:04.489769 [/USB/HidMouse/0/] (level 3)
00:00:04.489769 
00:00:04.489770 [/USB/HidMouse/0/Config/] (level 4)
00:00:04.489770   Mode <string>  = "absolute" (cb=9)
00:00:04.489771 
00:00:04.489771 [/USB/HidMouse/0/LUN#0/] (level 4)
00:00:04.489772   Driver <string>  = "MouseQueue" (cb=11)
00:00:04.489773 
00:00:04.489773 [/USB/HidMouse/0/LUN#0/AttachedDriver/] (level 5)
00:00:04.489774   Driver <string>  = "MainMouse" (cb=10)
00:00:04.489774 
00:00:04.489774 [/USB/HidMouse/0/LUN#0/Config/] (level 5)
00:00:04.489775   QueueSize <integer> = 0x0000000000000080 (128, 128 B)
00:00:04.489775 
00:00:04.489776 [/USB/USBProxy/] (level 2)
00:00:04.489776 
00:00:04.489776 [/USB/USBProxy/GlobalConfig/] (level 3)
00:00:04.489777 
00:00:04.489777 ********************* End of CFGM dump **********************
00:00:04.489842 HM: HMR3Init: Attempting fall back to NEM: AMD-V is not available
00:00:04.492521 ERROR [COM]: aRC=VBOX_E_IPRT_ERROR (0x80bb0005) aIID={6ac83d89-6ee7-4e33-8ae6-b257b2e81be8} aComponent={ConsoleWrap} aText={The VBoxGuestPropSvc service call failed with the error VERR_HGCM_SERVICE_NOT_FOUND}, preserve=false aResultDetail=-2900
00:00:04.532366 NEM:  info: Found optional import WinHvPlatform.dll!WHvQueryGpaRangeDirtyBitmap.
00:00:04.532376 NEM:  info: Found optional import WinHvPlatform.dll!WHvResumePartitionTime.
00:00:04.532379 NEM:  info: Found optional import WinHvPlatform.dll!WHvSuspendPartitionTime.
00:00:04.532382 NEM:  info: Found optional import WinHvPlatform.dll!WHvRequestInterrupt.
00:00:04.532384 NEM:  info: Found optional import WinHvPlatform.dll!WHvGetVirtualProcessorXsaveState.
00:00:04.532387 NEM:  info: Found optional import WinHvPlatform.dll!WHvSetVirtualProcessorXsaveState.
00:00:04.532390 NEM:  info: Found optional import WinHvPlatform.dll!WHvGetVirtualProcessorState.
00:00:04.532393 NEM:  info: Found optional import WinHvPlatform.dll!WHvSetVirtualProcessorState.
00:00:04.532396 NEM:  info: Found optional import WinHvPlatform.dll!WHvGetVirtualProcessorInterruptControllerState.
00:00:04.532398 NEM:  info: Found optional import WinHvPlatform.dll!WHvSetVirtualProcessorInterruptControllerState.
00:00:04.532401 NEM:  info: Found optional import WinHvPlatform.dll!WHvGetVirtualProcessorInterruptControllerState2.
00:00:04.532404 NEM:  info: Found optional import WinHvPlatform.dll!WHvSetVirtualProcessorInterruptControllerState2.
00:00:04.532409 NEM:  info: Found optional import vid.dll!VidGetHvPartitionId.
00:00:04.532412 NEM:  info: Found optional import vid.dll!VidGetPartitionProperty.
00:00:04.532538 NEM: WHvCapabilityCodeHypervisorPresent is TRUE, so this might work...
00:00:04.532545 NEM: WHvCapabilityCodeExtendedVmExits      = 0x0000000000007fff
00:00:04.532549 NEM:                           X64CpuidExit: 1
00:00:04.532552 NEM:                             X64MsrExit: 1
00:00:04.532555 NEM:                          ExceptionExit: 1
00:00:04.532558 NEM:                           X64RdtscExit: 1
00:00:04.532561 NEM:                     X64ApicSmiExitTrap: 1
00:00:04.532563 NEM:                          HypercallExit: 1
00:00:04.532566 NEM:                X64ApicInitSipiExitTrap: 1
00:00:04.532569 NEM:              X64ApicWriteLint0ExitTrap: 1
00:00:04.532571 NEM:              X64ApicWriteLint1ExitTrap: 1
00:00:04.532574 NEM:                X64ApicWriteSvrExitTrap: 1
00:00:04.532577 NEM:                 UnknownSynicConnection: 1
00:00:04.532579 NEM:              RetargetUnknownVpciDevice: 1
00:00:04.532585 NEM:                X64ApicWriteLdrExitTrap: 1
00:00:04.532589 NEM:                X64ApicWriteDfrExitTrap: 1
00:00:04.532592 NEM:                     GpaAccessFaultExit: 1
00:00:04.532595 NEM: WHvCapabilityCodeFeatures             = 0x00000000000002ff
00:00:04.532599 NEM:                           PartialUnmap: 1
00:00:04.532602 NEM:                     LocalApicEmulation: 1
00:00:04.532605 NEM:                                  Xsave: 1
00:00:04.532608 NEM:                      DirtyPageTracking: 1
00:00:04.532610 NEM:                     SpeculationControl: 1
00:00:04.532613 NEM:                         ApicRemoteRead: 1
00:00:04.532616 NEM:                            IdleSuspend: 1
00:00:04.532618 NEM:                VirtualPciDeviceSupport: 1
00:00:04.532621 NEM:                           IommuSupport: 0
00:00:04.532624 NEM:                         VpHotAddRemove: 1
00:00:04.532631 NEM: Supported xsave features: 0x50381f
00:00:04.532634 NEM:                           XsaveSupport: 1
00:00:04.532637 NEM:                        XsaveoptSupport: 1
00:00:04.532640 NEM:                             AvxSupport: 1
00:00:04.532644 NEM:                            Avx2Support: 1
00:00:04.532650 NEM:                             FmaSupport: 1
00:00:04.532654 NEM:                             MpxSupport: 0
00:00:04.532659 NEM:                          Avx512Support: 0
00:00:04.532675 NEM:                        Avx512DQSupport: 0
00:00:04.532679 NEM:                        Avx512BWSupport: 0
00:00:04.532684 NEM:                        Avx512VLSupport: 0
00:00:04.532688 NEM:                       XsaveCompSupport: 1
00:00:04.532692 NEM:                 XsaveSupervisorSupport: 1
00:00:04.532694 NEM:                            Xcr1Support: 1
00:00:04.532697 NEM:                    Avx512BitalgSupport: 0
00:00:04.532700 NEM:                      Avx512IfmaSupport: 0
00:00:04.532702 NEM:                      Avx512VBmiSupport: 0
00:00:04.532705 NEM:                     Avx512VBmi2Support: 0
00:00:04.532708 NEM:                      Avx512VnniSupport: 0
00:00:04.532713 NEM:                            GfniSupport: 0
00:00:04.532718 NEM:                            VaesSupport: 1
00:00:04.532722 NEM:                 Avx512VPopcntdqSupport: 0
00:00:04.532727 NEM:                      VpclmulqdqSupport: 1
00:00:04.532731 NEM:                      Avx512Bf16Support: 0
00:00:04.532736 NEM:              Avx512Vp2IntersectSupport: 0
00:00:04.532740 NEM:                      Avx512Fp16Support: 0
00:00:04.532744 NEM:                             XfdSupport: 0
00:00:04.532748 NEM:                         AmxTileSupport: 0
00:00:04.532753 NEM:                         AmxBf16Support: 0
00:00:04.532757 NEM:                         AmxInt8Support: 0
00:00:04.532761 NEM:                         AvxVnniSupport: 0
00:00:04.532765 NEM: Supported exception exit bitmap: 0xf7dfb
00:00:04.532779 NEM: WHvCapabilityCodeProcessorVendor      = 0 - AMD
00:00:04.532794 NEM: WHvCapabilityCodeProcessorFeatures    = 0x06037fcb67f39fbf
00:00:04.532800 NEM:                            Sse3Support: 1
00:00:04.532804 NEM:                        LahfSahfSupport: 1
00:00:04.532809 NEM:                           Ssse3Support: 1
00:00:04.532814 NEM:                          Sse4_1Support: 1
00:00:04.532819 NEM:                          Sse4_2Support: 1
00:00:04.532824 NEM:                           Sse4aSupport: 1
00:00:04.532827 NEM:                             XopSupport: 0
00:00:04.532831 NEM:                          PopCntSupport: 1
00:00:04.532836 NEM:                      Cmpxchg16bSupport: 1
00:00:04.532841 NEM:                       Altmovcr8Support: 1
00:00:04.532846 NEM:                           LzcntSupport: 1
00:00:04.532850 NEM:                     MisAlignSseSupport: 1
00:00:04.532855 NEM:                          MmxExtSupport: 1
00:00:04.532860 NEM:                        Amd3DNowSupport: 0
00:00:04.532865 NEM:                ExtendedAmd3DNowSupport: 0
00:00:04.532870 NEM:                         Page1GbSupport: 1
00:00:04.532876 NEM:                             AesSupport: 1
00:00:04.532880 NEM:                       PclmulqdqSupport: 1
00:00:04.532883 NEM:                            PcidSupport: 0
00:00:04.532886 NEM:                            Fma4Support: 0
00:00:04.532889 NEM:                            F16CSupport: 1
00:00:04.532891 NEM:                          RdRandSupport: 1
00:00:04.532894 NEM:                        RdWrFsGsSupport: 1
00:00:04.532897 NEM:                            SmepSupport: 1
00:00:04.532899 NEM:              EnhancedFastStringSupport: 1
00:00:04.532902 NEM:                            Bmi1Support: 1
00:00:04.532905 NEM:                            Bmi2Support: 1
00:00:04.532907 NEM:                              Reserved1: 0
00:00:04.532910 NEM:                           MovbeSupport: 1
00:00:04.532913 NEM:                          Npiep1Support: 1
00:00:04.532916 NEM:                   DepX87FPUSaveSupport: 0
00:00:04.532918 NEM:                          RdSeedSupport: 1
00:00:04.532921 NEM:                             AdxSupport: 1
00:00:04.532924 NEM:                   IntelPrefetchSupport: 0
00:00:04.532926 NEM:                            SmapSupport: 1
00:00:04.532929 NEM:                             HleSupport: 0
00:00:04.532932 NEM:                             RtmSupport: 0
00:00:04.532935 NEM:                          RdtscpSupport: 1
00:00:04.532937 NEM:                      ClflushoptSupport: 1
00:00:04.532940 NEM:                            ClwbSupport: 1
00:00:04.532943 NEM:                             ShaSupport: 1
00:00:04.532945 NEM:                X87PointersSavedSupport: 1
00:00:04.532948 NEM:                         InvpcidSupport: 1
00:00:04.532951 NEM:                            IbrsSupport: 1
00:00:04.532954 NEM:                           StibpSupport: 1
00:00:04.532956 NEM:                            IbpbSupport: 1
00:00:04.532959 NEM:                              Reserved2: 0
00:00:04.532962 NEM:                            SsbdSupport: 1
00:00:04.532965 NEM:                 FastShortRepMovSupport: 1
00:00:04.532967 NEM:                              Reserved3: 0
00:00:04.532970 NEM:                                 RdclNo: 0
00:00:04.532973 NEM:                         IbrsAllSupport: 0
00:00:04.532975 NEM:                              Reserved4: 0
00:00:04.532978 NEM:                                  SsbNo: 0
00:00:04.532981 NEM:                                 RsbANo: 0
00:00:04.532984 NEM:                              Reserved5: 0
00:00:04.532986 NEM:                           RdPidSupport: 1
00:00:04.532989 NEM:                            UmipSupport: 1
00:00:04.532992 NEM:                           MdsNoSupport: 0
00:00:04.532994 NEM:                         MdClearSupport: 0
00:00:04.532997 NEM:                           TaaNoSupport: 0
00:00:04.533000 NEM:                         TsxCtrlSupport: 0
00:00:04.533003 NEM:                              Reserved6: 0
00:00:04.533011 NEM: WHvCapabilityCodeProcessorClFlushSize = 2^8
00:00:04.533015 NEM: Warning! Unknown capability 0x4 returning: 3f 00 00 00 00 00 00 00 00 00 00 00 00 00 00 00 00 00 00 00 00 00 00 00
00:00:04.533019 NEM: Warning! Unknown capability 0x5 returning: 03 00 00 00 00 00 00 00 00 00 00 00 00 00 00 00 00 00 00 00 00 00 00 00
00:00:04.533033 NEM: Warning! Unknown capability 0x6 returning: 00 00 00 00 00 00 00 00 00 00 00 00 00 00 00 00 00 00 00 00 00 00 00 00
00:00:04.533219 NEM: Warning! Unknown capability 0x1003 returning: 1f 38 50 00 00 00 00 00 00 00 00 00 00 00 00 00 00 00 00 00 00 00 00 00
00:00:04.533231 NEM: Warning! Unknown capability 0x1004 returning: a0 19 20 dc 00 00 00 00 00 00 00 00 00 00 00 00 00 00 00 00 00 00 00 00
00:00:04.533235 NEM: Warning! Unknown capability 0x1005 returning: 00 c2 eb 0b 00 00 00 00 00 00 00 00 00 00 00 00 00 00 00 00 00 00 00 00
00:00:04.533239 NEM: Warning! Unknown capability 0x1006 returning: 02 00 00 00 00 00 00 00 bf 9f f3 67 cb 7f 03 06 ef 01 00 a0 00 00 00 04
00:00:04.533244 NEM: Warning! Unknown capability 0x1007 returning: 00 00 00 00 00 00 00 00 00 00 00 00 00 00 00 00 00 00 00 00 00 00 00 00
00:00:04.533252 NEM: Warning! Unknown capability 0x1008 returning: 01 00 00 00 00 00 00 00 ff 8f 44 ff 6f 00 00 00 00 00 00 00 00 00 00 00
00:00:04.533259 NEM: Warning! Unknown capability 0x1009 returning: 01 00 00 00 00 00 00 00 00 00 00 00 00 00 00 00 00 00 00 00 00 00 00 00
00:00:04.533266 NEM: Warning! Unknown capability 0x100a returning: 30 00 00 00 00 00 00 00 00 00 00 00 00 00 00 00 00 00 00 00 00 00 00 00
00:00:04.533877 NEM: Created partition 0000024e7e5fe9b0. APIC emulation mode: VirtualBox
00:00:04.533887 NEM: Adjusting APIC configuration from X2APIC to APIC max mode.  X2APIC is not supported by the WinHvPlatform API!
00:00:04.533890 NEM: Disable Hyper-V if you need X2APIC for your guests!
00:00:04.533902 PGM: Enabling NEM mode
00:00:04.533957 NEM:
00:00:04.533957 NEM: NEMR3Init: Snail execution mode is active!
00:00:04.533957 NEM: Note! VirtualBox is not able to run at its full potential in this execution mode.
00:00:04.533957 NEM:       To see VirtualBox run at max speed you need to disable all Windows features
00:00:04.533957 NEM:       making use of Hyper-V.  That is a moving target, so google how and carefully
00:00:04.533957 NEM:       consider the consequences of disabling these features.
00:00:04.533957 NEM:
00:00:04.533977 CPUM: No hardware-virtualization capability detected
00:00:04.533980 CPUM: fXStateHostMask=0x7; host XCR0=0x7
00:00:04.536154 CPUM: Matched host CPU AMD 0x19/0x21/0x0 AMD_Unknown with CPU DB entry 'AMD Ryzen 7 1800X Eight-Core' (AMD 0x17/0x1/0x1 AMD_Zen_Ryzen)
00:00:04.538591 CPUM: MXCSR_MASK=0x2ffff (host: 0x2ffff)
00:00:04.538614 CPUM: Microcode revision 0x0A201030
00:00:04.538632 CPUM: MSR fudge: 0x00000017 IA32_PLATFORM_ID
00:00:04.538667 CPUM: MSR fudge: 0x000001a0 IA32_MISC_ENABLE
00:00:04.538684 CPUM: MSR fudge: 0x000002ff IA32_MTRR_DEF_TYPE
00:00:04.538697 CPUM: MSR fudge: 0x0000002c P4_EBC_FREQUENCY_ID
00:00:04.538747 CPUM: SetGuestCpuIdFeature: Enabled SYSENTER/EXIT
00:00:04.538751 CPUM: SetGuestCpuIdFeature: Enabled SYSCALL/RET
00:00:04.538754 CPUM: SetGuestCpuIdFeature: Enabled PAE
00:00:04.538756 CPUM: SetGuestCpuIdFeature: Enabled LAHF/SAHF
00:00:04.538759 CPUM: SetGuestCpuIdFeature: Enabled NX
00:00:04.538761 CPUM: SetGuestCpuIdFeature: Enabled LONG MODE
00:00:04.538765 CPUM: Set SSBD not required flag for AMD to work around some buggy Linux kernels!
00:00:04.538767 CPUM: Enabled MTRR read-write support
00:00:04.538771 CPUM: Enabled fixed-range MTRRs and 16 (virtualized) variable-range MTRRs
00:00:04.540643 NEM: HvPartitionPropertyProcessorVendor=0x0 (0)
00:00:04.540760 NEM: cbXSaveArea=872
00:00:04.540792 NEM: Default XSAVE area returned by Hyper-V
00:00:04.540793 0000008a2a1fd9f0/0000: 00 00 00 00 00 00 00 00-00 00 00 00 00 00 00 00 ................
00:00:04.540796 0000008a2a1fda00/0010: 00 00 00 00 00 00 00 00-80 1f 00 00 ff ff 02 00 ................
00:00:04.540798 0000008a2a1fda10/0020: 00 00 00 00 00 00 00 00-00 00 00 00 00 00 00 00 ................
00:00:04.540800 0000008a2a1fda20/0030: 00 00 00 00 00 00 00 00-00 00 00 00 00 00 00 00 ................
00:00:04.540801 0000008a2a1fda30/0040: 00 00 00 00 00 00 00 00-00 00 00 00 00 00 00 00 ................
00:00:04.540803 0000008a2a1fda40/0050: 00 00 00 00 00 00 00 00-00 00 00 00 00 00 00 00 ................
00:00:04.540804 0000008a2a1fda50/0060: 00 00 00 00 00 00 00 00-00 00 00 00 00 00 00 00 ................
00:00:04.540805 0000008a2a1fda60/0070: 00 00 00 00 00 00 00 00-00 00 00 00 00 00 00 00 ................
00:00:04.540806 0000008a2a1fda70/0080: 00 00 00 00 00 00 00 00-00 00 00 00 00 00 00 00 ................
00:00:04.540807 0000008a2a1fda80/0090: 00 00 00 00 00 00 00 00-00 00 00 00 00 00 00 00 ................
00:00:04.540808 0000008a2a1fda90/00a0: 00 00 00 00 00 00 00 00-00 00 00 00 00 00 00 00 ................
00:00:04.540808 0000008a2a1fdaa0/00b0: 00 00 00 00 00 00 00 00-00 00 00 00 00 00 00 00 ................
00:00:04.540809 0000008a2a1fdab0/00c0: 00 00 00 00 00 00 00 00-00 00 00 00 00 00 00 00 ................
00:00:04.540810 0000008a2a1fdac0/00d0: 00 00 00 00 00 00 00 00-00 00 00 00 00 00 00 00 ................
00:00:04.540811 0000008a2a1fdad0/00e0: 00 00 00 00 00 00 00 00-00 00 00 00 00 00 00 00 ................
00:00:04.540812 0000008a2a1fdae0/00f0: 00 00 00 00 00 00 00 00-00 00 00 00 00 00 00 00 ................
00:00:04.540813 0000008a2a1fdaf0/0100: 00 00 00 00 00 00 00 00-00 00 00 00 00 00 00 00 ................
00:00:04.540814 0000008a2a1fdb00/0110: 00 00 00 00 00 00 00 00-00 00 00 00 00 00 00 00 ................
00:00:04.540815 0000008a2a1fdb10/0120: 00 00 00 00 00 00 00 00-00 00 00 00 00 00 00 00 ................
00:00:04.540816 0000008a2a1fdb20/0130: 00 00 00 00 00 00 00 00-00 00 00 00 00 00 00 00 ................
00:00:04.540817 0000008a2a1fdb30/0140: 00 00 00 00 00 00 00 00-00 00 00 00 00 00 00 00 ................
00:00:04.540818 0000008a2a1fdb40/0150: 00 00 00 00 00 00 00 00-00 00 00 00 00 00 00 00 ................
00:00:04.540819 0000008a2a1fdb50/0160: 00 00 00 00 00 00 00 00-00 00 00 00 00 00 00 00 ................
00:00:04.540819 0000008a2a1fdb60/0170: 00 00 00 00 00 00 00 00-00 00 00 00 00 00 00 00 ................
00:00:04.540820 0000008a2a1fdb70/0180: 00 00 00 00 00 00 00 00-00 00 00 00 00 00 00 00 ................
00:00:04.540821 0000008a2a1fdb80/0190: 00 00 00 00 00 00 00 00-00 00 00 00 00 00 00 00 ................
00:00:04.540822 0000008a2a1fdb90/01a0: 00 00 00 00 00 00 00 00-00 00 00 00 00 00 00 00 ................
00:00:04.540823 0000008a2a1fdba0/01b0: 00 00 00 00 00 00 00 00-00 00 00 00 00 00 00 00 ................
00:00:04.540824 0000008a2a1fdbb0/01c0: 00 00 00 00 00 00 00 00-00 00 00 00 00 00 00 00 ................
00:00:04.540825 0000008a2a1fdbc0/01d0: 00 00 00 00 00 00 00 00-00 00 00 00 00 00 00 00 ................
00:00:04.540826 0000008a2a1fdbd0/01e0: 00 00 00 00 00 00 00 00-00 00 00 00 00 00 00 00 ................
00:00:04.540827 0000008a2a1fdbe0/01f0: 00 00 00 00 00 00 00 00-00 00 00 00 00 00 00 00 ................
00:00:04.540828 0000008a2a1fdbf0/0200: 02 18 00 00 00 00 00 00-07 18 00 00 00 00 00 80 ................
00:00:04.540829 0000008a2a1fdc00/0210: 00 00 00 00 00 00 00 00-00 00 00 00 00 00 00 00 ................
00:00:04.540829 0000008a2a1fdc10/0220: 00 00 00 00 00 00 00 00-00 00 00 00 00 00 00 00 ................
00:00:04.540830 0000008a2a1fdc20/0230: 00 00 00 00 00 00 00 00-00 00 00 00 00 00 00 00 ................
00:00:04.540831 0000008a2a1fdc30/0240: 00 00 00 00 00 00 00 00-00 00 00 00 00 00 00 00 ................
00:00:04.540832 0000008a2a1fdc40/0250: 00 00 00 00 00 00 00 00-00 00 00 00 00 00 00 00 ................
00:00:04.540833 0000008a2a1fdc50/0260: 00 00 00 00 00 00 00 00-00 00 00 00 00 00 00 00 ................
00:00:04.540834 0000008a2a1fdc60/0270: 00 00 00 00 00 00 00 00-00 00 00 00 00 00 00 00 ................
00:00:04.540835 0000008a2a1fdc70/0280: 00 00 00 00 00 00 00 00-00 00 00 00 00 00 00 00 ................
00:00:04.540836 0000008a2a1fdc80/0290: 00 00 00 00 00 00 00 00-00 00 00 00 00 00 00 00 ................
00:00:04.540837 0000008a2a1fdc90/02a0: 00 00 00 00 00 00 00 00-00 00 00 00 00 00 00 00 ................
00:00:04.540838 0000008a2a1fdca0/02b0: 00 00 00 00 00 00 00 00-00 00 00 00 00 00 00 00 ................
00:00:04.540839 0000008a2a1fdcb0/02c0: 00 00 00 00 00 00 00 00-00 00 00 00 00 00 00 00 ................
00:00:04.540840 0000008a2a1fdcc0/02d0: 00 00 00 00 00 00 00 00-00 00 00 00 00 00 00 00 ................
00:00:04.540840 0000008a2a1fdcd0/02e0: 00 00 00 00 00 00 00 00-00 00 00 00 00 00 00 00 ................
00:00:04.540841 0000008a2a1fdce0/02f0: 00 00 00 00 00 00 00 00-00 00 00 00 00 00 00 00 ................
00:00:04.540842 0000008a2a1fdcf0/0300: 00 00 00 00 00 00 00 00-00 00 00 00 00 00 00 00 ................
00:00:04.540843 0000008a2a1fdd00/0310: 00 00 00 00 00 00 00 00-00 00 00 00 00 00 00 00 ................
00:00:04.540844 0000008a2a1fdd10/0320: 00 00 00 00 00 00 00 00-00 00 00 00 00 00 00 00 ................
00:00:04.540845 0000008a2a1fdd20/0330: 00 00 00 00 00 00 00 00-00 00 00 00 00 00 00 00 ................
00:00:04.540846 0000008a2a1fdd30/0340: 00 00 00 00 00 00 00 00-00 00 00 00 00 00 00 00 ................
00:00:04.540847 0000008a2a1fdd40/0350: 00 00 00 00 00 00 00 00-00 00 00 00 00 00 00 00 ................
00:00:04.540848 0000008a2a1fdd50/0360: 00 00 00 00 00 00 00 00                         ........
00:00:04.540857 NEM: Successfully set up partition (device handle 0000000000001295, partition ID 0x0)
00:00:04.540994 PGM: Host paging mode: AMD64+PGE+NX
00:00:04.541001 PGM: PGMPool: cMaxPages=1280 (u64MaxPages=1058)
00:00:04.541004 PGM: pgmR3PoolInit: cMaxPages=0x500 cMaxUsers=0xa00 cMaxPhysExts=0xa00 fCacheEnable=true
00:00:04.542525 SUPLib: MEM_LARGE_PAGES privilege not held.
00:00:04.584667 TM: GIP - u32Mode=3 (Invariant) u32UpdateHz=93 u32UpdateIntervalNS=10741500 enmUseTscDelta=2 (Practically Zero) fGetGipCpu=0x3b cCpus=12
00:00:04.584691 TM: GIP - u64CpuHz=3 693 091 088 (0xdc201910)  SUPGetCpuHzFromGip => 3 693 091 088
00:00:04.584696 TM: GIP - CPU: iCpuSet=0x0 idCpu=0x0 idApic=0x0 iGipCpu=0x2 i64TSCDelta=0 enmState=3 u64CpuHz=3693085731(*) cErrors=0
00:00:04.584700 TM: GIP - CPU: iCpuSet=0x1 idCpu=0x1 idApic=0x1 iGipCpu=0xb i64TSCDelta=0 enmState=3 u64CpuHz=3693091101(*) cErrors=0
00:00:04.584704 TM: GIP - CPU: iCpuSet=0x2 idCpu=0x2 idApic=0x2 iGipCpu=0x1 i64TSCDelta=0 enmState=3 u64CpuHz=3693085281(*) cErrors=0
00:00:04.584707 TM: GIP - CPU: iCpuSet=0x3 idCpu=0x3 idApic=0x3 iGipCpu=0x6 i64TSCDelta=0 enmState=3 u64CpuHz=3693091153(*) cErrors=0
00:00:04.584710 TM: GIP - CPU: iCpuSet=0x4 idCpu=0x4 idApic=0x4 iGipCpu=0x5 i64TSCDelta=0 enmState=3 u64CpuHz=3693091116(*) cErrors=0
00:00:04.584713 TM: GIP - CPU: iCpuSet=0x5 idCpu=0x5 idApic=0x5 iGipCpu=0x0 i64TSCDelta=0 enmState=3 u64CpuHz=3693091088(*) cErrors=0
00:00:04.584716 TM: GIP - CPU: iCpuSet=0x6 idCpu=0x6 idApic=0x6 iGipCpu=0x8 i64TSCDelta=0 enmState=3 u64CpuHz=3693091086(*) cErrors=0
00:00:04.584719 TM: GIP - CPU: iCpuSet=0x7 idCpu=0x7 idApic=0x7 iGipCpu=0xa i64TSCDelta=0 enmState=3 u64CpuHz=3693091091(*) cErrors=0
00:00:04.584722 TM: GIP - CPU: iCpuSet=0x8 idCpu=0x8 idApic=0x8 iGipCpu=0x4 i64TSCDelta=0 enmState=3 u64CpuHz=3693090699(*) cErrors=0
00:00:04.584725 TM: GIP - CPU: iCpuSet=0x9 idCpu=0x9 idApic=0x9 iGipCpu=0x7 i64TSCDelta=0 enmState=3 u64CpuHz=3693091135(*) cErrors=0
00:00:04.584727 TM: GIP - CPU: iCpuSet=0xa idCpu=0xa idApic=0xa iGipCpu=0x3 i64TSCDelta=0 enmState=3 u64CpuHz=3693090324(*) cErrors=0
00:00:04.584730 TM: GIP - CPU: iCpuSet=0xb idCpu=0xb idApic=0xb iGipCpu=0x9 i64TSCDelta=0 enmState=3 u64CpuHz=3693091066(*) cErrors=0
00:00:04.584737 TM: NEM overrides the /TM/TSCModeSwitchAllowed setting.
00:00:04.584749 TM:     cTSCTicksPerSecond=3 693 091 088 (0xdc201910) enmTSCMode=4 (NativeApi) TSCMultiplier=1
00:00:04.584751 TM: cTSCTicksPerSecondHost=3 693 091 088 (0xdc201910)
00:00:04.584751 TM: TSCTiedToExecution=false TSCNotTiedToHalt=false
00:00:04.585353 EMR3Init: fIemExecutesAll=false fGuruOnTripleFault=true
00:00:04.585500 IEM: TargetCpu=CURRENT, Microarch=AMD_Unknown aidxTargetCpuEflFlavour={2,0}
00:00:04.585959 GIM: Using provider 'KVM' (Implementation version: 0)
00:00:04.585968 CPUM: SetGuestCpuIdFeature: Enabled Hypervisor Present bit
00:00:04.586031 GCM: Initialized - Fixer bits: 0x8 (MesaVmsvgaDrv)
00:00:04.586095 AIOMgr: Default manager type is 'Async'
00:00:04.586099 AIOMgr: Default file backend is 'NonBuffered'
00:00:04.586138 BlkCache: Cache successfully initialized. Cache size is 5242880 bytes
00:00:04.586142 BlkCache: Cache commit interval is 10000 ms
00:00:04.586145 BlkCache: Cache commit threshold is 2621440 bytes
00:00:04.882154 PcBios: [SMP] BIOS with 1 CPUs
00:00:04.882174 PcBios: Using the 386+ BIOS image.
00:00:04.882245 PcBios: MPS table at 000e1300
00:00:04.887387 PcBios: Using LAN ROM 'C:\Program Files\Oracle\VirtualBox\ExtensionPacks\Oracle_VirtualBox_Extension_Pack\PXE-Intel.rom' with a size of 0xc000 bytes
00:00:04.887607 PcBios: fCheckShutdownStatusForSoftReset=true  fClearShutdownStatusOnHardReset=true
00:00:04.887775 PDM: VirtualBox APIC backend registered
00:00:04.887811 CPUM: SetGuestCpuIdFeature: Enabled xAPIC
00:00:04.888652 IOAPIC: Version=2.0 ChipType=ICH9
00:00:04.888701 PIT: mode=3 count=0x10000 (65536) - 18.20 Hz (ch=0)
00:00:04.888810 VMMDev: cbDefaultBudget: 1 073 741 824 (40000000)
00:00:04.899378 Shared Folders service loaded
00:00:04.907584 Guest Control service loaded
00:00:04.920282 VGA: Using the 386+ BIOS image.
00:00:04.922283 VD: VDInit finished with VINF_SUCCESS
00:00:04.941715 DrvVD: Flushes will be ignored
00:00:04.941719 DrvVD: Async flushes will be passed to the disk
00:00:04.942616 VD: Opening the disk took 885745 ns
00:00:04.942658 PIIX3 ATA: LUN#0: disk, PCHS=16383/16/63, total number of sectors 1048576000
00:00:04.942708 PIIX3 ATA: LUN#1: no unit
00:00:04.942752 PIIX3 ATA: LUN#2: no unit
00:00:04.942760 PIIX3 ATA: LUN#3: no unit
00:00:04.942817 PIIX3 ATA: Ctl#0: finished processing RESET
00:00:04.942833 PIIX3 ATA: Ctl#1: finished processing RESET
00:00:04.942870 E1000#0: Chip=82540EM LinkUpDelay=5000ms EthernetCRC=on GSO=enabled Itr=disabled ItrRx=enabled TID=disabled R0=disabled RC=disabled
00:00:04.943106 IntNet#0: szNetwork={HostInterfaceNetworking-Intel(R) Wi-Fi 6 AX200 160MHz} enmTrunkType=3 szTrunk={\DEVICE\{9B4118CD-553F-4CF1-A51E-8EDA75580030}} fFlags=0x8001 cbRecv=325632 cbSend=196608 fIgnoreConnectFailure=true
00:00:04.943709 AC97: Using codec 'AD1980'
00:00:04.958932 WasAPI: Input device is: {Default} (iface 0000024e75ac8670)
00:00:04.960531 WasAPI: Output device is: {Default} (iface 0000024e75ac8df0)
00:00:04.965716 Audio: Found 9 devices for driver 'WasAPI'
00:00:04.965727 Audio: Device 'Headphones (HyperX Cloud Alpha Wireless)':
00:00:04.965727 Audio:   ID              = {0.0.0.00000000}.{59bc9c6b-b558-4f65-8054-444a2b04dbe7}
00:00:04.965727 Audio:   Usage           = output
00:00:04.965728 Audio:   Flags           = DEFAULT_OUT
00:00:04.965728 Audio:   Input channels  = 0
00:00:04.965728 Audio:   Output channels = 2
00:00:04.965732 Audio: Device 'Headphones (HyperX Cloud Alpha Wireless)':
00:00:04.965732 Audio:   ID              = {0.0.0.00000000}.{59bc9c6b-b558-4f65-8054-444a2b04dbe7}
00:00:04.965732 Audio:   Usage           = output
00:00:04.965732 Audio:   Flags           = NONE
00:00:04.965733 Audio:   Input channels  = 0
00:00:04.965733 Audio:   Output channels = 2
00:00:04.965735 Audio: Device 'LG TV SSCR2 (NVIDIA High Definition Audio)':
00:00:04.965735 Audio:   ID              = {0.0.0.00000000}.{5b0fcb36-0ec0-4895-bb05-a2225bd30d40}
00:00:04.965736 Audio:   Usage           = output
00:00:04.965736 Audio:   Flags           = NONE
00:00:04.965736 Audio:   Input channels  = 0
00:00:04.965736 Audio:   Output channels = 2
00:00:04.965739 Audio: Device 'MSI G271 (NVIDIA High Definition Audio)':
00:00:04.965739 Audio:   ID              = {0.0.0.00000000}.{a7193894-7d9a-4562-bca1-6515bd72928f}
00:00:04.965739 Audio:   Usage           = output
00:00:04.965739 Audio:   Flags           = NONE
00:00:04.965739 Audio:   Input channels  = 0
00:00:04.965739 Audio:   Output channels = 2
00:00:04.965742 Audio: Device 'Headphones (WH-1000XM6)':
00:00:04.965742 Audio:   ID              = {0.0.0.00000000}.{c05eb996-00c0-4351-b37d-7d2fd2a16073}
00:00:04.965742 Audio:   Usage           = output
00:00:04.965742 Audio:   Flags           = NONE
00:00:04.965742 Audio:   Input channels  = 0
00:00:04.965743 Audio:   Output channels = 2
00:00:04.965745 Audio: Device 'Q27G42XNE (NVIDIA High Definition Audio)':
00:00:04.965745 Audio:   ID              = {0.0.0.00000000}.{c93865de-122a-4dc6-a0b9-0247c4e2600b}
00:00:04.965745 Audio:   Usage           = output
00:00:04.965745 Audio:   Flags           = NONE
00:00:04.965746 Audio:   Input channels  = 0
00:00:04.965746 Audio:   Output channels = 2
00:00:04.965748 Audio: Device 'Microphone (HyperX Cloud Alpha Wireless)':
00:00:04.965748 Audio:   ID              = {0.0.1.00000000}.{40aabd5b-0159-40c0-b67d-3fc18ac9ecf1}
00:00:04.965749 Audio:   Usage           = input
00:00:04.965749 Audio:   Flags           = DEFAULT_IN
00:00:04.965749 Audio:   Input channels  = 1
00:00:04.965749 Audio:   Output channels = 0
00:00:04.965756 Audio: Device 'Microphone (HyperX Cloud Alpha Wireless)':
00:00:04.965757 Audio:   ID              = {0.0.1.00000000}.{40aabd5b-0159-40c0-b67d-3fc18ac9ecf1}
00:00:04.965757 Audio:   Usage           = input
00:00:04.965757 Audio:   Flags           = NONE
00:00:04.965757 Audio:   Input channels  = 1
00:00:04.965757 Audio:   Output channels = 0
00:00:04.965761 Audio: Device 'Headset (WH-1000XM6)':
00:00:04.965762 Audio:   ID              = {0.0.1.00000000}.{6662829d-4b5f-4494-9ecf-69f78b48846e}
00:00:04.965762 Audio:   Usage           = input
00:00:04.965762 Audio:   Flags           = NONE
00:00:04.965762 Audio:   Input channels  = 1
00:00:04.965762 Audio:   Output channels = 0
00:00:04.965878 AC97: Reset
00:00:04.965889 AC97: Mixer reset (EAID=0x809, EACS=0x9)
00:00:04.965894 AC97: Record select to left=mic, right=mic
00:00:04.965902 Audio Mixer: MUTING master volume of 'AC'97 Mixer' -- channel volumes: ff ff ff ff ff ff ff ff ff ff ff ff
00:00:04.965910 Audio Mixer: MUTING sink 'AC'97 Mixer/Line In' -- channel volumes: 00 00 00 00 00 00 00 00 00 00 00 00
00:00:04.965917 Audio Mixer: MUTING sink 'AC'97 Mixer/Microphone In' -- channel volumes: 00 00 00 00 00 00 00 00 00 00 00 00
00:00:04.965922 Audio Mixer: MUTING sink 'AC'97 Mixer/PCM Output' -- channel volumes: 00 00 00 00 00 00 00 00 00 00 00 00
00:00:04.965928 Audio Mixer: MUTING sink 'AC'97 Mixer/PCM Output' -- channel volumes: 00 00 00 00 00 00 00 00 00 00 00 00
00:00:04.965933 Audio Mixer: MUTING sink 'AC'97 Mixer/Line In' -- channel volumes: 00 00 00 00 00 00 00 00 00 00 00 00
00:00:04.965938 Audio Mixer: MUTING sink 'AC'97 Mixer/Line In' -- channel volumes: 00 00 00 00 00 00 00 00 00 00 00 00
00:00:04.965944 Audio Mixer: MUTING sink 'AC'97 Mixer/Microphone In' -- channel volumes: 00 00 00 00 00 00 00 00 00 00 00 00
00:00:04.966640 VUSB: Attached 'HidMouse' to port 1 on RootHub#1 (FullSpeed)
00:00:04.966655 PGM: The CPU physical address width is 48 bits
00:00:04.966658 PGM: PGMR3InitFinalize: 4 MB PSE mask 0000ffffffffffff -> VINF_SUCCESS
00:00:04.966664 TM: TMR3InitFinalize: fTSCModeSwitchAllowed=false
00:00:04.966887 CPUM: Mapped 1.0MiB (1048576 bytes) of RAM using fixed-range MTRRs
00:00:04.966895 CPUM: Mapped 2.0GiB (2147483648 bytes) of RAM using 1 variable-range MTRRs
00:00:04.966957 VMM: Thread-context hooks unavailable
00:00:04.966962 VMM: RTThreadPreemptIsPending() can be trusted
00:00:04.966965 VMM: Kernel preemption is possible
00:00:04.966977 EM: Exit history optimizations: enabled=true enabled-r0=true enabled-r0-no-preemption=false
00:00:04.966994 PcBios: ATA LUN#0 LCHS=2056031/255/2
00:00:04.967001 APIC: fPostedIntrsEnabled=false fVirtApicRegsEnabled=false fSupportsTscDeadline=false
00:00:04.967005 TMR3UtcNow: nsNow=1 778 102 905 005 683 900 nsPrev=0 -> cNsDelta=1 778 102 905 005 683 900 (offLag=0 offVirtualSync=0 offVirtualSyncGivenUp=0, NowAgain=1 778 102 905 005 683 900)
00:00:04.967010 VMM: fUsePeriodicPreemptionTimers=true
00:00:04.967014 CPUM: Logical host processors: 12 present, 12 max, 12 online, online mask: 0000000000000fff
00:00:04.967015 CPUM: Physical host cores: 6
00:00:04.967015 ************************ CPUID dump *************************
00:00:04.969185          Raw Standard CPUID Leaves
00:00:04.969186      Leaf/sub-leaf  eax      ebx      ecx      edx
00:00:04.969188 Gst: 00000000/0000  0000000d 68747541 444d4163 69746e65
00:00:04.969189 Hst:                0000000d 68747541 444d4163 69746e65
00:00:04.969190 Gst: 00000001/0000  00a20f10 00010800 f6d83203 178bfbff
00:00:04.969190 Hst:                00a20f10 0b0c0800 fed8320b 178bfbff
00:00:04.969191 Gst: 00000002/0000  00000000 00000000 00000000 00000000
00:00:04.969191 Hst:                00000000 00000000 00000000 00000000
00:00:04.969192 Gst: 00000003/0000  00000000 00000000 00000000 00000000
00:00:04.969192 Hst:                00000000 00000000 00000000 00000000
00:00:04.969192 Gst: 00000004/0000  00000000 00000000 00000000 00000000
00:00:04.969193 Hst:                00000000 00000000 00000000 00000000
00:00:04.969193 Gst: 00000005/0000  00000000 00000000 00000000 00000000
00:00:04.969193 Hst:                00000040 00000040 00000003 00000011
00:00:04.969194 Gst: 00000006/0000  00000004 00000000 00000000 00000000
00:00:04.969194 Hst:                00000000 00000000 00000001 00000000
00:00:04.969195 Gst: 00000007/0000  00000000 208c0529 00000000 00000000
00:00:04.969195 Hst:                00000000 219c97a9 00400684 00000010
00:00:04.969195 Gst: 00000007/0001  00000000 00000000 00000000 00000000
00:00:04.969196 Hst:                00000000 00000000 00000000 00000000
00:00:04.969196 Gst: 00000007/0002  00000000 00000000 00000000 00000000
00:00:04.969196 Hst:                00000000 00000000 00000000 00000000
00:00:04.969197 Gst: 00000008/0000  00000000 00000000 00000000 00000000
00:00:04.969197 Hst:                00000000 00000000 00000000 00000000
00:00:04.969197 Gst: 00000009/0000  00000000 00000000 00000000 00000000
00:00:04.969198 Hst:                00000000 00000000 00000000 00000000
00:00:04.969198 Gst: 0000000a/0000  00000000 00000000 00000000 00000000
00:00:04.969199 Hst:                00000000 00000000 00000000 00000000
00:00:04.969199 Gst: 0000000b/0000  00000000 00000001 00000100 00000000
00:00:04.969199 Hst:                00000001 00000002 00000100 0000000b
00:00:04.969200 Gst: 0000000b/0001  00000001 00000001 00000201 00000000
00:00:04.969200 Hst:                00000004 0000000c 00000201 0000000b
00:00:04.969200 Gst: 0000000b/0002  00000000 00000000 00000002 00000000
00:00:04.969201 Hst:                00000000 00000000 00000002 0000000b
00:00:04.969201 Gst: 0000000c/0000  00000000 00000000 00000000 00000000
00:00:04.969201 Hst:                00000000 00000000 00000000 00000000
00:00:04.969202 Gst: 0000000d/0000  00000007 00000340 00000340 00000000
00:00:04.969202 Hst:                00000007 00000340 00000340 00000000
00:00:04.969202 Gst: 0000000d/0001  00000000 00000350 00000000 00000000
00:00:04.969203 Hst:                0000000f 00000350 00001800 00000000
00:00:04.969203 Gst: 0000000d/0002  00000100 00000240 00000000 00000000
00:00:04.969204 Hst:                00000100 00000240 00000000 00000000
00:00:04.969204 Gst: 0000000d/0003  00000000 00000000 00000000 00000000
00:00:04.969204 Hst:                00000000 00000000 00000000 00000000
00:00:04.969205 Gst: 0000000d/0004  00000000 00000000 00000000 00000000
00:00:04.969205 Hst:                00000000 00000000 00000000 00000000
00:00:04.969205 Gst: 0000000d/0005  00000000 00000000 00000000 00000000
00:00:04.969206 Hst:                00000000 00000000 00000000 00000000
00:00:04.969206 Gst: 0000000d/0006  00000000 00000000 00000000 00000000
00:00:04.969206 Hst:                00000000 00000000 00000000 00000000
00:00:04.969207 Gst: 0000000d/0007  00000000 00000000 00000000 00000000
00:00:04.969207 Hst:                00000000 00000000 00000000 00000000
00:00:04.969207 Gst: 0000000d/0008  00000000 00000000 00000000 00000000
00:00:04.969208 Hst:                00000000 00000000 00000000 00000000
00:00:04.969208 Gst: 0000000d/0009  00000000 00000000 00000000 00000000
00:00:04.969208 Hst:                00000000 00000000 00000000 00000000
00:00:04.969209 Gst: 0000000d/000a  00000000 00000000 00000000 00000000
00:00:04.969209 Hst:                00000000 00000000 00000000 00000000
00:00:04.969209 Gst: 0000000d/000b  00000000 00000000 00000000 00000000
00:00:04.969210 Hst:                00000010 00000000 00000001 00000000
00:00:04.969210 Gst: 0000000d/000c  00000000 00000000 00000000 00000000
00:00:04.969211 Hst:                00000018 00000000 00000001 00000000
00:00:04.969211 Gst: 0000000d/000d  00000000 00000000 00000000 00000000
00:00:04.969211 Hst:                00000000 00000000 00000000 00000000
00:00:04.969212                                Name: AuthenticAMD
00:00:04.969212                            Supports: 0x00000000-0x0000000d
00:00:04.969213                              Family: 15 	Extended: 10 	Effective: 25
00:00:04.969214                               Model:  1 	Extended: 2 	Effective: 33
00:00:04.969215                            Stepping: 0
00:00:04.969215                                Type: 0 (primary)
00:00:04.969216                             APIC ID: 0x00
00:00:04.969217                        Logical CPUs: 1
00:00:04.969217                        CLFLUSH Size: 8
00:00:04.969217                            Brand ID: 0x00
00:00:04.969218 Features
00:00:04.969218   Mnemonic - Description                                  = Guest (Host)
00:00:04.969219   FPU - x87 FPU on Chip                                   = 1 (1)
00:00:04.969220   VME - Virtual 8086 Mode Enhancements                    = 1 (1)
00:00:04.969221   DE - Debugging extensions                               = 1 (1)
00:00:04.969221   PSE - Page Size Extension                               = 1 (1)
00:00:04.969223   TSC - Time Stamp Counter                                = 1 (1)
00:00:04.969224   MSR - Model Specific Registers                          = 1 (1)
00:00:04.969224   PAE - Physical Address Extension                        = 1 (1)
00:00:04.969225   MCE - Machine Check Exception                           = 1 (1)
00:00:04.969226   CX8 - CMPXCHG8B instruction                             = 1 (1)
00:00:04.969226   APIC - APIC On-Chip                                     = 1 (1)
00:00:04.969227   SEP - SYSENTER and SYSEXIT Present                      = 1 (1)
00:00:04.969228   MTRR - Memory Type Range Registers                      = 1 (1)
00:00:04.969228   PGE - PTE Global Bit                                    = 1 (1)
00:00:04.969229   MCA - Machine Check Architecture                        = 1 (1)
00:00:04.969229   CMOV - Conditional Move instructions                    = 1 (1)
00:00:04.969230   PAT - Page Attribute Table                              = 1 (1)
00:00:04.969230   PSE-36 - 36-bit Page Size Extension                     = 1 (1)
00:00:04.969231   PSN - Processor Serial Number                           = 0 (0)
00:00:04.969231   CLFSH - CLFLUSH instruction                             = 1 (1)
00:00:04.969232   DS - Debug Store                                        = 0 (0)
00:00:04.969233   ACPI - Thermal Mon. & Soft. Clock Ctrl.                 = 0 (0)
00:00:04.969233   MMX - Intel MMX Technology                              = 1 (1)
00:00:04.969234   FXSR - FXSAVE and FXRSTOR instructions                  = 1 (1)
00:00:04.969234   SSE - SSE support                                       = 1 (1)
00:00:04.969235   SSE2 - SSE2 support                                     = 1 (1)
00:00:04.969236   SS - Self Snoop                                         = 0 (0)
00:00:04.969236   HTT - Hyper-Threading Technology                        = 1 (1)
00:00:04.969237   TM - Therm. Monitor                                     = 0 (0)
00:00:04.969237   PBE - Pending Break Enabled                             = 0 (0)
00:00:04.969238   SSE3 - SSE3 support                                     = 1 (1)
00:00:04.969239   PCLMUL - PCLMULQDQ support (for AES-GCM)                = 1 (1)
00:00:04.969239   DTES64 - DS Area 64-bit Layout                          = 0 (0)
00:00:04.969240   MONITOR - MONITOR/MWAIT instructions                    = 0 (1)
00:00:04.969240   CPL-DS - CPL Qualified Debug Store                      = 0 (0)
00:00:04.969241   VMX - Virtual Machine Extensions                        = 0 (0)
00:00:04.969241   SMX - Safer Mode Extensions                             = 0 (0)
00:00:04.969242   EST - Enhanced SpeedStep Technology                     = 0 (0)
00:00:04.969242   TM2 - Terminal Monitor 2                                = 0 (0)
00:00:04.969243   SSSE3 - Supplemental Streaming SIMD Extensions 3        = 1 (1)
00:00:04.969243   CNTX-ID - L1 Context ID                                 = 0 (0)
00:00:04.969244   SDBG - Silicon Debug interface                          = 0 (0)
00:00:04.969245   FMA - Fused Multiply Add extensions                     = 1 (1)
00:00:04.969245   CX16 - CMPXCHG16B instruction                           = 1 (1)
00:00:04.969246   TPRUPDATE - xTPR Update Control                         = 0 (0)
00:00:04.969246   PDCM - Perf/Debug Capability MSR                        = 0 (0)
00:00:04.969247   PCID - Process Context Identifiers                      = 0 (0)
00:00:04.969247   DCA - Direct Cache Access                               = 0 (0)
00:00:04.969248   SSE4_1 - SSE4_1 support                                 = 1 (1)
00:00:04.969249   SSE4_2 - SSE4_2 support                                 = 1 (1)
00:00:04.969249   X2APIC - x2APIC support                                 = 0 (0)
00:00:04.969250   MOVBE - MOVBE instruction                               = 1 (1)
00:00:04.969250   POPCNT - POPCNT instruction                             = 1 (1)
00:00:04.969251   TSCDEADL - Time Stamp Counter Deadline                  = 0 (0)
00:00:04.969251   AES - AES instructions                                  = 1 (1)
00:00:04.969252   XSAVE - XSAVE instruction                               = 1 (1)
00:00:04.969253   OSXSAVE - OSXSAVE instruction                           = 0 (1)
00:00:04.969253   AVX - AVX support                                       = 1 (1)
00:00:04.969254   F16C - 16-bit floating point conversion instructions    = 1 (1)
00:00:04.969254   RDRAND - RDRAND instruction                             = 1 (1)
00:00:04.969255   HVP - Hypervisor Present (we're a guest)                = 1 (1)
00:00:04.969255 Structured Extended Feature Flags Enumeration (leaf 7):
00:00:04.969256 Sub-leaf 0
00:00:04.969256   Mnemonic - Description                                  = Guest (Host)
00:00:04.969257   FSGSBASE - RDFSBASE/RDGSBASE/WRFSBASE/WRGSBASE instr.   = 1 (1)
00:00:04.969257   TSCADJUST - Supports MSR_IA32_TSC_ADJUST                = 0 (0)
00:00:04.969258   SGX - Supports Software Guard Extensions                = 0 (0)
00:00:04.969258   BMI1 - Advanced Bit Manipulation extension 1            = 1 (1)
00:00:04.969259   HLE - Hardware Lock Elision                             = 0 (0)
00:00:04.969259   AVX2 - Advanced Vector Extensions 2                     = 1 (1)
00:00:04.969260   FDP_EXCPTN_ONLY - FPU DP only updated on exceptions     = 0 (0)
00:00:04.969260   SMEP - Supervisor Mode Execution Prevention             = 0 (1)
00:00:04.969260   BMI2 - Advanced Bit Manipulation extension 2            = 1 (1)
00:00:04.969262   ERMS - Enhanced REP MOVSB/STOSB instructions            = 0 (1)
00:00:04.969263   INVPCID - INVPCID instruction                           = 1 (1)
00:00:04.969263   RTM - Restricted Transactional Memory                   = 0 (0)
00:00:04.969264   PQM - Platform Quality of Service Monitoring            = 0 (1)
00:00:04.969264   DEPFPU_CS_DS - Deprecates FPU CS, FPU DS values if set  = 0 (0)
00:00:04.969264   MPE - Intel Memory Protection Extensions                = 0 (0)
00:00:04.969265   PQE - Platform Quality of Service Enforcement           = 0 (1)
00:00:04.969265   AVX512F - AVX512 Foundation instructions                = 0 (0)
00:00:04.969266   RDSEED - RDSEED instruction                             = 1 (1)
00:00:04.969266   ADX - ADCX/ADOX instructions                            = 1 (1)
00:00:04.969267   SMAP - Supervisor Mode Access Prevention                = 0 (1)
00:00:04.969268   CLFLUSHOPT - CLFLUSHOPT (Cache Line Flush) instruction  = 1 (1)
00:00:04.969268   CLWB - CLWB instruction                                 = 0 (1)
00:00:04.969269   INTEL_PT - Intel Processor Trace                        = 0 (0)
00:00:04.969269   AVX512PF - AVX512 Prefetch instructions                 = 0 (0)
00:00:04.969270   AVX512ER - AVX512 Exponential & Reciprocal instructions = 0 (0)
00:00:04.969270   AVX512CD - AVX512 Conflict Detection instructions       = 0 (0)
00:00:04.969270   SHA - Secure Hash Algorithm extensions                  = 1 (1)
00:00:04.969271   PREFETCHWT1 - PREFETCHWT1 instruction                   = 0 (0)
00:00:04.969271   UMIP - User mode insturction prevention                 = 0 (1)
00:00:04.969272   PKU - Protection Key for Usermode pages                 = 0 (0)
00:00:04.969272   OSPKE - CR4.PKU mirror                                  = 0 (0)
00:00:04.969273    7 - Reserved                                           = 0 (1)
00:00:04.969274    9 - Reserved                                           = 0 (1)
00:00:04.969274   10 - Reserved                                           = 0 (1)
00:00:04.969275   MAWAU - Value used by BNDLDX & BNDSTX                   = 0x0 (0x0)
00:00:04.969276   RDPID - Read processor ID support                       = 0 (1)
00:00:04.969277   SGX_LC - Supports SGX Launch Configuration              = 0 (0)
00:00:04.969277    4 - Reserved                                           = 0 (1)
00:00:04.969278   MCU_OPT_CTRL - Supports IA32_MCU_OPT_CTRL               = 0 (0)
00:00:04.969278   MD_CLEAR - Supports MDS related buffer clearing         = 0 (0)
00:00:04.969279   TSX_FORCE_ABORT - Supports IA32_TSX_FORCE_ABORT         = 0 (0)
00:00:04.969279   CET_IBT - Supports indirect branch tracking w/ CET      = 0 (0)
00:00:04.969280   IBRS_IBPB - IA32_SPEC_CTRL.IBRS and IA32_PRED_CMD.IBPB  = 0 (0)
00:00:04.969280   STIBP - Supports IA32_SPEC_CTRL.STIBP                   = 0 (0)
00:00:04.969280   FLUSH_CMD - Supports IA32_FLUSH_CMD                     = 0 (0)
00:00:04.969281   ARCHCAP - Supports IA32_ARCH_CAP                        = 0 (0)
00:00:04.969281   CORECAP - Supports IA32_CORE_CAP                        = 0 (0)
00:00:04.969282   SSBD - Supports IA32_SPEC_CTRL.SSBD                     = 0 (0)
00:00:04.969283  Sub-leaf 2
00:00:04.969283   Mnemonic - Description                                  = Guest (Host)
00:00:04.969283   PSFD - Supports IA32_SPEC_CTRL[7] (PSFD)                = 0 (0)
00:00:04.969284   IPRED_CTRL - Supports IA32_SPEC_CTRL[4:3] (IPRED_DIS)   = 0 (0)
00:00:04.969284   RRSBA_CTRL - Supports IA32_SPEC_CTRL[6:5] (RRSBA_DIS)   = 0 (0)
00:00:04.969284   DDPD_U - Supports IA32_SPEC_CTRL[8] (DDPD_U)            = 0 (0)
00:00:04.969285   BHI_CTRL - Supports IA32_SPEC_CTRL[10] (BHI_DIS_S)      = 0 (0)
00:00:04.969285   MCDT_NO - No MXCSR Config Dependent Timing issues       = 0 (0)
00:00:04.969286   UC_LOCK_DIS - Supports UC-lock disable and causing #AC  = 0 (0)
00:00:04.969286   MONITOR_MITG_NO - No MONITOR/UMONITOR power issues      = 0 (0)
00:00:04.969287 Processor Extended State Enumeration (leaf 0xd):
00:00:04.969287    XSAVE area cur/max size by XCR0, Guest: 0x340/0x340
00:00:04.969287    XSAVE area cur/max size by XCR0,  Host: 0x340/0x340
00:00:04.969288                    Valid XCR0 bits, Guest: 0x00000000`00000007 ( x87 SSE YMM_Hi128 )
00:00:04.969289                    Valid XCR0 bits,  Host: 0x00000000`00000007 ( x87 SSE YMM_Hi128 )
00:00:04.969290                     XSAVE features, Guest
00:00:04.969291                     XSAVE features,  Host XSAVEOPT XSAVEC XGETBC1 XSAVES
00:00:04.969291       XSAVE area cur size XCR0|XSS, Guest: 0x350
00:00:04.969292       XSAVE area cur size XCR0|XSS,  Host: 0x350
00:00:04.969292                Valid IA32_XSS bits, Guest: 0x00000000`00000000
00:00:04.969293                Valid IA32_XSS bits,  Host: 0x00001800`00000000 ( 43 44 )
00:00:04.969294   State #2, Guest: off=0x0240, cb=0x0100 IA32_XSS-bit -- YMM_Hi128
00:00:04.969295   State #2,  Host:  off=0x0240, cb=0x0100 IA32_XSS-bit -- YMM_Hi128
00:00:04.969296   State #11,  Host:  off=0x0000, cb=0x0010 XCR0-bit -- 11
00:00:04.969296   State #12,  Host:  off=0x0000, cb=0x0018 XCR0-bit -- 12
00:00:04.969300          Raw Hypervisor CPUID Leaves
00:00:04.969301      Leaf/sub-leaf  eax      ebx      ecx      edx
00:00:04.969301 Gst: 40000000/0000  40000001 4b4d564b 564b4d56 0000004d
00:00:04.969301 Hst:                4000000c 7263694d 666f736f 76482074
00:00:04.969302 Gst: 40000001/0000  01000089 00000000 00000000 00000000
00:00:04.969302 Hst:                31237648 00000000 00000000 00000000
00:00:04.969303 Hst: 40000002/0000  000065f4 000a0000 00000008 00002036
00:00:04.969303 Hst: 40000003/0000  00003fff 002bb9ff 00000662 73fffbf6
00:00:04.969304 Hst: 40000004/0000  00940d1c 00000000 00000000 00000000
00:00:04.969304 Hst: 40000005/0000  00000800 00000800 000008b8 00000000
00:00:04.969305 Hst: 40000006/0000  081e00ae 00000030 00000000 00000000
00:00:04.969305 Hst: 40000007/0000  80000007 0000000b 00000000 00000000
00:00:04.969306 Hst: 40000008/0000  00100003 00010000 00000000 00000000
00:00:04.969306 Hst: 40000009/0000  00000000 00000000 00000000 00000000
00:00:04.969307 Hst: 4000000a/0000  00000000 00000000 00000000 00000000
00:00:04.969307 Hst: 4000000b/0000  00000000 00000000 00000000 00000000
00:00:04.969307 Hst: 4000000c/0000  00000000 00000000 00000000 00000000
00:00:04.969308          Raw Extended CPUID Leaves
00:00:04.969308      Leaf/sub-leaf  eax      ebx      ecx      edx
00:00:04.969308 Gst: 80000000/0000  80000021 68747541 444d4163 69746e65
00:00:04.969309 Hst:                80000023 68747541 444d4163 69746e65
00:00:04.969309 Gst: 80000001/0000  00a20f10 20000000 000001f1 2bd3fb7f
00:00:04.969310 Hst:                00a20f10 20000000 20c023f3 2fd3fbff
00:00:04.969310 Gst: 80000002/0000  20444d41 657a7952 2035206e 30303635
00:00:04.969311 Hst:                20444d41 657a7952 2035206e 30303635
00:00:04.969311 Gst: 80000003/0000  2d362058 65726f43 6f725020 73736563
00:00:04.969311 Hst:                2d362058 65726f43 6f725020 73736563
00:00:04.969312 Gst: 80000004/0000  2020726f 20202020 20202020 00202020
00:00:04.969312 Hst:                2020726f 20202020 20202020 00202020
00:00:04.969313 Gst: 80000005/0000  ff40ff40 ff40ff40 20080140 20080140
00:00:04.969313 Hst:                ff40ff40 ff40ff40 20080140 20080140
00:00:04.969313 Gst: 80000006/0000  48002200 68004200 02006140 01009140
00:00:04.969314 Hst:                48002200 68004200 02006140 01009140
00:00:04.969314 Gst: 80000007/0000  00000000 00000000 00000000 00000100
00:00:04.969315 Hst:                00000000 0000001b 00000000 00006789
00:00:04.969315 Gst: 80000008/0000  00003030 24000000 00000000 00000000
00:00:04.969315 Hst:                00003030 3112d215 0000400b 00010000
00:00:04.969316 Gst: 80000009/0000  00000000 00000000 00000000 00000000
00:00:04.969316 Hst:                00000000 00000000 00000000 00000000
00:00:04.969317 Gst: 8000000a/0000  00000000 00000000 00000000 00000000
00:00:04.969317 Hst:                00000000 00000000 00000000 00000000
00:00:04.969317 Gst: 8000000b/0000  00000000 00000000 00000000 00000000
00:00:04.969318 Hst:                00000000 00000000 00000000 00000000
00:00:04.969318 Gst: 8000000c/0000  00000000 00000000 00000000 00000000
00:00:04.969319 Hst:                00000000 00000000 00000000 00000000
00:00:04.969319 Gst: 8000000d/0000  00000000 00000000 00000000 00000000
00:00:04.969319 Hst:                00000000 00000000 00000000 00000000
00:00:04.969320 Gst: 8000000e/0000  00000000 00000000 00000000 00000000
00:00:04.969320 Hst:                00000000 00000000 00000000 00000000
00:00:04.969320 Gst: 8000000f/0000  00000000 00000000 00000000 00000000
00:00:04.969321 Hst:                00000000 00000000 00000000 00000000
00:00:04.969321 Gst: 80000010/0000  00000000 00000000 00000000 00000000
00:00:04.969321 Hst:                00000000 00000000 00000000 00000000
00:00:04.969322 Gst: 80000011/0000  00000000 00000000 00000000 00000000
00:00:04.969322 Hst:                00000000 00000000 00000000 00000000
00:00:04.969323 Gst: 80000012/0000  00000000 00000000 00000000 00000000
00:00:04.969323 Hst:                00000000 00000000 00000000 00000000
00:00:04.969323 Gst: 80000013/0000  00000000 00000000 00000000 00000000
00:00:04.969324 Hst:                00000000 00000000 00000000 00000000
00:00:04.969324 Gst: 80000014/0000  00000000 00000000 00000000 00000000
00:00:04.969324 Hst:                00000000 00000000 00000000 00000000
00:00:04.969325 Gst: 80000015/0000  00000000 00000000 00000000 00000000
00:00:04.969325 Hst:                00000000 00000000 00000000 00000000
00:00:04.969325 Gst: 80000016/0000  00000000 00000000 00000000 00000000
00:00:04.969326 Hst:                00000000 00000000 00000000 00000000
00:00:04.969326 Gst: 80000017/0000  00000000 00000000 00000000 00000000
00:00:04.969327 Hst:                00000000 00000000 00000000 00000000
00:00:04.969327 Gst: 80000018/0000  00000000 00000000 00000000 00000000
00:00:04.969327 Hst:                00000000 00000000 00000000 00000000
00:00:04.969328 Gst: 80000019/0000  00000000 00000000 00000000 00000000
00:00:04.969328 Hst:                00000000 00000000 00000000 00000000
00:00:04.969328 Gst: 8000001a/0000  00000002 00000000 00000000 00000000
00:00:04.969329 Hst:                00000006 00000000 00000000 00000000
00:00:04.969329 Gst: 8000001b/0000  00000000 00000000 00000000 00000000
00:00:04.969330 Hst:                00000000 00000000 00000000 00000000
00:00:04.969330 Gst: 8000001c/0000  00000000 00000000 00000000 00000000
00:00:04.969330 Hst:                00000000 00000000 00000000 00000000
00:00:04.969331 Gst: 8000001d/0000  00000121 01c0003f 0000003f 00000000
00:00:04.969331 Hst:                00004121 01c0003f 0000003f 00000000
00:00:04.969331 Gst: 8000001d/0001  00000122 01c0003f 0000003f 00000000
00:00:04.969332 Hst:                00004122 01c0003f 0000003f 00000000
00:00:04.969332 Gst: 8000001d/0002  00000143 01c0003f 000003ff 00000002
00:00:04.969333 Hst:                00004143 01c0003f 000003ff 00000002
00:00:04.969333 Gst: 8000001d/0003  00000163 03c0003f 00007fff 00000001
00:00:04.969334 Hst:                0002c163 03c0003f 00007fff 00000001
00:00:04.969334 Gst: 8000001d/0004  00000000 00000000 00000000 00000000
00:00:04.969334 Hst:                00000000 00000000 00000000 00000000
00:00:04.969335 Gst: 8000001e/0000  00000000 00000000 00000000 00000000
00:00:04.969335 Hst:                00000001 00000100 00000000 00000000
00:00:04.969336 Gst: 8000001f/0000  0001780f 00000173 000001fd 00000001
00:00:04.969336 Hst:                0001780f 00000173 000001fd 00000001
00:00:04.969336 Gst: 80000020/0000  00000000 00000000 00000000 00000000
00:00:04.969337 Hst:                00000000 00000000 00000000 00000000
00:00:04.969337 Gst: 80000021/0000  00000000 00000000 00000000 00000000
00:00:04.969338 Hst:                00000021 00000000 00000000 00000000
00:00:04.969338 Hst: 80000022/0000  00000000 00000000 00000000 00000000
00:00:04.969338 Hst: 80000023/0000  00000000 00000000 00000000 00000000
00:00:04.969339 Ext Name:                        AuthenticAMD
00:00:04.969339 Ext Supports:                    0x80000000-0x80000021
00:00:04.969340 Family:                          15  	Extended: 10 	Effective: 25
00:00:04.969340 Model:                           1  	Extended: 2 	Effective: 33
00:00:04.969340 Stepping:                        0
00:00:04.969341 Brand ID:                        0x000
00:00:04.969341 Ext Features
00:00:04.969341   Mnemonic - Description                                  = Guest (Host)
00:00:04.969342   FPU - x87 FPU on Chip                                   = 1 (1)
00:00:04.969343   VME - Virtual 8086 Mode Enhancements                    = 1 (1)
00:00:04.969343   DE - Debugging extensions                               = 1 (1)
00:00:04.969344   PSE - Page Size Extension                               = 1 (1)
00:00:04.969344   TSC - Time Stamp Counter                                = 1 (1)
00:00:04.969346   MSR - K86 Model Specific Registers                      = 1 (1)
00:00:04.969347   PAE - Physical Address Extension                        = 1 (1)
00:00:04.969347   MCE - Machine Check Exception                           = 0 (1)
00:00:04.969348   CX8 - CMPXCHG8B instruction                             = 1 (1)
00:00:04.969348   APIC - APIC On-Chip                                     = 1 (1)
00:00:04.969349   SEP - SYSCALL/SYSRET                                    = 1 (1)
00:00:04.969350   MTRR - Memory Type Range Registers                      = 1 (1)
00:00:04.969350   PGE - PTE Global Bit                                    = 1 (1)
00:00:04.969351   MCA - Machine Check Architecture                        = 1 (1)
00:00:04.969352   CMOV - Conditional Move instructions                    = 1 (1)
00:00:04.969352   PAT - Page Attribute Table                              = 1 (1)
00:00:04.969353   PSE-36 - 36-bit Page Size Extension                     = 1 (1)
00:00:04.969353   NX - No-Execute/Execute-Disable                         = 1 (1)
00:00:04.969354   AXMMX - AMD Extensions to MMX instructions              = 1 (1)
00:00:04.969354   MMX - Intel MMX Technology                              = 1 (1)
00:00:04.969355   FXSR - FXSAVE and FXRSTOR Instructions                  = 1 (1)
00:00:04.969355   FFXSR - AMD fast FXSAVE and FXRSTOR instructions        = 1 (1)
00:00:04.969356   Page1GB - 1 GB large page                               = 0 (1)
00:00:04.969356   RDTSCP - RDTSCP instruction                             = 1 (1)
00:00:04.969357   LM - AMD64 Long Mode                                    = 1 (1)
00:00:04.969358   3DNOWEXT - AMD Extensions to 3DNow                      = 0 (0)
00:00:04.969358   3DNOW - AMD 3DNow                                       = 0 (0)
00:00:04.969359   LahfSahf - LAHF/SAHF support in 64-bit mode             = 1 (1)
00:00:04.969359   CmpLegacy - Core multi-processing legacy mode           = 0 (1)
00:00:04.969360   SVM - AMD Secure Virtual Machine extensions             = 0 (0)
00:00:04.969360   EXTAPIC - AMD Extended APIC registers                   = 0 (0)
00:00:04.969361   CR8L - AMD LOCK MOV CR0 means MOV CR8                   = 1 (1)
00:00:04.969361   ABM - AMD Advanced Bit Manipulation                     = 1 (1)
00:00:04.969362   SSE4A - SSE4A instructions                              = 1 (1)
00:00:04.969363   MISALIGNSSE - AMD Misaligned SSE mode                   = 1 (1)
00:00:04.969363   3DNOWPRF - AMD PREFETCH and PREFETCHW instructions      = 1 (1)
00:00:04.969363   OSVW - AMD OS Visible Workaround                        = 0 (1)
00:00:04.969364   IBS - Instruct Based Sampling                           = 0 (0)
00:00:04.969365   XOP - Extended Operation support                        = 0 (0)
00:00:04.969365   SKINIT - SKINIT, STGI, and DEV support                  = 0 (0)
00:00:04.969366   WDT - AMD Watchdog Timer support                        = 0 (1)
00:00:04.969366   LWP - Lightweight Profiling support                     = 0 (0)
00:00:04.969367   FMA4 - Four operand FMA instruction support             = 0 (0)
00:00:04.969367   TCE - Translation Cache Extension support               = 0 (0)
00:00:04.969368   NodeId - NodeId in MSR C001_100C                        = 0 (0)
00:00:04.969368   TBM - Trailing Bit Manipulation instructions            = 0 (0)
00:00:04.969369   TOPOEXT - Topology Extensions                           = 0 (1)
00:00:04.969369   PRFEXTCORE - Performance Counter Extensions support     = 0 (1)
00:00:04.969370   PRFEXTNB - NB Performance Counter Extensions support    = 0 (0)
00:00:04.969370   DATABPEXT - Data-access Breakpoint Extension            = 0 (0)
00:00:04.969370   PERFTSC - Performance Time Stamp Counter                = 0 (0)
00:00:04.969371   PCX_L2I - L2I/L3 Performance Counter Extensions         = 0 (0)
00:00:04.969371   MONITORX - MWAITX and MONITORX instructions             = 0 (1)
00:00:04.969372   AddrMaskExt - BP Addressing masking extended to bit 31  = 0 (0)
00:00:04.969372 Full Name:                       "AMD Ryzen 5 5600X 6-Core Processor             "
00:00:04.969373 TLB 2/4M Instr/Uni:              fully  64 entries
00:00:04.969373 TLB 2/4M Data:                   fully  64 entries
00:00:04.969373 TLB 4K Instr/Uni:                fully  64 entries
00:00:04.969374 TLB 4K Data:                     fully  64 entries
00:00:04.969374 L1 Instr Cache Line Size:        64 bytes
00:00:04.969374 L1 Instr Cache Lines Per Tag:    1
00:00:04.969375 L1 Instr Cache Associativity:    8 way
00:00:04.969375 L1 Instr Cache Size:             32 KB
00:00:04.969375 L1 Data Cache Line Size:         64 bytes
00:00:04.969375 L1 Data Cache Lines Per Tag:     1
00:00:04.969375 L1 Data Cache Associativity:     8 way
00:00:04.969376 L1 Data Cache Size:              32 KB
00:00:04.969376 L2 TLB 2/4M Instr/Uni:           2 way   512 entries
00:00:04.969376 L2 TLB 2/4M Data:                4 way  2048 entries
00:00:04.969377 L2 TLB 4K Instr/Uni:             4 way   512 entries
00:00:04.969377 L2 TLB 4K Data:                  8 way  2048 entries
00:00:04.969377 L2 Cache Line Size:              64 bytes
00:00:04.969377 L2 Cache Lines Per Tag:          1
00:00:04.969378 L2 Cache Associativity:          8 way 
00:00:04.969378 L2 Cache Size:                   512 KB
00:00:04.969378 L3 Cache Line Size:              64 bytes
00:00:04.969378 L3 Cache Lines Per Tag:          1
00:00:04.969378 L3 Cache Associativity:          tpoext
00:00:04.969378 L3 Cache Size:                   32768 KB
00:00:04.969381 APM Features EDX
00:00:04.969381   Mnemonic - Description                                  = Guest (Host)
00:00:04.969383   TS - Temperature Sensor                                 = 0 (1)
00:00:04.969384   FID - Frequency ID control                              = 0 (0)
00:00:04.969384   VID - Voltage ID control                                = 0 (0)
00:00:04.969385   TTP - Thermal Trip                                      = 0 (1)
00:00:04.969386   TM - Hardware Thermal Control (HTC)                     = 0 (0)
00:00:04.969386   100MHzSteps - 100 MHz Multiplier control                = 0 (0)
00:00:04.969387   HwPstate - Hardware P-state control                     = 0 (1)
00:00:04.969387   TscInvariant - Invariant Time Stamp Counter             = 1 (1)
00:00:04.969388   CPB - Core Performance Boost                            = 0 (1)
00:00:04.969388   EffFreqRO - Read-only Effective Frequency Interface     = 0 (1)
00:00:04.969389   ProcFdbkIf - Processor Feedback Interface               = 0 (0)
00:00:04.969389   ProcPwrRep - Core power reporting interface support     = 0 (0)
00:00:04.969390   ConnectedStandby - Connected Standby                    = 0 (1)
00:00:04.969391   RAPL - Running average power limit                      = 0 (1)
00:00:04.969391 Ext Features ext IDs EBX
00:00:04.969391   Mnemonic - Description                                  = Guest (Host)
00:00:04.969392   CLZERO - Clear zero instruction (cacheline)             = 0 (1)
00:00:04.969393   IRPerf - Instructions retired count support             = 0 (0)
00:00:04.969393   XSaveErPtr - Save/restore error pointers (FXSAVE/RSTOR) = 0 (1)
00:00:04.969393   INVLPGB - INVLPGB and TLBSYNC instructions              = 0 (0)
00:00:04.969394   RDPRU - RDPRU instruction                               = 0 (1)
00:00:04.969395   BE - Bandwidth Enforcement extension                    = 0 (0)
00:00:04.969395   MCOMMIT - MCOMMIT instruction                           = 0 (0)
00:00:04.969396   WBNOINVD - WBNOINVD instruction                         = 0 (1)
00:00:04.969396   IBPB - Supports the IBPB command in IA32_PRED_CMD       = 0 (1)
00:00:04.969397   INT_WBINVD - WBINVD/WBNOINVD interruptible              = 0 (0)
00:00:04.969397   IBRS - Indirect Branch Restricted Speculation           = 0 (1)
00:00:04.969398   STIBP - Single Thread Indirect Branch Prediction        = 0 (1)
00:00:04.969398   IbrsAlwaysOn - Processor prefers that IBRS be left on   = 0 (0)
00:00:04.969399   StibpAlwaysOn - Processor prefers that STIBP be left on = 0 (1)
00:00:04.969399   IbrsPreferred - IBRS preferred over software solution   = 0 (0)
00:00:04.969399   IbrsSameMode - IBRS limits same mode speculation        = 0 (0)
00:00:04.969400   EferLmsleUnsupported - EFER.LMSLE is unsupported        = 0 (1)
00:00:04.969400   INVLPGBnestedPages - INVLPGB for nested translation     = 0 (0)
00:00:04.969401   PPIN - Protected processor inventory number             = 0 (0)
00:00:04.969401   SSBD - Speculative Store Bypass Disable                 = 0 (1)
00:00:04.969402   SsbdVirtSpecCtrl - Use VIRT_SPEC_CTL for SSBD           = 0 (0)
00:00:04.969402   SsbdNotRequired - SSBD not needed on this processor     = 1 (0)
00:00:04.969402   CPPC - Collaborative Processor Performance Control      = 0 (0)
00:00:04.969403   PSFD - Predictive Store Forward Disable                 = 0 (1)
00:00:04.969403   BTC_NO - Unaffected by branch type confusion            = 1 (1)
00:00:04.969404   IBPB_RET - Clears RA predictor when PRED_CMD.IBPB set   = 0 (0)
00:00:04.969404 Physical Address Width:          48 bits
00:00:04.969405 Virtual Address Width:           48 bits
00:00:04.969405 Guest Physical Address Width:    48 bits (0)
00:00:04.969405 Physical Core Count:             1
00:00:04.969405 APIC ID size:                    1 (0x1)
00:00:04.969406 Performance TSC size:            40 bits
00:00:04.969406 Max page count for INVLPGB:      0x3030
00:00:04.969406 Max ECX for RDPRU:               0x0
00:00:04.969408 ********************* End of CPUID dump *********************
00:00:04.969447 VMEmt: Halt method global1 (5)
00:00:04.969520 VMEmt: HaltedGlobal1 config: cNsSpinBlockThresholdCfg=50000
00:00:04.969527 Changing the VM state from 'CREATING' to 'CREATED'
00:00:04.970379 SharedFolders host service: Adding host mapping
00:00:04.970391     Host path 'C:\Users\deadn1ntendogs\Documents\VirtualboxSharedFolder', map name 'VirtualboxSharedFolder', writable, automount=true, automntpnt=, create_symlinks=false, missing=false
00:00:04.970696 Changing the VM state from 'CREATED' to 'LOADING'
00:00:04.970899 SSM: File header: Format 2.0, VirtualBox Version 7.2.4 r170995, 64-bit host, cbGCPhys=8, cbGCPtr=8
00:00:04.971001 SSM: Saved state info:
00:00:04.971011 SSM:   Build Type: release
00:00:04.971015 SSM:   Host OS: win.amd64
00:00:04.971118 PCI:    PIIX3/0: register 60: 80 -> 8b
00:00:04.971128 PCI:    PIIX3/0: register 61: 00 -> 8a
00:00:04.971133 PCI:    PIIX3/0: register 62: 00 -> 89
00:00:04.971137 PCI:    PIIX3/0: register 63: 00 -> 8b
00:00:04.971141 PCI:    PIIX3/0: register ad: 00 -> ef
00:00:04.971145 PCI:    PIIX3/0: register de: 00 -> be
00:00:04.971153 PCI: piix3ide/0:  8-bit field LATENCY_TIMER: 0 -> 40
00:00:04.971158 PCI: piix3ide/0: 32-bit field BASE_ADDRESS_4: 1 -> d001
00:00:04.971163 PCI: piix3ide/0: register 40: 00 -> 07
00:00:04.971167 PCI: piix3ide/0: register 41: 80 -> e3
00:00:04.971171 PCI: piix3ide/0: register 43: 80 -> c0
00:00:04.971176 PCI: piix3ide/0: register 48: 00 -> 01
00:00:04.971180 PCI: piix3ide/0: register 4a: 00 -> 02
00:00:04.971188 PCI:      vga/0:  8-bit field LATENCY_TIMER: 0 -> 40
00:00:04.971193 PCI:      vga/0: 32-bit field BASE_ADDRESS_0: 1 -> d011
00:00:04.971197 PCI:      vga/0: 32-bit field BASE_ADDRESS_1: 8 -> e0000008
00:00:04.971201 PCI:      vga/0: 32-bit field BASE_ADDRESS_2: 0 -> f0000000
00:00:04.971206 PCI:      vga/0:  8-bit field INTERRUPT_LINE: 0 -> a
00:00:04.971211 PCI:      vga/0: 16-bit field COMMAND: 0 -> 7
00:00:04.971660 PCI:    e1000/0:  8-bit field LATENCY_TIMER: 0 -> 40
00:00:04.971672 PCI:    e1000/0: 32-bit field BASE_ADDRESS_0: 0 -> f0200000
00:00:04.971676 PCI:    e1000/0: 32-bit field BASE_ADDRESS_2: 1 -> d021
00:00:04.971681 PCI:    e1000/0:  8-bit field INTERRUPT_LINE: 0 -> 9
00:00:04.971685 PCI:    e1000/0: 16-bit field COMMAND: 0 -> 7
00:00:04.971698 PCI:   VMMDev/0: 32-bit field BASE_ADDRESS_0: 1 -> d041
00:00:04.971702 PCI:   VMMDev/0: 32-bit field BASE_ADDRESS_1: 0 -> f0400000
00:00:04.971706 PCI:   VMMDev/0: 32-bit field BASE_ADDRESS_2: 8 -> f0800008
00:00:04.971710 PCI:   VMMDev/0:  8-bit field INTERRUPT_LINE: 0 -> b
00:00:04.971715 PCI:   VMMDev/0: 16-bit field COMMAND: 0 -> 3
00:00:04.971840 PCI:  ichac97/0:  8-bit field LATENCY_TIMER: 0 -> 40
00:00:04.971848 PCI:  ichac97/0: 32-bit field BASE_ADDRESS_0: 1 -> d101
00:00:04.971851 PCI:  ichac97/0: 32-bit field BASE_ADDRESS_1: 1 -> d201
00:00:04.971854 PCI:  ichac97/0:  8-bit field INTERRUPT_LINE: 0 -> b
00:00:04.971857 PCI:  ichac97/0: 16-bit field COMMAND: 0 -> 5
00:00:04.971863 PCI: usb-ohci/0:  8-bit field LATENCY_TIMER: 0 -> 40
00:00:04.971866 PCI: usb-ohci/0: 32-bit field BASE_ADDRESS_0: 0 -> f0804000
00:00:04.971868 PCI: usb-ohci/0:  8-bit field INTERRUPT_LINE: 0 -> a
00:00:04.971871 PCI: usb-ohci/0: 16-bit field COMMAND: 0 -> 6
00:00:04.971880 PCI: usb-ehci/0:  8-bit field CACHE_LINE_SIZE: 0 -> 10
00:00:04.971886 PCI: usb-ehci/0:  8-bit field LATENCY_TIMER: 0 -> 40
00:00:04.971890 PCI: usb-ehci/0: 32-bit field BASE_ADDRESS_0: 0 -> f0805000
00:00:04.971892 PCI: usb-ehci/0:  8-bit field INTERRUPT_LINE: 0 -> 9
00:00:04.971895 PCI: usb-ehci/0: 16-bit field COMMAND: 0 -> 16
00:00:07.517943 TM: cTSCTicksPerSecond=0xdc201910 (3 693 091 088) enmTSCMode=4 (NativeApi) (state load)
00:00:07.517966 GIM: KVM: VCPU  0: Enabled system-time struct. at 0x000000000be03000 - u32TscScale=0x8aa322f3 i8TscShift=-1 uVersion=2 fFlags=0x1 uTsc=0xb75355afa uVirtNanoTS=0x31a3dfa3b TscKHz=3693090
00:00:07.517972 TM: Host/VM is not suitable for using TSC mode 'RealTSCOffset', request to change TSC mode ignored
00:00:07.518027 PIT: mode=0 count=0x10000 (65536) - 18.20 Hz (ch=0) (restore)
00:00:07.518037 RTC: Stopped the periodic timer (restore)
00:00:07.518066 HGCM: Restoring [VBoxGuestPropSvc]
00:00:07.518122 HGCM: Restoring [VBoxGuestControlSvc]
00:00:07.518167 HGCM: Restoring [VBoxSharedFolders]
00:00:07.518239 HGCM: Restoring [VBoxDragAndDropSvc]
00:00:07.518311 HGCM: Restoring [VBoxSharedClipboard]
00:00:07.518568 Shared Clipboard: New Clipboard API enabled
00:00:07.527475 Shared Clipboard: Initialized window thread OLE
00:00:07.527642 VMMDev: Guest Additions information report: Interface = 0x00010004 osType = 0x00053100 (Linux >= 2.6, 64-bit)
00:00:07.527889 VGA: VMSVGA2dGBO enabled in VM config and SVGA_CAP_GBOBJECTS is present in Caps. 3D state should be loaded.
00:00:07.527973 GUI: UISession::sltAdditionsChange: GA state really changed, notifying listeners.
00:00:07.530697 GUI: UIMachineViewNormal::adjustGuestScreenSize: Guest-screen #0 display is not initialized, adjustment is not possible.
00:00:07.530710 GUI: UIMachineLogicNormal::sltCheckForRequestedVisualStateType: Requested-state=1, Machine-state=14
00:00:07.530721 GUI: UISession::sltAdditionsChange: GA state doesn't really changed, still notifying listeners.
00:00:07.530725 GUI: UIMachineLogicNormal::sltCheckForRequestedVisualStateType: Requested-state=1, Machine-state=14
00:00:07.530733 GUI: UISession::sltAdditionsChange: GA state doesn't really changed, still notifying listeners.
00:00:07.530737 GUI: UIMachineLogicNormal::sltCheckForRequestedVisualStateType: Requested-state=1, Machine-state=14
00:00:07.530879 GUI: UISession::sltAdditionsChange: GA state doesn't really changed, still notifying listeners.
00:00:07.530886 GUI: UIMachineLogicNormal::sltCheckForRequestedVisualStateType: Requested-state=1, Machine-state=14
00:00:07.532959 VMSVGA3d: cap[0]=0x00000000 {3D}
00:00:07.532961 VMSVGA3d: cap[1]=0x00000000 {MAX_LIGHTS}
00:00:07.532961 VMSVGA3d: cap[2]=0x00000000 {MAX_TEXTURES}
00:00:07.532962 VMSVGA3d: cap[3]=0x00000000 {MAX_CLIP_PLANES}
00:00:07.532962 VMSVGA3d: cap[4]=0x00000000 {VERTEX_SHADER_VERSION}
00:00:07.532963 VMSVGA3d: cap[5]=0x00000000 {VERTEX_SHADER}
00:00:07.532963 VMSVGA3d: cap[6]=0x00000000 {FRAGMENT_SHADER_VERSION}
00:00:07.532963 VMSVGA3d: cap[7]=0x00000000 {FRAGMENT_SHADER}
00:00:07.532964 VMSVGA3d: cap[8]=0x00000000 {MAX_RENDER_TARGETS}
00:00:07.532964 VMSVGA3d: cap[9]=0x00000000 {S23E8_TEXTURES}
00:00:07.532964 VMSVGA3d: cap[10]=0x00000000 {S10E5_TEXTURES}
00:00:07.532965 VMSVGA3d: cap[11]=0x00000000 {MAX_FIXED_VERTEXBLEND}
00:00:07.532965 VMSVGA3d: cap[12]=0x00000000 {D16_BUFFER_FORMAT}
00:00:07.532965 VMSVGA3d: cap[13]=0x00000000 {D24S8_BUFFER_FORMAT}
00:00:07.532966 VMSVGA3d: cap[14]=0x00000000 {D24X8_BUFFER_FORMAT}
00:00:07.532966 VMSVGA3d: cap[15]=0x00000000 {QUERY_TYPES}
00:00:07.532967 VMSVGA3d: cap[16]=0x00000000 {TEXTURE_GRADIENT_SAMPLING}
00:00:07.532967 VMSVGA3d: cap[17]=0.000000 {MAX_POINT_SIZE}
00:00:07.532968 VMSVGA3d: cap[18]=0x00000000 {MAX_SHADER_TEXTURES}
00:00:07.532968 VMSVGA3d: cap[19]=0x00004000 {MAX_TEXTURE_WIDTH}
00:00:07.532969 VMSVGA3d: cap[20]=0x00004000 {MAX_TEXTURE_HEIGHT}
00:00:07.532969 VMSVGA3d: cap[21]=0x00000000 {MAX_VOLUME_EXTENT}
00:00:07.532970 VMSVGA3d: cap[22]=0x00000000 {MAX_TEXTURE_REPEAT}
00:00:07.532970 VMSVGA3d: cap[23]=0x00000000 {MAX_TEXTURE_ASPECT_RATIO}
00:00:07.532971 VMSVGA3d: cap[24]=0x00000000 {MAX_TEXTURE_ANISOTROPY}
00:00:07.532971 VMSVGA3d: cap[25]=0x00000000 {MAX_PRIMITIVE_COUNT}
00:00:07.532971 VMSVGA3d: cap[26]=0x00000000 {MAX_VERTEX_INDEX}
00:00:07.532972 VMSVGA3d: cap[27]=0x00000000 {MAX_VERTEX_SHADER_INSTRUCTIONS}
00:00:07.532972 VMSVGA3d: cap[28]=0x00000000 {MAX_FRAGMENT_SHADER_INSTRUCTIONS}
00:00:07.532973 VMSVGA3d: cap[29]=0x00000000 {MAX_VERTEX_SHADER_TEMPS}
00:00:07.532973 VMSVGA3d: cap[30]=0x00000000 {MAX_FRAGMENT_SHADER_TEMPS}
00:00:07.532973 VMSVGA3d: cap[31]=0x00000000 {TEXTURE_OPS}
00:00:07.532974 VMSVGA3d: cap[32]=0x00000000 {SURFACEFMT_X8R8G8B8}
00:00:07.532974 VMSVGA3d: cap[33]=0x00000000 {SURFACEFMT_A8R8G8B8}
00:00:07.532975 VMSVGA3d: cap[34]=0x00000000 {SURFACEFMT_A2R10G10B10}
00:00:07.532975 VMSVGA3d: cap[35]=0x00000000 {SURFACEFMT_X1R5G5B5}
00:00:07.532975 VMSVGA3d: cap[36]=0x00000000 {SURFACEFMT_A1R5G5B5}
00:00:07.532976 VMSVGA3d: cap[37]=0x00000000 {SURFACEFMT_A4R4G4B4}
00:00:07.532978 VMSVGA3d: cap[38]=0x00000000 {SURFACEFMT_R5G6B5}
00:00:07.532979 VMSVGA3d: cap[39]=0x00000000 {SURFACEFMT_LUMINANCE16}
00:00:07.532979 VMSVGA3d: cap[40]=0x00000000 {SURFACEFMT_LUMINANCE8_ALPHA8}
00:00:07.532980 VMSVGA3d: cap[41]=0x00000000 {SURFACEFMT_ALPHA8}
00:00:07.532980 VMSVGA3d: cap[42]=0x00000000 {SURFACEFMT_LUMINANCE8}
00:00:07.532980 VMSVGA3d: cap[43]=0x00000000 {SURFACEFMT_Z_D16}
00:00:07.532981 VMSVGA3d: cap[44]=0x00000000 {SURFACEFMT_Z_D24S8}
00:00:07.532981 VMSVGA3d: cap[45]=0x00000000 {SURFACEFMT_Z_D24X8}
00:00:07.532981 VMSVGA3d: cap[46]=0x00000000 {SURFACEFMT_DXT1}
00:00:07.532982 VMSVGA3d: cap[47]=0x00000000 {SURFACEFMT_DXT2}
00:00:07.532982 VMSVGA3d: cap[48]=0x00000000 {SURFACEFMT_DXT3}
00:00:07.532983 VMSVGA3d: cap[49]=0x00000000 {SURFACEFMT_DXT4}
00:00:07.532983 VMSVGA3d: cap[50]=0x00000000 {SURFACEFMT_DXT5}
00:00:07.532984 VMSVGA3d: cap[51]=0x00000000 {SURFACEFMT_BUMPX8L8V8U8}
00:00:07.532984 VMSVGA3d: cap[52]=0x00000000 {SURFACEFMT_A2W10V10U10}
00:00:07.532985 VMSVGA3d: cap[53]=0x00000000 {SURFACEFMT_BUMPU8V8}
00:00:07.532985 VMSVGA3d: cap[54]=0x00000000 {SURFACEFMT_Q8W8V8U8}
00:00:07.532985 VMSVGA3d: cap[55]=0x00000000 {SURFACEFMT_CxV8U8}
00:00:07.532986 VMSVGA3d: cap[56]=0x00000000 {SURFACEFMT_R_S10E5}
00:00:07.532986 VMSVGA3d: cap[57]=0x00000000 {SURFACEFMT_R_S23E8}
00:00:07.532987 VMSVGA3d: cap[58]=0x00000000 {SURFACEFMT_RG_S10E5}
00:00:07.532987 VMSVGA3d: cap[59]=0x00000000 {SURFACEFMT_RG_S23E8}
00:00:07.532987 VMSVGA3d: cap[60]=0x00000000 {SURFACEFMT_ARGB_S10E5}
00:00:07.532988 VMSVGA3d: cap[61]=0x00000000 {SURFACEFMT_ARGB_S23E8}
00:00:07.532988 VMSVGA3d: cap[62]=0x00000000 {MISSING62}
00:00:07.532988 VMSVGA3d: cap[63]=0x00000000 {MAX_VERTEX_SHADER_TEXTURES}
00:00:07.532989 VMSVGA3d: cap[64]=0x00000000 {MAX_SIMULTANEOUS_RENDER_TARGETS}
00:00:07.532989 VMSVGA3d: cap[65]=0x00000000 {SURFACEFMT_V16U16}
00:00:07.532990 VMSVGA3d: cap[66]=0x00000000 {SURFACEFMT_G16R16}
00:00:07.532990 VMSVGA3d: cap[67]=0x00000000 {SURFACEFMT_A16B16G16R16}
00:00:07.532990 VMSVGA3d: cap[68]=0x00000000 {SURFACEFMT_UYVY}
00:00:07.532990 VMSVGA3d: cap[69]=0x00000000 {SURFACEFMT_YUY2}
00:00:07.532991 VMSVGA3d: cap[70]=0x00000000 {DEAD4}
00:00:07.532991 VMSVGA3d: cap[71]=0x00000000 {DEAD5}
00:00:07.532991 VMSVGA3d: cap[72]=0x00000000 {DEAD7}
00:00:07.532991 VMSVGA3d: cap[73]=0x00000000 {DEAD6}
00:00:07.532991 VMSVGA3d: cap[74]=0x00000000 {AUTOGENMIPMAPS}
00:00:07.532992 VMSVGA3d: cap[75]=0x00000000 {SURFACEFMT_NV12}
00:00:07.532992 VMSVGA3d: cap[76]=0x00000000 {DEAD10}
00:00:07.532992 VMSVGA3d: cap[77]=0x00000000 {MAX_CONTEXT_IDS}
00:00:07.532992 VMSVGA3d: cap[78]=0x00000000 {MAX_SURFACE_IDS}
00:00:07.532993 VMSVGA3d: cap[79]=0x00000000 {SURFACEFMT_Z_DF16}
00:00:07.532993 VMSVGA3d: cap[80]=0x00000000 {SURFACEFMT_Z_DF24}
00:00:07.532993 VMSVGA3d: cap[81]=0x00000000 {SURFACEFMT_Z_D24S8_INT}
00:00:07.532993 VMSVGA3d: cap[82]=0x00000000 {SURFACEFMT_ATI1}
00:00:07.532993 VMSVGA3d: cap[83]=0x00000000 {SURFACEFMT_ATI2}
00:00:07.532994 VMSVGA3d: cap[84]=0x00000000 {DEAD1}
00:00:07.532994 VMSVGA3d: cap[85]=0x00000000 {DEAD8}
00:00:07.532994 VMSVGA3d: cap[86]=0x00000000 {DEAD9}
00:00:07.532994 VMSVGA3d: cap[87]=0x00000000 {LINE_AA}
00:00:07.532994 VMSVGA3d: cap[88]=0x00000000 {LINE_STIPPLE}
00:00:07.532995 VMSVGA3d: cap[89]=0.000000 {MAX_LINE_WIDTH}
00:00:07.532995 VMSVGA3d: cap[90]=0.000000 {MAX_AA_LINE_WIDTH}
00:00:07.532995 VMSVGA3d: cap[91]=0x00000000 {SURFACEFMT_YV12}
00:00:07.532996 VMSVGA3d: cap[92]=0x00000000 {DEAD3}
00:00:07.532996 VMSVGA3d: cap[93]=0x00000000 {TS_COLOR_KEY}
00:00:07.532996 VMSVGA3d: cap[94]=0x00000000 {DEAD2}
00:00:07.532996 VMSVGA3d: cap[95]=0x00000000 {DXCONTEXT}
00:00:07.532996 VMSVGA3d: cap[96]=0x00000000 {DEAD11}
00:00:07.532997 VMSVGA3d: cap[97]=0x00000000 {DX_MAX_VERTEXBUFFERS}
00:00:07.532997 VMSVGA3d: cap[98]=0x00000000 {DX_MAX_CONSTANT_BUFFERS}
00:00:07.532997 VMSVGA3d: cap[99]=0x00000000 {DX_PROVOKING_VERTEX}
00:00:07.532997 VMSVGA3d: cap[100]=0x00000005 {DXFMT_X8R8G8B8}
00:00:07.532998 VMSVGA3d: cap[101]=0x00000000 {DXFMT_A8R8G8B8}
00:00:07.532998 VMSVGA3d: cap[102]=0x00000000 {DXFMT_R5G6B5}
00:00:07.532998 VMSVGA3d: cap[103]=0x00000000 {DXFMT_X1R5G5B5}
00:00:07.532998 VMSVGA3d: cap[104]=0x00000000 {DXFMT_A1R5G5B5}
00:00:07.532999 VMSVGA3d: cap[105]=0x00000000 {DXFMT_A4R4G4B4}
00:00:07.532999 VMSVGA3d: cap[106]=0x00000000 {DXFMT_Z_D32}
00:00:07.532999 VMSVGA3d: cap[107]=0x00000000 {DXFMT_Z_D16}
00:00:07.532999 VMSVGA3d: cap[108]=0x00000000 {DXFMT_Z_D24S8}
00:00:07.532999 VMSVGA3d: cap[109]=0x00000000 {DXFMT_Z_D15S1}
00:00:07.533000 VMSVGA3d: cap[110]=0x00000000 {DXFMT_LUMINANCE8}
00:00:07.533000 VMSVGA3d: cap[111]=0x00000000 {DXFMT_LUMINANCE4_ALPHA4}
00:00:07.533000 VMSVGA3d: cap[112]=0x00000000 {DXFMT_LUMINANCE16}
00:00:07.533000 VMSVGA3d: cap[113]=0x00000000 {DXFMT_LUMINANCE8_ALPHA8}
00:00:07.533001 VMSVGA3d: cap[114]=0x00000000 {DXFMT_DXT1}
00:00:07.533001 VMSVGA3d: cap[115]=0x00000000 {DXFMT_DXT2}
00:00:07.533001 VMSVGA3d: cap[116]=0x00000000 {DXFMT_DXT3}
00:00:07.533001 VMSVGA3d: cap[117]=0x00000000 {DXFMT_DXT4}
00:00:07.533001 VMSVGA3d: cap[118]=0x00000000 {DXFMT_DXT5}
00:00:07.533002 VMSVGA3d: cap[119]=0x00000000 {DXFMT_BUMPU8V8}
00:00:07.533002 VMSVGA3d: cap[120]=0x00000000 {DXFMT_BUMPL6V5U5}
00:00:07.533002 VMSVGA3d: cap[121]=0x00000000 {DXFMT_BUMPX8L8V8U8}
00:00:07.533002 VMSVGA3d: cap[122]=0x00000000 {DXFMT_FORMAT_DEAD1}
00:00:07.533003 VMSVGA3d: cap[123]=0x00000000 {DXFMT_ARGB_S10E5}
00:00:07.533003 VMSVGA3d: cap[124]=0x00000000 {DXFMT_ARGB_S23E8}
00:00:07.533003 VMSVGA3d: cap[125]=0x00000000 {DXFMT_A2R10G10B10}
00:00:07.533003 VMSVGA3d: cap[126]=0x00000000 {DXFMT_V8U8}
00:00:07.533003 VMSVGA3d: cap[127]=0x00000000 {DXFMT_Q8W8V8U8}
00:00:07.533004 VMSVGA3d: cap[128]=0x00000000 {DXFMT_CxV8U8}
00:00:07.533004 VMSVGA3d: cap[129]=0x00000000 {DXFMT_X8L8V8U8}
00:00:07.533004 VMSVGA3d: cap[130]=0x00000000 {DXFMT_A2W10V10U10}
00:00:07.533004 VMSVGA3d: cap[131]=0x00000000 {DXFMT_ALPHA8}
00:00:07.533004 VMSVGA3d: cap[132]=0x00000000 {DXFMT_R_S10E5}
00:00:07.533005 VMSVGA3d: cap[133]=0x00000000 {DXFMT_R_S23E8}
00:00:07.533005 VMSVGA3d: cap[134]=0x00000000 {DXFMT_RG_S10E5}
00:00:07.533005 VMSVGA3d: cap[135]=0x00000000 {DXFMT_RG_S23E8}
00:00:07.533005 VMSVGA3d: cap[136]=0x00000000 {DXFMT_BUFFER}
00:00:07.533006 VMSVGA3d: cap[137]=0x00000000 {DXFMT_Z_D24X8}
00:00:07.533006 VMSVGA3d: cap[138]=0x00000000 {DXFMT_V16U16}
00:00:07.533006 VMSVGA3d: cap[139]=0x00000000 {DXFMT_G16R16}
00:00:07.533006 VMSVGA3d: cap[140]=0x00000000 {DXFMT_A16B16G16R16}
00:00:07.533006 VMSVGA3d: cap[141]=0x00000000 {DXFMT_UYVY}
00:00:07.533007 VMSVGA3d: cap[142]=0x00000000 {DXFMT_YUY2}
00:00:07.533007 VMSVGA3d: cap[143]=0x00000000 {DXFMT_NV12}
00:00:07.533007 VMSVGA3d: cap[144]=0x00000000 {DXFMT_FORMAT_DEAD2}
00:00:07.533007 VMSVGA3d: cap[145]=0x00000000 {DXFMT_R32G32B32A32_TYPELESS}
00:00:07.533008 VMSVGA3d: cap[146]=0x00000000 {DXFMT_R32G32B32A32_UINT}
00:00:07.533008 VMSVGA3d: cap[147]=0x00000000 {DXFMT_R32G32B32A32_SINT}
00:00:07.533008 VMSVGA3d: cap[148]=0x00000000 {DXFMT_R32G32B32_TYPELESS}
00:00:07.533008 VMSVGA3d: cap[149]=0x00000000 {DXFMT_R32G32B32_FLOAT}
00:00:07.533008 VMSVGA3d: cap[150]=0x00000000 {DXFMT_R32G32B32_UINT}
00:00:07.533009 VMSVGA3d: cap[151]=0x00000000 {DXFMT_R32G32B32_SINT}
00:00:07.533009 VMSVGA3d: cap[152]=0x00000000 {DXFMT_R16G16B16A16_TYPELESS}
00:00:07.533010 VMSVGA3d: cap[153]=0x00000000 {DXFMT_R16G16B16A16_UINT}
00:00:07.533010 VMSVGA3d: cap[154]=0x00000000 {DXFMT_R16G16B16A16_SNORM}
00:00:07.533010 VMSVGA3d: cap[155]=0x00000000 {DXFMT_R16G16B16A16_SINT}
00:00:07.533011 VMSVGA3d: cap[156]=0x00000000 {DXFMT_R32G32_TYPELESS}
00:00:07.533011 VMSVGA3d: cap[157]=0x00000000 {DXFMT_R32G32_UINT}
00:00:07.533014 VMSVGA3d: cap[158]=0x00000000 {DXFMT_R32G32_SINT}
00:00:07.533014 VMSVGA3d: cap[159]=0x00000000 {DXFMT_R32G8X24_TYPELESS}
00:00:07.533015 VMSVGA3d: cap[160]=0x00000000 {DXFMT_D32_FLOAT_S8X24_UINT}
00:00:07.533015 VMSVGA3d: cap[161]=0x00000000 {DXFMT_R32_FLOAT_X8X24}
00:00:07.533016 VMSVGA3d: cap[162]=0x00000000 {DXFMT_X32_G8X24_UINT}
00:00:07.533017 VMSVGA3d: cap[163]=0x00000000 {DXFMT_R10G10B10A2_TYPELESS}
00:00:07.533017 VMSVGA3d: cap[164]=0x00000000 {DXFMT_R10G10B10A2_UINT}
00:00:07.533018 VMSVGA3d: cap[165]=0x00000000 {DXFMT_R11G11B10_FLOAT}
00:00:07.533018 VMSVGA3d: cap[166]=0x00000000 {DXFMT_R8G8B8A8_TYPELESS}
00:00:07.533018 VMSVGA3d: cap[167]=0x00000000 {DXFMT_R8G8B8A8_UNORM}
00:00:07.533019 VMSVGA3d: cap[168]=0x00000000 {DXFMT_R8G8B8A8_UNORM_SRGB}
00:00:07.533019 VMSVGA3d: cap[169]=0x00000000 {DXFMT_R8G8B8A8_UINT}
00:00:07.533020 VMSVGA3d: cap[170]=0x00000000 {DXFMT_R8G8B8A8_SINT}
00:00:07.533020 VMSVGA3d: cap[171]=0x00000000 {DXFMT_R16G16_TYPELESS}
00:00:07.533020 VMSVGA3d: cap[172]=0x00000000 {DXFMT_R16G16_UINT}
00:00:07.533021 VMSVGA3d: cap[173]=0x00000000 {DXFMT_R16G16_SINT}
00:00:07.533021 VMSVGA3d: cap[174]=0x00000000 {DXFMT_R32_TYPELESS}
00:00:07.533022 VMSVGA3d: cap[175]=0x00000000 {DXFMT_D32_FLOAT}
00:00:07.533022 VMSVGA3d: cap[176]=0x00000000 {DXFMT_R32_UINT}
00:00:07.533022 VMSVGA3d: cap[177]=0x00000000 {DXFMT_R32_SINT}
00:00:07.533023 VMSVGA3d: cap[178]=0x00000000 {DXFMT_R24G8_TYPELESS}
00:00:07.533023 VMSVGA3d: cap[179]=0x00000000 {DXFMT_D24_UNORM_S8_UINT}
00:00:07.533024 VMSVGA3d: cap[180]=0x00000000 {DXFMT_R24_UNORM_X8}
00:00:07.533024 VMSVGA3d: cap[181]=0x00000000 {DXFMT_X24_G8_UINT}
00:00:07.533024 VMSVGA3d: cap[182]=0x00000000 {DXFMT_R8G8_TYPELESS}
00:00:07.533025 VMSVGA3d: cap[183]=0x00000000 {DXFMT_R8G8_UNORM}
00:00:07.533025 VMSVGA3d: cap[184]=0x00000000 {DXFMT_R8G8_UINT}
00:00:07.533025 VMSVGA3d: cap[185]=0x00000000 {DXFMT_R8G8_SINT}
00:00:07.533026 VMSVGA3d: cap[186]=0x00000000 {DXFMT_R16_TYPELESS}
00:00:07.533026 VMSVGA3d: cap[187]=0x00000000 {DXFMT_R16_UNORM}
00:00:07.533027 VMSVGA3d: cap[188]=0x00000000 {DXFMT_R16_UINT}
00:00:07.533027 VMSVGA3d: cap[189]=0x00000000 {DXFMT_R16_SNORM}
00:00:07.533028 VMSVGA3d: cap[190]=0x00000000 {DXFMT_R16_SINT}
00:00:07.533028 VMSVGA3d: cap[191]=0x00000000 {DXFMT_R8_TYPELESS}
00:00:07.533028 VMSVGA3d: cap[192]=0x00000000 {DXFMT_R8_UNORM}
00:00:07.533029 VMSVGA3d: cap[193]=0x00000000 {DXFMT_R8_UINT}
00:00:07.533029 VMSVGA3d: cap[194]=0x00000000 {DXFMT_R8_SNORM}
00:00:07.533029 VMSVGA3d: cap[195]=0x00000000 {DXFMT_R8_SINT}
00:00:07.533030 VMSVGA3d: cap[196]=0x00000000 {DXFMT_P8}
00:00:07.533030 VMSVGA3d: cap[197]=0x00000000 {DXFMT_R9G9B9E5_SHAREDEXP}
00:00:07.533031 VMSVGA3d: cap[198]=0x00000000 {DXFMT_R8G8_B8G8_UNORM}
00:00:07.533031 VMSVGA3d: cap[199]=0x00000000 {DXFMT_G8R8_G8B8_UNORM}
00:00:07.533032 VMSVGA3d: cap[200]=0x00000000 {DXFMT_BC1_TYPELESS}
00:00:07.533032 VMSVGA3d: cap[201]=0x00000000 {DXFMT_BC1_UNORM_SRGB}
00:00:07.533032 VMSVGA3d: cap[202]=0x00000000 {DXFMT_BC2_TYPELESS}
00:00:07.533033 VMSVGA3d: cap[203]=0x00000000 {DXFMT_BC2_UNORM_SRGB}
00:00:07.533033 VMSVGA3d: cap[204]=0x00000000 {DXFMT_BC3_TYPELESS}
00:00:07.533034 VMSVGA3d: cap[205]=0x00000000 {DXFMT_BC3_UNORM_SRGB}
00:00:07.533034 VMSVGA3d: cap[206]=0x00000000 {DXFMT_BC4_TYPELESS}
00:00:07.533035 VMSVGA3d: cap[207]=0x00000000 {DXFMT_ATI1}
00:00:07.533035 VMSVGA3d: cap[208]=0x00000000 {DXFMT_BC4_SNORM}
00:00:07.533035 VMSVGA3d: cap[209]=0x00000000 {DXFMT_BC5_TYPELESS}
00:00:07.533036 VMSVGA3d: cap[210]=0x00000000 {DXFMT_ATI2}
00:00:07.533036 VMSVGA3d: cap[211]=0x00000000 {DXFMT_BC5_SNORM}
00:00:07.533037 VMSVGA3d: cap[212]=0x00000000 {DXFMT_R10G10B10_XR_BIAS_A2_UNORM}
00:00:07.533037 VMSVGA3d: cap[213]=0x00000000 {DXFMT_B8G8R8A8_TYPELESS}
00:00:07.533038 VMSVGA3d: cap[214]=0x00000000 {DXFMT_B8G8R8A8_UNORM_SRGB}
00:00:07.533038 VMSVGA3d: cap[215]=0x00000000 {DXFMT_B8G8R8X8_TYPELESS}
00:00:07.533039 VMSVGA3d: cap[216]=0x00000000 {DXFMT_B8G8R8X8_UNORM_SRGB}
00:00:07.533039 VMSVGA3d: cap[217]=0x00000000 {DXFMT_Z_DF16}
00:00:07.533039 VMSVGA3d: cap[218]=0x00000000 {DXFMT_Z_DF24}
00:00:07.533040 VMSVGA3d: cap[219]=0x00000000 {DXFMT_Z_D24S8_INT}
00:00:07.533040 VMSVGA3d: cap[220]=0x00000000 {DXFMT_YV12}
00:00:07.533041 VMSVGA3d: cap[221]=0x00000000 {DXFMT_R32G32B32A32_FLOAT}
00:00:07.533041 VMSVGA3d: cap[222]=0x00000000 {DXFMT_R16G16B16A16_FLOAT}
00:00:07.533042 VMSVGA3d: cap[223]=0x00000000 {DXFMT_R16G16B16A16_UNORM}
00:00:07.533042 VMSVGA3d: cap[224]=0x00000000 {DXFMT_R32G32_FLOAT}
00:00:07.533042 VMSVGA3d: cap[225]=0x00000000 {DXFMT_R10G10B10A2_UNORM}
00:00:07.533043 VMSVGA3d: cap[226]=0x00000000 {DXFMT_R8G8B8A8_SNORM}
00:00:07.533043 VMSVGA3d: cap[227]=0x00000000 {DXFMT_R16G16_FLOAT}
00:00:07.533043 VMSVGA3d: cap[228]=0x00000000 {DXFMT_R16G16_UNORM}
00:00:07.533044 VMSVGA3d: cap[229]=0x00000000 {DXFMT_R16G16_SNORM}
00:00:07.533044 VMSVGA3d: cap[230]=0x00000000 {DXFMT_R32_FLOAT}
00:00:07.533044 VMSVGA3d: cap[231]=0x00000000 {DXFMT_R8G8_SNORM}
00:00:07.533044 VMSVGA3d: cap[232]=0x00000000 {DXFMT_R16_FLOAT}
00:00:07.533045 VMSVGA3d: cap[233]=0x00000000 {DXFMT_D16_UNORM}
00:00:07.533045 VMSVGA3d: cap[234]=0x00000000 {DXFMT_A8_UNORM}
00:00:07.533045 VMSVGA3d: cap[235]=0x00000000 {DXFMT_BC1_UNORM}
00:00:07.533045 VMSVGA3d: cap[236]=0x00000000 {DXFMT_BC2_UNORM}
00:00:07.533046 VMSVGA3d: cap[237]=0x00000000 {DXFMT_BC3_UNORM}
00:00:07.533046 VMSVGA3d: cap[238]=0x00000000 {DXFMT_B5G6R5_UNORM}
00:00:07.533046 VMSVGA3d: cap[239]=0x00000000 {DXFMT_B5G5R5A1_UNORM}
00:00:07.533046 VMSVGA3d: cap[240]=0x00000000 {DXFMT_B8G8R8A8_UNORM}
00:00:07.533046 VMSVGA3d: cap[241]=0x00000000 {DXFMT_B8G8R8X8_UNORM}
00:00:07.533047 VMSVGA3d: cap[242]=0x00000000 {DXFMT_BC4_UNORM}
00:00:07.533047 VMSVGA3d: cap[243]=0x00000000 {DXFMT_BC5_UNORM}
00:00:07.533047 VMSVGA3d: cap[244]=0x00000000 {SM41}
00:00:07.533047 VMSVGA3d: cap[245]=0x00000000 {MULTISAMPLE_2X}
00:00:07.533048 VMSVGA3d: cap[246]=0x00000000 {MULTISAMPLE_4X}
00:00:07.533051 VMSVGA3d: cap[247]=0x00000000 {MS_FULL_QUALITY}
00:00:07.533052 VMSVGA3d: cap[248]=0x00000000 {LOGICOPS}
00:00:07.533052 VMSVGA3d: cap[249]=0x00000000 {LOGIC_BLENDOPS}
00:00:07.533052 VMSVGA3d: cap[250]=0x00000000 {RESERVED_1}
00:00:07.533053 VMSVGA3d: cap[251]=0x00000000 {DXFMT_BC6H_TYPELESS}
00:00:07.533053 VMSVGA3d: cap[252]=0x00000000 {DXFMT_BC6H_UF16}
00:00:07.533053 VMSVGA3d: cap[253]=0x00000000 {DXFMT_BC6H_SF16}
00:00:07.533054 VMSVGA3d: cap[254]=0x00000000 {DXFMT_BC7_TYPELESS}
00:00:07.533054 VMSVGA3d: cap[255]=0x00000000 {DXFMT_BC7_UNORM}
00:00:07.533055 VMSVGA3d: cap[256]=0x00000000 {DXFMT_BC7_UNORM_SRGB}
00:00:07.533055 VMSVGA3d: cap[257]=0x00000000 {RESERVED_2}
00:00:07.533055 VMSVGA3d: cap[258]=0x00000000 {SM5}
00:00:07.533056 VMSVGA3d: cap[259]=0x00000000 {MULTISAMPLE_8X}
00:00:07.537086 E1000#0: Interrupt attempts: 0
00:00:07.537109 E1000#0: Interrupts raised : 0
00:00:07.537118 E1000#0: Interrupts lowered: 0
00:00:07.537124 E1000#0: ICR outside ISR   : 0
00:00:07.537130 E1000#0: IMS raised ints   : 0
00:00:07.537135 E1000#0: Interrupts skipped: 0
00:00:07.537140 E1000#0: Masked interrupts : 0
00:00:07.537146 E1000#0: Early interrupts  : 0
00:00:07.537156 E1000#0: Late interrupts   : 0
00:00:07.537167 E1000#0: Lost interrupts   : 0
00:00:07.537173 E1000#0: Interrupts by RX  : 0
00:00:07.537179 E1000#0: Interrupts by TX  : 0
00:00:07.537184 E1000#0: Interrupts by ICS : 0
00:00:07.537195 E1000#0: Interrupts by RDTR: 0
00:00:07.537202 E1000#0: Interrupts by RDMT: 0
00:00:07.537213 E1000#0: Interrupts by TXQE: 0
00:00:07.537225 E1000#0: TX int delay asked: 0
00:00:07.537230 E1000#0: TX delayed:         0
00:00:07.537236 E1000#0: TX delay expired:   0
00:00:07.537241 E1000#0: TX no report asked: 0
00:00:07.537247 E1000#0: TX abs timer expd : 0
00:00:07.537252 E1000#0: TX int timer expd : 0
00:00:07.537258 E1000#0: RX abs timer expd : 0
00:00:07.537269 E1000#0: RX int timer expd : 0
00:00:07.537276 E1000#0: TX CTX descriptors: 0
00:00:07.537282 E1000#0: TX DAT descriptors: 0
00:00:07.537288 E1000#0: TX LEG descriptors: 0
00:00:07.537299 E1000#0: Received frames   : 0
00:00:07.537305 E1000#0: Transmitted frames: 0
00:00:07.537311 E1000#0: TX frames up to 1514: 0
00:00:07.537321 E1000#0: TX frames up to 2962: 0
00:00:07.537329 E1000#0: TX frames up to 4410: 0
00:00:07.537338 E1000#0: TX frames up to 5858: 0
00:00:07.537345 E1000#0: TX frames up to 7306: 0
00:00:07.537351 E1000#0: TX frames up to 8754: 0
00:00:07.537359 E1000#0: TX frames up to 16384: 0
00:00:07.537369 E1000#0: TX frames up to 32768: 0
00:00:07.537380 E1000#0: Larger TX frames    : 0
00:00:07.537385 E1000#0: Max TX Delay        : 0
00:00:07.537396 AC97: Record select to left=mic, right=mic
00:00:07.537407 Audio Mixer: MUTING master volume of 'AC'97 Mixer' -- channel volumes: ff ff ff ff ff ff ff ff ff ff ff ff
00:00:07.537417 Audio Mixer: MUTING sink 'AC'97 Mixer/Line In' -- channel volumes: 00 00 00 00 00 00 00 00 00 00 00 00
00:00:07.537425 Audio Mixer: MUTING sink 'AC'97 Mixer/Microphone In' -- channel volumes: 00 00 00 00 00 00 00 00 00 00 00 00
00:00:07.537435 Audio Mixer: MUTING sink 'AC'97 Mixer/PCM Output' -- channel volumes: 00 00 00 00 00 00 00 00 00 00 00 00
00:00:07.537442 Audio Mixer: MUTING sink 'AC'97 Mixer/PCM Output' -- channel volumes: 00 00 00 00 00 00 00 00 00 00 00 00
00:00:07.537451 Audio Mixer: MUTING sink 'AC'97 Mixer/Microphone In' -- channel volumes: 00 00 00 00 00 00 00 00 00 00 00 00
00:00:07.537457 Audio Mixer: MUTING sink 'AC'97 Mixer/Line In' -- channel volumes: 00 00 00 00 00 00 00 00 00 00 00 00
00:00:07.537463 Audio Mixer: MUTING sink 'AC'97 Mixer/Line In' -- channel volumes: 00 00 00 00 00 00 00 00 00 00 00 00
00:00:07.537469 Audio Mixer: Setting master volume of 'AC'97 Mixer' -- channel volumes: c3 c3 c3 c3 c3 c3 c3 c3 c3 c3 c3 c3
00:00:07.537479 Audio Mixer: Setting sink 'AC'97 Mixer/Line In' -- channel volumes: c3 c3 c3 c3 c3 c3 c3 c3 c3 c3 c3 c3
00:00:07.537489 Audio Mixer: MUTING sink 'AC'97 Mixer/Microphone In' -- channel volumes: 00 00 00 00 00 00 00 00 00 00 00 00
00:00:07.537496 Audio Mixer: Setting sink 'AC'97 Mixer/PCM Output' -- channel volumes: c3 c3 c3 c3 c3 c3 c3 c3 c3 c3 c3 c3
00:00:07.539090 DnD: Feature is disabled, ignoring request from guest
00:00:07.539353 Changing the VM state from 'LOADING' to 'SUSPENDED'
00:00:07.539397 Changing the VM state from 'SUSPENDED' to 'RESUMING'
00:00:07.539682 Display::i_handleDisplayResize: uScreenId=0 pvVRAM=0000024e03210000 w=1554 h=1155 bpp=32 cbLine=0x1848 flags=0x1 origin=0,0
00:00:07.539712 Changing the VM state from 'RESUMING' to 'RUNNING'
00:00:07.539728 Console: Machine state changed to 'Running'
00:00:07.601177 VMMDev: Guest Log: 16:31:39.731508 control  Session 0 is about to close ...
00:00:07.619241 GUI: UIMachineViewNormal::adjustGuestScreenSize: Adjust guest-screen size if necessary
00:00:07.619273 GUI: UIMachineView::sltPerformGuestResize: Omitting to send size-hint 1554x1155 to guest-screen 0 because frame-buffer is already of the same size.
00:00:07.641113 GUI: UIMachineLogicNormal::sltCheckForRequestedVisualStateType: Requested-state=1, Machine-state=6
00:00:07.666079 VMMDev: Guest Log: 16:31:39.798066 control  Stopping all guest processes ...
00:00:07.667265 VMMDev: Guest Log: 16:31:39.799397 control  Closing all guest files ...
00:00:07.766927 VMMDev: Guest Log: 16:31:39.898762 control  vbglR3GuestCtrlDetectPeekGetCancelSupport: Supported (#1)
00:00:07.782045 Guest Control: GUEST_MSG_REPORT_FEATURES: 0xf, 0x8000000000000000
00:00:07.833011 VUSB: Attached 'HidMouse' to port 1 on RootHub#1 (FullSpeed)
00:00:07.860747 VMSVGA: 3D disabled, but command 1126 will be processed
00:00:08.024980 VMSVGA: 3D disabled, but command 1126 will be processed
00:00:08.025578 VMSVGA: 3D disabled, but command 1101 will be processed
00:00:08.025598 VMSVGA: 3D disabled, but command 1127 will be processed
00:00:08.041870 VMSVGA: 3D disabled, but command 1126 will be processed
00:00:08.042451 VMSVGA: 3D disabled, but command 1101 will be processed
00:00:08.042479 VMSVGA: 3D disabled, but command 1127 will be processed
00:00:08.274681 VMSVGA: 3D disabled, but command 1126 will be processed
00:00:58.738865 GUI: UIMachineView::sltPerformGuestResize: Sending guest size-hint to screen 0 as 2560x1305
00:00:58.738893 VMMDev: SetVideoModeHint: Got a video mode hint (2560x1305x32)@(0x0),(1;0) at 0
00:00:58.741789 GUI: UIMediumEnumerator: Medium-enumeration finished!
00:00:58.779339 GUI: UIMediumEnumerator: Medium-enumeration finished!
00:00:58.874991 VMMDev: Guest Log: 21:28:30.889724 timesync vgsvcTimeSyncWorker: Radical host time change: 17 817 905 000 000ns (HostNow=1 778 102 910 885 000 00021:28:40.890998 timesync vgsvcTimeSyncWorker: Radical guest time change: 17 817 909 762 000ns (GuestNow=1 778 102 920 890 967 021:29:18.779145 dp-svga-x11  Error: An X Window protocol error occurred: BadValue (integer parameter out of range for operation21:29:18.910599 dp-svga-x11  create mode 2560x1305_vbox (766) on output 0
00:00:58.878378 VMMDev: Guest Log: 21:29:18.914266 dp-svga-x11  Error: crtc set config failed for output 0
00:00:58.878569 VMMDev: Guest Log: 21:29:18.915265 dp-svga-x11  output[0] successfully configured
00:00:59.120751 VMMDev: Guest Log: 21:29:19.157429 X11 events  received X11 event (89)
00:00:59.121000 VMMDev: Guest Log: 21:29:19.157690 X11 events  RRScreenChangeNotify event received
00:00:59.278109 VMMDev: Guest Log: 21:29:19.314786 X11 events  received X11 event (89)
00:00:59.278218 VMMDev: Guest Log: 21:29:19.314914 X11 events  RRScreenChangeNotify event received
00:00:59.294185 VMMDev: Guest Log: 21:29:19.330865 X11 events  received X11 event (89)
00:00:59.299714 VMMDev: Guest Log: 21:29:19.336407 X11 events  RRScreenChangeNotify event received
00:01:05.229188 GUI: UIMachineView::sltPerformGuestResize: Omitting to send size-hint 1554x1155 to guest-screen 0 because frame-buffer is already of the same size.
00:01:05.486157 GUI: UIMediumEnumerator: Medium-enumeration finished!
00:01:07.122846 GUI: UIMediumEnumerator: Medium-enumeration finished!
00:01:29.846066 GUI: UIMachineView::sltPerformGuestResize: Sending guest size-hint to screen 0 as 1407x1155
00:01:29.846094 VMMDev: SetVideoModeHint: Got a video mode hint (1407x1155x32)@(0x0),(1;0) at 0
00:01:29.866678 Display::i_handleDisplayResize: uScreenId=0 pvVRAM=0000000000000000 w=1554 h=1155 bpp=0 cbLine=0x0 flags=0x2 origin=0,0
00:01:29.873155 Display::i_handleDisplayResize: uScreenId=0 pvVRAM=0000024e786f0000 w=1407 h=1155 bpp=32 cbLine=0x15FC flags=0x1 origin=0,0
00:01:29.874324 VMMDev: Guest Log: 21:29:49.910054 X11 events  received X11 event (89)
00:01:29.875614 VMMDev: Guest Log: 21:29:49.911145 X11 events  RRScreenChangeNotify event received
00:01:29.890041 GUI: UIMachineView::sltPerformGuestResize: Sending guest size-hint to screen 0 as 1389x1155
00:01:29.890068 VMMDev: SetVideoModeHint: Got a video mode hint (1389x1155x32)@(0x0),(1;0) at 0
00:01:29.909124 VMMDev: Guest Log: 21:29:49.944907 dp-svga-x11  output[0] successfully configured
00:01:29.918546 GUI: UIMachineLogic: Guest-screen count changed
00:01:29.923577 GUI: UIMediumEnumerator: Medium-enumeration finished!
00:01:29.923640 GUI: UIMachineView::sltPerformGuestResize: Omitting to send size-hint 1407x1155 to guest-screen 0 because frame-buffer is already of the same size.
00:01:29.934279 Display::i_handleDisplayResize: uScreenId=0 pvVRAM=0000000000000000 w=1407 h=1155 bpp=0 cbLine=0x0 flags=0x2 origin=0,0
00:01:29.937154 Display::i_handleDisplayResize: uScreenId=0 pvVRAM=0000024e06850000 w=1389 h=1155 bpp=32 cbLine=0x15B4 flags=0x1 origin=0,0
00:01:29.953667 GUI: UIMediumEnumerator: Medium-enumeration finished!
00:01:29.970371 VMMDev: Guest Log: 21:29:50.005935 dp-svga-x11  output[0] successfully configured
00:01:29.975069 GUI: UIMachineView::sltPerformGuestResize: Sending guest size-hint to screen 0 as 1366x1155
00:01:29.975093 VMMDev: SetVideoModeHint: Got a video mode hint (1366x1155x32)@(0x0),(1;0) at 0
00:01:30.003823 GUI: UIMachineLogic: Guest-screen count changed
00:01:30.019225 GUI: UIMachineView::sltPerformGuestResize: Sending guest size-hint to screen 0 as 1387x1155
00:01:30.019258 VMMDev: SetVideoModeHint: Got a video mode hint (1387x1155x32)@(0x0),(1;0) at 0
00:01:30.023881 GUI: UIMachineView::sltPerformGuestResize: Omitting to send size-hint 1387x1155 to guest-screen 0 because this hint was previously sent.
00:01:30.054643 VMMDev: Guest Log: 21:29:50.090946 X11 events  Monitor 0 (w,h)=(1389,1155) (x,y)=(0,0)
00:01:30.055687 VMMDev: Guest Log: 21:29:50.092350 X11 events  Sending monitor positions (8 of them)  to the host: VINF_SUCCESS
00:01:30.058522 VMMDev: Guest Log: 21:29:50.095175 X11 events  received X11 event (89)
00:01:30.058873 VMMDev: Guest Log: 21:29:50.095538 X11 events  RRScreenChangeNotify event received
00:01:30.067589 GUI: UIMachineView::sltPerformGuestResize: Sending guest size-hint to screen 0 as 1263x1155
00:01:30.067625 VMMDev: SetVideoModeHint: Got a video mode hint (1263x1155x32)@(0x0),(1;0) at 0
00:01:30.073156 GUI: UIMachineView::sltPerformGuestResize: Omitting to send size-hint 1263x1155 to guest-screen 0 because this hint was previously sent.
00:01:30.081021 Display::i_handleDisplayResize: uScreenId=0 pvVRAM=0000000000000000 w=1389 h=1155 bpp=0 cbLine=0x0 flags=0x2 origin=0,0
00:01:30.083418 Display::i_handleDisplayResize: uScreenId=0 pvVRAM=0000024e03830000 w=1366 h=1155 bpp=32 cbLine=0x1558 flags=0x1 origin=0,0
00:01:30.103207 GUI: UIMachineView::sltPerformGuestResize: Sending guest size-hint to screen 0 as 1177x1155
00:01:30.103234 VMMDev: SetVideoModeHint: Got a video mode hint (1177x1155x32)@(0x0),(1;0) at 0
00:01:30.117051 VMMDev: Guest Log: 21:29:50.153728 dp-svga-x11  output[0] successfully configured
00:01:30.129510 GUI: UIMachineLogic: Guest-screen count changed
00:01:30.145029 GUI: UIMachineView::sltPerformGuestResize: Sending guest size-hint to screen 0 as 1365x1155
00:01:30.145066 VMMDev: SetVideoModeHint: Got a video mode hint (1365x1155x32)@(0x0),(1;0) at 0
00:01:30.149257 GUI: UIMachineView::sltPerformGuestResize: Omitting to send size-hint 1365x1155 to guest-screen 0 because this hint was previously sent.
00:01:30.153700 Display::i_handleDisplayResize: uScreenId=0 pvVRAM=0000000000000000 w=1366 h=1155 bpp=0 cbLine=0x0 flags=0x2 origin=0,0
00:01:30.156922 Display::i_handleDisplayResize: uScreenId=0 pvVRAM=0000024e06820000 w=1177 h=1155 bpp=32 cbLine=0x1264 flags=0x1 origin=0,0
00:01:30.189716 VMMDev: Guest Log: 21:29:50.226368 dp-svga-x11  output[0] successfully configured
00:01:30.200497 GUI: UIMachineLogic: Guest-screen count changed
00:01:30.216255 GUI: UIMachineView::sltPerformGuestResize: Sending guest size-hint to screen 0 as 1176x1155
00:01:30.216283 VMMDev: SetVideoModeHint: Got a video mode hint (1176x1155x32)@(0x0),(1;0) at 0
00:01:30.216408 GUI: UIMediumEnumerator: Medium-enumeration finished!
00:01:30.218073 Display::i_handleDisplayResize: uScreenId=0 pvVRAM=0000000000000000 w=1177 h=1155 bpp=0 cbLine=0x0 flags=0x2 origin=0,0
00:01:30.221670 Display::i_handleDisplayResize: uScreenId=0 pvVRAM=0000024e06820000 w=1365 h=1155 bpp=32 cbLine=0x1554 flags=0x1 origin=0,0
00:01:30.253829 GUI: UIMachineView::sltPerformGuestResize: Sending guest size-hint to screen 0 as 1079x1155
00:01:30.253856 VMMDev: SetVideoModeHint: Got a video mode hint (1079x1155x32)@(0x0),(1;0) at 0
00:01:30.258833 VMMDev: Guest Log: 21:29:50.295517 dp-svga-x11  output[0] successfully configured
00:01:30.285465 Display::i_handleDisplayResize: uScreenId=0 pvVRAM=0000000000000000 w=1365 h=1155 bpp=0 cbLine=0x0 flags=0x2 origin=0,0
00:01:30.286107 GUI: UIMachineLogic: Guest-screen count changed
00:01:30.288856 Display::i_handleDisplayResize: uScreenId=0 pvVRAM=0000024e03820000 w=1079 h=1155 bpp=32 cbLine=0x10DC flags=0x1 origin=0,0
00:01:30.289777 GUI: UIMachineView::sltPerformGuestResize: Omitting to send size-hint 1365x1155 to guest-screen 0 because frame-buffer is already of the same size.
00:01:30.322284 VMMDev: Guest Log: 21:29:50.358942 dp-svga-x11  output[0] successfully configured
00:01:30.339690 GUI: UIMachineLogic: Guest-screen count changed
00:01:30.339779 GUI: UIMediumEnumerator: Medium-enumeration finished!
00:01:30.351203 GUI: UIMachineView::sltPerformGuestResize: Sending guest size-hint to screen 0 as 1078x1155
00:01:30.351237 VMMDev: SetVideoModeHint: Got a video mode hint (1078x1155x32)@(0x0),(1;0) at 0
00:01:30.387340 GUI: UIMachineView::sltPerformGuestResize: Sending guest size-hint to screen 0 as 1071x1155
00:01:30.387372 VMMDev: SetVideoModeHint: Got a video mode hint (1071x1155x32)@(0x0),(1;0) at 0
00:01:30.408744 GUI: UIMachineView::sltPerformGuestResize: Omitting to send size-hint 1071x1155 to guest-screen 0 because this hint was previously sent.
00:01:30.411819 GUI: UIMediumEnumerator: Medium-enumeration finished!
00:01:30.419820 GUI: UIMachineView::sltPerformGuestResize: Omitting to send size-hint 1071x1155 to guest-screen 0 because this hint was previously sent.
00:01:30.447418 VMMDev: Guest Log: 21:29:50.484101 X11 events  Monitor 0 (w,h)=(1079,1155) (x,y)=(0,0)
00:01:30.447684 VMMDev: Guest Log: 21:29:50.484369 X11 events  Sending monitor positions (8 of them)  to the host: VINF_SUCCESS
00:01:30.447868 VMMDev: Guest Log: 21:29:50.484573 X11 events  received X11 event (89)
00:01:30.448060 VMMDev: Guest Log: 21:29:50.484760 X11 events  RRScreenChangeNotify event received
00:01:30.458083 Display::i_handleDisplayResize: uScreenId=0 pvVRAM=0000000000000000 w=1079 h=1155 bpp=0 cbLine=0x0 flags=0x2 origin=0,0
00:01:30.459970 Display::i_handleDisplayResize: uScreenId=0 pvVRAM=0000024e036d0000 w=1078 h=1155 bpp=32 cbLine=0x10D8 flags=0x1 origin=0,0
00:01:30.463710 GUI: UIMachineView::sltPerformGuestResize: Omitting to send size-hint 1071x1155 to guest-screen 0 because this hint was previously sent.
00:01:30.473801 GUI: UIMachineLogic: Guest-screen count changed
00:01:30.486978 GUI: UIMachineView::sltPerformGuestResize: Omitting to send size-hint 1078x1155 to guest-screen 0 because frame-buffer is already of the same size.
00:01:30.487614 VMMDev: Guest Log: 21:29:50.524293 dp-svga-x11  output[0] successfully configured
00:01:30.500754 Display::i_handleDisplayResize: uScreenId=0 pvVRAM=0000000000000000 w=1078 h=1155 bpp=0 cbLine=0x0 flags=0x2 origin=0,0
00:01:30.502368 Display::i_handleDisplayResize: uScreenId=0 pvVRAM=0000024e066d0000 w=1071 h=1155 bpp=32 cbLine=0x10BC flags=0x1 origin=0,0
00:01:30.512796 GUI: UIMachineLogic: Guest-screen count changed
00:01:30.530311 GUI: UIMachineView::sltPerformGuestResize: Omitting to send size-hint 1071x1155 to guest-screen 0 because frame-buffer is already of the same size.
00:01:30.531584 VMMDev: Guest Log: 21:29:50.568268 dp-svga-x11  output[0] successfully configured
00:01:30.568329 GUI: UIMachineView::sltPerformGuestResize: Omitting to send size-hint 1071x1155 to guest-screen 0 because frame-buffer is already of the same size.
00:01:30.585450 VMMDev: Guest Log: 21:29:50.622133 X11 events  Monitor 0 (w,h)=(1071,1155) (x,y)=(0,0)
00:01:30.592004 VMMDev: Guest Log: 21:29:50.628684 X11 events  Sending monitor positions (8 of them)  to the host: VINF_SUCCESS
00:01:30.600318 GUI: UIMachineView::sltPerformGuestResize: Omitting to send size-hint 1071x1155 to guest-screen 0 because frame-buffer is already of the same size.
00:01:30.609097 VMMDev: Guest Log: 21:29:50.645796 X11 events  received X11 event (89)
00:01:30.609186 VMMDev: Guest Log: 21:29:50.645887 X11 events  RRScreenChangeNotify event received
00:01:30.621199 VMMDev: Guest Log: 21:29:50.657884 X11 events  Monitor 0 (w,h)=(1071,1155) (x,y)=(0,0)
00:01:30.621355 VMMDev: Guest Log: 21:29:50.658040 X11 events  Sending monitor positions (8 of them)  to the host: VINF_SUCCESS
00:01:30.621476 VMMDev: Guest Log: 21:29:50.658182 X11 events  received X11 event (89)
00:01:30.621570 VMMDev: Guest Log: 21:29:50.658272 X11 events  RRScreenChangeNotify event received
00:01:30.623931 GUI: UIMachineView::sltPerformGuestResize: Omitting to send size-hint 1071x1155 to guest-screen 0 because frame-buffer is already of the same size.
00:01:30.634511 VMMDev: Guest Log: 21:29:50.671192 X11 events  Monitor 0 (w,h)=(1071,1155) (x,y)=(0,0)
00:01:30.634893 VMMDev: Guest Log: 21:29:50.671582 X11 events  Sending monitor positions (8 of them)  to the host: VINF_SUCCESS
00:01:30.635085 VMMDev: Guest Log: 21:29:50.671794 X11 events  received X11 event (89)
00:01:30.635175 VMMDev: Guest Log: 21:29:50.671876 X11 events  RRScreenChangeNotify event received
00:01:30.665909 GUI: UIMachineView::sltPerformGuestResize: Omitting to send size-hint 1071x1155 to guest-screen 0 because frame-buffer is already of the same size.
00:01:30.674095 VMMDev: Guest Log: 21:29:50.710783 X11 events  Monitor 0 (w,h)=(1071,1155) (x,y)=(0,0)
00:01:30.674226 VMMDev: Guest Log: 21:29:50.710913 X11 events  Sending monitor positions (8 of them)  to the host: VINF_SUCCESS
00:01:30.674304 VMMDev: Guest Log: 21:29:50.711013 X11 events  received X11 event (89)
00:01:30.674388 VMMDev: Guest Log: 21:29:50.711090 X11 events  RRScreenChangeNotify event received
00:01:30.710284 VMMDev: Guest Log: 21:29:50.746977 X11 events  Monitor 0 (w,h)=(1071,1155) (x,y)=(0,0)
00:01:30.710428 VMMDev: Guest Log: 21:29:50.747119 X11 events  Sending monitor positions (8 of them)  to the host: VINF_SUCCESS
00:01:30.710509 VMMDev: Guest Log: 21:29:50.747221 X11 events  received X11 event (89)
00:01:30.710593 VMMDev: Guest Log: 21:29:50.747299 X11 events  RRScreenChangeNotify event received
00:01:30.715714 VMMDev: Guest Log: 21:29:50.752407 X11 events  Monitor 0 (w,h)=(1071,1155) (x,y)=(0,0)
00:01:30.748759 VMMDev: Guest Log: 21:29:50.785437 X11 events  Sending monitor positions (8 of them)  to the host: VINF_SUCCESS
00:01:30.748858 VMMDev: Guest Log: 21:29:50.785565 X11 events  received X11 event (89)
00:01:30.748957 VMMDev: Guest Log: 21:29:50.785644 X11 events  RRScreenChangeNotify event received
00:01:30.767711 VMMDev: Guest Log: 21:29:50.804215 X11 events  Monitor 0 (w,h)=(1071,1155) (x,y)=(0,0)
00:01:30.769022 GUI: UIMachineView::sltPerformGuestResize: Omitting to send size-hint 1071x1155 to guest-screen 0 because frame-buffer is already of the same size.
00:01:30.783085 VMMDev: Guest Log: 21:29:50.819762 X11 events  Sending monitor positions (8 of them)  to the host: VINF_SUCCESS
00:01:30.783669 VMMDev: Guest Log: 21:29:50.820376 X11 events  received X11 event (89)
00:01:30.783883 VMMDev: Guest Log: 21:29:50.820581 X11 events  RRScreenChangeNotify event received
00:01:30.808534 GUI: UIMachineView::sltPerformGuestResize: Omitting to send size-hint 1071x1155 to guest-screen 0 because frame-buffer is already of the same size.
00:01:30.822209 VMMDev: Guest Log: 21:29:50.858872 X11 events  Monitor 0 (w,h)=(1071,1155) (x,y)=(0,0)
00:01:30.827514 GUI: UIMediumEnumerator: Medium-enumeration finished!
00:01:30.855549 VMMDev: Guest Log: 21:29:50.892168 X11 events  Sending monitor positions (8 of them)  to the host: VINF_SUCCESS
00:01:30.873495 VMMDev: Guest Log: 21:29:50.910160 X11 events  received X11 event (89)
00:01:30.873790 VMMDev: Guest Log: 21:29:50.910485 X11 events  RRScreenChangeNotify event received
00:01:30.882972 VMMDev: Guest Log: 21:29:50.919651 X11 events  Monitor 0 (w,h)=(1071,1155) (x,y)=(0,0)
00:01:30.883640 VMMDev: Guest Log: 21:29:50.920276 X11 events  Sending monitor positions (8 of them)  to the host: VINF_SUCCESS
00:01:30.883830 VMMDev: Guest Log: 21:29:50.920531 X11 events  received X11 event (89)
00:01:30.883925 VMMDev: Guest Log: 21:29:50.920612 X11 events  RRScreenChangeNotify event received
00:01:30.892016 VMMDev: Guest Log: 21:29:50.928705 X11 events  Monitor 0 (w,h)=(1071,1155) (x,y)=(0,0)
00:01:30.892204 VMMDev: Guest Log: 21:29:50.928893 X11 events  Sending monitor positions (8 of them)  to the host: VINF_SUCCESS
00:01:30.892291 VMMDev: Guest Log: 21:29:50.929002 X11 events  received X11 event (89)
00:01:30.898078 VMMDev: Guest Log: 21:29:50.934766 X11 events  RRScreenChangeNotify event received
00:01:30.909823 VMMDev: Guest Log: 21:29:50.946508 X11 events  Monitor 0 (w,h)=(1071,1155) (x,y)=(0,0)
00:01:30.921004 VMMDev: Guest Log: 21:29:50.957681 X11 events  Sending monitor positions (8 of them)  to the host: VINF_SUCCESS
00:01:30.921897 VMMDev: Guest Log: 21:29:50.958598 X11 events  received X11 event (89)
00:01:30.921988 VMMDev: Guest Log: 21:29:50.958689 X11 events  RRScreenChangeNotify event received
00:01:30.928794 VMMDev: Guest Log: 21:29:50.965485 X11 events  Monitor 0 (w,h)=(1071,1155) (x,y)=(0,0)
00:01:30.928922 VMMDev: Guest Log: 21:29:50.965606 X11 events  Sending monitor positions (8 of them)  to the host: VINF_SUCCESS
00:01:30.929004 VMMDev: Guest Log: 21:29:50.965707 X11 events  received X11 event (89)
00:01:30.929090 VMMDev: Guest Log: 21:29:50.965787 X11 events  RRScreenChangeNotify event received
00:01:30.954186 VMMDev: Guest Log: 21:29:50.990858 X11 events  Monitor 0 (w,h)=(1071,1155) (x,y)=(0,0)
00:01:30.954970 VMMDev: Guest Log: 21:29:50.991655 X11 events  Sending monitor positions (8 of them)  to the host: VINF_SUCCESS
00:01:30.955152 VMMDev: Guest Log: 21:29:50.991859 X11 events  received X11 event (89)
00:01:30.955236 VMMDev: Guest Log: 21:29:50.991939 X11 events  RRScreenChangeNotify event received
00:01:30.981968 VMMDev: Guest Log: 21:29:51.018646 X11 events  Monitor 0 (w,h)=(1071,1155) (x,y)=(0,0)
00:01:30.982420 VMMDev: Guest Log: 21:29:51.019104 X11 events  Sending monitor positions (8 of them)  to the host: VINF_SUCCESS
00:01:30.982503 VMMDev: Guest Log: 21:29:51.019206 X11 events  received X11 event (89)
00:01:30.982684 VMMDev: Guest Log: 21:29:51.019383 X11 events  RRScreenChangeNotify event received
00:01:31.008738 VMMDev: Guest Log: 21:29:51.045431 X11 events  Monitor 0 (w,h)=(1071,1155) (x,y)=(0,0)
00:01:31.009750 VMMDev: Guest Log: 21:29:51.046440 X11 events  Sending monitor positions (8 of them)  to the host: VINF_SUCCESS
00:01:31.009832 VMMDev: Guest Log: 21:29:51.046542 X11 events  received X11 event (89)
00:01:31.009916 VMMDev: Guest Log: 21:29:51.046621 X11 events  RRScreenChangeNotify event received
00:01:31.023802 VMMDev: Guest Log: 21:29:51.060492 X11 events  Monitor 0 (w,h)=(1071,1155) (x,y)=(0,0)
00:01:31.033898 VMMDev: Guest Log: 21:29:51.070580 X11 events  Sending monitor positions (8 of them)  to the host: VINF_SUCCESS
00:01:31.033943 VMMDev: Guest Log: 21:29:51.070706 X11 events  received X11 event (89)
00:01:31.033943 VMMDev: Guest Log: 21:29:51.070784 X11 events  RRScreenChangeNotify event received
00:01:31.038120 VMMDev: Guest Log: 21:29:51.074812 X11 events  Monitor 0 (w,h)=(1071,1155) (x,y)=(0,0)
00:01:31.039092 VMMDev: Guest Log: 21:29:51.075778 X11 events  Sending monitor positions (8 of them)  to the host: VINF_SUCCESS
00:01:31.039173 VMMDev: Guest Log: 21:29:51.075881 X11 events  received X11 event (89)
00:01:31.039257 VMMDev: Guest Log: 21:29:51.075959 X11 events  RRScreenChangeNotify event received
00:01:31.040467 VMMDev: Guest Log: 21:29:51.077162 X11 events  Monitor 0 (w,h)=(1071,1155) (x,y)=(0,0)
00:01:31.045594 VMMDev: Guest Log: 21:29:51.082273 X11 events  Sending monitor positions (8 of them)  to the host: VINF_SUCCESS
00:01:31.045678 VMMDev: Guest Log: 21:29:51.082380 X11 events  received X11 event (89)
00:01:31.045893 VMMDev: Guest Log: 21:29:51.082460 X11 events  RRScreenChangeNotify event received
00:01:31.055466 VMMDev: Guest Log: 21:29:51.092262 X11 events  Monitor 0 (w,h)=(1071,1155) (x,y)=(0,0)
00:01:31.055845 VMMDev: Guest Log: 21:29:51.092481 X11 events  Sending monitor positions (8 of them)  to the host: VINF_SUCCESS
00:01:31.055962 VMMDev: Guest Log: 21:29:51.092637 X11 events  received X11 event (89)
00:01:31.056086 VMMDev: Guest Log: 21:29:51.092751 X11 events  RRScreenChangeNotify event received
00:01:31.065481 VMMDev: Guest Log: 21:29:51.102161 X11 events  Monitor 0 (w,h)=(1071,1155) (x,y)=(0,0)
00:01:31.065697 VMMDev: Guest Log: 21:29:51.102371 X11 events  Sending monitor positions (8 of them)  to the host: VINF_SUCCESS
00:01:31.065912 VMMDev: Guest Log: 21:29:51.102533 X11 events  received X11 event (89)
00:01:31.066001 VMMDev: Guest Log: 21:29:51.102706 X11 events  RRScreenChangeNotify event received
00:01:31.071831 VMMDev: Guest Log: 21:29:51.108460 X11 events  Monitor 0 (w,h)=(1071,1155) (x,y)=(0,0)
00:01:31.072045 VMMDev: Guest Log: 21:29:51.108687 X11 events  Sending monitor positions (8 of them)  to the host: VINF_SUCCESS
00:01:31.073681 VMMDev: Guest Log: 21:29:51.110382 X11 events  received X11 event (89)
00:01:31.073844 VMMDev: Guest Log: 21:29:51.110524 X11 events  RRScreenChangeNotify event received
00:01:31.079270 VMMDev: Guest Log: 21:29:51.115891 X11 events  Monitor 0 (w,h)=(1071,1155) (x,y)=(0,0)
00:01:31.106396 VMMDev: Guest Log: 21:29:51.143073 X11 events  Sending monitor positions (8 of them)  to the host: VINF_SUCCESS
00:01:31.106494 VMMDev: Guest Log: 21:29:51.143203 X11 events  received X11 event (89)
00:01:31.106584 VMMDev: Guest Log: 21:29:51.143285 X11 events  RRScreenChangeNotify event received
00:01:31.110198 VMMDev: Guest Log: 21:29:51.146883 X11 events  Monitor 0 (w,h)=(1071,1155) (x,y)=(0,0)
00:01:31.114304 VMMDev: Guest Log: 21:29:51.150934 X11 events  Sending monitor positions (8 of them)  to the host: VINF_SUCCESS
00:01:31.114429 VMMDev: Guest Log: 21:29:51.151107 X11 events  received X11 event (89)
00:01:31.114528 VMMDev: Guest Log: 21:29:51.151222 X11 events  RRScreenChangeNotify event received
00:01:31.121667 VMMDev: Guest Log: 21:29:51.158341 X11 events  Monitor 0 (w,h)=(1071,1155) (x,y)=(0,0)
00:01:31.121802 VMMDev: Guest Log: 21:29:51.158483 X11 events  Sending monitor positions (8 of them)  to the host: VINF_SUCCESS
00:01:31.121884 VMMDev: Guest Log: 21:29:51.158587 X11 events  received X11 event (89)
00:01:31.121971 VMMDev: Guest Log: 21:29:51.158666 X11 events  RRScreenChangeNotify event received
00:01:31.139280 VMMDev: Guest Log: 21:29:51.175959 X11 events  Monitor 0 (w,h)=(1071,1155) (x,y)=(0,0)
00:01:31.148807 VMMDev: Guest Log: 21:29:51.185487 X11 events  Sending monitor positions (8 of them)  to the host: VINF_SUCCESS
00:01:31.148900 VMMDev: Guest Log: 21:29:51.185608 X11 events  received X11 event (89)
00:01:31.148987 VMMDev: Guest Log: 21:29:51.185689 X11 events  RRScreenChangeNotify event received
00:01:31.174152 VMMDev: Guest Log: 21:29:51.210833 X11 events  Monitor 0 (w,h)=(1071,1155) (x,y)=(0,0)
00:01:31.174874 VMMDev: Guest Log: 21:29:51.211554 X11 events  Sending monitor positions (8 of them)  to the host: VINF_SUCCESS
00:01:31.174958 VMMDev: Guest Log: 21:29:51.211660 X11 events  received X11 event (89)
00:01:31.175044 VMMDev: Guest Log: 21:29:51.211741 X11 events  RRScreenChangeNotify event received
00:01:31.176646 VMMDev: Guest Log: 21:29:51.213336 X11 events  Monitor 0 (w,h)=(1071,1155) (x,y)=(0,0)
00:01:31.177312 VMMDev: Guest Log: 21:29:51.213996 X11 events  Sending monitor positions (8 of them)  to the host: VINF_SUCCESS
00:01:31.177404 VMMDev: Guest Log: 21:29:51.214099 X11 events  received X11 event (89)
00:01:31.177492 VMMDev: Guest Log: 21:29:51.214189 X11 events  RRScreenChangeNotify event received
00:01:31.192952 VMMDev: Guest Log: 21:29:51.229645 X11 events  Monitor 0 (w,h)=(1071,1155) (x,y)=(0,0)
00:01:31.193088 VMMDev: Guest Log: 21:29:51.229776 X11 events  Sending monitor positions (8 of them)  to the host: VINF_SUCCESS
00:01:31.193171 VMMDev: Guest Log: 21:29:51.229881 X11 events  received X11 event (89)
00:01:31.193360 VMMDev: Guest Log: 21:29:51.230062 X11 events  RRScreenChangeNotify event received
00:01:31.222845 VMMDev: Guest Log: 21:29:51.259517 X11 events  Monitor 0 (w,h)=(1071,1155) (x,y)=(0,0)
00:01:31.223178 VMMDev: Guest Log: 21:29:51.259816 X11 events  Sending monitor positions (8 of them)  to the host: VINF_SUCCESS
00:27:43.446948 WasAPI: Device state for '{0.0.0.00000000}.{5b0fcb36-0ec0-4895-bb05-a2225bd30d40}' changed to UNPLUGGED (0x8)
00:27:43.447008 Audio: Device configuration of driver 'WasAPI' has changed
00:27:43.470748 WasAPI: Device state for '{0.0.0.00000000}.{5b0fcb36-0ec0-4895-bb05-a2225bd30d40}' changed to NOTPRESENT (0x4)
00:27:43.470769 Audio: Device configuration of driver 'WasAPI' has changed
00:27:43.495609 WasAPI: Device state for '{0.0.0.00000000}.{0139d813-1597-437b-b8d0-97530fa72552}' changed to UNPLUGGED (0x8)
00:27:43.495628 Audio: Device configuration of driver 'WasAPI' has changed
00:27:43.518007 WasAPI: Device state for '{0.0.0.00000000}.{0139d813-1597-437b-b8d0-97530fa72552}' changed to NOTPRESENT (0x4)
00:27:43.518026 Audio: Device configuration of driver 'WasAPI' has changed
00:27:43.540610 WasAPI: Device state for '{0.0.0.00000000}.{a7193894-7d9a-4562-bca1-6515bd72928f}' changed to UNPLUGGED (0x8)
00:27:43.540627 Audio: Device configuration of driver 'WasAPI' has changed
00:27:43.563134 WasAPI: Device state for '{0.0.0.00000000}.{a7193894-7d9a-4562-bca1-6515bd72928f}' changed to NOTPRESENT (0x4)
00:27:43.563156 Audio: Device configuration of driver 'WasAPI' has changed
00:27:43.589741 WasAPI: Device state for '{0.0.0.00000000}.{c93865de-122a-4dc6-a0b9-0247c4e2600b}' changed to UNPLUGGED (0x8)
00:27:43.589774 Audio: Device configuration of driver 'WasAPI' has changed
00:27:43.611224 WasAPI: Device state for '{0.0.0.00000000}.{c93865de-122a-4dc6-a0b9-0247c4e2600b}' changed to NOTPRESENT (0x4)
00:27:43.611244 Audio: Device configuration of driver 'WasAPI' has changed
00:27:43.640162 WasAPI: Device state for '{0.0.0.00000000}.{5b0fcb36-0ec0-4895-bb05-a2225bd30d40}' changed to UNPLUGGED (0x8)
00:27:43.640180 Audio: Device configuration of driver 'WasAPI' has changed
00:27:43.663099 WasAPI: Device state for '{0.0.0.00000000}.{5b0fcb36-0ec0-4895-bb05-a2225bd30d40}' changed to NOTPRESENT (0x4)
00:27:43.663118 Audio: Device configuration of driver 'WasAPI' has changed
00:27:43.687073 WasAPI: Device state for '{0.0.0.00000000}.{0139d813-1597-437b-b8d0-97530fa72552}' changed to UNPLUGGED (0x8)
00:27:43.687095 Audio: Device configuration of driver 'WasAPI' has changed
00:27:43.708583 WasAPI: Device state for '{0.0.0.00000000}.{0139d813-1597-437b-b8d0-97530fa72552}' changed to NOTPRESENT (0x4)
00:27:43.708603 Audio: Device configuration of driver 'WasAPI' has changed
00:27:43.731948 WasAPI: Device state for '{0.0.0.00000000}.{a7193894-7d9a-4562-bca1-6515bd72928f}' changed to UNPLUGGED (0x8)
00:27:43.731964 Audio: Device configuration of driver 'WasAPI' has changed
00:27:43.753794 WasAPI: Device state for '{0.0.0.00000000}.{a7193894-7d9a-4562-bca1-6515bd72928f}' changed to NOTPRESENT (0x4)
00:27:43.753810 Audio: Device configuration of driver 'WasAPI' has changed
00:27:43.779749 WasAPI: Device state for '{0.0.0.00000000}.{c93865de-122a-4dc6-a0b9-0247c4e2600b}' changed to UNPLUGGED (0x8)
00:27:43.779771 Audio: Device configuration of driver 'WasAPI' has changed
00:27:43.801580 WasAPI: Device state for '{0.0.0.00000000}.{c93865de-122a-4dc6-a0b9-0247c4e2600b}' changed to NOTPRESENT (0x4)
00:27:43.801601 Audio: Device configuration of driver 'WasAPI' has changed
00:27:43.827158 WasAPI: Device state for '{0.0.0.00000000}.{5b0fcb36-0ec0-4895-bb05-a2225bd30d40}' changed to UNPLUGGED (0x8)
00:27:43.827181 Audio: Device configuration of driver 'WasAPI' has changed
00:27:43.849300 WasAPI: Device state for '{0.0.0.00000000}.{5b0fcb36-0ec0-4895-bb05-a2225bd30d40}' changed to NOTPRESENT (0x4)
00:27:43.849344 Audio: Device configuration of driver 'WasAPI' has changed
00:27:43.873366 WasAPI: Device state for '{0.0.0.00000000}.{0139d813-1597-437b-b8d0-97530fa72552}' changed to UNPLUGGED (0x8)
00:27:43.873386 Audio: Device configuration of driver 'WasAPI' has changed
00:27:43.894496 WasAPI: Device state for '{0.0.0.00000000}.{0139d813-1597-437b-b8d0-97530fa72552}' changed to NOTPRESENT (0x4)
00:27:43.894514 Audio: Device configuration of driver 'WasAPI' has changed
00:27:43.915815 WasAPI: Device state for '{0.0.0.00000000}.{a7193894-7d9a-4562-bca1-6515bd72928f}' changed to UNPLUGGED (0x8)
00:27:43.915830 Audio: Device configuration of driver 'WasAPI' has changed
00:27:43.937704 WasAPI: Device state for '{0.0.0.00000000}.{a7193894-7d9a-4562-bca1-6515bd72928f}' changed to NOTPRESENT (0x4)
00:27:43.937726 Audio: Device configuration of driver 'WasAPI' has changed
00:27:43.963771 WasAPI: Device state for '{0.0.0.00000000}.{c93865de-122a-4dc6-a0b9-0247c4e2600b}' changed to UNPLUGGED (0x8)
00:27:43.963792 Audio: Device configuration of driver 'WasAPI' has changed
00:27:43.985368 WasAPI: Device state for '{0.0.0.00000000}.{c93865de-122a-4dc6-a0b9-0247c4e2600b}' changed to NOTPRESENT (0x4)
00:27:43.985388 Audio: Device configuration of driver 'WasAPI' has changed
00:27:44.325186 Audio: Found 6 devices for driver 'WasAPI'
00:27:44.325204 Audio: Device 'Headphones (HyperX Cloud Alpha Wireless)':
00:27:44.325204 Audio:   ID              = {0.0.0.00000000}.{59bc9c6b-b558-4f65-8054-444a2b04dbe7}
00:27:44.325205 Audio:   Usage           = output
00:27:44.325205 Audio:   Flags           = DEFAULT_OUT
00:27:44.325205 Audio:   Input channels  = 0
00:27:44.325206 Audio:   Output channels = 2
00:27:44.325210 Audio: Device 'Headphones (HyperX Cloud Alpha Wireless)':
00:27:44.325210 Audio:   ID              = {0.0.0.00000000}.{59bc9c6b-b558-4f65-8054-444a2b04dbe7}
00:27:44.325210 Audio:   Usage           = output
00:27:44.325210 Audio:   Flags           = NONE
00:27:44.325210 Audio:   Input channels  = 0
00:27:44.325211 Audio:   Output channels = 2
00:27:44.325213 Audio: Device 'Headphones (WH-1000XM6)':
00:27:44.325213 Audio:   ID              = {0.0.0.00000000}.{c05eb996-00c0-4351-b37d-7d2fd2a16073}
00:27:44.325213 Audio:   Usage           = output
00:27:44.325214 Audio:   Flags           = NONE
00:27:44.325214 Audio:   Input channels  = 0
00:27:44.325214 Audio:   Output channels = 2
00:27:44.325216 Audio: Device 'Microphone (HyperX Cloud Alpha Wireless)':
00:27:44.325217 Audio:   ID              = {0.0.1.00000000}.{40aabd5b-0159-40c0-b67d-3fc18ac9ecf1}
00:27:44.325217 Audio:   Usage           = input
00:27:44.325217 Audio:   Flags           = DEFAULT_IN
00:27:44.325217 Audio:   Input channels  = 1
00:27:44.325217 Audio:   Output channels = 0
00:27:44.325220 Audio: Device 'Microphone (HyperX Cloud Alpha Wireless)':
00:27:44.325220 Audio:   ID              = {0.0.1.00000000}.{40aabd5b-0159-40c0-b67d-3fc18ac9ecf1}
00:27:44.325220 Audio:   Usage           = input
00:27:44.325220 Audio:   Flags           = NONE
00:27:44.325220 Audio:   Input channels  = 1
00:27:44.325220 Audio:   Output channels = 0
00:27:44.325223 Audio: Device 'Headset (WH-1000XM6)':
00:27:44.325223 Audio:   ID              = {0.0.1.00000000}.{6662829d-4b5f-4494-9ecf-69f78b48846e}
00:27:44.325223 Audio:   Usage           = input
00:27:44.325223 Audio:   Flags           = NONE
00:27:44.325223 Audio:   Input channels  = 1
00:27:44.325224 Audio:   Output channels = 0
00:29:27.709705 WasAPI: Device state for '{0.0.0.00000000}.{5b0fcb36-0ec0-4895-bb05-a2225bd30d40}' changed to UNPLUGGED (0x8)
00:29:27.709725 Audio: Device configuration of driver 'WasAPI' has changed
00:29:27.732240 WasAPI: Device state for '{0.0.0.00000000}.{5b0fcb36-0ec0-4895-bb05-a2225bd30d40}' changed to NOTPRESENT (0x4)
00:29:27.732263 Audio: Device configuration of driver 'WasAPI' has changed
00:29:27.757396 WasAPI: Device state for '{0.0.0.00000000}.{0139d813-1597-437b-b8d0-97530fa72552}' changed to UNPLUGGED (0x8)
00:29:27.757414 Audio: Device configuration of driver 'WasAPI' has changed
00:29:27.779415 WasAPI: Device state for '{0.0.0.00000000}.{0139d813-1597-437b-b8d0-97530fa72552}' changed to NOTPRESENT (0x4)
00:29:27.779445 Audio: Device configuration of driver 'WasAPI' has changed
00:29:27.801816 WasAPI: Device state for '{0.0.0.00000000}.{a7193894-7d9a-4562-bca1-6515bd72928f}' changed to UNPLUGGED (0x8)
00:29:27.801836 Audio: Device configuration of driver 'WasAPI' has changed
00:29:27.825824 WasAPI: Device state for '{0.0.0.00000000}.{a7193894-7d9a-4562-bca1-6515bd72928f}' changed to NOTPRESENT (0x4)
00:29:27.825847 Audio: Device configuration of driver 'WasAPI' has changed
00:29:27.916789 WasAPI: Device state for '{0.0.0.00000000}.{c93865de-122a-4dc6-a0b9-0247c4e2600b}' changed to ACTIVE (0x1)
00:29:27.916814 Audio: Device configuration of driver 'WasAPI' has changed
00:29:27.957215 WasAPI: Device state for '{0.0.0.00000000}.{5b0fcb36-0ec0-4895-bb05-a2225bd30d40}' changed to UNPLUGGED (0x8)
00:29:27.957238 Audio: Device configuration of driver 'WasAPI' has changed
00:29:27.979447 WasAPI: Device state for '{0.0.0.00000000}.{5b0fcb36-0ec0-4895-bb05-a2225bd30d40}' changed to NOTPRESENT (0x4)
00:29:27.979467 Audio: Device configuration of driver 'WasAPI' has changed
00:29:28.029112 WasAPI: Device state for '{0.0.0.00000000}.{0139d813-1597-437b-b8d0-97530fa72552}' changed to UNPLUGGED (0x8)
00:29:28.029133 Audio: Device configuration of driver 'WasAPI' has changed
00:29:28.090793 WasAPI: Device state for '{0.0.0.00000000}.{0139d813-1597-437b-b8d0-97530fa72552}' changed to NOTPRESENT (0x4)
00:29:28.090825 Audio: Device configuration of driver 'WasAPI' has changed
00:29:28.142021 WasAPI: Device state for '{0.0.0.00000000}.{a7193894-7d9a-4562-bca1-6515bd72928f}' changed to ACTIVE (0x1)
00:29:28.142043 Audio: Device configuration of driver 'WasAPI' has changed
00:29:28.204542 WasAPI: Device state for '{0.0.0.00000000}.{0139d813-1597-437b-b8d0-97530fa72552}' changed to UNPLUGGED (0x8)
00:29:28.204579 Audio: Device configuration of driver 'WasAPI' has changed
00:29:28.234797 WasAPI: Device state for '{0.0.0.00000000}.{0139d813-1597-437b-b8d0-97530fa72552}' changed to NOTPRESENT (0x4)
00:29:28.234836 Audio: Device configuration of driver 'WasAPI' has changed
00:29:28.303300 WasAPI: Device state for '{0.0.0.00000000}.{5b0fcb36-0ec0-4895-bb05-a2225bd30d40}' changed to ACTIVE (0x1)
00:29:28.303329 Audio: Device configuration of driver 'WasAPI' has changed
00:29:28.393991 WasAPI: Device state for '{0.0.0.00000000}.{0139d813-1597-437b-b8d0-97530fa72552}' changed to UNPLUGGED (0x8)
00:29:28.394036 Audio: Device configuration of driver 'WasAPI' has changed
00:29:28.436669 WasAPI: Device state for '{0.0.0.00000000}.{0139d813-1597-437b-b8d0-97530fa72552}' changed to NOTPRESENT (0x4)
00:29:28.436697 Audio: Device configuration of driver 'WasAPI' has changed
00:29:28.473076 WasAPI: Device state for '{0.0.0.00000000}.{a7193894-7d9a-4562-bca1-6515bd72928f}' changed to UNPLUGGED (0x8)
00:29:28.473097 Audio: Device configuration of driver 'WasAPI' has changed
00:29:28.495231 WasAPI: Device state for '{0.0.0.00000000}.{a7193894-7d9a-4562-bca1-6515bd72928f}' changed to NOTPRESENT (0x4)
00:29:28.495250 Audio: Device configuration of driver 'WasAPI' has changed
00:29:28.528112 WasAPI: Device state for '{0.0.0.00000000}.{c93865de-122a-4dc6-a0b9-0247c4e2600b}' changed to UNPLUGGED (0x8)
00:29:28.528260 Audio: Device configuration of driver 'WasAPI' has changed
00:29:28.553946 WasAPI: Device state for '{0.0.0.00000000}.{c93865de-122a-4dc6-a0b9-0247c4e2600b}' changed to NOTPRESENT (0x4)
00:29:28.553970 Audio: Device configuration of driver 'WasAPI' has changed
00:29:28.594345 WasAPI: Device state for '{0.0.0.00000000}.{0139d813-1597-437b-b8d0-97530fa72552}' changed to UNPLUGGED (0x8)
00:29:28.594364 Audio: Device configuration of driver 'WasAPI' has changed
00:29:28.616761 WasAPI: Device state for '{0.0.0.00000000}.{0139d813-1597-437b-b8d0-97530fa72552}' changed to NOTPRESENT (0x4)
00:29:28.616778 Audio: Device configuration of driver 'WasAPI' has changed
00:29:28.638494 WasAPI: Device state for '{0.0.0.00000000}.{a7193894-7d9a-4562-bca1-6515bd72928f}' changed to UNPLUGGED (0x8)
00:29:28.638514 Audio: Device configuration of driver 'WasAPI' has changed
00:29:28.659221 WasAPI: Device state for '{0.0.0.00000000}.{a7193894-7d9a-4562-bca1-6515bd72928f}' changed to NOTPRESENT (0x4)
00:29:28.659238 Audio: Device configuration of driver 'WasAPI' has changed
00:29:28.685334 WasAPI: Device state for '{0.0.0.00000000}.{c93865de-122a-4dc6-a0b9-0247c4e2600b}' changed to UNPLUGGED (0x8)
00:29:28.685351 Audio: Device configuration of driver 'WasAPI' has changed
00:29:28.706357 WasAPI: Device state for '{0.0.0.00000000}.{c93865de-122a-4dc6-a0b9-0247c4e2600b}' changed to NOTPRESENT (0x4)
00:29:28.706378 Audio: Device configuration of driver 'WasAPI' has changed
00:29:29.045803 Audio: Found 7 devices for driver 'WasAPI'
00:29:29.045832 Audio: Device 'Headphones (HyperX Cloud Alpha Wireless)':
00:29:29.045832 Audio:   ID              = {0.0.0.00000000}.{59bc9c6b-b558-4f65-8054-444a2b04dbe7}
00:29:29.045833 Audio:   Usage           = output
00:29:29.045833 Audio:   Flags           = DEFAULT_OUT
00:29:29.045833 Audio:   Input channels  = 0
00:29:29.045834 Audio:   Output channels = 2
00:29:29.045840 Audio: Device 'Headphones (HyperX Cloud Alpha Wireless)':
00:29:29.045841 Audio:   ID              = {0.0.0.00000000}.{59bc9c6b-b558-4f65-8054-444a2b04dbe7}
00:29:29.045841 Audio:   Usage           = output
00:29:29.045841 Audio:   Flags           = NONE
00:29:29.045842 Audio:   Input channels  = 0
00:29:29.045842 Audio:   Output channels = 2
00:29:29.045847 Audio: Device 'LG TV SSCR2 (NVIDIA High Definition Audio)':
00:29:29.045848 Audio:   ID              = {0.0.0.00000000}.{5b0fcb36-0ec0-4895-bb05-a2225bd30d40}
00:29:29.045848 Audio:   Usage           = output
00:29:29.045848 Audio:   Flags           = NONE
00:29:29.045848 Audio:   Input channels  = 0
00:29:29.045849 Audio:   Output channels = 2
00:29:29.045854 Audio: Device 'Headphones (WH-1000XM6)':
00:29:29.045854 Audio:   ID              = {0.0.0.00000000}.{c05eb996-00c0-4351-b37d-7d2fd2a16073}
00:29:29.045854 Audio:   Usage           = output
00:29:29.045855 Audio:   Flags           = NONE
00:29:29.045855 Audio:   Input channels  = 0
00:29:29.045855 Audio:   Output channels = 2
00:29:29.045860 Audio: Device 'Microphone (HyperX Cloud Alpha Wireless)':
00:29:29.045860 Audio:   ID              = {0.0.1.00000000}.{40aabd5b-0159-40c0-b67d-3fc18ac9ecf1}
00:29:29.045860 Audio:   Usage           = input
00:29:29.045861 Audio:   Flags           = DEFAULT_IN
00:29:29.045861 Audio:   Input channels  = 1
00:29:29.045861 Audio:   Output channels = 0
00:29:29.045865 Audio: Device 'Microphone (HyperX Cloud Alpha Wireless)':
00:29:29.045866 Audio:   ID              = {0.0.1.00000000}.{40aabd5b-0159-40c0-b67d-3fc18ac9ecf1}
00:29:29.045866 Audio:   Usage           = input
00:29:29.045866 Audio:   Flags           = NONE
00:29:29.045866 Audio:   Input channels  = 1
00:29:29.045867 Audio:   Output channels = 0
00:29:29.045871 Audio: Device 'Headset (WH-1000XM6)':
00:29:29.045872 Audio:   ID              = {0.0.1.00000000}.{6662829d-4b5f-4494-9ecf-69f78b48846e}
00:29:29.045872 Audio:   Usage           = input
00:29:29.045872 Audio:   Flags           = NONE
00:29:29.045873 Audio:   Input channels  = 1
00:29:29.045873 Audio:   Output channels = 0
00:29:29.655104 WasAPI: Device state for '{0.0.0.00000000}.{0139d813-1597-437b-b8d0-97530fa72552}' changed to UNPLUGGED (0x8)
00:29:29.655139 Audio: Device configuration of driver 'WasAPI' has changed
00:29:29.683778 WasAPI: Device state for '{0.0.0.00000000}.{0139d813-1597-437b-b8d0-97530fa72552}' changed to NOTPRESENT (0x4)
00:29:29.683815 Audio: Device configuration of driver 'WasAPI' has changed
00:29:29.717677 WasAPI: Device state for '{0.0.0.00000000}.{c93865de-122a-4dc6-a0b9-0247c4e2600b}' changed to UNPLUGGED (0x8)
00:29:29.717731 Audio: Device configuration of driver 'WasAPI' has changed
00:29:29.748014 WasAPI: Device state for '{0.0.0.00000000}.{c93865de-122a-4dc6-a0b9-0247c4e2600b}' changed to NOTPRESENT (0x4)
00:29:29.748052 Audio: Device configuration of driver 'WasAPI' has changed
00:29:29.778848 WasAPI: Device state for '{0.0.0.00000000}.{a7193894-7d9a-4562-bca1-6515bd72928f}' changed to ACTIVE (0x1)
00:29:29.778881 Audio: Device configuration of driver 'WasAPI' has changed
00:29:30.117397 Audio: Found 8 devices for driver 'WasAPI'
00:29:30.117424 Audio: Device 'Headphones (HyperX Cloud Alpha Wireless)':
00:29:30.117425 Audio:   ID              = {0.0.0.00000000}.{59bc9c6b-b558-4f65-8054-444a2b04dbe7}
00:29:30.117425 Audio:   Usage           = output
00:29:30.117426 Audio:   Flags           = DEFAULT_OUT
00:29:30.117426 Audio:   Input channels  = 0
00:29:30.117427 Audio:   Output channels = 2
00:29:30.117437 Audio: Device 'Headphones (HyperX Cloud Alpha Wireless)':
00:29:30.117438 Audio:   ID              = {0.0.0.00000000}.{59bc9c6b-b558-4f65-8054-444a2b04dbe7}
00:29:30.117438 Audio:   Usage           = output
00:29:30.117438 Audio:   Flags           = NONE
00:29:30.117439 Audio:   Input channels  = 0
00:29:30.117439 Audio:   Output channels = 2
00:29:30.117446 Audio: Device 'LG TV SSCR2 (NVIDIA High Definition Audio)':
00:29:30.117446 Audio:   ID              = {0.0.0.00000000}.{5b0fcb36-0ec0-4895-bb05-a2225bd30d40}
00:29:30.117446 Audio:   Usage           = output
00:29:30.117447 Audio:   Flags           = NONE
00:29:30.117447 Audio:   Input channels  = 0
00:29:30.117447 Audio:   Output channels = 2
00:29:30.117451 Audio: Device 'MSI G271 (NVIDIA High Definition Audio)':
00:29:30.117451 Audio:   ID              = {0.0.0.00000000}.{a7193894-7d9a-4562-bca1-6515bd72928f}
00:29:30.117452 Audio:   Usage           = output
00:29:30.117452 Audio:   Flags           = NONE
00:29:30.117452 Audio:   Input channels  = 0
00:29:30.117452 Audio:   Output channels = 2
00:29:30.117456 Audio: Device 'Headphones (WH-1000XM6)':
00:29:30.117456 Audio:   ID              = {0.0.0.00000000}.{c05eb996-00c0-4351-b37d-7d2fd2a16073}
00:29:30.117457 Audio:   Usage           = output
00:29:30.117457 Audio:   Flags           = NONE
00:29:30.117457 Audio:   Input channels  = 0
00:29:30.117457 Audio:   Output channels = 2
00:29:30.117461 Audio: Device 'Microphone (HyperX Cloud Alpha Wireless)':
00:29:30.117461 Audio:   ID              = {0.0.1.00000000}.{40aabd5b-0159-40c0-b67d-3fc18ac9ecf1}
00:29:30.117461 Audio:   Usage           = input
00:29:30.117461 Audio:   Flags           = DEFAULT_IN
00:29:30.117462 Audio:   Input channels  = 1
00:29:30.117462 Audio:   Output channels = 0
00:29:30.117465 Audio: Device 'Microphone (HyperX Cloud Alpha Wireless)':
00:29:30.117466 Audio:   ID              = {0.0.1.00000000}.{40aabd5b-0159-40c0-b67d-3fc18ac9ecf1}
00:29:30.117466 Audio:   Usage           = input
00:29:30.117466 Audio:   Flags           = NONE
00:29:30.117466 Audio:   Input channels  = 1
00:29:30.117467 Audio:   Output channels = 0
00:29:30.117470 Audio: Device 'Headset (WH-1000XM6)':
00:29:30.117471 Audio:   ID              = {0.0.1.00000000}.{6662829d-4b5f-4494-9ecf-69f78b48846e}
00:29:30.117471 Audio:   Usage           = input
00:29:30.117471 Audio:   Flags           = NONE
00:29:30.117471 Audio:   Input channels  = 1
00:29:30.117472 Audio:   Output channels = 0
00:29:31.028921 WasAPI: Device state for '{0.0.0.00000000}.{0139d813-1597-437b-b8d0-97530fa72552}' changed to UNPLUGGED (0x8)
00:29:31.028943 Audio: Device configuration of driver 'WasAPI' has changed
00:29:31.048232 WasAPI: Device state for '{0.0.0.00000000}.{0139d813-1597-437b-b8d0-97530fa72552}' changed to NOTPRESENT (0x4)
00:29:31.048251 Audio: Device configuration of driver 'WasAPI' has changed
00:29:31.085629 WasAPI: Device state for '{0.0.0.00000000}.{c93865de-122a-4dc6-a0b9-0247c4e2600b}' changed to ACTIVE (0x1)
00:29:31.085652 Audio: Device configuration of driver 'WasAPI' has changed
00:29:31.424355 Audio: Found 9 devices for driver 'WasAPI'
00:29:31.424371 Audio: Device 'Headphones (HyperX Cloud Alpha Wireless)':
00:29:31.424372 Audio:   ID              = {0.0.0.00000000}.{59bc9c6b-b558-4f65-8054-444a2b04dbe7}
00:29:31.424372 Audio:   Usage           = output
00:29:31.424373 Audio:   Flags           = DEFAULT_OUT
00:29:31.424373 Audio:   Input channels  = 0
00:29:31.424373 Audio:   Output channels = 2
00:29:31.424377 Audio: Device 'Headphones (HyperX Cloud Alpha Wireless)':
00:29:31.424377 Audio:   ID              = {0.0.0.00000000}.{59bc9c6b-b558-4f65-8054-444a2b04dbe7}
00:29:31.424378 Audio:   Usage           = output
00:29:31.424378 Audio:   Flags           = NONE
00:29:31.424378 Audio:   Input channels  = 0
00:29:31.424378 Audio:   Output channels = 2
00:29:31.424381 Audio: Device 'LG TV SSCR2 (NVIDIA High Definition Audio)':
00:29:31.424381 Audio:   ID              = {0.0.0.00000000}.{5b0fcb36-0ec0-4895-bb05-a2225bd30d40}
00:29:31.424381 Audio:   Usage           = output
00:29:31.424381 Audio:   Flags           = NONE
00:29:31.424381 Audio:   Input channels  = 0
00:29:31.424382 Audio:   Output channels = 2
00:29:31.424387 Audio: Device 'MSI G271 (NVIDIA High Definition Audio)':
00:29:31.424388 Audio:   ID              = {0.0.0.00000000}.{a7193894-7d9a-4562-bca1-6515bd72928f}
00:29:31.424388 Audio:   Usage           = output
00:29:31.424388 Audio:   Flags           = NONE
00:29:31.424388 Audio:   Input channels  = 0
00:29:31.424388 Audio:   Output channels = 2
00:29:31.424392 Audio: Device 'Headphones (WH-1000XM6)':
00:29:31.424393 Audio:   ID              = {0.0.0.00000000}.{c05eb996-00c0-4351-b37d-7d2fd2a16073}
00:29:31.424393 Audio:   Usage           = output
00:29:31.424393 Audio:   Flags           = NONE
00:29:31.424393 Audio:   Input channels  = 0
00:29:31.424393 Audio:   Output channels = 2
00:29:31.424396 Audio: Device 'Q27G42XNE (NVIDIA High Definition Audio)':
00:29:31.424396 Audio:   ID              = {0.0.0.00000000}.{c93865de-122a-4dc6-a0b9-0247c4e2600b}
00:29:31.424396 Audio:   Usage           = output
00:29:31.424396 Audio:   Flags           = NONE
00:29:31.424396 Audio:   Input channels  = 0
00:29:31.424397 Audio:   Output channels = 2
00:29:31.424399 Audio: Device 'Microphone (HyperX Cloud Alpha Wireless)':
00:29:31.424399 Audio:   ID              = {0.0.1.00000000}.{40aabd5b-0159-40c0-b67d-3fc18ac9ecf1}
00:29:31.424399 Audio:   Usage           = input
00:29:31.424400 Audio:   Flags           = DEFAULT_IN
00:29:31.424400 Audio:   Input channels  = 1
00:29:31.424400 Audio:   Output channels = 0
00:29:31.424402 Audio: Device 'Microphone (HyperX Cloud Alpha Wireless)':
00:29:31.424403 Audio:   ID              = {0.0.1.00000000}.{40aabd5b-0159-40c0-b67d-3fc18ac9ecf1}
00:29:31.424403 Audio:   Usage           = input
00:29:31.424403 Audio:   Flags           = NONE
00:29:31.424403 Audio:   Input channels  = 1
00:29:31.424403 Audio:   Output channels = 0
00:29:31.424406 Audio: Device 'Headset (WH-1000XM6)':
00:29:31.424406 Audio:   ID              = {0.0.1.00000000}.{6662829d-4b5f-4494-9ecf-69f78b48846e}
00:29:31.424406 Audio:   Usage           = input
00:29:31.424406 Audio:   Flags           = NONE
00:29:31.424406 Audio:   Input channels  = 1
00:29:31.424406 Audio:   Output channels = 0
00:29:32.217764 GUI: UIDesktopWidgetWatchdog::sltHandleHostScreenResized: Screen 0 is formally resized to: 0x0 x 1536x864
00:29:32.217812 GUI: UIMachineLogic: Host-screen geometry changed
00:29:32.347832 GUI: UIDesktopWidgetWatchdog::sltHandleHostScreenWorkAreaResized: Screen 0 work area is formally resized to: 0x0 x 1536x864
00:29:32.348004 GUI: UIMachineLogic: Host-screen available-area changed
00:29:32.757013 GUI: UIDesktopWidgetWatchdog::sltHandleHostScreenResized: Screen 0 is formally resized to: 2560x-159 x 864x1536
00:29:32.757049 GUI: UIMachineLogic: Host-screen geometry changed
00:29:32.989112 GUI: UIDesktopWidgetWatchdog::sltHandleHostScreenWorkAreaResized: Screen 0 work area is formally resized to: 2560x-159 x 864x1536
00:29:32.989143 GUI: UIMachineLogic: Host-screen available-area changed
00:29:33.045239 GUI: UIMachineLogic: Host-screen count changed
00:29:33.638022 GUI: UIMachineView::sltPerformGuestResize: Sending guest size-hint to screen 0 as 765x842
00:29:33.638056 VMMDev: SetVideoModeHint: Got a video mode hint (765x842x32)@(0x0),(1;0) at 0
00:29:33.663623 Display::i_handleDisplayResize: uScreenId=0 pvVRAM=0000000000000000 w=1071 h=1155 bpp=0 cbLine=0x0 flags=0x2 origin=0,0
00:29:33.665376 Display::i_handleDisplayResize: uScreenId=0 pvVRAM=0000024e066d0000 w=765 h=842 bpp=32 cbLine=0xBF4 flags=0x1 origin=0,0
00:29:33.687665 GUI: UIMachineView::sltPerformGuestResize: Omitting to send size-hint 765x842 to guest-screen 0 because this hint was previously sent.
00:29:33.711234 VMMDev: Guest Log: 21:57:53.746904 dp-svga-x11  output[0] successfully configured
00:29:33.740781 GUI: UIMachineView::sltPerformGuestResize: Omitting to send size-hint 765x842 to guest-screen 0 because this hint was previously sent.
00:29:33.788499 GUI: UIMachineView::sltPerformGuestResize: Omitting to send size-hint 765x842 to guest-screen 0 because this hint was previously sent.
00:29:33.823334 GUI: UIMachineView::sltPerformGuestResize: Omitting to send size-hint 765x842 to guest-screen 0 because this hint was previously sent.
00:29:33.861611 GUI: UIMachineView::sltPerformGuestResize: Omitting to send size-hint 765x842 to guest-screen 0 because this hint was previously sent.
00:29:33.953233 VMMDev: Guest Log: 21:57:53.989262 X11 events  received X11 event (89)
00:29:33.954791 VMMDev: Guest Log: 21:57:53.990581 X11 events  RRScreenChangeNotify event received
00:29:33.964610 GUI: UIMachineLogic: Guest-screen count changed
00:29:33.994573 VMMDev: Guest Log: 21:57:54.030384 X11 events  Monitor 0 (w,h)=(765,842) (x,y)=(0,0)
00:29:33.994951 VMMDev: Guest Log: 21:57:54.031670 X11 events  Sending monitor positions (8 of them)  to the host: VINF_SUCCESS
00:29:33.995191 VMMDev: Guest Log: 21:57:54.032141 X11 events  received X11 event (89)
00:29:33.995326 VMMDev: Guest Log: 21:57:54.032259 X11 events  RRScreenChangeNotify event received
00:29:34.006872 VMMDev: Guest Log: 21:57:54.043773 X11 events  Monitor 0 (w,h)=(765,842) (x,y)=(0,0)
00:29:34.025251 VMMDev: Guest Log: 21:57:54.062168 X11 events  Sending monitor positions (8 of them)  to the host: VINF_SUCCESS
00:29:34.025384 VMMDev: Guest Log: 21:57:54.062316 X11 events  received X11 event (89)
00:29:34.025483 VMMDev: Guest Log: 21:57:54.062436 X11 events  RRScreenChangeNotify event received
00:29:34.025796 GUI: UIMediumEnumerator: Medium-enumeration finished!
00:29:34.048804 VMMDev: Guest Log: 21:57:54.085737 X11 events  Monitor 0 (w,h)=(765,842) (x,y)=(0,0)
00:29:34.048985 VMMDev: Guest Log: 21:57:54.085906 X11 events  Sending monitor positions (8 of them)  to the host: VINF_SUCCESS
00:29:34.049134 VMMDev: Guest Log: 21:57:54.086074 X11 events  received X11 event (89)
00:29:34.049265 VMMDev: Guest Log: 21:57:54.086188 X11 events  RRScreenChangeNotify event received
00:29:34.049446 VMMDev: Guest Log: 21:57:54.086381 X11 events  Monitor 0 (w,h)=(765,842) (x,y)=(0,0)
00:29:34.049805 VMMDev: Guest Log: 21:57:54.086712 X11 events  Sending monitor positions (8 of them)  to the host: VINF_SUCCESS
00:29:34.219905 GUI: UIMachineView::sltPerformGuestResize: Sending guest size-hint to screen 0 as 771x841
00:29:34.219934 VMMDev: SetVideoModeHint: Got a video mode hint (771x841x32)@(0x0),(1;0) at 0
00:29:34.226005 GUI: UIMediumEnumerator: Medium-enumeration finished!
00:29:34.242446 Display::i_handleDisplayResize: uScreenId=0 pvVRAM=0000000000000000 w=765 h=842 bpp=0 cbLine=0x0 flags=0x2 origin=0,0
00:29:34.243806 Display::i_handleDisplayResize: uScreenId=0 pvVRAM=0000024e06bd0000 w=771 h=841 bpp=32 cbLine=0xC0C flags=0x1 origin=0,0
00:29:34.244638 GUI: UIMachineView::sltPerformGuestResize: Omitting to send size-hint 771x841 to guest-screen 0 because this hint was previously sent.
00:29:34.276472 VMMDev: Guest Log: 21:57:54.313387 dp-svga-x11  output[0] successfully configured
00:29:34.372503 GUI: UIMachineLogic: Guest-screen count changed
00:29:34.397980 GUI: UIMachineView::sltPerformGuestResize: Sending guest size-hint to screen 0 as 770x840
00:29:34.398047 VMMDev: SetVideoModeHint: Got a video mode hint (770x840x32)@(0x0),(1;0) at 0
00:29:34.403272 GUI: UIMachineView::sltPerformGuestResize: Omitting to send size-hint 770x840 to guest-screen 0 because this hint was previously sent.
00:29:34.404844 GUI: UIMediumEnumerator: Medium-enumeration finished!
00:29:34.431505 Display::i_handleDisplayResize: uScreenId=0 pvVRAM=0000000000000000 w=771 h=841 bpp=0 cbLine=0x0 flags=0x2 origin=0,0
00:29:34.432940 Display::i_handleDisplayResize: uScreenId=0 pvVRAM=0000024e06710000 w=770 h=840 bpp=32 cbLine=0xC08 flags=0x1 origin=0,0
00:29:34.441275 GUI: UIMachineLogic: Guest-screen count changed
00:29:34.473336 VMMDev: Guest Log: 21:57:54.510226 dp-svga-x11  output[0] successfully configured
00:29:34.551214 VMMDev: Guest Log: 21:57:54.588129 X11 events  received X11 event (89)
00:29:34.551374 VMMDev: Guest Log: 21:57:54.588297 X11 events  RRScreenChangeNotify event received
00:29:34.579129 VMMDev: Guest Log: 21:57:54.616046 X11 events  Monitor 0 (w,h)=(770,840) (x,y)=(0,0)
00:29:34.579358 VMMDev: Guest Log: 21:57:54.616251 X11 events  Sending monitor positions (8 of them)  to the host: VINF_SUCCESS
00:29:34.579470 VMMDev: Guest Log: 21:57:54.616422 X11 events  received X11 event (89)
00:29:34.579604 VMMDev: Guest Log: 21:57:54.616529 X11 events  RRScreenChangeNotify event received
00:29:34.583235 VMMDev: Guest Log: 21:57:54.620174 X11 events  Monitor 0 (w,h)=(770,840) (x,y)=(0,0)
00:29:34.583381 VMMDev: Guest Log: 21:57:54.620314 X11 events  Sending monitor positions (8 of them)  to the host: VINF_SUCCESS
00:29:34.583482 VMMDev: Guest Log: 21:57:54.620430 X11 events  received X11 event (89)
00:29:34.583618 VMMDev: Guest Log: 21:57:54.620532 X11 events  RRScreenChangeNotify event received
00:29:34.616935 VMMDev: Guest Log: 21:57:54.653836 X11 events  Monitor 0 (w,h)=(770,840) (x,y)=(0,0)
00:29:34.617166 VMMDev: Guest Log: 21:57:54.654051 X11 events  Sending monitor positions (8 of them)  to the host: VINF_SUCCESS
00:29:34.617297 VMMDev: Guest Log: 21:57:54.654229 X11 events  received X11 event (89)
00:29:34.617436 VMMDev: Guest Log: 21:57:54.654353 X11 events  RRScreenChangeNotify event received
00:29:34.621195 GUI: UIMachineView::sltPerformGuestResize: Omitting to send size-hint 770x840 to guest-screen 0 because frame-buffer is already of the same size.
00:29:34.627397 VMMDev: Guest Log: 21:57:54.664327 X11 events  Monitor 0 (w,h)=(770,840) (x,y)=(0,0)
00:29:34.627627 VMMDev: Guest Log: 21:57:54.664509 X11 events  Sending monitor positions (8 of them)  to the host: VINF_SUCCESS
00:29:34.627764 VMMDev: Guest Log: 21:57:54.664690 X11 events  received X11 event (89)
00:29:34.628065 VMMDev: Guest Log: 21:57:54.664988 X11 events  RRScreenChangeNotify event received
00:29:34.645249 GUI: UIMediumEnumerator: Medium-enumeration finished!
00:29:34.700057 VMMDev: Guest Log: 21:57:54.736959 X11 events  Monitor 0 (w,h)=(770,840) (x,y)=(0,0)
00:29:34.703185 VMMDev: Guest Log: 21:57:54.740058 X11 events  Sending monitor positions (8 of them)  to the host: VINF_SUCCESS
00:29:34.703339 VMMDev: Guest Log: 21:57:54.740275 X11 events  received X11 event (89)
00:29:34.703468 VMMDev: Guest Log: 21:57:54.740394 X11 events  RRScreenChangeNotify event received
00:29:34.721263 VMMDev: Guest Log: 21:57:54.758172 X11 events  Monitor 0 (w,h)=(770,840) (x,y)=(0,0)
00:29:34.722348 VMMDev: Guest Log: 21:57:54.759249 X11 events  Sending monitor positions (8 of them)  to the host: VINF_SUCCESS
00:29:34.722462 VMMDev: Guest Log: 21:57:54.759402 X11 events  received X11 event (89)
00:29:34.722596 VMMDev: Guest Log: 21:57:54.759516 X11 events  RRScreenChangeNotify event received
00:29:34.732809 VMMDev: Guest Log: 21:57:54.769724 X11 events  Monitor 0 (w,h)=(770,840) (x,y)=(0,0)
00:29:34.733923 VMMDev: Guest Log: 21:57:54.770832 X11 events  Sending monitor positions (8 of them)  to the host: VINF_SUCCESS
00:29:34.734330 VMMDev: Guest Log: 21:57:54.771260 X11 events  received X11 event (89)
00:29:34.749690 VMMDev: Guest Log: 21:57:54.786614 X11 events  RRScreenChangeNotify event received
00:29:34.750462 VMMDev: Guest Log: 21:57:54.787396 X11 events  Monitor 0 (w,h)=(770,840) (x,y)=(0,0)
00:29:34.751352 VMMDev: Guest Log: 21:57:54.788294 X11 events  Sending monitor positions (8 of them)  to the host: VINF_SUCCESS
00:39:23.439151 WasAPI: Device state for '{0.0.0.00000000}.{5b0fcb36-0ec0-4895-bb05-a2225bd30d40}' changed to UNPLUGGED (0x8)
00:39:23.439174 Audio: Device configuration of driver 'WasAPI' has changed
00:39:23.466033 WasAPI: Device state for '{0.0.0.00000000}.{5b0fcb36-0ec0-4895-bb05-a2225bd30d40}' changed to NOTPRESENT (0x4)
00:39:23.466060 Audio: Device configuration of driver 'WasAPI' has changed
00:39:23.491148 WasAPI: Device state for '{0.0.0.00000000}.{0139d813-1597-437b-b8d0-97530fa72552}' changed to UNPLUGGED (0x8)
00:39:23.491174 Audio: Device configuration of driver 'WasAPI' has changed
00:39:23.513322 WasAPI: Device state for '{0.0.0.00000000}.{0139d813-1597-437b-b8d0-97530fa72552}' changed to NOTPRESENT (0x4)
00:39:23.513350 Audio: Device configuration of driver 'WasAPI' has changed
00:39:23.536840 WasAPI: Device state for '{0.0.0.00000000}.{a7193894-7d9a-4562-bca1-6515bd72928f}' changed to UNPLUGGED (0x8)
00:39:23.536861 Audio: Device configuration of driver 'WasAPI' has changed
00:39:23.559400 Audio: Device configuration of driver 'WasAPI' has changed
00:39:23.587442 Audio: Device configuration of driver 'WasAPI' has changed
00:39:23.609601 Audio: Device configuration of driver 'WasAPI' has changed
00:39:23.634756 Audio: Device configuration of driver 'WasAPI' has changed
00:39:23.657441 Audio: Device configuration of driver 'WasAPI' has changed
00:39:23.681669 Audio: Device configuration of driver 'WasAPI' has changed
00:39:23.704168 Audio: Device configuration of driver 'WasAPI' has changed
00:39:23.727555 Audio: Device configuration of driver 'WasAPI' has changed
00:39:23.751779 Audio: Device configuration of driver 'WasAPI' has changed
00:39:23.778323 Audio: Device configuration of driver 'WasAPI' has changed
00:39:23.800444 Audio: Device configuration of driver 'WasAPI' has changed
00:39:23.831989 Audio: Device configuration of driver 'WasAPI' has changed
00:39:23.856945 Audio: Device configuration of driver 'WasAPI' has changed
00:39:23.882333 Audio: Device configuration of driver 'WasAPI' has changed
00:39:23.905301 Audio: Device configuration of driver 'WasAPI' has changed
00:39:23.928172 Audio: Device configuration of driver 'WasAPI' has changed
00:39:23.949805 Audio: Device configuration of driver 'WasAPI' has changed
00:39:23.976311 Audio: Device configuration of driver 'WasAPI' has changed
00:39:24.000701 Audio: Device configuration of driver 'WasAPI' has changed
00:39:24.339631 Audio: Found 6 devices for driver 'WasAPI'
00:39:24.339655 Audio: Device 'Headphones (HyperX Cloud Alpha Wireless)':
00:39:24.339655 Audio:   ID              = {0.0.0.00000000}.{59bc9c6b-b558-4f65-8054-444a2b04dbe7}
00:39:24.339656 Audio:   Usage           = output
00:39:24.339656 Audio:   Flags           = DEFAULT_OUT
00:39:24.339657 Audio:   Input channels  = 0
00:39:24.339657 Audio:   Output channels = 2
00:39:24.339661 Audio: Device 'Headphones (HyperX Cloud Alpha Wireless)':
00:39:24.339661 Audio:   ID              = {0.0.0.00000000}.{59bc9c6b-b558-4f65-8054-444a2b04dbe7}
00:39:24.339661 Audio:   Usage           = output
00:39:24.339661 Audio:   Flags           = NONE
00:39:24.339661 Audio:   Input channels  = 0
00:39:24.339661 Audio:   Output channels = 2
00:39:24.339664 Audio: Device 'Headphones (WH-1000XM6)':
00:39:24.339664 Audio:   ID              = {0.0.0.00000000}.{c05eb996-00c0-4351-b37d-7d2fd2a16073}
00:39:24.339664 Audio:   Usage           = output
00:39:24.339665 Audio:   Flags           = NONE
00:39:24.339665 Audio:   Input channels  = 0
00:39:24.339665 Audio:   Output channels = 2
00:39:24.339667 Audio: Device 'Microphone (HyperX Cloud Alpha Wireless)':
00:39:24.339667 Audio:   ID              = {0.0.1.00000000}.{40aabd5b-0159-40c0-b67d-3fc18ac9ecf1}
00:39:24.339668 Audio:   Usage           = input
00:39:24.339668 Audio:   Flags           = DEFAULT_IN
00:39:24.339668 Audio:   Input channels  = 1
00:39:24.339668 Audio:   Output channels = 0
00:39:24.339670 Audio: Device 'Microphone (HyperX Cloud Alpha Wireless)':
00:39:24.339671 Audio:   ID              = {0.0.1.00000000}.{40aabd5b-0159-40c0-b67d-3fc18ac9ecf1}
00:39:24.339671 Audio:   Usage           = input
00:39:24.339671 Audio:   Flags           = NONE
00:39:24.339671 Audio:   Input channels  = 1
00:39:24.339671 Audio:   Output channels = 0
00:39:24.339674 Audio: Device 'Headset (WH-1000XM6)':
00:39:24.339674 Audio:   ID              = {0.0.1.00000000}.{6662829d-4b5f-4494-9ecf-69f78b48846e}
00:39:24.339674 Audio:   Usage           = input
00:39:24.339674 Audio:   Flags           = NONE
00:39:24.339674 Audio:   Input channels  = 1
00:39:24.339674 Audio:   Output channels = 0
00:44:37.248697 Pausing VM execution, reason 'HostSuspend'
00:44:37.248731 Changing the VM state from 'RUNNING' to 'SUSPENDING'
00:44:37.264579 PDMR3Suspend: 15 835 588 ns run time
00:44:37.264597 Changing the VM state from 'SUSPENDING' to 'SUSPENDED'
00:44:37.264611 Console: Machine state changed to 'Paused'
00:44:41.578859 Audio: Device configuration of driver 'WasAPI' has changed
